t_rel,L_cmd_rpm,R_cmd_rpm,L_meas_rpm,R_meas_rpm,L_pos_rev,R_pos_rev,v_target,w_target,v_slewed,w_slewed,v_after_imu,w_after_imu,yaw,yaw_rate,heading_locked,estop
0.0,-2096.226318359375,-1516.1083984375,-1074.0,-554.0,-44.02330017089844,29.35689926147461,-1.4477105140686035,0.26173296570777893,-0.6002496480941772,0.26173296570777893,-0.6002496480941772,0.26173296570777893,0.0,0.0,0.0,0.0
0.017584633,-2159.77978515625,-1572.916015625,-1074.0,-554.0,-44.02330017089844,29.35689926147461,-1.4464647769927979,0.2647765874862671,-0.6202496290206909,0.2647765874862671,-0.6202496290206909,0.2647765874862671,0.0,0.0,0.0,0.0
0.037684357,-2219.96044921875,-1633.0965576171875,-1074.0,-554.0,-44.02330017089844,29.35689926147461,-1.4464647769927979,0.2647765874862671,-0.6402496099472046,0.2647765874862671,-0.6402496099472046,0.2647765874862671,0.0,0.0,0.0,0.0
0.058055712,-2280.140869140625,-1693.277099609375,-1246.0,-703.0,-46.475799560546875,28.02359962463379,-1.4464647769927979,0.2647765874862671,-0.660249650478363,0.2647765874862671,-0.660249650478363,0.2647765874862671,0.0,0.0,0.0,0.0
0.078046629,-2340.321533203125,-1753.4576416015625,-1246.0,-703.0,-46.475799560546875,28.02359962463379,-1.4464647769927979,0.2647765874862671,-0.6802496314048767,0.2647765874862671,-0.6802496314048767,0.2647765874862671,0.0,0.0,0.0,0.0
0.098149392,-2400.501953125,-1813.63818359375,-1246.0,-703.0,-46.475799560546875,28.02359962463379,-1.4464647769927979,0.2647765874862671,-0.7002496123313904,0.2647765874862671,-0.7002496123313904,0.2647765874862671,0.0,0.0,0.0,0.0
0.118011822,-2265.90234375,-1767.6962890625,-1246.0,-703.0,-46.475799560546875,28.02359962463379,0.0,-0.0,-0.6702496409416199,0.22477658092975616,-0.6702496409416199,0.22477658092975616,0.0,0.0,0.0,0.0
0.137939855,-2131.302490234375,-1721.7545166015625,-1246.0,-703.0,-46.475799560546875,28.02359962463379,0.0,-0.0,-0.6402496099472046,0.18477658927440643,-0.6402496099472046,0.18477658927440643,0.0,0.0,0.0,0.0
0.157947957,-1996.70263671875,-1675.8126220703125,-1480.0,-857.0,-49.356998443603516,26.30929946899414,0.0,-0.0,-0.6102496385574341,0.1447765827178955,-0.6102496385574341,0.1447765827178955,0.0,0.0,0.0,0.0
0.177990525,-1862.1029052734375,-1629.870849609375,-1480.0,-857.0,-49.356998443603516,26.30929946899414,0.0,-0.0,-0.5802496075630188,0.10477659106254578,-0.5802496075630188,0.10477659106254578,0.0,0.0,0.0,0.0
0.19807684,-1727.5030517578125,-1583.9290771484375,-1480.0,-857.0,-49.356998443603516,26.30929946899414,0.0,-0.0,-0.5502496361732483,0.06477658450603485,-0.5502496361732483,0.06477658450603485,0.0,0.0,0.0,0.0
0.219154892,-1592.9031982421875,-1537.9871826171875,-1480.0,-857.0,-49.356998443603516,26.30929946899414,0.0,-0.0,-0.520249605178833,0.024776587262749672,-0.520249605178833,0.024776587262749672,0.0,0.0,0.0,0.0
0.238059666,-1475.1744384765625,-1475.1744384765625,-1480.0,-857.0,-49.356998443603516,26.30929946899414,0.0,-0.0,-0.4902496337890625,0.0,-0.4902496337890625,0.0,0.0,0.0,0.0,0.0
0.258010997,-1384.903564453125,-1384.903564453125,-1634.0,-1029.0,-51.809600830078125,24.404600143432617,0.0,-0.0,-0.4602496325969696,0.0,-0.4602496325969696,0.0,0.0,0.0,0.0,0.0
0.27796092,-1294.6328125,-1294.6328125,-1634.0,-1029.0,-51.809600830078125,24.404600143432617,0.0,-0.0,-0.4302496314048767,0.0,-0.4302496314048767,0.0,0.0,0.0,0.0,0.0
0.298021921,-1204.3619384765625,-1204.3619384765625,-1634.0,-1029.0,-51.809600830078125,24.404600143432617,0.0,-0.0,-0.4002496302127838,0.0,-0.4002496302127838,0.0,0.0,0.0,0.0,0.0
0.318107371,-1114.0911865234375,-1114.0911865234375,-1634.0,-1029.0,-51.809600830078125,24.404600143432617,0.0,-0.0,-0.3702496290206909,0.0,-0.3702496290206909,0.0,0.0,0.0,0.0,0.0
0.337934695,-1023.8203735351562,-1023.8203735351562,-1634.0,-1029.0,-51.809600830078125,24.404600143432617,0.0,-0.0,-0.340249627828598,0.0,-0.340249627828598,0.0,0.0,0.0,0.0,0.0
0.357941837,-933.549560546875,-933.549560546875,-1303.0,-1063.0,-52.619300842285156,22.880800247192383,0.0,-0.0,-0.3102496266365051,0.0,-0.3102496266365051,0.0,0.0,0.0,0.0,0.0
0.378145886,-843.2787475585938,-843.2787475585938,-1303.0,-1063.0,-52.619300842285156,22.880800247192383,0.0,-0.0,-0.28024962544441223,0.0,-0.28024962544441223,0.0,0.0,0.0,0.0,0.0
0.39815786,-753.0079345703125,-753.0079345703125,-1303.0,-1063.0,-52.619300842285156,22.880800247192383,0.0,-0.0,-0.25024962425231934,0.0,-0.25024962425231934,0.0,0.0,0.0,0.0,0.0
0.418153994,-662.7371215820312,-662.7371215820312,-1303.0,-1063.0,-52.619300842285156,22.880800247192383,0.0,-0.0,-0.22024962306022644,0.0,-0.22024962306022644,0.0,0.0,0.0,0.0,0.0
0.437903329,-572.46630859375,-572.46630859375,-1303.0,-1063.0,-52.619300842285156,22.880800247192383,0.0,-0.0,-0.19024962186813354,0.0,-0.19024962186813354,0.0,0.0,0.0,0.0,0.0
0.457875877,-482.1954650878906,-482.1954650878906,-577.0,-880.0,-53.119300842285156,21.999900817871094,0.0,-0.0,-0.16024963557720184,0.0,-0.16024963557720184,0.0,0.0,0.0,0.0,0.0
0.477933518,-391.9246520996094,-391.9246520996094,-577.0,-880.0,-53.119300842285156,21.999900817871094,0.0,-0.0,-0.13024963438510895,0.0,-0.13024963438510895,0.0,0.0,0.0,0.0,0.0
0.498016952,-301.6538391113281,-301.6538391113281,-577.0,-880.0,-53.119300842285156,21.999900817871094,0.0,-0.0,-0.10024962574243546,0.0,-0.10024962574243546,0.0,0.0,0.0,0.0,0.0
0.517995644,-211.38304138183594,-211.38304138183594,-577.0,-880.0,-53.119300842285156,21.999900817871094,0.0,-0.0,-0.07024963200092316,0.0,-0.07024963200092316,0.0,0.0,0.0,0.0,0.0
0.538119241,-121.11222076416016,-121.11222076416016,-577.0,-880.0,-53.119300842285156,21.999900817871094,0.0,-0.0,-0.04024962708353996,0.0,-0.04024962708353996,0.0,0.0,0.0,0.0,0.0
0.5579425,-30.84140968322754,-30.84140968322754,-297.0,-400.0,-53.47650146484375,21.880800247192383,0.0,-0.0,-0.010249628685414791,0.0,-0.010249628685414791,0.0,0.0,0.0,0.0,0.0
0.578070225,0.0,0.0,-297.0,-400.0,-53.47650146484375,21.880800247192383,0.0,-0.0,0.0,0.0,0.0,0.0,0.0,0.0,0.0,0.0
0.598094008,0.0,0.0,-297.0,-400.0,-53.47650146484375,21.880800247192383,0.0,-0.0,0.0,0.0,0.0,0.0,0.0,0.0,0.0,0.0
0.618070748,0.0,0.0,-297.0,-400.0,-53.47650146484375,21.880800247192383,0.0,-0.0,0.0,0.0,0.0,0.0,0.0,0.0,0.0,0.0
0.638052129,0.0,0.0,-297.0,-400.0,-53.47650146484375,21.880800247192383,0.0,-0.0,0.0,0.0,0.0,0.0,0.0,0.0,0.0,0.0
0.658092265,0.0,0.0,-126.0,-103.0,-53.19070053100586,21.952299118041992,0.0,-0.0,0.0,0.0,0.0,0.0,0.0,0.0,0.0,0.0
0.677993865,0.0,0.0,-126.0,-103.0,-53.19070053100586,21.952299118041992,0.0,-0.0,0.0,0.0,0.0,0.0,0.0,0.0,0.0,0.0
0.697944043,0.0,0.0,-126.0,-103.0,-53.19070053100586,21.952299118041992,0.0,-0.0,0.0,0.0,0.0,0.0,0.0,0.0,0.0,0.0
0.717993236,0.0,0.0,-126.0,-103.0,-53.19070053100586,21.952299118041992,0.0,-0.0,0.0,0.0,0.0,0.0,0.0,0.0,0.0,0.0
0.737932982,0.0,0.0,-126.0,-103.0,-53.19070053100586,21.952299118041992,0.0,-0.0,0.0,0.0,0.0,0.0,0.0,0.0,0.0,0.0
0.757899129,0.0,0.0,40.0,11.0,-53.119300842285156,21.928499221801758,0.0,-0.0,0.0,0.0,0.0,0.0,0.0,0.0,0.0,0.0
0.778642922,0.0,0.0,40.0,11.0,-53.119300842285156,21.928499221801758,0.0,-0.0,0.0,0.0,0.0,0.0,0.0,0.0,0.0,0.0
0.798104176,0.0,0.0,40.0,11.0,-53.119300842285156,21.928499221801758,0.0,-0.0,0.0,0.0,0.0,0.0,0.0,0.0,0.0,0.0
0.818292513,0.0,0.0,40.0,11.0,-53.119300842285156,21.928499221801758,0.0,-0.0,0.0,0.0,0.0,0.0,0.0,0.0,0.0,0.0
0.83794773,0.0,0.0,40.0,11.0,-53.119300842285156,21.928499221801758,0.0,-0.0,0.0,0.0,0.0,0.0,0.0,0.0,0.0,0.0
0.857922262,0.0,0.0,57.0,6.0,-53.2859992980957,21.928499221801758,0.0,-0.0,0.0,0.0,0.0,0.0,0.0,0.0,0.0,0.0
0.878065348,0.0,0.0,57.0,6.0,-53.2859992980957,21.928499221801758,0.0,-0.0,0.0,0.0,0.0,0.0,0.0,0.0,0.0,0.0
0.898086059,0.0,0.0,57.0,6.0,-53.2859992980957,21.928499221801758,0.0,-0.0,0.0,0.0,0.0,0.0,0.0,0.0,0.0,0.0
0.918148416,0.0,0.0,57.0,6.0,-53.2859992980957,21.928499221801758,0.0,-0.0,0.0,0.0,0.0,0.0,0.0,0.0,0.0,0.0
0.938055392,0.0,0.0,57.0,6.0,-53.2859992980957,21.928499221801758,0.0,-0.0,0.0,0.0,0.0,0.0,0.0,0.0,0.0,0.0
0.958155403,0.0,0.0,-46.0,-6.0,-53.2859992980957,21.928499221801758,0.0,-0.0,0.0,0.0,0.0,0.0,0.0,0.0,0.0,0.0
0.978151376,0.0,0.0,-46.0,-6.0,-53.2859992980957,21.928499221801758,0.0,-0.0,0.0,0.0,0.0,0.0,0.0,0.0,0.0,0.0
0.998198456,0.0,0.0,-46.0,-6.0,-53.2859992980957,21.928499221801758,0.0,-0.0,0.0,0.0,0.0,0.0,0.0,0.0,0.0,0.0
1.018263105,0.0,0.0,-46.0,-6.0,-53.2859992980957,21.928499221801758,0.0,-0.0,0.0,0.0,0.0,0.0,0.0,0.0,0.0,0.0
1.037978486,0.0,0.0,-46.0,-6.0,-53.2859992980957,21.928499221801758,0.0,-0.0,0.0,0.0,0.0,0.0,0.0,0.0,0.0,0.0
1.057952282,0.0,0.0,-11.0,-0.0,-53.214500427246094,21.928499221801758,0.0,-0.0,0.0,0.0,0.0,0.0,0.0,0.0,0.0,0.0
1.077923358,0.0,0.0,-11.0,-0.0,-53.214500427246094,21.928499221801758,0.0,-0.0,0.0,0.0,0.0,0.0,0.0,0.0,0.0,0.0
1.098035721,0.0,0.0,-11.0,-0.0,-53.214500427246094,21.928499221801758,0.0,-0.0,0.0,0.0,0.0,0.0,0.0,0.0,0.0,0.0
1.118068176,0.0,0.0,-11.0,-0.0,-53.214500427246094,21.928499221801758,0.0,-0.0,0.0,0.0,0.0,0.0,0.0,0.0,0.0,0.0
1.137913293,0.0,0.0,-11.0,-0.0,-53.214500427246094,21.928499221801758,0.0,-0.0,0.0,0.0,0.0,0.0,0.0,0.0,0.0,0.0
1.158070651,0.0,0.0,23.0,-0.0,-53.214500427246094,21.928499221801758,0.0,-0.0,0.0,0.0,0.0,0.0,0.0,0.0,0.0,0.0
1.177952954,0.0,0.0,23.0,-0.0,-53.214500427246094,21.928499221801758,0.0,-0.0,0.0,0.0,0.0,0.0,0.0,0.0,0.0,0.0
1.198063365,0.0,0.0,23.0,-0.0,-53.214500427246094,21.928499221801758,0.0,-0.0,0.0,0.0,0.0,0.0,0.0,0.0,0.0,0.0
1.217978086,0.0,0.0,23.0,-0.0,-53.214500427246094,21.928499221801758,0.0,-0.0,0.0,0.0,0.0,0.0,0.0,0.0,0.0,0.0
1.238161333,0.0,0.0,23.0,-0.0,-53.214500427246094,21.928499221801758,0.0,-0.0,0.0,0.0,0.0,0.0,0.0,0.0,0.0,0.0
1.258066229,0.0,0.0,11.0,-0.0,-53.214500427246094,21.928499221801758,0.0,-0.0,0.0,0.0,0.0,0.0,0.0,0.0,0.0,0.0
1.278144447,0.0,0.0,11.0,-0.0,-53.214500427246094,21.928499221801758,0.0,-0.0,0.0,0.0,0.0,0.0,0.0,0.0,0.0,0.0
1.29803843,0.0,0.0,11.0,-0.0,-53.214500427246094,21.928499221801758,0.0,-0.0,0.0,0.0,0.0,0.0,0.0,0.0,0.0,0.0
1.317970848,0.0,0.0,11.0,-0.0,-53.214500427246094,21.928499221801758,0.0,-0.0,0.0,0.0,0.0,0.0,0.0,0.0,0.0,0.0
1.338035369,0.0,0.0,11.0,-0.0,-53.214500427246094,21.928499221801758,0.0,-0.0,0.0,0.0,0.0,0.0,0.0,0.0,0.0,0.0
1.357979595,0.0,0.0,0.0,-0.0,-53.214500427246094,21.928499221801758,0.0,-0.0,0.0,0.0,0.0,0.0,0.0,0.0,0.0,0.0
1.377955311,0.0,0.0,0.0,-0.0,-53.214500427246094,21.928499221801758,0.0,-0.0,0.0,0.0,0.0,0.0,0.0,0.0,0.0,0.0
1.398016568,0.0,0.0,0.0,-0.0,-53.214500427246094,21.928499221801758,0.0,-0.0,0.0,0.0,0.0,0.0,0.0,0.0,0.0,0.0
1.41796297,0.0,0.0,0.0,-0.0,-53.214500427246094,21.928499221801758,0.0,-0.0,0.0,0.0,0.0,0.0,0.0,0.0,0.0,0.0
1.43804858,0.0,0.0,0.0,-0.0,-53.214500427246094,21.928499221801758,0.0,-0.0,0.0,0.0,0.0,0.0,0.0,0.0,0.0,0.0
1.45795706,0.0,0.0,0.0,-0.0,-53.214500427246094,21.928499221801758,0.0,-0.0,0.0,0.0,0.0,0.0,0.0,0.0,0.0,0.0
1.477923175,0.0,0.0,0.0,-0.0,-53.214500427246094,21.928499221801758,0.0,-0.0,0.0,0.0,0.0,0.0,0.0,0.0,0.0,0.0
1.498034323,0.0,0.0,0.0,-0.0,-53.214500427246094,21.928499221801758,0.0,-0.0,0.0,0.0,0.0,0.0,0.0,0.0,0.0,0.0
1.517940723,0.0,0.0,0.0,-0.0,-53.214500427246094,21.928499221801758,0.0,-0.0,0.0,0.0,0.0,0.0,0.0,0.0,0.0,0.0
1.538093089,0.0,0.0,0.0,-0.0,-53.214500427246094,21.928499221801758,0.0,-0.0,0.0,0.0,0.0,0.0,0.0,0.0,0.0,0.0
1.558145417,0.0,0.0,0.0,-0.0,-53.214500427246094,21.928499221801758,0.0,-0.0,0.0,0.0,0.0,0.0,0.0,0.0,0.0,0.0
1.578113453,0.0,0.0,0.0,-0.0,-53.214500427246094,21.928499221801758,0.0,-0.0,0.0,0.0,0.0,0.0,0.0,0.0,0.0,0.0
1.598047182,0.0,0.0,0.0,-0.0,-53.214500427246094,21.928499221801758,0.0,-0.0,0.0,0.0,0.0,0.0,0.0,0.0,0.0,0.0
1.61802581,0.0,0.0,0.0,-0.0,-53.214500427246094,21.928499221801758,0.0,-0.0,0.0,0.0,0.0,0.0,0.0,0.0,0.0,0.0
1.638036344,0.0,0.0,0.0,-0.0,-53.214500427246094,21.928499221801758,0.0,-0.0,0.0,0.0,0.0,0.0,0.0,0.0,0.0,0.0
1.657931319,0.0,0.0,0.0,-0.0,-53.214500427246094,21.928499221801758,0.0,-0.0,0.0,0.0,0.0,0.0,0.0,0.0,0.0,0.0
1.678156521,0.0,0.0,0.0,-0.0,-53.214500427246094,21.928499221801758,0.0,-0.0,0.0,0.0,0.0,0.0,0.0,0.0,0.0,0.0
1.698059017,0.0,0.0,0.0,-0.0,-53.214500427246094,21.928499221801758,0.0,-0.0,0.0,0.0,0.0,0.0,0.0,0.0,0.0,0.0
1.717987306,0.0,0.0,0.0,-0.0,-53.214500427246094,21.928499221801758,0.0,-0.0,0.0,0.0,0.0,0.0,0.0,0.0,0.0,0.0
1.738023442,0.0,0.0,0.0,-0.0,-53.214500427246094,21.928499221801758,0.0,-0.0,0.0,0.0,0.0,0.0,0.0,0.0,0.0,0.0
1.75793845,0.0,0.0,0.0,-0.0,-53.214500427246094,21.928499221801758,0.0,-0.0,0.0,0.0,0.0,0.0,0.0,0.0,0.0,0.0
1.778165476,0.0,0.0,0.0,-0.0,-53.214500427246094,21.928499221801758,0.0,-0.0,0.0,0.0,0.0,0.0,0.0,0.0,0.0,0.0
1.798060068,0.0,0.0,0.0,-0.0,-53.214500427246094,21.928499221801758,0.0,-0.0,0.0,0.0,0.0,0.0,0.0,0.0,0.0,0.0
1.8179689,0.0,0.0,0.0,-0.0,-53.214500427246094,21.928499221801758,0.0,-0.0,0.0,0.0,0.0,0.0,0.0,0.0,0.0,0.0
1.838002827,0.0,0.0,0.0,-0.0,-53.214500427246094,21.928499221801758,0.0,-0.0,0.0,0.0,0.0,0.0,0.0,0.0,0.0,0.0
1.857933292,0.0,0.0,0.0,-0.0,-53.214500427246094,21.928499221801758,0.0,-0.0,0.0,0.0,0.0,0.0,0.0,0.0,0.0,0.0
1.878231715,0.0,0.0,0.0,-0.0,-53.214500427246094,21.928499221801758,0.0,-0.0,0.0,0.0,0.0,0.0,0.0,0.0,0.0,0.0
1.898052542,0.0,0.0,0.0,-0.0,-53.214500427246094,21.928499221801758,0.0,-0.0,0.0,0.0,0.0,0.0,0.0,0.0,0.0,0.0
1.917982283,0.0,0.0,0.0,-0.0,-53.214500427246094,21.928499221801758,0.0,-0.0,0.0,0.0,0.0,0.0,0.0,0.0,0.0,0.0
1.938022899,0.0,0.0,0.0,-0.0,-53.214500427246094,21.928499221801758,0.0,-0.0,0.0,0.0,0.0,0.0,0.0,0.0,0.0,0.0
1.957938739,0.0,0.0,0.0,-0.0,-53.214500427246094,21.928499221801758,0.0,-0.0,0.0,0.0,0.0,0.0,0.0,0.0,0.0,0.0
1.978125027,0.0,0.0,0.0,-0.0,-53.214500427246094,21.928499221801758,0.0,-0.0,0.0,0.0,0.0,0.0,0.0,0.0,0.0,0.0
1.998075045,0.0,0.0,0.0,-0.0,-53.214500427246094,21.928499221801758,0.0,-0.0,0.0,0.0,0.0,0.0,0.0,0.0,0.0,0.0
2.018032488,0.0,0.0,0.0,-0.0,-53.214500427246094,21.928499221801758,0.0,-0.0,0.0,0.0,0.0,0.0,0.0,0.0,0.0,0.0
2.038000236,0.0,0.0,0.0,-0.0,-53.214500427246094,21.928499221801758,0.0,-0.0,0.0,0.0,0.0,0.0,0.0,0.0,0.0,0.0
2.05794475,0.0,0.0,0.0,-0.0,-53.214500427246094,21.928499221801758,0.0,-0.0,0.0,0.0,0.0,0.0,0.0,0.0,0.0,0.0
2.077970325,0.0,0.0,0.0,-0.0,-53.214500427246094,21.928499221801758,0.0,-0.0,0.0,0.0,0.0,0.0,0.0,0.0,0.0,0.0
2.098042878,0.0,0.0,0.0,-0.0,-53.214500427246094,21.928499221801758,0.0,-0.0,0.0,0.0,0.0,0.0,0.0,0.0,0.0,0.0
2.117951038,0.0,0.0,0.0,-0.0,-53.214500427246094,21.928499221801758,0.0,-0.0,0.0,0.0,0.0,0.0,0.0,0.0,0.0,0.0
2.137943651,0.0,0.0,0.0,-0.0,-53.214500427246094,21.928499221801758,0.0,-0.0,0.0,0.0,0.0,0.0,0.0,0.0,0.0,0.0
2.157947785,0.0,0.0,0.0,-0.0,-53.214500427246094,21.928499221801758,0.0,-0.0,0.0,0.0,0.0,0.0,0.0,0.0,0.0,0.0
2.177940589,0.0,0.0,0.0,-0.0,-53.214500427246094,21.928499221801758,0.0,-0.0,0.0,0.0,0.0,0.0,0.0,0.0,0.0,0.0
2.198039256,0.0,0.0,0.0,-0.0,-53.214500427246094,21.928499221801758,0.0,-0.0,0.0,0.0,0.0,0.0,0.0,0.0,0.0,0.0
2.217923927,0.0,0.0,0.0,-0.0,-53.214500427246094,21.928499221801758,0.0,-0.0,0.0,0.0,0.0,0.0,0.0,0.0,0.0,0.0
2.237915804,0.0,0.0,0.0,-0.0,-53.214500427246094,21.928499221801758,0.0,-0.0,0.0,0.0,0.0,0.0,0.0,0.0,0.0,0.0
2.25807441,0.0,0.0,0.0,-0.0,-53.214500427246094,21.928499221801758,0.0,-0.0,0.0,0.0,0.0,0.0,0.0,0.0,0.0,0.0
2.277990346,0.0,0.0,0.0,-0.0,-53.214500427246094,21.928499221801758,0.0,-0.0,0.0,0.0,0.0,0.0,0.0,0.0,0.0,0.0
2.298042963,0.0,0.0,0.0,-0.0,-53.214500427246094,21.928499221801758,0.0,-0.0,0.0,0.0,0.0,0.0,0.0,0.0,0.0,0.0
2.317939794,0.0,0.0,0.0,-0.0,-53.214500427246094,21.928499221801758,0.0,-0.0,0.0,0.0,0.0,0.0,0.0,0.0,0.0,0.0
2.33831374,0.0,0.0,0.0,-0.0,-53.214500427246094,21.928499221801758,0.0,-0.0,0.0,0.0,0.0,0.0,0.0,0.0,0.0,0.0
2.357910203,0.0,0.0,0.0,-0.0,-53.214500427246094,21.928499221801758,0.0,-0.0,0.0,0.0,0.0,0.0,0.0,0.0,0.0,0.0
2.377923681,0.0,0.0,0.0,-0.0,-53.214500427246094,21.928499221801758,0.0,-0.0,0.0,0.0,0.0,0.0,0.0,0.0,0.0,0.0
2.397975433,0.0,0.0,0.0,-0.0,-53.214500427246094,21.928499221801758,0.0,-0.0,0.0,0.0,0.0,0.0,0.0,0.0,0.0,0.0
2.417934764,0.0,0.0,0.0,-0.0,-53.214500427246094,21.928499221801758,0.0,-0.0,0.0,0.0,0.0,0.0,0.0,0.0,0.0,0.0
2.43830439,0.0,0.0,0.0,-0.0,-53.214500427246094,21.928499221801758,0.0,-0.0,0.0,0.0,0.0,0.0,0.0,0.0,0.0,0.0
2.458150531,0.0,0.0,0.0,-0.0,-53.214500427246094,21.928499221801758,0.0,-0.0,0.0,0.0,0.0,0.0,0.0,0.0,0.0,0.0
2.478092101,0.0,0.0,0.0,-0.0,-53.214500427246094,21.928499221801758,0.0,-0.0,0.0,0.0,0.0,0.0,0.0,0.0,0.0,0.0
2.497995493,0.0,0.0,0.0,-0.0,-53.214500427246094,21.928499221801758,0.0,-0.0,0.0,0.0,0.0,0.0,0.0,0.0,0.0,0.0
2.518033132,0.0,0.0,0.0,-0.0,-53.214500427246094,21.928499221801758,0.0,-0.0,0.0,0.0,0.0,0.0,0.0,0.0,0.0,0.0
2.537974126,0.0,0.0,0.0,-0.0,-53.214500427246094,21.928499221801758,0.0,-0.0,0.0,0.0,0.0,0.0,0.0,0.0,0.0,0.0
2.558000597,0.0,0.0,0.0,-0.0,-53.214500427246094,21.928499221801758,0.0,-0.0,0.0,0.0,0.0,0.0,0.0,0.0,0.0,0.0
2.577957368,0.0,0.0,0.0,-0.0,-53.214500427246094,21.928499221801758,0.0,-0.0,0.0,0.0,0.0,0.0,0.0,0.0,0.0,0.0
2.598059074,0.0,0.0,0.0,-0.0,-53.214500427246094,21.928499221801758,0.0,-0.0,0.0,0.0,0.0,0.0,0.0,0.0,0.0,0.0
2.617990148,0.0,0.0,0.0,-0.0,-53.214500427246094,21.928499221801758,0.0,-0.0,0.0,0.0,0.0,0.0,0.0,0.0,0.0,0.0
2.63800225,0.0,0.0,0.0,-0.0,-53.214500427246094,21.928499221801758,0.0,-0.0,0.0,0.0,0.0,0.0,0.0,0.0,0.0,0.0
2.658061458,0.0,0.0,0.0,-0.0,-53.214500427246094,21.928499221801758,0.0,-0.0,0.0,0.0,0.0,0.0,0.0,0.0,0.0,0.0
2.677962322,0.0,0.0,0.0,-0.0,-53.214500427246094,21.928499221801758,0.0,-0.0,0.0,0.0,0.0,0.0,0.0,0.0,0.0,0.0
2.698357933,0.0,0.0,0.0,-0.0,-53.214500427246094,21.928499221801758,0.0,-0.0,0.0,0.0,0.0,0.0,0.0,0.0,0.0,0.0
2.717959325,0.0,0.0,0.0,-0.0,-53.214500427246094,21.928499221801758,0.0,-0.0,0.0,0.0,0.0,0.0,0.0,0.0,0.0,0.0
2.737974755,0.0,0.0,0.0,-0.0,-53.214500427246094,21.928499221801758,0.0,-0.0,0.0,0.0,0.0,0.0,0.0,0.0,0.0,0.0
2.757997257,0.0,0.0,0.0,-0.0,-53.214500427246094,21.928499221801758,0.0,-0.0,0.0,0.0,0.0,0.0,0.0,0.0,0.0,0.0
2.777979949,0.0,0.0,0.0,-0.0,-53.214500427246094,21.928499221801758,0.0,-0.0,0.0,0.0,0.0,0.0,0.0,0.0,0.0,0.0
2.797981651,0.0,0.0,0.0,-0.0,-53.214500427246094,21.928499221801758,0.0,-0.0,0.0,0.0,0.0,0.0,0.0,0.0,0.0,0.0
2.817946262,0.0,0.0,0.0,-0.0,-53.214500427246094,21.928499221801758,0.0,-0.0,0.0,0.0,0.0,0.0,0.0,0.0,0.0,0.0
2.837973469,0.0,0.0,0.0,-0.0,-53.214500427246094,21.928499221801758,0.0,-0.0,0.0,0.0,0.0,0.0,0.0,0.0,0.0,0.0
2.857993187,0.0,0.0,0.0,-0.0,-53.214500427246094,21.928499221801758,0.0,-0.0,0.0,0.0,0.0,0.0,0.0,0.0,0.0,0.0
2.877949254,0.0,0.0,0.0,-0.0,-53.214500427246094,21.928499221801758,0.0,-0.0,0.0,0.0,0.0,0.0,0.0,0.0,0.0,0.0
2.897978125,0.0,0.0,0.0,-0.0,-53.214500427246094,21.928499221801758,0.0,-0.0,0.0,0.0,0.0,0.0,0.0,0.0,0.0,0.0
2.917959774,0.0,0.0,0.0,-0.0,-53.214500427246094,21.928499221801758,0.0,-0.0,0.0,0.0,0.0,0.0,0.0,0.0,0.0,0.0
2.937952803,0.0,0.0,0.0,-0.0,-53.214500427246094,21.928499221801758,0.0,-0.0,0.0,0.0,0.0,0.0,0.0,0.0,0.0,0.0
2.958020428,0.0,0.0,0.0,-0.0,-53.214500427246094,21.928499221801758,0.0,-0.0,0.0,0.0,0.0,0.0,0.0,0.0,0.0,0.0
2.977924396,0.0,0.0,0.0,-0.0,-53.214500427246094,21.928499221801758,0.0,-0.0,0.0,0.0,0.0,0.0,0.0,0.0,0.0,0.0
2.998640184,0.0,0.0,0.0,-0.0,-53.214500427246094,21.928499221801758,0.0,-0.0,0.0,0.0,0.0,0.0,0.0,0.0,0.0,0.0
3.017997307,0.0,0.0,0.0,-0.0,-53.214500427246094,21.928499221801758,0.0,-0.0,0.0,0.0,0.0,0.0,0.0,0.0,0.0,0.0
3.037972351,0.0,0.0,0.0,-0.0,-53.214500427246094,21.928499221801758,0.0,-0.0,0.0,0.0,0.0,0.0,0.0,0.0,0.0,0.0
3.058003174,0.0,0.0,0.0,-0.0,-53.214500427246094,21.928499221801758,0.0,-0.0,0.0,0.0,0.0,0.0,0.0,0.0,0.0,0.0
3.07797329,0.0,0.0,0.0,-0.0,-53.214500427246094,21.928499221801758,0.0,-0.0,0.0,0.0,0.0,0.0,0.0,0.0,0.0,0.0
3.098194204,0.0,0.0,0.0,-0.0,-53.214500427246094,21.928499221801758,0.0,-0.0,0.0,0.0,0.0,0.0,0.0,0.0,0.0,0.0
3.118190785,0.0,0.0,0.0,-0.0,-53.214500427246094,21.928499221801758,0.0,-0.0,0.0,0.0,0.0,0.0,0.0,0.0,0.0,0.0
3.137937753,0.0,0.0,0.0,-0.0,-53.214500427246094,21.928499221801758,0.0,-0.0,0.0,0.0,0.0,0.0,0.0,0.0,0.0,0.0
3.157940799,0.0,0.0,0.0,-0.0,-53.214500427246094,21.928499221801758,0.0,-0.0,0.0,0.0,0.0,0.0,0.0,0.0,0.0,0.0
3.177953701,0.0,0.0,0.0,-0.0,-53.214500427246094,21.928499221801758,0.0,-0.0,0.0,0.0,0.0,0.0,0.0,0.0,0.0,0.0
3.198067216,0.0,0.0,0.0,-0.0,-53.214500427246094,21.928499221801758,0.0,-0.0,0.0,0.0,0.0,0.0,0.0,0.0,0.0,0.0
3.217993906,0.0,0.0,0.0,-0.0,-53.214500427246094,21.928499221801758,0.0,-0.0,0.0,0.0,0.0,0.0,0.0,0.0,0.0,0.0
3.237946741,0.0,0.0,0.0,-0.0,-53.214500427246094,21.928499221801758,0.0,-0.0,0.0,0.0,0.0,0.0,0.0,0.0,0.0,0.0
3.258135556,0.0,0.0,0.0,-0.0,-53.214500427246094,21.928499221801758,0.0,-0.0,0.0,0.0,0.0,0.0,0.0,0.0,0.0,0.0
3.278167692,0.0,0.0,0.0,-0.0,-53.214500427246094,21.928499221801758,0.0,-0.0,0.0,0.0,0.0,0.0,0.0,0.0,0.0,0.0
3.298165969,0.0,0.0,0.0,-0.0,-53.214500427246094,21.928499221801758,0.0,-0.0,0.0,0.0,0.0,0.0,0.0,0.0,0.0,0.0
3.318037072,0.0,0.0,0.0,-0.0,-53.214500427246094,21.928499221801758,0.0,-0.0,0.0,0.0,0.0,0.0,0.0,0.0,0.0,0.0
3.337991635,0.0,0.0,0.0,-0.0,-53.214500427246094,21.928499221801758,0.0,-0.0,0.0,0.0,0.0,0.0,0.0,0.0,0.0,0.0
3.358002137,0.0,0.0,0.0,-0.0,-53.214500427246094,21.928499221801758,0.0,-0.0,0.0,0.0,0.0,0.0,0.0,0.0,0.0,0.0
3.377946299,0.0,0.0,0.0,-0.0,-53.214500427246094,21.928499221801758,0.0,-0.0,0.0,0.0,0.0,0.0,0.0,0.0,0.0,0.0
3.397955041,0.0,0.0,0.0,-0.0,-53.214500427246094,21.928499221801758,0.0,-0.0,0.0,0.0,0.0,0.0,0.0,0.0,0.0,0.0
3.418267863,0.0,0.0,0.0,-0.0,-53.214500427246094,21.928499221801758,0.0,-0.0,0.0,0.0,0.0,0.0,0.0,0.0,0.0,0.0
3.437961549,0.0,0.0,0.0,-0.0,-53.214500427246094,21.928499221801758,0.0,-0.0,0.0,0.0,0.0,0.0,0.0,0.0,0.0,0.0
3.458144572,0.0,0.0,0.0,-0.0,-53.214500427246094,21.928499221801758,0.0,-0.0,0.0,0.0,0.0,0.0,0.0,0.0,0.0,0.0
3.47820282,0.0,0.0,0.0,-0.0,-53.214500427246094,21.928499221801758,0.0,-0.0,0.0,0.0,0.0,0.0,0.0,0.0,0.0,0.0
3.49836005,0.0,0.0,0.0,-0.0,-53.214500427246094,21.928499221801758,0.0,-0.0,0.0,0.0,0.0,0.0,0.0,0.0,0.0,0.0
3.518333814,0.0,0.0,0.0,-0.0,-53.214500427246094,21.928499221801758,0.0,-0.0,0.0,0.0,0.0,0.0,0.0,0.0,0.0,0.0
3.538140753,0.0,0.0,0.0,-0.0,-53.214500427246094,21.928499221801758,0.0,-0.0,0.0,0.0,0.0,0.0,0.0,0.0,0.0,0.0
3.557976078,0.0,0.0,0.0,-0.0,-53.214500427246094,21.928499221801758,0.0,-0.0,0.0,0.0,0.0,0.0,0.0,0.0,0.0,0.0
3.577923281,0.0,0.0,0.0,-0.0,-53.214500427246094,21.928499221801758,0.0,-0.0,0.0,0.0,0.0,0.0,0.0,0.0,0.0,0.0
3.598050333,0.0,0.0,0.0,-0.0,-53.214500427246094,21.928499221801758,0.0,-0.0,0.0,0.0,0.0,0.0,0.0,0.0,0.0,0.0
3.618164905,0.0,0.0,0.0,-0.0,-53.214500427246094,21.928499221801758,0.0,-0.0,0.0,0.0,0.0,0.0,0.0,0.0,0.0,0.0
3.638299605,0.0,0.0,0.0,-0.0,-53.214500427246094,21.928499221801758,0.0,-0.0,0.0,0.0,0.0,0.0,0.0,0.0,0.0,0.0
3.658013804,0.0,0.0,0.0,-0.0,-53.214500427246094,21.928499221801758,0.0,-0.0,0.0,0.0,0.0,0.0,0.0,0.0,0.0,0.0
3.677924172,0.0,0.0,0.0,-0.0,-53.214500427246094,21.928499221801758,0.0,-0.0,0.0,0.0,0.0,0.0,0.0,0.0,0.0,0.0
3.697949139,0.0,0.0,0.0,-0.0,-53.214500427246094,21.928499221801758,0.0,-0.0,0.0,0.0,0.0,0.0,0.0,0.0,0.0,0.0
3.718066463,0.0,0.0,0.0,-0.0,-53.214500427246094,21.928499221801758,0.0,-0.0,0.0,0.0,0.0,0.0,0.0,0.0,0.0,0.0
3.738055844,0.0,0.0,0.0,-0.0,-53.214500427246094,21.928499221801758,0.0,-0.0,0.0,0.0,0.0,0.0,0.0,0.0,0.0,0.0
3.758247924,0.0,0.0,0.0,-0.0,-53.214500427246094,21.928499221801758,0.0,-0.0,0.0,0.0,0.0,0.0,0.0,0.0,0.0,0.0
3.778319869,0.0,0.0,0.0,-0.0,-53.214500427246094,21.928499221801758,0.0,-0.0,0.0,0.0,0.0,0.0,0.0,0.0,0.0,0.0
3.79839095,0.0,0.0,0.0,-0.0,-53.214500427246094,21.928499221801758,0.0,-0.0,0.0,0.0,0.0,0.0,0.0,0.0,0.0,0.0
3.818031481,0.0,0.0,0.0,-0.0,-53.214500427246094,21.928499221801758,0.0,-0.0,0.0,0.0,0.0,0.0,0.0,0.0,0.0,0.0
3.837954906,0.0,0.0,0.0,-0.0,-53.214500427246094,21.928499221801758,0.0,-0.0,0.0,0.0,0.0,0.0,0.0,0.0,0.0,0.0
3.857964096,0.0,0.0,0.0,-0.0,-53.214500427246094,21.928499221801758,0.0,-0.0,0.0,0.0,0.0,0.0,0.0,0.0,0.0,0.0
3.878149743,0.0,0.0,0.0,-0.0,-53.214500427246094,21.928499221801758,0.0,-0.0,0.0,0.0,0.0,0.0,0.0,0.0,0.0,0.0
3.898189591,0.0,0.0,0.0,-0.0,-53.214500427246094,21.928499221801758,0.0,-0.0,0.0,0.0,0.0,0.0,0.0,0.0,0.0,0.0
3.918154471,0.0,0.0,0.0,-0.0,-53.214500427246094,21.928499221801758,0.0,-0.0,0.0,0.0,0.0,0.0,0.0,0.0,0.0,0.0
3.938073833,0.0,0.0,0.0,-0.0,-53.214500427246094,21.928499221801758,0.0,-0.0,0.0,0.0,0.0,0.0,0.0,0.0,0.0,0.0
3.958043341,0.0,0.0,0.0,-0.0,-53.214500427246094,21.928499221801758,0.0,-0.0,0.0,0.0,0.0,0.0,0.0,0.0,0.0,0.0
3.978003121,0.0,0.0,0.0,-0.0,-53.214500427246094,21.928499221801758,0.0,-0.0,0.0,0.0,0.0,0.0,0.0,0.0,0.0,0.0
3.998199713,0.0,0.0,0.0,-0.0,-53.214500427246094,21.928499221801758,0.0,-0.0,0.0,0.0,0.0,0.0,0.0,0.0,0.0,0.0
4.018178214,0.0,0.0,0.0,-0.0,-53.214500427246094,21.928499221801758,0.0,-0.0,0.0,0.0,0.0,0.0,0.0,0.0,0.0,0.0
4.03822923,0.0,0.0,0.0,-0.0,-53.214500427246094,21.928499221801758,0.0,-0.0,0.0,0.0,0.0,0.0,0.0,0.0,0.0,0.0
4.058131311,0.0,0.0,0.0,-0.0,-53.214500427246094,21.928499221801758,0.0,-0.0,0.0,0.0,0.0,0.0,0.0,0.0,0.0,0.0
4.077981038,0.0,0.0,0.0,-0.0,-53.214500427246094,21.928499221801758,0.0,-0.0,0.0,0.0,0.0,0.0,0.0,0.0,0.0,0.0
4.097995604,0.0,0.0,0.0,-0.0,-53.214500427246094,21.928499221801758,0.0,-0.0,0.0,0.0,0.0,0.0,0.0,0.0,0.0,0.0
4.118202245,32.99974822998047,87.36133575439453,0.0,-0.0,-53.214500427246094,21.928499221801758,0.7127993702888489,0.024526430293917656,0.019999999552965164,0.024526430293917656,0.019999999552965164,0.024526430293917656,0.0,0.0,0.0,0.0
4.138223756,93.18029022216797,147.54188537597656,0.0,-0.0,-53.214500427246094,21.928499221801758,0.7127993702888489,0.024526430293917656,0.03999999910593033,0.024526430293917656,0.03999999910593033,0.024526430293917656,0.0,0.0,0.0,0.0
4.157909666,153.36082458496094,207.72242736816406,0.0,-0.0,-53.214500427246094,21.928499221801758,0.7127993702888489,0.024526430293917656,0.05999999865889549,0.024526430293917656,0.05999999865889549,0.024526430293917656,0.0,0.0,0.0,0.0
4.178276315,203.0172119140625,278.4271240234375,0.0,-0.0,-53.214500427246094,21.928499221801758,1.4991315603256226,0.034022845327854156,0.07999999821186066,0.034022845327854156,0.07999999821186066,0.034022845327854156,0.0,0.0,0.0,0.0
4.198462058,263.19775390625,338.607666015625,0.0,-0.0,-53.214500427246094,21.928499221801758,1.4991315603256226,0.034022845327854156,0.10000000149011612,0.034022845327854156,0.10000000149011612,0.034022845327854156,0.0,0.0,0.0,0.0
4.21795167,367.707275390625,354.459228515625,0.0,-0.0,-53.214500427246094,21.928499221801758,1.499742865562439,-0.018515344709157944,0.11999999731779099,-0.0059771547093987465,0.11999999731779099,-0.0059771547093987465,0.0,0.0,0.0,0.0
4.237935227,441.782958984375,400.74462890625,0.0,-0.0,-53.214500427246094,21.928499221801758,1.499742865562439,-0.018515344709157944,0.14000000059604645,-0.018515344709157944,0.14000000059604645,-0.018515344709157944,0.0,0.0,0.0,0.0
4.257878526,501.9635009765625,460.9251708984375,29.0,11.0,-53.04790115356445,21.97610092163086,1.499742865562439,-0.018515344709157944,0.1599999964237213,-0.018515344709157944,0.1599999964237213,-0.018515344709157944,0.0,0.0,0.0,0.0
4.277931463,567.4764404296875,515.7733154296875,29.0,11.0,-53.04790115356445,21.97610092163086,1.4995918273925781,-0.02332698367536068,0.18000000715255737,-0.02332698367536068,0.18000000715255737,-0.02332698367536068,0.0,0.0,0.0,0.0
4.297973551,627.656982421875,575.953857421875,29.0,11.0,-53.04790115356445,21.97610092163086,1.4995918273925781,-0.02332698367536068,0.20000000298023224,-0.02332698367536068,0.20000000298023224,-0.02332698367536068,0.0,0.0,0.0,0.0
4.31826458,687.3308715820312,636.6410522460938,29.0,11.0,-53.04790115356445,21.97610092163086,1.4996076822280884,-0.022869834676384926,0.2199999988079071,-0.022869834676384926,0.2199999988079071,-0.022869834676384926,0.0,0.0,0.0,0.0
4.338144196,747.5114135742188,696.8215942382812,29.0,11.0,-53.04790115356445,21.97610092163086,1.4996076822280884,-0.022869834676384926,0.23999999463558197,-0.022869834676384926,0.23999999463558197,-0.022869834676384926,0.0,0.0,0.0,0.0
4.358108616,807.6919555664062,757.0021362304688,120.0,57.0,-52.47639846801758,22.238000869750977,1.4996076822280884,-0.022869834676384926,0.25999999046325684,-0.022869834676384926,0.25999999046325684,-0.022869834676384926,0.0,0.0,0.0,0.0
4.378165265,853.3920288085938,831.6631469726562,120.0,57.0,-52.47639846801758,22.238000869750977,1.4999279975891113,-0.009803450666368008,0.2800000011920929,-0.009803450666368008,0.2800000011920929,-0.009803450666368008,0.0,0.0,0.0,0.0
4.398139925,913.5725708007812,891.8436889648438,120.0,57.0,-52.47639846801758,22.238000869750977,1.4999279975891113,-0.009803450666368008,0.30000001192092896,-0.009803450666368008,0.30000001192092896,-0.009803450666368008,0.0,0.0,0.0,0.0
4.418884674,962.888671875,962.888671875,120.0,57.0,-52.47639846801758,22.238000869750977,1.5,-0.0,0.3199999928474426,0.0,0.3199999928474426,0.0,0.0,0.0,0.0,0.0
4.437930358,1023.0692138671875,1023.0692138671875,120.0,57.0,-52.47639846801758,22.238000869750977,1.5,-0.0,0.3400000035762787,0.0,0.3400000035762787,0.0,0.0,0.0,0.0,0.0
4.457924668,1083.249755859375,1083.249755859375,429.0,189.0,-51.357200622558594,22.92840003967285,1.5,-0.0,0.36000001430511475,0.0,0.36000001430511475,0.0,0.0,0.0,0.0,0.0
4.477944131,1139.8087158203125,1147.0518798828125,429.0,189.0,-51.357200622558594,22.92840003967285,1.4999918937683105,0.003267956431955099,0.3799999952316284,0.003267956431955099,0.3799999952316284,0.003267956431955099,0.0,0.0,0.0,0.0
4.498133427,1199.9892578125,1207.232421875,429.0,189.0,-51.357200622558594,22.92840003967285,1.4999918937683105,0.003267956431955099,0.4000000059604645,0.003267956431955099,0.4000000059604645,0.003267956431955099,0.0,0.0,0.0,0.0
4.518174555,1260.1697998046875,1267.4129638671875,429.0,189.0,-51.357200622558594,22.92840003967285,1.4999918937683105,0.003267956431955099,0.41999998688697815,0.003267956431955099,0.41999998688697815,0.003267956431955099,0.0,0.0,0.0,0.0
4.538140639,1316.728759765625,1331.215087890625,429.0,189.0,-51.357200622558594,22.92840003967285,1.4999680519104004,0.006535808090120554,0.4399999976158142,0.006535808090120554,0.4399999976158142,0.006535808090120554,0.0,0.0,0.0,0.0
4.558091395,1376.9093017578125,1391.3956298828125,680.0,457.0,-49.904701232910156,23.97610092163086,1.4999680519104004,0.006535808090120554,0.46000000834465027,0.006535808090120554,0.46000000834465027,0.006535808090120554,0.0,0.0,0.0,0.0
4.578119178,1437.08984375,1451.576171875,680.0,457.0,-49.904701232910156,23.97610092163086,1.4999680519104004,0.006535808090120554,0.47999998927116394,0.006535808090120554,0.47999998927116394,0.006535808090120554,0.0,0.0,0.0,0.0
4.597986249,1497.2703857421875,1511.7567138671875,680.0,457.0,-49.904701232910156,23.97610092163086,1.4999680519104004,0.006535808090120554,0.5,0.006535808090120554,0.5,0.006535808090120554,0.0,0.0,0.0,0.0
4.617962894,1557.450927734375,1571.937255859375,680.0,457.0,-49.904701232910156,23.97610092163086,1.4999680519104004,0.006535808090120554,0.5199999809265137,0.006535808090120554,0.5199999809265137,0.006535808090120554,0.0,0.0,0.0,0.0
4.638125372,1617.6314697265625,1632.1177978515625,680.0,457.0,-49.904701232910156,23.97610092163086,1.4999680519104004,0.006535808090120554,0.5400000214576721,0.006535808090120554,0.5400000214576721,0.006535808090120554,0.0,0.0,0.0,0.0
4.658104097,1677.81201171875,1692.29833984375,874.0,657.0,-48.2140998840332,25.30940055847168,1.4999680519104004,0.006535808090120554,0.5600000023841858,0.006535808090120554,0.5600000023841858,0.006535808090120554,0.0,0.0,0.0,0.0
4.67792339,1737.9925537109375,1752.4788818359375,874.0,657.0,-48.2140998840332,25.30940055847168,1.4999680519104004,0.006535808090120554,0.5799999833106995,0.006535808090120554,0.5799999833106995,0.006535808090120554,0.0,0.0,0.0,0.0
4.697982983,1798.173095703125,1812.659423828125,874.0,657.0,-48.2140998840332,25.30940055847168,1.4999680519104004,0.006535808090120554,0.6000000238418579,0.006535808090120554,0.6000000238418579,0.006535808090120554,0.0,0.0,0.0,0.0
4.717972812,1858.3536376953125,1872.8399658203125,874.0,657.0,-48.2140998840332,25.30940055847168,1.4999680519104004,0.006535808090120554,0.6200000047683716,0.006535808090120554,0.6200000047683716,0.006535808090120554,0.0,0.0,0.0,0.0
4.738157116,1874.2052001953125,1977.3494873046875,874.0,657.0,-48.2140998840332,25.30940055847168,1.492555856704712,0.09950371831655502,0.6399999856948853,0.046535808593034744,0.6399999856948853,0.046535808593034744,0.0,0.0,0.0,0.0
4.758138241,1890.0567626953125,2081.85888671875,1034.0,823.0,-46.142398834228516,26.952199935913086,1.492555856704712,0.09950371831655502,0.6600000262260437,0.08653581142425537,0.6600000262260437,0.08653581142425537,0.0,0.0,0.0,0.0
4.778104741,1905.9083251953125,2186.368408203125,1034.0,823.0,-46.142398834228516,26.952199935913086,1.2840967178344727,0.5168691277503967,0.6800000071525574,0.1265358030796051,0.6800000071525574,0.1265358030796051,0.0,0.0,0.0,0.0
4.798118668,1921.7598876953125,2290.8779296875,1034.0,823.0,-46.142398834228516,26.952199935913086,1.2840967178344727,0.5168691277503967,0.699999988079071,0.16653580963611603,0.699999988079071,0.16653580963611603,0.0,0.0,0.0,0.0
4.818152115,1937.6114501953125,2395.3876953125,1034.0,823.0,-46.142398834228516,26.952199935913086,1.2840967178344727,0.5168691277503967,0.7200000286102295,0.20653580129146576,0.7200000286102295,0.20653580129146576,0.0,0.0,0.0,0.0
4.837912237,1953.4630126953125,2499.897216796875,1034.0,823.0,-46.142398834228516,26.952199935913086,1.1688201427459717,0.6267586350440979,0.7400000095367432,0.24653580784797668,0.7400000095367432,0.24653580784797668,0.0,0.0,0.0,0.0
4.857982166,1969.3145751953125,2604.40673828125,1217.0,994.0,-43.785301208496094,28.904499053955078,1.1688201427459717,0.6267586350440979,0.7599999904632568,0.2865357995033264,0.7599999904632568,0.2865357995033264,0.0,0.0,0.0,0.0
4.877909369,1985.1661376953125,2708.916259765625,1217.0,994.0,-43.785301208496094,28.904499053955078,1.1631982326507568,0.6313899159431458,0.7799999713897705,0.32653582096099854,0.7799999713897705,0.32653582096099854,0.0,0.0,0.0,0.0
4.898129514,2001.017578125,2813.42578125,1217.0,994.0,-43.785301208496094,28.904499053955078,1.1631982326507568,0.6313899159431458,0.800000011920929,0.36653581261634827,0.800000011920929,0.36653581261634827,0.0,0.0,0.0,0.0
4.918177593,2016.869140625,2917.935302734375,1217.0,994.0,-43.785301208496094,28.904499053955078,1.1631982326507568,0.6313899159431458,0.8199999928474426,0.406535804271698,0.8199999928474426,0.406535804271698,0.0,0.0,0.0,0.0
4.937900465,2032.720703125,3022.44482421875,1217.0,994.0,-43.785301208496094,28.904499053955078,1.1292647123336792,0.6581999659538269,0.8399999737739563,0.44653579592704773,0.8399999737739563,0.44653579592704773,0.0,0.0,0.0,0.0
4.957963355,2048.572265625,3126.954345703125,1314.0,1189.0,-41.76150131225586,31.261600494384766,1.1292647123336792,0.6581999659538269,0.8600000143051147,0.48653581738471985,0.8600000143051147,0.48653581738471985,0.0,0.0,0.0,0.0
4.977920768,2002.6304931640625,2992.3544921875,1314.0,1189.0,-41.76150131225586,31.261600494384766,0.0,-0.0,0.8299999833106995,0.44653579592704773,0.8299999833106995,0.44653579592704773,0.0,0.0,0.0,0.0
4.998122737,1956.6885986328125,2857.754638671875,1314.0,1189.0,-41.76150131225586,31.261600494384766,0.0,-0.0,0.800000011920929,0.406535804271698,0.800000011920929,0.406535804271698,0.0,0.0,0.0,0.0
5.017975952,1910.746826171875,2723.15478515625,1314.0,1189.0,-41.76150131225586,31.261600494384766,0.0,-0.0,0.7699999809265137,0.36653581261634827,0.7699999809265137,0.36653581261634827,0.0,0.0,0.0,0.0
5.037887922,1864.8050537109375,2588.55517578125,1314.0,1189.0,-41.76150131225586,31.261600494384766,0.0,-0.0,0.7400000095367432,0.32653582096099854,0.7400000095367432,0.32653582096099854,0.0,0.0,0.0,0.0
5.057867416,1818.8631591796875,2453.955322265625,1280.0,1331.0,-39.64250183105469,33.42829895019531,0.0,-0.0,0.7099999785423279,0.2865357995033264,0.7099999785423279,0.2865357995033264,0.0,0.0,0.0,0.0
5.078119115,1772.92138671875,2319.35546875,1280.0,1331.0,-39.64250183105469,33.42829895019531,0.0,-0.0,0.6800000071525574,0.24653580784797668,0.6800000071525574,0.24653580784797668,0.0,0.0,0.0,0.0
5.098126834,1726.9794921875,2184.755615234375,1280.0,1331.0,-39.64250183105469,33.42829895019531,0.0,-0.0,0.6499999761581421,0.20653580129146576,0.6499999761581421,0.20653580129146576,0.0,0.0,0.0,0.0
5.118733943,1742.8310546875,2289.26513671875,1280.0,1331.0,-39.64250183105469,33.42829895019531,1.3755069971084595,0.39887645840644836,0.6700000166893005,0.24653580784797668,0.6700000166893005,0.24653580784797668,0.0,0.0,0.0,0.0
5.138198403,1758.6826171875,2393.774658203125,1280.0,1331.0,-39.64250183105469,33.42829895019531,1.3755069971084595,0.39887645840644836,0.6899999976158142,0.2865357995033264,0.6899999976158142,0.2865357995033264,0.0,0.0,0.0,0.0
5.158084228,1774.5341796875,2498.2841796875,1234.0,1383.0,-37.59489822387695,35.83300018310547,1.3755069971084595,0.39887645840644836,0.7099999785423279,0.32653582096099854,0.7099999785423279,0.32653582096099854,0.0,0.0,0.0,0.0
5.178121197,1879.043701171875,2514.1357421875,1234.0,1383.0,-37.59489822387695,35.83300018310547,1.4483144283294678,0.2602439820766449,0.7300000190734863,0.2865357995033264,0.7300000190734863,0.2865357995033264,0.0,0.0,0.0,0.0
5.198121011,1968.3614501953125,2545.17919921875,1234.0,1383.0,-37.59489822387695,35.83300018310547,1.4483144283294678,0.2602439820766449,0.75,0.2602439820766449,0.75,0.2602439820766449,0.0,0.0,0.0,0.0
5.218139707,2028.5419921875,2605.359619140625,1234.0,1383.0,-37.59489822387695,35.83300018310547,1.4483144283294678,0.2602439820766449,0.7699999809265137,0.2602439820766449,0.7699999809265137,0.2602439820766449,0.0,0.0,0.0,0.0
5.238121185,2133.051513671875,2621.211181640625,1234.0,1383.0,-37.59489822387695,35.83300018310547,1.4996325969696045,-0.022134797647595406,0.7900000214576721,0.22024397552013397,0.7900000214576721,0.22024397552013397,0.0,0.0,0.0,0.0
5.257936254,2237.56103515625,2637.062744140625,1234.0,1423.0,-35.61869812011719,38.237701416015625,1.4996325969696045,-0.022134797647595406,0.8100000023841858,0.18024398386478424,0.8100000023841858,0.18024398386478424,0.0,0.0,0.0,0.0
5.278112686,2342.070556640625,2652.914306640625,1234.0,1423.0,-35.61869812011719,38.237701416015625,1.4645624160766602,-0.21608299016952515,0.8299999833106995,0.14024397730827332,0.8299999833106995,0.14024397730827332,0.0,0.0,0.0,0.0
5.298196441,2446.580078125,2668.765869140625,1234.0,1423.0,-35.61869812011719,38.237701416015625,1.4645624160766602,-0.21608299016952515,0.8500000238418579,0.10024398565292358,0.8500000238418579,0.10024398565292358,0.0,0.0,0.0,0.0
5.318187871,2551.089599609375,2684.617431640625,1234.0,1423.0,-35.61869812011719,38.237701416015625,1.4645624160766602,-0.21608299016952515,0.8700000047683716,0.06024398282170296,0.8700000047683716,0.06024398282170296,0.0,0.0,0.0,0.0
5.337929529,2655.59912109375,2700.468994140625,1234.0,1423.0,-35.61869812011719,38.237701416015625,1.2338520288467407,-0.344135582447052,0.8899999856948853,0.02024398185312748,0.8899999856948853,0.02024398185312748,0.0,0.0,0.0,0.0
5.357876221,2760.108642578125,2716.320556640625,1297.0,1463.0,-32.999698638916016,40.737701416015625,1.2338520288467407,-0.344135582447052,0.9100000262260437,-0.01975601725280285,0.9100000262260437,-0.01975601725280285,0.0,0.0,0.0,0.0
5.377948999,2647.94384765625,2647.94384765625,1297.0,1463.0,-32.999698638916016,40.737701416015625,0.0,-0.0,0.8799999952316284,0.0,0.8799999952316284,0.0,0.0,0.0,0.0,0.0
5.397914956,2557.673095703125,2557.673095703125,1297.0,1463.0,-32.999698638916016,40.737701416015625,0.0,-0.0,0.8500000238418579,0.0,0.8500000238418579,0.0,0.0,0.0,0.0,0.0
5.41814659,2467.402099609375,2467.402099609375,1297.0,1463.0,-32.999698638916016,40.737701416015625,0.0,-0.0,0.8199999928474426,0.0,0.8199999928474426,0.0,0.0,0.0,0.0,0.0
5.437920026,2377.13134765625,2377.13134765625,1297.0,1463.0,-32.999698638916016,40.737701416015625,0.0,-0.0,0.7900000214576721,0.0,0.7900000214576721,0.0,0.0,0.0,0.0,0.0
5.457991876,2286.860595703125,2286.860595703125,1657.0,1486.0,-29.618799209594727,43.26150131225586,0.0,-0.0,0.7599999904632568,0.0,0.7599999904632568,0.0,0.0,0.0,0.0,0.0
5.477898278,2196.58984375,2196.58984375,1657.0,1486.0,-29.618799209594727,43.26150131225586,0.0,-0.0,0.7300000190734863,0.0,0.7300000190734863,0.0,0.0,0.0,0.0,0.0
5.497949103,2106.31884765625,2106.31884765625,1657.0,1486.0,-29.618799209594727,43.26150131225586,0.0,-0.0,0.699999988079071,0.0,0.699999988079071,0.0,0.0,0.0,0.0,0.0
5.518002488,2016.048095703125,2016.048095703125,1657.0,1486.0,-29.618799209594727,43.26150131225586,0.0,-0.0,0.6700000166893005,0.0,0.6700000166893005,0.0,0.0,0.0,0.0,0.0
5.537930972,1925.77734375,1925.77734375,1657.0,1486.0,-29.618799209594727,43.26150131225586,0.0,-0.0,0.6399999856948853,0.0,0.6399999856948853,0.0,0.0,0.0,0.0,0.0
5.557874943,1835.5064697265625,1835.5064697265625,1846.0,1491.0,-26.785499572753906,45.73759841918945,0.0,-0.0,0.6100000143051147,0.0,0.6100000143051147,0.0,0.0,0.0,0.0,0.0
5.57791028,1745.2357177734375,1745.2357177734375,1846.0,1491.0,-26.785499572753906,45.73759841918945,0.0,-0.0,0.5799999833106995,0.0,0.5799999833106995,0.0,0.0,0.0,0.0,0.0
5.59801362,1654.96484375,1654.96484375,1846.0,1491.0,-26.785499572753906,45.73759841918945,0.0,-0.0,0.550000011920929,0.0,0.550000011920929,0.0,0.0,0.0,0.0,0.0
5.618007738,1564.694091796875,1564.694091796875,1846.0,1491.0,-26.785499572753906,45.73759841918945,0.0,-0.0,0.5199999809265137,0.0,0.5199999809265137,0.0,0.0,0.0,0.0,0.0
5.63791814,1669.20361328125,1580.545654296875,1846.0,1491.0,-26.785499572753906,45.73759841918945,0.6627154350280762,-0.27212953567504883,0.5400000214576721,-0.03999999910593033,0.5400000214576721,-0.03999999910593033,0.0,0.0,0.0,0.0
5.657877121,1773.713134765625,1596.397216796875,1554.0,1400.0,-25.35700035095215,47.761600494384766,0.6627154350280762,-0.27212953567504883,0.5600000023841858,-0.07999999821186066,0.5600000023841858,-0.07999999821186066,0.0,0.0,0.0,0.0
5.677918602,1639.11328125,1550.455322265625,1554.0,1400.0,-25.35700035095215,47.761600494384766,0.0,-0.0,0.5299999713897705,-0.03999999910593033,0.5299999713897705,-0.03999999910593033,0.0,0.0,0.0,0.0
5.698008053,1504.5135498046875,1504.5135498046875,1554.0,1400.0,-25.35700035095215,47.761600494384766,0.0,-0.0,0.5,0.0,0.5,0.0,0.0,0.0,0.0,0.0
5.717980026,1414.24267578125,1414.24267578125,1554.0,1400.0,-25.35700035095215,47.761600494384766,0.0,-0.0,0.4699999988079071,0.0,0.4699999988079071,0.0,0.0,0.0,0.0,0.0
5.737949887,1323.971923828125,1323.971923828125,1554.0,1400.0,-25.35700035095215,47.761600494384766,0.0,-0.0,0.4399999976158142,0.0,0.4399999976158142,0.0,0.0,0.0,0.0,0.0
5.757879042,1233.7010498046875,1233.7010498046875,1011.0,1189.0,-24.071300506591797,49.33319854736328,0.0,-0.0,0.4099999964237213,0.0,0.4099999964237213,0.0,0.0,0.0,0.0,0.0
5.777954829,1143.4302978515625,1143.4302978515625,1011.0,1189.0,-24.071300506591797,49.33319854736328,0.0,-0.0,0.3799999952316284,0.0,0.3799999952316284,0.0,0.0,0.0,0.0,0.0
5.798183231,1053.159423828125,1053.159423828125,1011.0,1189.0,-24.071300506591797,49.33319854736328,0.0,-0.0,0.3499999940395355,0.0,0.3499999940395355,0.0,0.0,0.0,0.0,0.0
5.817955514,962.888671875,962.888671875,1011.0,1189.0,-24.071300506591797,49.33319854736328,0.0,-0.0,0.3199999928474426,0.0,0.3199999928474426,0.0,0.0,0.0,0.0,0.0
5.837954977,1067.398193359375,978.740234375,1011.0,1189.0,-24.071300506591797,49.33319854736328,0.5748382210731506,-0.28205394744873047,0.3400000035762787,-0.03999999910593033,0.3400000035762787,-0.03999999910593033,0.0,0.0,0.0,0.0
5.857903877,1171.90771484375,994.591796875,829.0,783.0,-22.26180076599121,50.35710144042969,0.5748382210731506,-0.28205394744873047,0.36000001430511475,-0.07999999821186066,0.36000001430511475,-0.07999999821186066,0.0,0.0,0.0,0.0
5.877911404,1276.417236328125,1010.443359375,829.0,783.0,-22.26180076599121,50.35710144042969,0.6951231360435486,-0.5190252661705017,0.3799999952316284,-0.11999999731779099,0.3799999952316284,-0.11999999731779099,0.0,0.0,0.0,0.0
5.897932596,1380.9267578125,1026.294921875,829.0,783.0,-22.26180076599121,50.35710144042969,0.6951231360435486,-0.5190252661705017,0.4000000059604645,-0.1599999964237213,0.4000000059604645,-0.1599999964237213,0.0,0.0,0.0,0.0
5.918194158,1485.436279296875,1042.146484375,829.0,783.0,-22.26180076599121,50.35710144042969,0.6951231360435486,-0.5190252661705017,0.41999998688697815,-0.20000000298023224,0.41999998688697815,-0.20000000298023224,0.0,0.0,0.0,0.0
5.93795057,1589.94580078125,1057.998046875,829.0,783.0,-22.26180076599121,50.35710144042969,0.745684027671814,-0.7125424742698669,0.4399999976158142,-0.23999999463558197,0.4399999976158142,-0.23999999463558197,0.0,0.0,0.0,0.0
5.957911408,1694.455322265625,1073.849609375,829.0,520.0,-21.142799377441406,50.95240020751953,0.745684027671814,-0.7125424742698669,0.46000000834465027,-0.2800000011920929,0.46000000834465027,-0.2800000011920929,0.0,0.0,0.0,0.0
5.97793132,1798.96484375,1089.7010498046875,829.0,520.0,-21.142799377441406,50.95240020751953,0.745684027671814,-0.7125424742698669,0.47999998927116394,-0.3199999928474426,0.47999998927116394,-0.3199999928474426,0.0,0.0,0.0,0.0
5.997969506,1903.474365234375,1105.5526123046875,829.0,520.0,-21.142799377441406,50.95240020751953,0.7095620632171631,-0.788402259349823,0.5,-0.36000001430511475,0.5,-0.36000001430511475,0.0,0.0,0.0,0.0
6.018010059,2007.9840087890625,1121.4041748046875,829.0,520.0,-21.142799377441406,50.95240020751953,0.7095620632171631,-0.788402259349823,0.5199999809265137,-0.4000000059604645,0.5199999809265137,-0.4000000059604645,0.0,0.0,0.0,0.0
6.038190716,2112.493408203125,1137.2557373046875,829.0,520.0,-21.142799377441406,50.95240020751953,0.70149827003479,-0.7865284085273743,0.5400000214576721,-0.4399999976158142,0.5400000214576721,-0.4399999976158142,0.0,0.0,0.0,0.0
6.057906326,2217.0029296875,1153.1072998046875,920.0,406.0,-19.118999481201172,51.762001037597656,0.70149827003479,-0.7865284085273743,0.5600000023841858,-0.47999998927116394,0.5600000023841858,-0.47999998927116394,0.0,0.0,0.0,0.0
6.077907325,2321.512451171875,1168.9588623046875,920.0,406.0,-19.118999481201172,51.762001037597656,0.70149827003479,-0.7865284085273743,0.5799999833106995,-0.5199999809265137,0.5799999833106995,-0.5199999809265137,0.0,0.0,0.0,0.0
6.098121839,2426.02197265625,1184.8104248046875,920.0,406.0,-19.118999481201172,51.762001037597656,0.70149827003479,-0.7865284085273743,0.6000000238418579,-0.5600000023841858,0.6000000238418579,-0.5600000023841858,0.0,0.0,0.0,0.0
6.118009522,2530.531494140625,1200.6619873046875,920.0,406.0,-19.118999481201172,51.762001037597656,0.70149827003479,-0.7865284085273743,0.6200000047683716,-0.6000000238418579,0.6200000047683716,-0.6000000238418579,0.0,0.0,0.0,0.0
6.137969591,2635.041015625,1216.5135498046875,920.0,406.0,-19.118999481201172,51.762001037597656,0.6986988186836243,-0.7791550755500793,0.6399999856948853,-0.6399999856948853,0.6399999856948853,-0.6399999856948853,0.0,0.0,0.0,0.0
6.157930717,2739.550537109375,1232.3651123046875,1383.0,509.0,-15.857099533081055,53.00019836425781,0.6986988186836243,-0.7791550755500793,0.6600000262260437,-0.6800000071525574,0.6600000262260437,-0.6800000071525574,0.0,0.0,0.0,0.0
6.177964806,2844.06005859375,1248.2166748046875,1383.0,509.0,-15.857099533081055,53.00019836425781,0.6986988186836243,-0.7791550755500793,0.6800000071525574,-0.7200000286102295,0.6800000071525574,-0.7200000286102295,0.0,0.0,0.0,0.0
6.197995248,2936.242919921875,1251.7413330078125,1383.0,509.0,-15.857099533081055,53.00019836425781,0.6959033608436584,-0.7718201279640198,0.6959033608436584,-0.7599999904632568,0.6959033608436584,-0.7599999904632568,0.0,0.0,0.0,0.0
6.217951637,2949.34228515625,1238.6419677734375,1383.0,509.0,-15.857099533081055,53.00019836425781,0.6959033608436584,-0.7718201279640198,0.6959033608436584,-0.7718201279640198,0.6959033608436584,-0.7718201279640198,0.0,0.0,0.0,0.0
6.238052418,2949.34228515625,1238.6419677734375,1383.0,509.0,-15.857099533081055,53.00019836425781,0.6959033608436584,-0.7718201279640198,0.6959033608436584,-0.7718201279640198,0.6959033608436584,-0.7718201279640198,0.0,0.0,0.0,0.0
6.257929987,2814.742431640625,1192.7001953125,1897.0,777.0,-12.16670036315918,54.524200439453125,0.0,-0.0,0.6659033894538879,-0.7318201065063477,0.6659033894538879,-0.7318201065063477,0.0,0.0,0.0,0.0
6.277916394,2680.142578125,1146.75830078125,1897.0,777.0,-12.16670036315918,54.524200439453125,0.0,-0.0,0.6359033584594727,-0.6918201446533203,0.6359033584594727,-0.6918201446533203,0.0,0.0,0.0,0.0
6.298001942,2545.542724609375,1100.8165283203125,1897.0,777.0,-12.16670036315918,54.524200439453125,0.0,-0.0,0.6059033870697021,-0.6518201231956482,0.6059033870697021,-0.6518201231956482,0.0,0.0,0.0,0.0
6.317997406,2410.943115234375,1054.8746337890625,1897.0,777.0,-12.16670036315918,54.524200439453125,0.0,-0.0,0.5759033560752869,-0.6118201017379761,0.5759033560752869,-0.6118201017379761,0.0,0.0,0.0,0.0
6.337994629,2276.34326171875,1008.932861328125,1897.0,777.0,-12.16670036315918,54.524200439453125,0.0,-0.0,0.5459033846855164,-0.5718201398849487,0.5459033846855164,-0.5718201398849487,0.0,0.0,0.0,0.0
6.35790372,2141.743408203125,962.9910278320312,2109.0,863.0,-8.952400207519531,55.90530014038086,0.0,-0.0,0.5159033536911011,-0.5318201184272766,0.5159033536911011,-0.5318201184272766,0.0,0.0,0.0,0.0
6.377881455,2007.1436767578125,917.0491943359375,2109.0,863.0,-8.952400207519531,55.90530014038086,0.0,-0.0,0.48590338230133057,-0.4918201267719269,0.48590338230133057,-0.4918201267719269,0.0,0.0,0.0,0.0
6.39806976,1872.5438232421875,871.1073608398438,2109.0,863.0,-8.952400207519531,55.90530014038086,0.0,-0.0,0.45590338110923767,-0.45182013511657715,0.45590338110923767,-0.45182013511657715,0.0,0.0,0.0,0.0
6.418017765,1737.9439697265625,825.1655883789062,2109.0,863.0,-8.952400207519531,55.90530014038086,0.0,-0.0,0.4259033799171448,-0.41182011365890503,0.4259033799171448,-0.41182011365890503,0.0,0.0,0.0,0.0
6.437981131,1603.34423828125,779.2237548828125,2109.0,863.0,-8.952400207519531,55.90530014038086,-0.05959320813417435,0.08630740642547607,0.3959033787250519,-0.3718201220035553,0.3959033787250519,-0.3718201220035553,0.0,0.0,0.0,0.0
6.457944113,1468.744384765625,733.2819213867188,1737.0,777.0,-7.428599834442139,56.8577995300293,-0.05959320813417435,0.08630740642547607,0.365903377532959,-0.33182013034820557,0.365903377532959,-0.33182013034820557,0.0,0.0,0.0,0.0
6.477931352,1334.1446533203125,687.340087890625,1737.0,777.0,-7.428599834442139,56.8577995300293,-0.05959320813417435,0.08630740642547607,0.3359033763408661,-0.29182013869285583,0.3359033763408661,-0.29182013869285583,0.0,0.0,0.0,0.0
6.498138697,1199.5447998046875,641.3982543945312,1737.0,777.0,-7.428599834442139,56.8577995300293,-0.22333872318267822,0.15716427564620972,0.3059033751487732,-0.2518201172351837,0.3059033751487732,-0.2518201172351837,0.0,0.0,0.0,0.0
6.518124464,1064.945068359375,595.4564208984375,1737.0,777.0,-7.428599834442139,56.8577995300293,-0.22333872318267822,0.15716427564620972,0.2759033739566803,-0.21182012557983398,0.2759033739566803,-0.21182012557983398,0.0,0.0,0.0,0.0
6.538123064,930.34521484375,549.5145874023438,1737.0,777.0,-7.428599834442139,56.8577995300293,-0.46969103813171387,0.20693634450435638,0.2459033727645874,-0.17182013392448425,0.2459033727645874,-0.17182013392448425,0.0,0.0,0.0,0.0
6.558111487,795.7454223632812,503.5727844238281,886.0,554.0,-6.690499782562256,57.38159942626953,-0.46969103813171387,0.20693634450435638,0.2159033715724945,-0.13182012736797333,0.2159033715724945,-0.13182012736797333,0.0,0.0,0.0,0.0
6.578109383,661.1456298828125,457.6309509277344,886.0,554.0,-6.690499782562256,57.38159942626953,-0.46969103813171387,0.20693634450435638,0.1859033703804016,-0.091820128262043,0.1859033703804016,-0.091820128262043,0.0,0.0,0.0,0.0
6.5980611,526.5458374023438,411.68914794921875,886.0,554.0,-6.690499782562256,57.38159942626953,-0.6776407957077026,0.24178732931613922,0.15590336918830872,-0.05182012915611267,0.15590336918830872,-0.05182012915611267,0.0,0.0,0.0,0.0
6.617994704,391.9460144042969,365.747314453125,886.0,554.0,-6.690499782562256,57.38159942626953,-0.6776407957077026,0.24178732931613922,0.12590338289737701,-0.011820128187537193,0.12590338289737701,-0.011820128187537193,0.0,0.0,0.0,0.0
6.638011577,257.3462219238281,319.80548095703125,886.0,554.0,-6.690499782562256,57.38159942626953,-0.6947202682495117,0.24443860352039337,0.09590337425470352,0.028179872781038284,0.09590337425470352,0.028179872781038284,0.0,0.0,0.0,0.0
6.657904123,122.74642944335938,273.8636474609375,417.0,326.0,-6.428599834442139,57.500701904296875,-0.6947202682495117,0.24443860352039337,0.06590337306261063,0.06817987561225891,0.06590337306261063,0.06817987561225891,0.0,0.0,0.0,0.0
6.678008072,-11.853373527526855,227.9218292236328,417.0,326.0,-6.428599834442139,57.500701904296875,-0.6947202682495117,0.24443860352039337,0.03590337559580803,0.10817987471818924,0.03590337559580803,0.10817987471818924,0.0,0.0,0.0,0.0
6.697993775,-146.4531707763672,181.98001098632812,417.0,326.0,-6.428599834442139,57.500701904296875,-0.6947202682495117,0.24443860352039337,0.005903375800698996,0.14817987382411957,0.005903375800698996,0.14817987382411957,0.0,0.0,0.0,0.0
6.71799247,-281.052978515625,136.03817749023438,417.0,326.0,-6.428599834442139,57.500701904296875,-0.6947202682495117,0.24443860352039337,-0.024096624925732613,0.1881798654794693,-0.024096624925732613,0.1881798654794693,0.0,0.0,0.0,0.0
6.738064482,-385.5625,120.18663024902344,417.0,326.0,-6.428599834442139,57.500701904296875,-0.6947202682495117,0.24443860352039337,-0.04409662261605263,0.22817987203598022,-0.04409662261605263,0.22817987203598022,0.0,0.0,0.0,0.0
6.757962148,-463.7613830566406,78.0244140625,86.0,74.0,-6.8572001457214355,57.476898193359375,-0.6947202682495117,0.24443860352039337,-0.06409662216901779,0.24443860352039337,-0.06409662216901779,0.24443860352039337,0.0,0.0,0.0,0.0
6.777975181,-523.94189453125,17.8438720703125,86.0,74.0,-6.8572001457214355,57.476898193359375,-0.6947202682495117,0.24443860352039337,-0.08409662544727325,0.24443860352039337,-0.08409662544727325,0.24443860352039337,0.0,0.0,0.0,0.0
6.798022839,-584.1224365234375,-42.336669921875,86.0,74.0,-6.8572001457214355,57.476898193359375,-0.6947202682495117,0.24443860352039337,-0.10409662127494812,0.24443860352039337,-0.10409662127494812,0.24443860352039337,0.0,0.0,0.0,0.0
6.817950747,-644.302978515625,-102.5172119140625,86.0,74.0,-6.8572001457214355,57.476898193359375,-0.6947202682495117,0.24443860352039337,-0.12409662455320358,0.24443860352039337,-0.12409662455320358,0.24443860352039337,0.0,0.0,0.0,0.0
6.837970083,-704.4835205078125,-162.69775390625,86.0,74.0,-6.8572001457214355,57.476898193359375,-0.6947202682495117,0.24443860352039337,-0.14409662783145905,0.24443860352039337,-0.14409662783145905,0.24443860352039337,0.0,0.0,0.0,0.0
6.858126483,-764.6640625,-222.8782958984375,-194.0,-11.0,-7.5,57.405399322509766,-0.6947202682495117,0.24443860352039337,-0.1640966236591339,0.24443860352039337,-0.1640966236591339,0.24443860352039337,0.0,0.0,0.0,0.0
6.878091128,-824.8446044921875,-283.058837890625,-194.0,-11.0,-7.5,57.405399322509766,-0.6947202682495117,0.24443860352039337,-0.18409661948680878,0.24443860352039337,-0.18409661948680878,0.24443860352039337,0.0,0.0,0.0,0.0
6.898192741,-885.025146484375,-343.2393798828125,-194.0,-11.0,-7.5,57.405399322509766,-0.6947202682495117,0.24443860352039337,-0.20409663021564484,0.24443860352039337,-0.20409663021564484,0.24443860352039337,0.0,0.0,0.0,0.0
6.918017771,-945.2056884765625,-403.419921875,-194.0,-11.0,-7.5,57.405399322509766,-0.6947202682495117,0.24443860352039337,-0.2240966260433197,0.24443860352039337,-0.2240966260433197,0.24443860352039337,0.0,0.0,0.0,0.0
6.938005779,-1005.38623046875,-463.6004638671875,-194.0,-11.0,-7.5,57.405399322509766,-0.6947202682495117,0.24443860352039337,-0.24409662187099457,0.24443860352039337,-0.24409662187099457,0.24443860352039337,0.0,0.0,0.0,0.0
6.957999548,-1068.513916015625,-520.8338623046875,-429.0,-80.0,-8.5,57.11970138549805,-0.7120321989059448,0.2470979243516922,-0.26409661769866943,0.2470979243516922,-0.26409661769866943,0.2470979243516922,0.0,0.0,0.0,0.0
6.977955043,-1128.6944580078125,-581.014404296875,-429.0,-80.0,-8.5,57.11970138549805,-0.7120321989059448,0.2470979243516922,-0.2840966284275055,0.2470979243516922,-0.2840966284275055,0.2470979243516922,0.0,0.0,0.0,0.0
6.998084178,-1230.9287109375,-599.1412353515625,-429.0,-80.0,-8.5,57.11970138549805,-0.978904128074646,0.2850448787212372,-0.30409663915634155,0.2850448787212372,-0.30409663915634155,0.2850448787212372,0.0,0.0,0.0,0.0
7.018085147,-1291.1092529296875,-659.32177734375,-429.0,-80.0,-8.5,57.11970138549805,-0.978904128074646,0.2850448787212372,-0.3240966200828552,0.2850448787212372,-0.3240966200828552,0.2850448787212372,0.0,0.0,0.0,0.0
7.038110661,-1351.289794921875,-719.5023193359375,-429.0,-80.0,-8.5,57.11970138549805,-0.978904128074646,0.2850448787212372,-0.3440966308116913,0.2850448787212372,-0.3440966308116913,0.2850448787212372,0.0,0.0,0.0,0.0
7.058096333,-1434.48681640625,-756.6663208007812,-657.0,-189.0,-9.833399772644043,56.54819869995117,-1.1407654285430908,0.30581367015838623,-0.36409661173820496,0.30581367015838623,-0.36409661173820496,0.30581367015838623,0.0,0.0,0.0,0.0
7.077977072,-1494.6673583984375,-816.8468627929688,-657.0,-189.0,-9.833399772644043,56.54819869995117,-1.1407654285430908,0.30581367015838623,-0.384096622467041,0.30581367015838623,-0.384096622467041,0.30581367015838623,0.0,0.0,0.0,0.0
7.098019899,-1555.892333984375,-875.9829711914062,-657.0,-189.0,-9.833399772644043,56.54819869995117,-1.184078574180603,0.3067561089992523,-0.4040966331958771,0.3067561089992523,-0.4040966331958771,0.3067561089992523,0.0,0.0,0.0,0.0
7.117974018,-1616.0728759765625,-936.1635131835938,-657.0,-189.0,-9.833399772644043,56.54819869995117,-1.184078574180603,0.3067561089992523,-0.42409661412239075,0.3067561089992523,-0.42409661412239075,0.3067561089992523,0.0,0.0,0.0,0.0
7.137997836,-1676.25341796875,-996.3440551757812,-657.0,-189.0,-9.833399772644043,56.54819869995117,-1.184078574180603,0.3067561089992523,-0.4440966248512268,0.3067561089992523,-0.4440966248512268,0.3067561089992523,0.0,0.0,0.0,0.0
7.158278722,-1736.4339599609375,-1056.524658203125,-886.0,-343.0,-11.76200008392334,55.61949920654297,-1.184078574180603,0.3067561089992523,-0.46409663558006287,0.3067561089992523,-0.46409663558006287,0.3067561089992523,0.0,0.0,0.0,0.0
7.178159141,-1796.614501953125,-1116.7052001953125,-886.0,-343.0,-11.76200008392334,55.61949920654297,-1.184078574180603,0.3067561089992523,-0.48409661650657654,0.3067561089992523,-0.48409661650657654,0.3067561089992523,0.0,0.0,0.0,0.0
7.198001606,-1851.678955078125,-1182.0018310546875,-886.0,-343.0,-11.76200008392334,55.61949920654297,-1.1820192337036133,0.30213963985443115,-0.5040966272354126,0.30213963985443115,-0.5040966272354126,0.30213963985443115,0.0,0.0,0.0,0.0
7.217988751,-1911.8594970703125,-1242.182373046875,-886.0,-343.0,-11.76200008392334,55.61949920654297,-1.1820192337036133,0.30213963985443115,-0.5240966081619263,0.30213963985443115,-0.5240966081619263,0.30213963985443115,0.0,0.0,0.0,0.0
7.237973783,-1972.0400390625,-1302.3629150390625,-886.0,-343.0,-11.76200008392334,55.61949920654297,-1.1820192337036133,0.30213963985443115,-0.5440966486930847,0.30213963985443115,-0.5440966486930847,0.30213963985443115,0.0,0.0,0.0,0.0
7.258017922,-2032.2205810546875,-1362.54345703125,-1160.0,-589.0,-14.071399688720703,54.42900085449219,-1.1820192337036133,0.30213963985443115,-0.5640966296195984,0.30213963985443115,-0.5640966296195984,0.30213963985443115,0.0,0.0,0.0,0.0
7.277981513,-2092.401123046875,-1422.7239990234375,-1160.0,-589.0,-14.071399688720703,54.42900085449219,-1.1820192337036133,0.30213963985443115,-0.5840966105461121,0.30213963985443115,-0.5840966105461121,0.30213963985443115,0.0,0.0,0.0,0.0
7.298089783,-2152.581787109375,-1482.904541015625,-1160.0,-589.0,-14.071399688720703,54.42900085449219,-1.1820192337036133,0.30213963985443115,-0.6040966510772705,0.30213963985443115,-0.6040966510772705,0.30213963985443115,0.0,0.0,0.0,0.0
7.318032765,-2212.76220703125,-1543.0850830078125,-1160.0,-589.0,-14.071399688720703,54.42900085449219,-1.1820192337036133,0.30213963985443115,-0.6240966320037842,0.30213963985443115,-0.6240966320037842,0.30213963985443115,0.0,0.0,0.0,0.0
7.33799258,-2272.94287109375,-1603.265625,-1160.0,-589.0,-14.071399688720703,54.42900085449219,-1.1820192337036133,0.30213963985443115,-0.6440966129302979,0.30213963985443115,-0.6440966129302979,0.30213963985443115,0.0,0.0,0.0,0.0
7.357975596,-2333.123291015625,-1663.4461669921875,-1383.0,-743.0,-16.66659927368164,52.97639846801758,-1.1820192337036133,0.30213963985443115,-0.6640966534614563,0.30213963985443115,-0.6640966534614563,0.30213963985443115,0.0,0.0,0.0,0.0
7.377984021,-2393.303955078125,-1723.626708984375,-1383.0,-743.0,-16.66659927368164,52.97639846801758,-1.1820192337036133,0.30213963985443115,-0.68409663438797,0.30213963985443115,-0.68409663438797,0.30213963985443115,0.0,0.0,0.0,0.0
7.398479029,-2453.484375,-1783.8072509765625,-1383.0,-743.0,-16.66659927368164,52.97639846801758,-1.1820192337036133,0.30213963985443115,-0.7040966153144836,0.30213963985443115,-0.7040966153144836,0.30213963985443115,0.0,0.0,0.0,0.0
7.417926436,-2513.6650390625,-1843.98779296875,-1383.0,-743.0,-16.66659927368164,52.97639846801758,-1.1820192337036133,0.30213963985443115,-0.7240965962409973,0.30213963985443115,-0.7240965962409973,0.30213963985443115,0.0,0.0,0.0,0.0
7.437970607,-2573.845458984375,-1904.1683349609375,-1383.0,-743.0,-16.66659927368164,52.97639846801758,-1.1820192337036133,0.30213963985443115,-0.7440966367721558,0.30213963985443115,-0.7440966367721558,0.30213963985443115,0.0,0.0,0.0,0.0
7.458060348,-2634.026123046875,-1964.348876953125,-1554.0,-897.0,-19.54759979248047,51.21440124511719,-1.1820192337036133,0.30213963985443115,-0.7640966176986694,0.30213963985443115,-0.7640966176986694,0.30213963985443115,0.0,0.0,0.0,0.0
7.477989026,-2694.20654296875,-2024.5294189453125,-1554.0,-897.0,-19.54759979248047,51.21440124511719,-1.1820192337036133,0.30213963985443115,-0.7840965986251831,0.30213963985443115,-0.7840965986251831,0.30213963985443115,0.0,0.0,0.0,0.0
7.498015084,-2754.38720703125,-2084.7099609375,-1554.0,-897.0,-19.54759979248047,51.21440124511719,-1.1820192337036133,0.30213963985443115,-0.8040966391563416,0.30213963985443115,-0.8040966391563416,0.30213963985443115,0.0,0.0,0.0,0.0
7.517968659,-2814.567626953125,-2144.890380859375,-1554.0,-897.0,-19.54759979248047,51.21440124511719,-1.1820192337036133,0.30213963985443115,-0.8240966200828552,0.30213963985443115,-0.8240966200828552,0.30213963985443115,0.0,0.0,0.0,0.0
7.537969884,-2874.748291015625,-2205.071044921875,-1554.0,-897.0,-19.54759979248047,51.21440124511719,-1.1820192337036133,0.30213963985443115,-0.8440966010093689,0.30213963985443115,-0.8440966010093689,0.30213963985443115,0.0,0.0,0.0,0.0
7.557971076,-2740.1484375,-2159.129150390625,-1731.0,-1069.0,-22.16659927368164,49.54750061035156,0.0,-0.0,-0.8140966296195984,0.2621396481990814,-0.8140966296195984,0.2621396481990814,0.0,0.0,0.0,0.0
7.577941452,-2605.548583984375,-2113.187255859375,-1731.0,-1069.0,-22.16659927368164,49.54750061035156,0.0,-0.0,-0.7840965986251831,0.2221396416425705,-0.7840965986251831,0.2221396416425705,0.0,0.0,0.0,0.0
7.59796879,-2470.94873046875,-2067.24560546875,-1731.0,-1069.0,-22.16659927368164,49.54750061035156,0.0,-0.0,-0.7540966272354126,0.18213963508605957,-0.7540966272354126,0.18213963508605957,0.0,0.0,0.0,0.0
7.617969535,-2336.34912109375,-2021.3037109375,-1731.0,-1069.0,-22.16659927368164,49.54750061035156,0.0,-0.0,-0.7240965962409973,0.14213964343070984,-0.7240965962409973,0.14213964343070984,0.0,0.0,0.0,0.0
7.637967272,-2201.749267578125,-1975.36181640625,-1731.0,-1069.0,-22.16659927368164,49.54750061035156,0.0,-0.0,-0.6940966248512268,0.10213963687419891,-0.6940966248512268,0.10213963687419891,0.0,0.0,0.0,0.0
7.657965809,-2067.1494140625,-1929.4200439453125,-1937.0,-1246.0,-25.6427001953125,47.23780059814453,0.0,-0.0,-0.6640966534614563,0.062139641493558884,-0.6640966534614563,0.062139641493558884,0.0,0.0,0.0,0.0
7.677929688,-1932.549560546875,-1883.478271484375,-1937.0,-1246.0,-25.6427001953125,47.23780059814453,0.0,-0.0,-0.634096622467041,0.022139640524983406,-0.634096622467041,0.022139640524983406,0.0,0.0,0.0,0.0
7.697948449,-1817.7430419921875,-1817.7430419921875,-1937.0,-1246.0,-25.6427001953125,47.23780059814453,0.0,-0.0,-0.6040966510772705,0.0,-0.6040966510772705,0.0,0.0,0.0,0.0,0.0
7.717943722,-1771.80126953125,-1683.143310546875,-1937.0,-1246.0,-25.6427001953125,47.23780059814453,-0.18268528580665588,0.7231292724609375,-0.5740966200828552,0.03999999910593033,-0.5740966200828552,0.03999999910593033,0.0,0.0,0.0,0.0
7.737956532,-1725.8594970703125,-1548.54345703125,-1937.0,-1246.0,-25.6427001953125,47.23780059814453,-0.18268528580665588,0.7231292724609375,-0.5440966486930847,0.07999999821186066,-0.5440966486930847,0.07999999821186066,0.0,0.0,0.0,0.0
7.757966525,-1679.9176025390625,-1413.9437255859375,-1811.0,-1337.0,-27.6427001953125,45.04710006713867,-0.18268528580665588,0.7231292724609375,-0.5140966176986694,0.11999999731779099,-0.5140966176986694,0.11999999731779099,0.0,0.0,0.0,0.0
7.77793498,-1633.975830078125,-1279.3438720703125,-1811.0,-1337.0,-27.6427001953125,45.04710006713867,-0.18268528580665588,0.7231292724609375,-0.48409661650657654,0.1599999964237213,-0.48409661650657654,0.1599999964237213,0.0,0.0,0.0,0.0
7.797939757,-1588.033935546875,-1144.744140625,-1811.0,-1337.0,-27.6427001953125,45.04710006713867,-0.18268528580665588,0.7231292724609375,-0.45409661531448364,0.20000000298023224,-0.45409661531448364,0.20000000298023224,0.0,0.0,0.0,0.0
7.817951991,-1542.0921630859375,-1010.144287109375,-1811.0,-1337.0,-27.6427001953125,45.04710006713867,0.011110806837677956,0.9999725818634033,-0.42409661412239075,0.23999999463558197,-0.42409661412239075,0.23999999463558197,0.0,0.0,0.0,0.0
7.837950336,-1496.1502685546875,-875.5444946289062,-1811.0,-1337.0,-27.6427001953125,45.04710006713867,0.011110806837677956,0.9999725818634033,-0.39409661293029785,0.2800000011920929,-0.39409661293029785,0.2800000011920929,0.0,0.0,0.0,0.0
7.857975882,-1450.20849609375,-740.9447021484375,-1331.0,-1211.0,-28.80929946899414,43.642398834228516,0.024913504719734192,0.9998620748519897,-0.36409661173820496,0.3199999928474426,-0.36409661173820496,0.3199999928474426,0.0,0.0,0.0,0.0
7.877935505,-1404.2667236328125,-606.3449096679688,-1331.0,-1211.0,-28.80929946899414,43.642398834228516,0.024913504719734192,0.9998620748519897,-0.33409661054611206,0.36000001430511475,-0.33409661054611206,0.36000001430511475,0.0,0.0,0.0,0.0
7.897932761,-1358.3248291015625,-471.7451171875,-1331.0,-1211.0,-28.80929946899414,43.642398834228516,0.024913504719734192,0.9998620748519897,-0.30409663915634155,0.4000000059604645,-0.30409663915634155,0.4000000059604645,0.0,0.0,0.0,0.0
7.917966859,-1312.383056640625,-337.1452941894531,-1331.0,-1211.0,-28.80929946899414,43.642398834228516,0.023958604782819748,0.9998724460601807,-0.27409663796424866,0.4399999976158142,-0.27409663796424866,0.4399999976158142,0.0,0.0,0.0,0.0
7.937983382,-1266.441162109375,-202.54550170898438,-1331.0,-1211.0,-28.80929946899414,43.642398834228516,0.023958604782819748,0.9998724460601807,-0.24409662187099457,0.47999998927116394,-0.24409662187099457,0.47999998927116394,0.0,0.0,0.0,0.0
7.957959551,-1220.4993896484375,-67.94570922851562,-777.0,-800.0,-30.047399520874023,43.33290100097656,0.02380652353167534,0.9998740553855896,-0.21409662067890167,0.5199999809265137,-0.21409662067890167,0.5199999809265137,0.0,0.0,0.0,0.0
7.977944105,-1174.5574951171875,66.65409088134766,-777.0,-800.0,-30.047399520874023,43.33290100097656,0.02380652353167534,0.9998740553855896,-0.18409661948680878,0.5600000023841858,-0.18409661948680878,0.5600000023841858,0.0,0.0,0.0,0.0
7.997995829,-1128.61572265625,201.25389099121094,-777.0,-800.0,-30.047399520874023,43.33290100097656,0.02380652353167534,0.9998740553855896,-0.15409661829471588,0.6000000238418579,-0.15409661829471588,0.6000000238418579,0.0,0.0,0.0,0.0
8.018149479,-1082.6739501953125,335.85369873046875,-777.0,-800.0,-30.047399520874023,43.33290100097656,0.02380652353167534,0.9998740553855896,-0.12409662455320358,0.6399999856948853,-0.12409662455320358,0.6399999856948853,0.0,0.0,0.0,0.0
8.037976105,-1036.7320556640625,470.4534912109375,-777.0,-800.0,-30.047399520874023,43.33290100097656,0.02380652353167534,0.9998740553855896,-0.09409662336111069,0.6800000071525574,-0.09409662336111069,0.6800000071525574,0.0,0.0,0.0,0.0
8.058159324,-990.7902221679688,605.0532836914062,-823.0,-189.0,-31.833099365234375,43.523399353027344,0.02380652353167534,0.9998740553855896,-0.06409662216901779,0.7200000286102295,-0.06409662216901779,0.7200000286102295,0.0,0.0,0.0,0.0
8.078376592,-944.848388671875,739.653076171875,-823.0,-189.0,-31.833099365234375,43.523399353027344,0.02380652353167534,0.9998740553855896,-0.034096624702215195,0.7599999904632568,-0.034096624702215195,0.7599999904632568,0.0,0.0,0.0,0.0
8.098287798,-898.9066162109375,874.2528686523438,-823.0,-189.0,-31.833099365234375,43.523399353027344,0.02380652353167534,0.9998740553855896,-0.004096624441444874,0.800000011920929,-0.004096624441444874,0.800000011920929,0.0,0.0,0.0,0.0
8.118244767,-859.2742309570312,1002.543212890625,-823.0,-189.0,-31.833099365234375,43.523399353027344,0.02380652353167534,0.9998740553855896,0.02380652353167534,0.8399999737739563,0.02380652353167534,0.8399999737739563,0.0,0.0,0.0,0.0
8.13823412,-903.6032104492188,1046.8721923828125,-823.0,-189.0,-31.833099365234375,43.523399353027344,0.02380652353167534,0.9998740553855896,0.02380652353167534,0.8799999952316284,0.02380652353167534,0.8799999952316284,0.0,0.0,0.0,0.0
8.158427195,-947.9322509765625,1091.201171875,-709.0,120.0,-32.47589874267578,44.142398834228516,0.02380652353167534,0.9998740553855896,0.02380652353167534,0.9200000166893005,0.02380652353167534,0.9200000166893005,0.0,0.0,0.0,0.0
8.178462151,-992.26123046875,1135.5301513671875,-709.0,120.0,-32.47589874267578,44.142398834228516,0.02380652353167534,0.9998740553855896,0.02380652353167534,0.9599999785423279,0.02380652353167534,0.9599999785423279,0.0,0.0,0.0,0.0
8.198163972,-1036.4505615234375,1179.7196044921875,-709.0,120.0,-32.47589874267578,44.142398834228516,0.02380652353167534,0.9998740553855896,0.02380652353167534,0.9998740553855896,0.02380652353167534,0.9998740553855896,0.0,0.0,0.0,0.0
8.218112332,-1036.4505615234375,1179.7196044921875,-709.0,120.0,-32.47589874267578,44.142398834228516,0.02380652353167534,0.9998740553855896,0.02380652353167534,0.9998740553855896,0.02380652353167534,0.9998740553855896,0.0,0.0,0.0,0.0
8.2379684,-1036.4505615234375,1179.7196044921875,-709.0,120.0,-32.47589874267578,44.142398834228516,0.02380652353167534,0.9998740553855896,0.02380652353167534,0.9998740553855896,0.02380652353167534,0.9998740553855896,0.0,0.0,0.0,0.0
8.258121889,-1036.4505615234375,1179.7196044921875,-474.0,451.0,-33.095001220703125,45.28519821166992,0.02380652353167534,0.9998740553855896,0.02380652353167534,0.9998740553855896,0.02380652353167534,0.9998740553855896,0.0,0.0,0.0,0.0
8.27814062,-1036.4505615234375,1179.7196044921875,-474.0,451.0,-33.095001220703125,45.28519821166992,0.02380652353167534,0.9998740553855896,0.02380652353167534,0.9998740553855896,0.02380652353167534,0.9998740553855896,0.0,0.0,0.0,0.0
8.29813455,-1036.4505615234375,1179.7196044921875,-474.0,451.0,-33.095001220703125,45.28519821166992,0.02380652353167534,0.9998740553855896,0.02380652353167534,0.9998740553855896,0.02380652353167534,0.9998740553855896,0.0,0.0,0.0,0.0
8.317967449,-1036.4505615234375,1179.7196044921875,-474.0,451.0,-33.095001220703125,45.28519821166992,0.02380652353167534,0.9998740553855896,0.02380652353167534,0.9998740553855896,0.02380652353167534,0.9998740553855896,0.0,0.0,0.0,0.0
8.337955939,-1036.4505615234375,1179.7196044921875,-474.0,451.0,-33.095001220703125,45.28519821166992,0.02380652353167534,0.9998740553855896,0.02380652353167534,0.9998740553855896,0.02380652353167534,0.9998740553855896,0.0,0.0,0.0,0.0
8.35788273,-1036.4505615234375,1179.7196044921875,-491.0,657.0,-34.40449905395508,46.54719924926758,0.02380652353167534,0.9998740553855896,0.02380652353167534,0.9998740553855896,0.02380652353167534,0.9998740553855896,0.0,0.0,0.0,0.0
8.377909525,-1036.4505615234375,1179.7196044921875,-491.0,657.0,-34.40449905395508,46.54719924926758,0.02380652353167534,0.9998740553855896,0.02380652353167534,0.9998740553855896,0.02380652353167534,0.9998740553855896,0.0,0.0,0.0,0.0
8.397935137,-1036.4505615234375,1179.7196044921875,-491.0,657.0,-34.40449905395508,46.54719924926758,0.02380652353167534,0.9998740553855896,0.02380652353167534,0.9998740553855896,0.02380652353167534,0.9998740553855896,0.0,0.0,0.0,0.0
8.41791649,-1036.4505615234375,1179.7196044921875,-491.0,657.0,-34.40449905395508,46.54719924926758,0.02380652353167534,0.9998740553855896,0.02380652353167534,0.9998740553855896,0.02380652353167534,0.9998740553855896,0.0,0.0,0.0,0.0
8.438184577,-1036.4505615234375,1179.7196044921875,-491.0,657.0,-34.40449905395508,46.54719924926758,0.02380652353167534,0.9998740553855896,0.02380652353167534,0.9998740553855896,0.02380652353167534,0.9998740553855896,0.0,0.0,0.0,0.0
8.457946528,-1036.4505615234375,1179.7196044921875,-669.0,709.0,-35.59489822387695,47.57109832763672,0.02380652353167534,0.9998740553855896,0.02380652353167534,0.9998740553855896,0.02380652353167534,0.9998740553855896,0.0,0.0,0.0,0.0
8.478155092,-1036.4505615234375,1179.7196044921875,-669.0,709.0,-35.59489822387695,47.57109832763672,0.02380652353167534,0.9998740553855896,0.02380652353167534,0.9998740553855896,0.02380652353167534,0.9998740553855896,0.0,0.0,0.0,0.0
8.498205537,-1036.4505615234375,1179.7196044921875,-669.0,709.0,-35.59489822387695,47.57109832763672,0.02380652353167534,0.9998740553855896,0.02380652353167534,0.9998740553855896,0.02380652353167534,0.9998740553855896,0.0,0.0,0.0,0.0
8.518136264,-1036.4505615234375,1179.7196044921875,-669.0,709.0,-35.59489822387695,47.57109832763672,0.02380652353167534,0.9998740553855896,0.02380652353167534,0.9998740553855896,0.02380652353167534,0.9998740553855896,0.0,0.0,0.0,0.0
8.537922185,-1036.4505615234375,1179.7196044921875,-669.0,709.0,-35.59489822387695,47.57109832763672,0.02380652353167534,0.9998740553855896,0.02380652353167534,0.9998740553855896,0.02380652353167534,0.9998740553855896,0.0,0.0,0.0,0.0
8.557956276,-1036.4505615234375,1179.7196044921875,-646.0,629.0,-36.40439987182617,48.45220184326172,0.02380652353167534,0.9998740553855896,0.02380652353167534,0.9998740553855896,0.02380652353167534,0.9998740553855896,0.0,0.0,0.0,0.0
8.578104421,-1036.4505615234375,1179.7196044921875,-646.0,629.0,-36.40439987182617,48.45220184326172,0.02380652353167534,0.9998740553855896,0.02380652353167534,0.9998740553855896,0.02380652353167534,0.9998740553855896,0.0,0.0,0.0,0.0
8.598157234,-1036.4505615234375,1179.7196044921875,-646.0,629.0,-36.40439987182617,48.45220184326172,0.02380652353167534,0.9998740553855896,0.02380652353167534,0.9998740553855896,0.02380652353167534,0.9998740553855896,0.0,0.0,0.0,0.0
8.617947443,-1036.4505615234375,1179.7196044921875,-646.0,629.0,-36.40439987182617,48.45220184326172,0.02380652353167534,0.9998740553855896,0.02380652353167534,0.9998740553855896,0.02380652353167534,0.9998740553855896,0.0,0.0,0.0,0.0
8.637942589,-1036.4505615234375,1179.7196044921875,-646.0,629.0,-36.40439987182617,48.45220184326172,0.02380652353167534,0.9998740553855896,0.02380652353167534,0.9998740553855896,0.02380652353167534,0.9998740553855896,0.0,0.0,0.0,0.0
8.658438494,-1036.4505615234375,1179.7196044921875,-549.0,554.0,-37.33300018310547,49.356998443603516,0.02380652353167534,0.9998740553855896,0.02380652353167534,0.9998740553855896,0.02380652353167534,0.9998740553855896,0.0,0.0,0.0,0.0
8.678134714,-1036.4505615234375,1179.7196044921875,-549.0,554.0,-37.33300018310547,49.356998443603516,0.02380652353167534,0.9998740553855896,0.02380652353167534,0.9998740553855896,0.02380652353167534,0.9998740553855896,0.0,0.0,0.0,0.0
8.697925083,-1036.4505615234375,1179.7196044921875,-549.0,554.0,-37.33300018310547,49.356998443603516,0.02380652353167534,0.9998740553855896,0.02380652353167534,0.9998740553855896,0.02380652353167534,0.9998740553855896,0.0,0.0,0.0,0.0
8.717887268,-1036.4505615234375,1179.7196044921875,-549.0,554.0,-37.33300018310547,49.356998443603516,0.02380652353167534,0.9998740553855896,0.02380652353167534,0.9998740553855896,0.02380652353167534,0.9998740553855896,0.0,0.0,0.0,0.0
8.737900911,-1036.4505615234375,1179.7196044921875,-549.0,554.0,-37.33300018310547,49.356998443603516,0.02380652353167534,0.9998740553855896,0.02380652353167534,0.9998740553855896,0.02380652353167534,0.9998740553855896,0.0,0.0,0.0,0.0
8.757940795,-1036.4505615234375,1179.7196044921875,-583.0,566.0,-38.49959945678711,50.404701232910156,0.02380652353167534,0.9998740553855896,0.02380652353167534,0.9998740553855896,0.02380652353167534,0.9998740553855896,0.0,0.0,0.0,0.0
8.778164047,-1036.4505615234375,1179.7196044921875,-583.0,566.0,-38.49959945678711,50.404701232910156,0.02380652353167534,0.9998740553855896,0.02380652353167534,0.9998740553855896,0.02380652353167534,0.9998740553855896,0.0,0.0,0.0,0.0
8.797894413,-1036.4505615234375,1179.7196044921875,-583.0,566.0,-38.49959945678711,50.404701232910156,0.02380652353167534,0.9998740553855896,0.02380652353167534,0.9998740553855896,0.02380652353167534,0.9998740553855896,0.0,0.0,0.0,0.0
8.818041438,-1036.4505615234375,1179.7196044921875,-583.0,566.0,-38.49959945678711,50.404701232910156,0.02380652353167534,0.9998740553855896,0.02380652353167534,0.9998740553855896,0.02380652353167534,0.9998740553855896,0.0,0.0,0.0,0.0
8.837913411,-1036.4505615234375,1179.7196044921875,-583.0,566.0,-38.49959945678711,50.404701232910156,0.02380652353167534,0.9998740553855896,0.02380652353167534,0.9998740553855896,0.02380652353167534,0.9998740553855896,0.0,0.0,0.0,0.0
8.857929966,-1036.4505615234375,1179.7196044921875,-651.0,611.0,-39.54719924926758,51.4286994934082,0.02380652353167534,0.9998740553855896,0.02380652353167534,0.9998740553855896,0.02380652353167534,0.9998740553855896,0.0,0.0,0.0,0.0
8.878232102,-1036.4505615234375,1179.7196044921875,-651.0,611.0,-39.54719924926758,51.4286994934082,0.02380652353167534,0.9998740553855896,0.02380652353167534,0.9998740553855896,0.02380652353167534,0.9998740553855896,0.0,0.0,0.0,0.0
8.897926114,-1036.4505615234375,1179.7196044921875,-651.0,611.0,-39.54719924926758,51.4286994934082,0.02380652353167534,0.9998740553855896,0.02380652353167534,0.9998740553855896,0.02380652353167534,0.9998740553855896,0.0,0.0,0.0,0.0
8.917881362,-1036.4505615234375,1179.7196044921875,-651.0,611.0,-39.54719924926758,51.4286994934082,0.02380652353167534,0.9998740553855896,0.02380652353167534,0.9998740553855896,0.02380652353167534,0.9998740553855896,0.0,0.0,0.0,0.0
8.937911615,-1036.4505615234375,1179.7196044921875,-651.0,611.0,-39.54719924926758,51.4286994934082,0.02380652353167534,0.9998740553855896,0.02380652353167534,0.9998740553855896,0.02380652353167534,0.9998740553855896,0.0,0.0,0.0,0.0
8.957955117,-1036.4505615234375,1179.7196044921875,-623.0,600.0,-40.45199966430664,52.381099700927734,0.02380652353167534,0.9998740553855896,0.02380652353167534,0.9998740553855896,0.02380652353167534,0.9998740553855896,0.0,0.0,0.0,0.0
8.978115744,-1036.4505615234375,1179.7196044921875,-623.0,600.0,-40.45199966430664,52.381099700927734,0.02380652353167534,0.9998740553855896,0.02380652353167534,0.9998740553855896,0.02380652353167534,0.9998740553855896,0.0,0.0,0.0,0.0
8.997913283,-1036.4505615234375,1179.7196044921875,-623.0,600.0,-40.45199966430664,52.381099700927734,0.02380652353167534,0.9998740553855896,0.02380652353167534,0.9998740553855896,0.02380652353167534,0.9998740553855896,0.0,0.0,0.0,0.0
9.018032597,-1036.4505615234375,1179.7196044921875,-623.0,600.0,-40.45199966430664,52.381099700927734,0.02380652353167534,0.9998740553855896,0.02380652353167534,0.9998740553855896,0.02380652353167534,0.9998740553855896,0.0,0.0,0.0,0.0
9.03792854,-1036.4505615234375,1179.7196044921875,-623.0,600.0,-40.45199966430664,52.381099700927734,0.02380652353167534,0.9998740553855896,0.02380652353167534,0.9998740553855896,0.02380652353167534,0.9998740553855896,0.0,0.0,0.0,0.0
9.057959561,-1036.4505615234375,1179.7196044921875,-577.0,577.0,-41.475799560546875,53.30979919433594,0.02380652353167534,0.9998740553855896,0.02380652353167534,0.9998740553855896,0.02380652353167534,0.9998740553855896,0.0,0.0,0.0,0.0
9.078162206,-1036.4505615234375,1179.7196044921875,-577.0,577.0,-41.475799560546875,53.30979919433594,0.02380652353167534,0.9998740553855896,0.02380652353167534,0.9998740553855896,0.02380652353167534,0.9998740553855896,0.0,0.0,0.0,0.0
9.098176939,-1036.4505615234375,1179.7196044921875,-577.0,577.0,-41.475799560546875,53.30979919433594,0.02380652353167534,0.9998740553855896,0.02380652353167534,0.9998740553855896,0.02380652353167534,0.9998740553855896,0.0,0.0,0.0,0.0
9.11888799,-1036.4505615234375,1179.7196044921875,-577.0,577.0,-41.475799560546875,53.30979919433594,0.02380652353167534,0.9998740553855896,0.02380652353167534,0.9998740553855896,0.02380652353167534,0.9998740553855896,0.0,0.0,0.0,0.0
9.137976346,-1036.4505615234375,1179.7196044921875,-577.0,577.0,-41.475799560546875,53.30979919433594,0.02380652353167534,0.9998740553855896,0.02380652353167534,0.9998740553855896,0.02380652353167534,0.9998740553855896,0.0,0.0,0.0,0.0
9.157985287,-1036.4505615234375,1179.7196044921875,-617.0,571.0,-42.59479904174805,54.33369827270508,0.02380652353167534,0.9998740553855896,0.02380652353167534,0.9998740553855896,0.02380652353167534,0.9998740553855896,0.0,0.0,0.0,0.0
9.17793464,-1036.4505615234375,1179.7196044921875,-617.0,571.0,-42.59479904174805,54.33369827270508,0.02380652353167534,0.9998740553855896,0.02380652353167534,0.9998740553855896,0.02380652353167534,0.9998740553855896,0.0,0.0,0.0,0.0
9.19801008,-1036.4505615234375,1179.7196044921875,-617.0,571.0,-42.59479904174805,54.33369827270508,0.02380652353167534,0.9998740553855896,0.02380652353167534,0.9998740553855896,0.02380652353167534,0.9998740553855896,0.0,0.0,0.0,0.0
9.217924008,-1036.4505615234375,1179.7196044921875,-617.0,571.0,-42.59479904174805,54.33369827270508,0.02380652353167534,0.9998740553855896,0.02380652353167534,0.9998740553855896,0.02380652353167534,0.9998740553855896,0.0,0.0,0.0,0.0
9.23792594,-1036.4505615234375,1179.7196044921875,-617.0,571.0,-42.59479904174805,54.33369827270508,0.02380652353167534,0.9998740553855896,0.02380652353167534,0.9998740553855896,0.02380652353167534,0.9998740553855896,0.0,0.0,0.0,0.0
9.257948545,-1036.4505615234375,1179.7196044921875,-640.0,611.0,-43.59479904174805,55.38140106201172,0.02380652353167534,0.9998740553855896,0.02380652353167534,0.9998740553855896,0.02380652353167534,0.9998740553855896,0.0,0.0,0.0,0.0
9.277933388,-1036.4505615234375,1179.7196044921875,-640.0,611.0,-43.59479904174805,55.38140106201172,0.02380652353167534,0.9998740553855896,0.02380652353167534,0.9998740553855896,0.02380652353167534,0.9998740553855896,0.0,0.0,0.0,0.0
9.298221509,-1036.4505615234375,1179.7196044921875,-640.0,611.0,-43.59479904174805,55.38140106201172,0.02380652353167534,0.9998740553855896,0.02380652353167534,0.9998740553855896,0.02380652353167534,0.9998740553855896,0.0,0.0,0.0,0.0
9.317916324,-1036.4505615234375,1179.7196044921875,-640.0,611.0,-43.59479904174805,55.38140106201172,0.02380652353167534,0.9998740553855896,0.02380652353167534,0.9998740553855896,0.02380652353167534,0.9998740553855896,0.0,0.0,0.0,0.0
9.337935088,-1036.4505615234375,1179.7196044921875,-640.0,611.0,-43.59479904174805,55.38140106201172,0.02380652353167534,0.9998740553855896,0.02380652353167534,0.9998740553855896,0.02380652353167534,0.9998740553855896,0.0,0.0,0.0,0.0
9.357958013,-1036.4505615234375,1179.7196044921875,-611.0,611.0,-44.54710006713867,56.35770034790039,0.02380652353167534,0.9998740553855896,0.02380652353167534,0.9998740553855896,0.02380652353167534,0.9998740553855896,0.0,0.0,0.0,0.0
9.377916936,-1036.4505615234375,1179.7196044921875,-611.0,611.0,-44.54710006713867,56.35770034790039,0.02380652353167534,0.9998740553855896,0.02380652353167534,0.9998740553855896,0.02380652353167534,0.9998740553855896,0.0,0.0,0.0,0.0
9.398165694,-1036.4505615234375,1179.7196044921875,-611.0,611.0,-44.54710006713867,56.35770034790039,0.02380652353167534,0.9998740553855896,0.02380652353167534,0.9998740553855896,0.02380652353167534,0.9998740553855896,0.0,0.0,0.0,0.0
9.418077863,-1036.4505615234375,1179.7196044921875,-611.0,611.0,-44.54710006713867,56.35770034790039,0.02380652353167534,0.9998740553855896,0.02380652353167534,0.9998740553855896,0.02380652353167534,0.9998740553855896,0.0,0.0,0.0,0.0
9.437941965,-1036.4505615234375,1179.7196044921875,-611.0,611.0,-44.54710006713867,56.35770034790039,0.02380652353167534,0.9998740553855896,0.02380652353167534,0.9998740553855896,0.02380652353167534,0.9998740553855896,0.0,0.0,0.0,0.0
9.45793484,-1036.4505615234375,1179.7196044921875,-583.0,600.0,-45.570899963378906,57.3577995300293,0.02380652353167534,0.9998740553855896,0.02380652353167534,0.9998740553855896,0.02380652353167534,0.9998740553855896,0.0,0.0,0.0,0.0
9.477893058,-1036.4505615234375,1179.7196044921875,-583.0,600.0,-45.570899963378906,57.3577995300293,0.02380652353167534,0.9998740553855896,0.02380652353167534,0.9998740553855896,0.02380652353167534,0.9998740553855896,0.0,0.0,0.0,0.0
9.49824035,-1036.4505615234375,1179.7196044921875,-583.0,600.0,-45.570899963378906,57.3577995300293,0.02380652353167534,0.9998740553855896,0.02380652353167534,0.9998740553855896,0.02380652353167534,0.9998740553855896,0.0,0.0,0.0,0.0
9.517896251,-1036.4505615234375,1179.7196044921875,-583.0,600.0,-45.570899963378906,57.3577995300293,0.02380652353167534,0.9998740553855896,0.02380652353167534,0.9998740553855896,0.02380652353167534,0.9998740553855896,0.0,0.0,0.0,0.0
9.537923496,-1036.4505615234375,1179.7196044921875,-583.0,600.0,-45.570899963378906,57.3577995300293,0.02380652353167534,0.9998740553855896,0.02380652353167534,0.9998740553855896,0.02380652353167534,0.9998740553855896,0.0,0.0,0.0,0.0
9.557914131,-1036.4505615234375,1179.7196044921875,-623.0,594.0,-46.66630172729492,58.3578987121582,0.02380652353167534,0.9998740553855896,0.02380652353167534,0.9998740553855896,0.02380652353167534,0.9998740553855896,0.0,0.0,0.0,0.0
9.578115944,-1036.4505615234375,1179.7196044921875,-623.0,594.0,-46.66630172729492,58.3578987121582,0.02380652353167534,0.9998740553855896,0.02380652353167534,0.9998740553855896,0.02380652353167534,0.9998740553855896,0.0,0.0,0.0,0.0
9.598168183,-1036.4505615234375,1179.7196044921875,-623.0,594.0,-46.66630172729492,58.3578987121582,0.02380652353167534,0.9998740553855896,0.02380652353167534,0.9998740553855896,0.02380652353167534,0.9998740553855896,0.0,0.0,0.0,0.0
9.617976762,-1036.4505615234375,1179.7196044921875,-623.0,594.0,-46.66630172729492,58.3578987121582,0.02380652353167534,0.9998740553855896,0.02380652353167534,0.9998740553855896,0.02380652353167534,0.9998740553855896,0.0,0.0,0.0,0.0
9.637912995,-1036.4505615234375,1179.7196044921875,-623.0,594.0,-46.66630172729492,58.3578987121582,0.02380652353167534,0.9998740553855896,0.02380652353167534,0.9998740553855896,0.02380652353167534,0.9998740553855896,0.0,0.0,0.0,0.0
9.657977426,-1036.4505615234375,1179.7196044921875,-634.0,600.0,-47.69020080566406,59.358001708984375,0.02380652353167534,0.9998740553855896,0.02380652353167534,0.9998740553855896,0.02380652353167534,0.9998740553855896,0.0,0.0,0.0,0.0
9.67793526,-1036.4505615234375,1179.7196044921875,-634.0,600.0,-47.69020080566406,59.358001708984375,0.02380652353167534,0.9998740553855896,0.02380652353167534,0.9998740553855896,0.02380652353167534,0.9998740553855896,0.0,0.0,0.0,0.0
9.697946601,-1036.4505615234375,1179.7196044921875,-634.0,600.0,-47.69020080566406,59.358001708984375,0.02380652353167534,0.9998740553855896,0.02380652353167534,0.9998740553855896,0.02380652353167534,0.9998740553855896,0.0,0.0,0.0,0.0
9.718212288,-1036.4505615234375,1179.7196044921875,-634.0,600.0,-47.69020080566406,59.358001708984375,0.02380652353167534,0.9998740553855896,0.02380652353167534,0.9998740553855896,0.02380652353167534,0.9998740553855896,0.0,0.0,0.0,0.0
9.737975266,-1036.4505615234375,1179.7196044921875,-634.0,600.0,-47.69020080566406,59.358001708984375,0.02380652353167534,0.9998740553855896,0.02380652353167534,0.9998740553855896,0.02380652353167534,0.9998740553855896,0.0,0.0,0.0,0.0
9.757909163,-1036.4505615234375,1179.7196044921875,-617.0,594.0,-48.69029998779297,60.35810089111328,0.02380652353167534,0.9998740553855896,0.02380652353167534,0.9998740553855896,0.02380652353167534,0.9998740553855896,0.0,0.0,0.0,0.0
9.777903543,-1036.4505615234375,1179.7196044921875,-617.0,594.0,-48.69029998779297,60.35810089111328,0.02380652353167534,0.9998740553855896,0.02380652353167534,0.9998740553855896,0.02380652353167534,0.9998740553855896,0.0,0.0,0.0,0.0
9.797974214,-1036.4505615234375,1179.7196044921875,-617.0,594.0,-48.69029998779297,60.35810089111328,0.02380652353167534,0.9998740553855896,0.02380652353167534,0.9998740553855896,0.02380652353167534,0.9998740553855896,0.0,0.0,0.0,0.0
9.817911983,-1036.4505615234375,1179.7196044921875,-617.0,594.0,-48.69029998779297,60.35810089111328,0.02380652353167534,0.9998740553855896,0.02380652353167534,0.9998740553855896,0.02380652353167534,0.9998740553855896,0.0,0.0,0.0,0.0
9.837934396,-1036.4505615234375,1179.7196044921875,-617.0,594.0,-48.69029998779297,60.35810089111328,0.02380652353167534,0.9998740553855896,0.02380652353167534,0.9998740553855896,0.02380652353167534,0.9998740553855896,0.0,0.0,0.0,0.0
9.857900103,-1036.4505615234375,1179.7196044921875,-611.0,594.0,-49.71419906616211,61.33440017700195,0.02380652353167534,0.9998740553855896,0.02380652353167534,0.9998740553855896,0.02380652353167534,0.9998740553855896,0.0,0.0,0.0,0.0
9.877993815,-1036.4505615234375,1179.7196044921875,-611.0,594.0,-49.71419906616211,61.33440017700195,0.02380652353167534,0.9998740553855896,0.02380652353167534,0.9998740553855896,0.02380652353167534,0.9998740553855896,0.0,0.0,0.0,0.0
9.897950593,-1036.4505615234375,1179.7196044921875,-611.0,594.0,-49.71419906616211,61.33440017700195,0.02380652353167534,0.9998740553855896,0.02380652353167534,0.9998740553855896,0.02380652353167534,0.9998740553855896,0.0,0.0,0.0,0.0
9.917922259,-1036.4505615234375,1179.7196044921875,-611.0,594.0,-49.71419906616211,61.33440017700195,0.02380652353167534,0.9998740553855896,0.02380652353167534,0.9998740553855896,0.02380652353167534,0.9998740553855896,0.0,0.0,0.0,0.0
9.937952194,-1036.4505615234375,1179.7196044921875,-611.0,594.0,-49.71419906616211,61.33440017700195,0.02380652353167534,0.9998740553855896,0.02380652353167534,0.9998740553855896,0.02380652353167534,0.9998740553855896,0.0,0.0,0.0,0.0
9.95789371,-1036.4505615234375,1179.7196044921875,-611.0,594.0,-50.73809814453125,62.33449935913086,0.02380652353167534,0.9998740553855896,0.02380652353167534,0.9998740553855896,0.02380652353167534,0.9998740553855896,0.0,0.0,0.0,0.0
9.978179176,-1036.4505615234375,1179.7196044921875,-611.0,594.0,-50.73809814453125,62.33449935913086,0.02380652353167534,0.9998740553855896,0.02380652353167534,0.9998740553855896,0.02380652353167534,0.9998740553855896,0.0,0.0,0.0,0.0
9.998206391,-1036.4505615234375,1179.7196044921875,-611.0,594.0,-50.73809814453125,62.33449935913086,0.02380652353167534,0.9998740553855896,0.02380652353167534,0.9998740553855896,0.02380652353167534,0.9998740553855896,0.0,0.0,0.0,0.0
10.018157091,-1036.4505615234375,1179.7196044921875,-611.0,594.0,-50.73809814453125,62.33449935913086,0.02380652353167534,0.9998740553855896,0.02380652353167534,0.9998740553855896,0.02380652353167534,0.9998740553855896,0.0,0.0,0.0,0.0
10.038026859,-1036.4505615234375,1179.7196044921875,-611.0,594.0,-50.73809814453125,62.33449935913086,0.02380652353167534,0.9998740553855896,0.02380652353167534,0.9998740553855896,0.02380652353167534,0.9998740553855896,0.0,0.0,0.0,0.0
10.058082428,-1036.4505615234375,1179.7196044921875,-617.0,594.0,-51.762001037597656,63.334598541259766,0.02380652353167534,0.9998740553855896,0.02380652353167534,0.9998740553855896,0.02380652353167534,0.9998740553855896,0.0,0.0,0.0,0.0
10.077983717,-1036.4505615234375,1179.7196044921875,-617.0,594.0,-51.762001037597656,63.334598541259766,0.02380652353167534,0.9998740553855896,0.02380652353167534,0.9998740553855896,0.02380652353167534,0.9998740553855896,0.0,0.0,0.0,0.0
10.098015445,-1036.4505615234375,1179.7196044921875,-617.0,594.0,-51.762001037597656,63.334598541259766,0.02380652353167534,0.9998740553855896,0.02380652353167534,0.9998740553855896,0.02380652353167534,0.9998740553855896,0.0,0.0,0.0,0.0
10.118097542,-1036.4505615234375,1179.7196044921875,-617.0,594.0,-51.762001037597656,63.334598541259766,0.02380652353167534,0.9998740553855896,0.02380652353167534,0.9998740553855896,0.02380652353167534,0.9998740553855896,0.0,0.0,0.0,0.0
10.13795163,-1036.4505615234375,1179.7196044921875,-617.0,594.0,-51.762001037597656,63.334598541259766,0.02380652353167534,0.9998740553855896,0.02380652353167534,0.9998740553855896,0.02380652353167534,0.9998740553855896,0.0,0.0,0.0,0.0
10.158128579,-1036.4505615234375,1179.7196044921875,-611.0,594.0,-52.7859001159668,64.31089782714844,0.02380652353167534,0.9998740553855896,0.02380652353167534,0.9998740553855896,0.02380652353167534,0.9998740553855896,0.0,0.0,0.0,0.0
10.178043757,-1036.4505615234375,1179.7196044921875,-611.0,594.0,-52.7859001159668,64.31089782714844,0.02380652353167534,0.9998740553855896,0.02380652353167534,0.9998740553855896,0.02380652353167534,0.9998740553855896,0.0,0.0,0.0,0.0
10.198143552,-1036.4505615234375,1179.7196044921875,-611.0,594.0,-52.7859001159668,64.31089782714844,0.02380652353167534,0.9998740553855896,0.02380652353167534,0.9998740553855896,0.02380652353167534,0.9998740553855896,0.0,0.0,0.0,0.0
10.217969254,-1036.4505615234375,1179.7196044921875,-611.0,594.0,-52.7859001159668,64.31089782714844,0.02380652353167534,0.9998740553855896,0.02380652353167534,0.9998740553855896,0.02380652353167534,0.9998740553855896,0.0,0.0,0.0,0.0
10.237995189,-1036.4505615234375,1179.7196044921875,-611.0,594.0,-52.7859001159668,64.31089782714844,0.02380652353167534,0.9998740553855896,0.02380652353167534,0.9998740553855896,0.02380652353167534,0.9998740553855896,0.0,0.0,0.0,0.0
10.257956897,-1036.4505615234375,1179.7196044921875,-617.0,594.0,-53.80979919433594,65.31099700927734,0.02380652353167534,0.9998740553855896,0.02380652353167534,0.9998740553855896,0.02380652353167534,0.9998740553855896,0.0,0.0,0.0,0.0
10.278273117,-1022.0670776367188,1193.980224609375,-617.0,594.0,-53.80979919433594,65.31099700927734,0.02856624685227871,0.9998186230659485,0.02856624685227871,0.9998186230659485,0.02856624685227871,0.9998186230659485,0.0,0.0,0.0,0.0
10.29812586,-1022.0670776367188,1193.980224609375,-617.0,594.0,-53.80979919433594,65.31099700927734,0.02856624685227871,0.9998186230659485,0.02856624685227871,0.9998186230659485,0.02856624685227871,0.9998186230659485,0.0,0.0,0.0,0.0
10.318131123,-1022.0670776367188,1193.980224609375,-617.0,594.0,-53.80979919433594,65.31099700927734,0.02856624685227871,0.9998186230659485,0.02856624685227871,0.9998186230659485,0.02856624685227871,0.9998186230659485,0.0,0.0,0.0,0.0
10.33802422,-1022.0670776367188,1193.980224609375,-617.0,594.0,-53.80979919433594,65.31099700927734,0.02856624685227871,0.9998186230659485,0.02856624685227871,0.9998186230659485,0.02856624685227871,0.9998186230659485,0.0,0.0,0.0,0.0
10.358008809,-1022.0670776367188,1193.980224609375,-617.0,594.0,-54.83380126953125,66.28730010986328,0.02856624685227871,0.9998186230659485,0.02856624685227871,0.9998186230659485,0.02856624685227871,0.9998186230659485,0.0,0.0,0.0,0.0
10.378140349,-1022.0670776367188,1193.980224609375,-617.0,594.0,-54.83380126953125,66.28730010986328,0.02856624685227871,0.9998186230659485,0.02856624685227871,0.9998186230659485,0.02856624685227871,0.9998186230659485,0.0,0.0,0.0,0.0
10.397991428,-1022.0670776367188,1193.980224609375,-617.0,594.0,-54.83380126953125,66.28730010986328,0.02856624685227871,0.9998186230659485,0.02856624685227871,0.9998186230659485,0.02856624685227871,0.9998186230659485,0.0,0.0,0.0,0.0
10.417945456,-1022.0670776367188,1193.980224609375,-617.0,594.0,-54.83380126953125,66.28730010986328,0.02856624685227871,0.9998186230659485,0.02856624685227871,0.9998186230659485,0.02856624685227871,0.9998186230659485,0.0,0.0,0.0,0.0
10.437989728,-1022.0670776367188,1193.980224609375,-617.0,594.0,-54.83380126953125,66.28730010986328,0.02856624685227871,0.9998186230659485,0.02856624685227871,0.9998186230659485,0.02856624685227871,0.9998186230659485,0.0,0.0,0.0,0.0
10.458027568,-1022.0670776367188,1193.980224609375,-600.0,600.0,-55.810001373291016,67.31120300292969,0.02856624685227871,0.9998186230659485,0.02856624685227871,0.9998186230659485,0.02856624685227871,0.9998186230659485,0.0,0.0,0.0,0.0
10.478318026,-1022.0670776367188,1193.980224609375,-600.0,600.0,-55.810001373291016,67.31120300292969,0.02856624685227871,0.9998186230659485,0.02856624685227871,0.9998186230659485,0.02856624685227871,0.9998186230659485,0.0,0.0,0.0,0.0
10.498214387,-1022.0670776367188,1193.980224609375,-600.0,600.0,-55.810001373291016,67.31120300292969,0.02856624685227871,0.9998186230659485,0.02856624685227871,0.9998186230659485,0.02856624685227871,0.9998186230659485,0.0,0.0,0.0,0.0
10.518240258,-1022.0670776367188,1193.980224609375,-600.0,600.0,-55.810001373291016,67.31120300292969,0.02856624685227871,0.9998186230659485,0.02856624685227871,0.9998186230659485,0.02856624685227871,0.9998186230659485,0.0,0.0,0.0,0.0
10.537997254,-1022.0670776367188,1193.980224609375,-600.0,600.0,-55.810001373291016,67.31120300292969,0.02856624685227871,0.9998186230659485,0.02856624685227871,0.9998186230659485,0.02856624685227871,0.9998186230659485,0.0,0.0,0.0,0.0
10.557939698,-1022.0670776367188,1193.980224609375,-594.0,611.0,-56.81010055541992,68.33509826660156,0.02856624685227871,0.9998186230659485,0.02856624685227871,0.9998186230659485,0.02856624685227871,0.9998186230659485,0.0,0.0,0.0,0.0
10.577913438,-1022.0670776367188,1193.980224609375,-594.0,611.0,-56.81010055541992,68.33509826660156,0.02856624685227871,0.9998186230659485,0.02856624685227871,0.9998186230659485,0.02856624685227871,0.9998186230659485,0.0,0.0,0.0,0.0
10.598067923,-1022.0670776367188,1193.980224609375,-594.0,611.0,-56.81010055541992,68.33509826660156,0.02856624685227871,0.9998186230659485,0.02856624685227871,0.9998186230659485,0.02856624685227871,0.9998186230659485,0.0,0.0,0.0,0.0
10.618267241,-1022.0670776367188,1193.980224609375,-594.0,611.0,-56.81010055541992,68.33509826660156,0.02856624685227871,0.9998186230659485,0.02856624685227871,0.9998186230659485,0.02856624685227871,0.9998186230659485,0.0,0.0,0.0,0.0
10.63795985,-1022.0670776367188,1193.980224609375,-594.0,611.0,-56.81010055541992,68.33509826660156,0.02856624685227871,0.9998186230659485,0.02856624685227871,0.9998186230659485,0.02856624685227871,0.9998186230659485,0.0,0.0,0.0,0.0
10.657919062,-1022.0670776367188,1193.980224609375,-606.0,623.0,-57.83399963378906,69.38279724121094,0.02856624685227871,0.9998186230659485,0.02856624685227871,0.9998186230659485,0.02856624685227871,0.9998186230659485,0.0,0.0,0.0,0.0
10.677986311,-1022.0670776367188,1193.980224609375,-606.0,623.0,-57.83399963378906,69.38279724121094,0.02856624685227871,0.9998186230659485,0.02856624685227871,0.9998186230659485,0.02856624685227871,0.9998186230659485,0.0,0.0,0.0,0.0
10.698053592,-1022.0670776367188,1193.980224609375,-606.0,623.0,-57.83399963378906,69.38279724121094,0.02856624685227871,0.9998186230659485,0.02856624685227871,0.9998186230659485,0.02856624685227871,0.9998186230659485,0.0,0.0,0.0,0.0
10.71829896,-1022.0670776367188,1193.980224609375,-606.0,623.0,-57.83399963378906,69.38279724121094,0.02856624685227871,0.9998186230659485,0.02856624685227871,0.9998186230659485,0.02856624685227871,0.9998186230659485,0.0,0.0,0.0,0.0
10.738037875,-1022.0670776367188,1193.980224609375,-606.0,623.0,-57.83399963378906,69.38279724121094,0.02856624685227871,0.9998186230659485,0.02856624685227871,0.9998186230659485,0.02856624685227871,0.9998186230659485,0.0,0.0,0.0,0.0
10.757939709,-1022.0670776367188,1193.980224609375,-600.0,611.0,-58.810298919677734,70.38289642333984,0.02856624685227871,0.9998186230659485,0.02856624685227871,0.9998186230659485,0.02856624685227871,0.9998186230659485,0.0,0.0,0.0,0.0
10.778102898,-1022.0670776367188,1193.980224609375,-600.0,611.0,-58.810298919677734,70.38289642333984,0.02856624685227871,0.9998186230659485,0.02856624685227871,0.9998186230659485,0.02856624685227871,0.9998186230659485,0.0,0.0,0.0,0.0
10.798000891,-1022.0670776367188,1193.980224609375,-600.0,611.0,-58.810298919677734,70.38289642333984,0.02856624685227871,0.9998186230659485,0.02856624685227871,0.9998186230659485,0.02856624685227871,0.9998186230659485,0.0,0.0,0.0,0.0
10.818030666,-1022.0670776367188,1193.980224609375,-600.0,611.0,-58.810298919677734,70.38289642333984,0.02856624685227871,0.9998186230659485,0.02856624685227871,0.9998186230659485,0.02856624685227871,0.9998186230659485,0.0,0.0,0.0,0.0
10.838027256,-1022.0670776367188,1193.980224609375,-600.0,611.0,-58.810298919677734,70.38289642333984,0.02856624685227871,0.9998186230659485,0.02856624685227871,0.9998186230659485,0.02856624685227871,0.9998186230659485,0.0,0.0,0.0,0.0
10.858028774,-1022.0670776367188,1193.980224609375,-600.0,600.0,-59.786598205566406,71.38300323486328,0.02856624685227871,0.9998186230659485,0.02856624685227871,0.9998186230659485,0.02856624685227871,0.9998186230659485,0.0,0.0,0.0,0.0
10.877893966,-1022.0670776367188,1193.980224609375,-600.0,600.0,-59.786598205566406,71.38300323486328,0.02856624685227871,0.9998186230659485,0.02856624685227871,0.9998186230659485,0.02856624685227871,0.9998186230659485,0.0,0.0,0.0,0.0
10.898169736,-1022.0670776367188,1193.980224609375,-600.0,600.0,-59.786598205566406,71.38300323486328,0.02856624685227871,0.9998186230659485,0.02856624685227871,0.9998186230659485,0.02856624685227871,0.9998186230659485,0.0,0.0,0.0,0.0
10.918152797,-1022.0670776367188,1193.980224609375,-600.0,600.0,-59.786598205566406,71.38300323486328,0.02856624685227871,0.9998186230659485,0.02856624685227871,0.9998186230659485,0.02856624685227871,0.9998186230659485,0.0,0.0,0.0,0.0
10.938019175,-1022.0670776367188,1193.980224609375,-600.0,600.0,-59.786598205566406,71.38300323486328,0.02856624685227871,0.9998186230659485,0.02856624685227871,0.9998186230659485,0.02856624685227871,0.9998186230659485,0.0,0.0,0.0,0.0
10.957943892,-1022.0670776367188,1193.980224609375,-594.0,594.0,-60.78670120239258,72.35929870605469,0.02856624685227871,0.9998186230659485,0.02856624685227871,0.9998186230659485,0.02856624685227871,0.9998186230659485,0.0,0.0,0.0,0.0
10.977939556,-1022.0670776367188,1193.980224609375,-594.0,594.0,-60.78670120239258,72.35929870605469,0.02856624685227871,0.9998186230659485,0.02856624685227871,0.9998186230659485,0.02856624685227871,0.9998186230659485,0.0,0.0,0.0,0.0
10.997978518,-1022.0670776367188,1193.980224609375,-594.0,594.0,-60.78670120239258,72.35929870605469,0.02856624685227871,0.9998186230659485,0.02856624685227871,0.9998186230659485,0.02856624685227871,0.9998186230659485,0.0,0.0,0.0,0.0
11.017963333,-1022.0670776367188,1193.980224609375,-594.0,594.0,-60.78670120239258,72.35929870605469,0.02856624685227871,0.9998186230659485,0.02856624685227871,0.9998186230659485,0.02856624685227871,0.9998186230659485,0.0,0.0,0.0,0.0
11.037958645,-1022.0670776367188,1193.980224609375,-594.0,594.0,-60.78670120239258,72.35929870605469,0.02856624685227871,0.9998186230659485,0.02856624685227871,0.9998186230659485,0.02856624685227871,0.9998186230659485,0.0,0.0,0.0,0.0
11.058101419,-1022.0670776367188,1193.980224609375,-594.0,606.0,-61.76300048828125,73.3832015991211,0.02856624685227871,0.9998186230659485,0.02856624685227871,0.9998186230659485,0.02856624685227871,0.9998186230659485,0.0,0.0,0.0,0.0
11.078053945,-1022.0670776367188,1193.980224609375,-594.0,606.0,-61.76300048828125,73.3832015991211,0.02856624685227871,0.9998186230659485,0.02856624685227871,0.9998186230659485,0.02856624685227871,0.9998186230659485,0.0,0.0,0.0,0.0
11.098031016,-1022.0670776367188,1193.980224609375,-594.0,606.0,-61.76300048828125,73.3832015991211,0.02856624685227871,0.9998186230659485,0.02856624685227871,0.9998186230659485,0.02856624685227871,0.9998186230659485,0.0,0.0,0.0,0.0
11.118028152,-1022.0670776367188,1193.980224609375,-594.0,606.0,-61.76300048828125,73.3832015991211,0.02856624685227871,0.9998186230659485,0.02856624685227871,0.9998186230659485,0.02856624685227871,0.9998186230659485,0.0,0.0,0.0,0.0
11.137946501,-1022.0670776367188,1193.980224609375,-594.0,606.0,-61.76300048828125,73.3832015991211,0.02856624685227871,0.9998186230659485,0.02856624685227871,0.9998186230659485,0.02856624685227871,0.9998186230659485,0.0,0.0,0.0,0.0
11.157945173,-1022.0670776367188,1193.980224609375,-594.0,611.0,-62.763099670410156,74.40709686279297,0.02856624685227871,0.9998186230659485,0.02856624685227871,0.9998186230659485,0.02856624685227871,0.9998186230659485,0.0,0.0,0.0,0.0
11.177964518,-1022.0670776367188,1193.980224609375,-594.0,611.0,-62.763099670410156,74.40709686279297,0.02856624685227871,0.9998186230659485,0.02856624685227871,0.9998186230659485,0.02856624685227871,0.9998186230659485,0.0,0.0,0.0,0.0
11.198035449,-1022.0670776367188,1193.980224609375,-594.0,611.0,-62.763099670410156,74.40709686279297,0.02856624685227871,0.9998186230659485,0.02856624685227871,0.9998186230659485,0.02856624685227871,0.9998186230659485,0.0,0.0,0.0,0.0
11.217974887,-1022.0670776367188,1193.980224609375,-594.0,611.0,-62.763099670410156,74.40709686279297,0.02856624685227871,0.9998186230659485,0.02856624685227871,0.9998186230659485,0.02856624685227871,0.9998186230659485,0.0,0.0,0.0,0.0
11.237597383,-1022.3402709960938,1193.709716796875,-594.0,611.0,-62.763099670410156,74.40709686279297,0.02847587876021862,0.999819815158844,0.02847587876021862,0.999819815158844,0.02847587876021862,0.999819815158844,0.0,0.0,0.0,0.0
11.257905092,-1022.3402709960938,1193.709716796875,-594.0,611.0,-63.73939895629883,75.4072036743164,0.02847587876021862,0.999819815158844,0.02847587876021862,0.999819815158844,0.02847587876021862,0.999819815158844,0.0,0.0,0.0,0.0
11.277887219,-1022.3402709960938,1193.709716796875,-594.0,611.0,-63.73939895629883,75.4072036743164,0.02847587876021862,0.999819815158844,0.02847587876021862,0.999819815158844,0.02847587876021862,0.999819815158844,0.0,0.0,0.0,0.0
11.298080555,-1022.3402709960938,1193.709716796875,-594.0,611.0,-63.73939895629883,75.4072036743164,0.02847587876021862,0.999819815158844,0.02847587876021862,0.999819815158844,0.02847587876021862,0.999819815158844,0.0,0.0,0.0,0.0
11.31798796,-1022.3402709960938,1193.709716796875,-594.0,611.0,-63.73939895629883,75.4072036743164,0.02847587876021862,0.999819815158844,0.02847587876021862,0.999819815158844,0.02847587876021862,0.999819815158844,0.0,0.0,0.0,0.0
11.338137902,-1022.3402709960938,1193.709716796875,-594.0,611.0,-63.73939895629883,75.4072036743164,0.02847587876021862,0.999819815158844,0.02847587876021862,0.999819815158844,0.02847587876021862,0.999819815158844,0.0,0.0,0.0,0.0
11.357945718,-1022.3402709960938,1193.709716796875,-583.0,594.0,-64.69190216064453,76.35970306396484,0.02847587876021862,0.999819815158844,0.02847587876021862,0.999819815158844,0.02847587876021862,0.999819815158844,0.0,0.0,0.0,0.0
11.377907524,-1022.3402709960938,1193.709716796875,-583.0,594.0,-64.69190216064453,76.35970306396484,0.02847587876021862,0.999819815158844,0.02847587876021862,0.999819815158844,0.02847587876021862,0.999819815158844,0.0,0.0,0.0,0.0
11.398063835,-1022.3402709960938,1193.709716796875,-583.0,594.0,-64.69190216064453,76.35970306396484,0.02847587876021862,0.999819815158844,0.02847587876021862,0.999819815158844,0.02847587876021862,0.999819815158844,0.0,0.0,0.0,0.0
11.418056331,-1022.3402709960938,1193.709716796875,-583.0,594.0,-64.69190216064453,76.35970306396484,0.02847587876021862,0.999819815158844,0.02847587876021862,0.999819815158844,0.02847587876021862,0.999819815158844,0.0,0.0,0.0,0.0
11.438033466,-1022.3402709960938,1193.709716796875,-583.0,594.0,-64.69190216064453,76.35970306396484,0.02847587876021862,0.999819815158844,0.02847587876021862,0.999819815158844,0.02847587876021862,0.999819815158844,0.0,0.0,0.0,0.0
11.457966535,-1022.3402709960938,1193.709716796875,-583.0,566.0,-65.69200134277344,77.28829956054688,0.02847587876021862,0.999819815158844,0.02847587876021862,0.999819815158844,0.02847587876021862,0.999819815158844,0.0,0.0,0.0,0.0
11.477907509,-1022.3402709960938,1193.709716796875,-583.0,566.0,-65.69200134277344,77.28829956054688,0.02847587876021862,0.999819815158844,0.02847587876021862,0.999819815158844,0.02847587876021862,0.999819815158844,0.0,0.0,0.0,0.0
11.498054987,-1022.3402709960938,1193.709716796875,-583.0,566.0,-65.69200134277344,77.28829956054688,0.02847587876021862,0.999819815158844,0.02847587876021862,0.999819815158844,0.02847587876021862,0.999819815158844,0.0,0.0,0.0,0.0
11.518028538,-1022.3402709960938,1193.709716796875,-583.0,566.0,-65.69200134277344,77.28829956054688,0.02847587876021862,0.999819815158844,0.02847587876021862,0.999819815158844,0.02847587876021862,0.999819815158844,0.0,0.0,0.0,0.0
11.53813387,-1022.3402709960938,1193.709716796875,-583.0,566.0,-65.69200134277344,77.28829956054688,0.02847587876021862,0.999819815158844,0.02847587876021862,0.999819815158844,0.02847587876021862,0.999819815158844,0.0,0.0,0.0,0.0
11.558051259,-1022.3402709960938,1193.709716796875,-594.0,554.0,-66.69210052490234,78.21700286865234,0.02847587876021862,0.999819815158844,0.02847587876021862,0.999819815158844,0.02847587876021862,0.999819815158844,0.0,0.0,0.0,0.0
11.578039755,-1022.3402709960938,1193.709716796875,-594.0,554.0,-66.69210052490234,78.21700286865234,0.02847587876021862,0.999819815158844,0.02847587876021862,0.999819815158844,0.02847587876021862,0.999819815158844,0.0,0.0,0.0,0.0
11.598086301,-1022.3402709960938,1193.709716796875,-594.0,554.0,-66.69210052490234,78.21700286865234,0.02847587876021862,0.999819815158844,0.02847587876021862,0.999819815158844,0.02847587876021862,0.999819815158844,0.0,0.0,0.0,0.0
11.618038859,-1022.3402709960938,1193.709716796875,-594.0,554.0,-66.69210052490234,78.21700286865234,0.02847587876021862,0.999819815158844,0.02847587876021862,0.999819815158844,0.02847587876021862,0.999819815158844,0.0,0.0,0.0,0.0
11.638012378,-1022.3402709960938,1193.709716796875,-594.0,554.0,-66.69210052490234,78.21700286865234,0.02847587876021862,0.999819815158844,0.02847587876021862,0.999819815158844,0.02847587876021862,0.999819815158844,0.0,0.0,0.0,0.0
11.65795972,-1022.3402709960938,1193.709716796875,-600.0,566.0,-67.69219970703125,79.19329833984375,0.02847587876021862,0.999819815158844,0.02847587876021862,0.999819815158844,0.02847587876021862,0.999819815158844,0.0,0.0,0.0,0.0
11.678252196,-1022.3402709960938,1193.709716796875,-600.0,566.0,-67.69219970703125,79.19329833984375,0.02847587876021862,0.999819815158844,0.02847587876021862,0.999819815158844,0.02847587876021862,0.999819815158844,0.0,0.0,0.0,0.0
11.697998826,-1022.3402709960938,1193.709716796875,-600.0,566.0,-67.69219970703125,79.19329833984375,0.02847587876021862,0.999819815158844,0.02847587876021862,0.999819815158844,0.02847587876021862,0.999819815158844,0.0,0.0,0.0,0.0
11.717948024,-1022.3402709960938,1193.709716796875,-600.0,566.0,-67.69219970703125,79.19329833984375,0.02847587876021862,0.999819815158844,0.02847587876021862,0.999819815158844,0.02847587876021862,0.999819815158844,0.0,0.0,0.0,0.0
11.737942119,-1022.3402709960938,1193.709716796875,-600.0,566.0,-67.69219970703125,79.19329833984375,0.02847587876021862,0.999819815158844,0.02847587876021862,0.999819815158844,0.02847587876021862,0.999819815158844,0.0,0.0,0.0,0.0
11.758035387,-1022.3402709960938,1193.709716796875,-583.0,583.0,-68.57319641113281,80.19339752197266,0.02847587876021862,0.999819815158844,0.02847587876021862,0.999819815158844,0.02847587876021862,0.999819815158844,0.0,0.0,0.0,0.0
11.777930247,-1022.3402709960938,1193.709716796875,-583.0,583.0,-68.57319641113281,80.19339752197266,0.02847587876021862,0.999819815158844,0.02847587876021862,0.999819815158844,0.02847587876021862,0.999819815158844,0.0,0.0,0.0,0.0
11.797964953,-1022.6117553710938,1193.4407958984375,-583.0,583.0,-68.57319641113281,80.19339752197266,0.028386082500219345,0.9998209476470947,0.028386082500219345,0.9998209476470947,0.028386082500219345,0.9998209476470947,0.0,0.0,0.0,0.0
11.817959656,-1022.6117553710938,1193.4407958984375,-583.0,583.0,-68.57319641113281,80.19339752197266,0.028386082500219345,0.9998209476470947,0.028386082500219345,0.9998209476470947,0.028386082500219345,0.9998209476470947,0.0,0.0,0.0,0.0
11.838732664,-1022.6117553710938,1193.4407958984375,-583.0,583.0,-68.57319641113281,80.19339752197266,0.028386082500219345,0.9998209476470947,0.028386082500219345,0.9998209476470947,0.028386082500219345,0.9998209476470947,0.0,0.0,0.0,0.0
11.858120943,-1022.6117553710938,1193.4407958984375,-554.0,583.0,-69.52570343017578,81.12200164794922,0.028386082500219345,0.9998209476470947,0.028386082500219345,0.9998209476470947,0.028386082500219345,0.9998209476470947,0.0,0.0,0.0,0.0
11.878136128,-1022.6117553710938,1193.4407958984375,-554.0,583.0,-69.52570343017578,81.12200164794922,0.028386082500219345,0.9998209476470947,0.028386082500219345,0.9998209476470947,0.028386082500219345,0.9998209476470947,0.0,0.0,0.0,0.0
11.898136208,-1022.6117553710938,1193.4407958984375,-554.0,583.0,-69.52570343017578,81.12200164794922,0.028386082500219345,0.9998209476470947,0.028386082500219345,0.9998209476470947,0.028386082500219345,0.9998209476470947,0.0,0.0,0.0,0.0
11.918139016,-1022.6117553710938,1193.4407958984375,-554.0,583.0,-69.52570343017578,81.12200164794922,0.028386082500219345,0.9998209476470947,0.028386082500219345,0.9998209476470947,0.028386082500219345,0.9998209476470947,0.0,0.0,0.0,0.0
11.938013301,-1022.6117553710938,1193.4407958984375,-554.0,583.0,-69.52570343017578,81.12200164794922,0.028386082500219345,0.9998209476470947,0.028386082500219345,0.9998209476470947,0.028386082500219345,0.9998209476470947,0.0,0.0,0.0,0.0
11.957939653,-1022.6117553710938,1193.4407958984375,-554.0,583.0,-69.52570343017578,81.12200164794922,0.028386082500219345,0.9998209476470947,0.028386082500219345,0.9998209476470947,0.028386082500219345,0.9998209476470947,0.0,0.0,0.0,0.0
11.977965304,-1022.6117553710938,1193.4407958984375,-560.0,623.0,-70.54959869384766,82.28880310058594,0.028386082500219345,0.9998209476470947,0.028386082500219345,0.9998209476470947,0.028386082500219345,0.9998209476470947,0.0,0.0,0.0,0.0
11.998038542,-1022.6117553710938,1193.4407958984375,-560.0,623.0,-70.54959869384766,82.28880310058594,0.028386082500219345,0.9998209476470947,0.028386082500219345,0.9998209476470947,0.028386082500219345,0.9998209476470947,0.0,0.0,0.0,0.0
12.017969277,-1022.6117553710938,1193.4407958984375,-560.0,623.0,-70.54959869384766,82.28880310058594,0.028386082500219345,0.9998209476470947,0.028386082500219345,0.9998209476470947,0.028386082500219345,0.9998209476470947,0.0,0.0,0.0,0.0
12.038046035,-1022.6117553710938,1193.4407958984375,-560.0,623.0,-70.54959869384766,82.28880310058594,0.028386082500219345,0.9998209476470947,0.028386082500219345,0.9998209476470947,0.028386082500219345,0.9998209476470947,0.0,0.0,0.0,0.0
12.058006404,-1022.6117553710938,1193.4407958984375,-560.0,623.0,-70.54959869384766,82.28880310058594,0.028386082500219345,0.9998209476470947,0.028386082500219345,0.9998209476470947,0.028386082500219345,0.9998209476470947,0.0,0.0,0.0,0.0
12.078011799,-1022.6117553710938,1193.4407958984375,-651.0,629.0,-71.69249725341797,83.28890228271484,0.028386082500219345,0.9998209476470947,0.028386082500219345,0.9998209476470947,0.028386082500219345,0.9998209476470947,0.0,0.0,0.0,0.0
12.098000361,-1022.6117553710938,1193.4407958984375,-651.0,629.0,-71.69249725341797,83.28890228271484,0.028386082500219345,0.9998209476470947,0.028386082500219345,0.9998209476470947,0.028386082500219345,0.9998209476470947,0.0,0.0,0.0,0.0
12.118014428,-1022.6117553710938,1193.4407958984375,-651.0,629.0,-71.69249725341797,83.28890228271484,0.028386082500219345,0.9998209476470947,0.028386082500219345,0.9998209476470947,0.028386082500219345,0.9998209476470947,0.0,0.0,0.0,0.0
12.137951692,-1022.6117553710938,1193.4407958984375,-651.0,629.0,-71.69249725341797,83.28890228271484,0.028386082500219345,0.9998209476470947,0.028386082500219345,0.9998209476470947,0.028386082500219345,0.9998209476470947,0.0,0.0,0.0,0.0
12.158115365,-1022.6117553710938,1193.4407958984375,-651.0,629.0,-71.69249725341797,83.28890228271484,0.028386082500219345,0.9998209476470947,0.028386082500219345,0.9998209476470947,0.028386082500219345,0.9998209476470947,0.0,0.0,0.0,0.0
12.178114743,-1022.6117553710938,1193.4407958984375,-617.0,623.0,-72.57360076904297,84.21759796142578,0.028386082500219345,0.9998209476470947,0.028386082500219345,0.9998209476470947,0.028386082500219345,0.9998209476470947,0.0,0.0,0.0,0.0
12.19813873,-1022.6117553710938,1193.4407958984375,-617.0,623.0,-72.57360076904297,84.21759796142578,0.028386082500219345,0.9998209476470947,0.028386082500219345,0.9998209476470947,0.028386082500219345,0.9998209476470947,0.0,0.0,0.0,0.0
12.218133277,-1022.6117553710938,1193.4407958984375,-617.0,623.0,-72.57360076904297,84.21759796142578,0.028386082500219345,0.9998209476470947,0.028386082500219345,0.9998209476470947,0.028386082500219345,0.9998209476470947,0.0,0.0,0.0,0.0
12.238198322,-1022.6117553710938,1193.4407958984375,-617.0,623.0,-72.57360076904297,84.21759796142578,0.028386082500219345,0.9998209476470947,0.028386082500219345,0.9998209476470947,0.028386082500219345,0.9998209476470947,0.0,0.0,0.0,0.0
12.258056543,-1022.6117553710938,1193.4407958984375,-617.0,623.0,-72.57360076904297,84.21759796142578,0.028386082500219345,0.9998209476470947,0.028386082500219345,0.9998209476470947,0.028386082500219345,0.9998209476470947,0.0,0.0,0.0,0.0
12.277999471,-1022.6117553710938,1193.4407958984375,-571.0,589.0,-73.5261001586914,85.21769714355469,0.028386082500219345,0.9998209476470947,0.028386082500219345,0.9998209476470947,0.028386082500219345,0.9998209476470947,0.0,0.0,0.0,0.0
12.298022818,-1022.6117553710938,1193.4407958984375,-571.0,589.0,-73.5261001586914,85.21769714355469,0.028386082500219345,0.9998209476470947,0.028386082500219345,0.9998209476470947,0.028386082500219345,0.9998209476470947,0.0,0.0,0.0,0.0
12.318025621,-1022.6117553710938,1193.4407958984375,-571.0,589.0,-73.5261001586914,85.21769714355469,0.028386082500219345,0.9998209476470947,0.028386082500219345,0.9998209476470947,0.028386082500219345,0.9998209476470947,0.0,0.0,0.0,0.0
12.337983302,-1022.6117553710938,1193.4407958984375,-571.0,589.0,-73.5261001586914,85.21769714355469,0.028386082500219345,0.9998209476470947,0.028386082500219345,0.9998209476470947,0.028386082500219345,0.9998209476470947,0.0,0.0,0.0,0.0
12.3580711,-1022.6117553710938,1193.4407958984375,-571.0,589.0,-73.5261001586914,85.21769714355469,0.028386082500219345,0.9998209476470947,0.028386082500219345,0.9998209476470947,0.028386082500219345,0.9998209476470947,0.0,0.0,0.0,0.0
12.37802414,-1022.6117553710938,1193.4407958984375,-589.0,606.0,-74.62139892578125,86.2654037475586,0.028386082500219345,0.9998209476470947,0.028386082500219345,0.9998209476470947,0.028386082500219345,0.9998209476470947,0.0,0.0,0.0,0.0
12.398041599,-1022.6117553710938,1193.4407958984375,-589.0,606.0,-74.62139892578125,86.2654037475586,0.028386082500219345,0.9998209476470947,0.028386082500219345,0.9998209476470947,0.028386082500219345,0.9998209476470947,0.0,0.0,0.0,0.0
12.418206136,-1022.6117553710938,1193.4407958984375,-589.0,606.0,-74.62139892578125,86.2654037475586,0.028386082500219345,0.9998209476470947,0.028386082500219345,0.9998209476470947,0.028386082500219345,0.9998209476470947,0.0,0.0,0.0,0.0
12.438047716,-1022.6117553710938,1193.4407958984375,-589.0,606.0,-74.62139892578125,86.2654037475586,0.028386082500219345,0.9998209476470947,0.028386082500219345,0.9998209476470947,0.028386082500219345,0.9998209476470947,0.0,0.0,0.0,0.0
12.458051607,-1022.6117553710938,1193.4407958984375,-589.0,606.0,-74.62139892578125,86.2654037475586,0.028386082500219345,0.9998209476470947,0.028386082500219345,0.9998209476470947,0.028386082500219345,0.9998209476470947,0.0,0.0,0.0,0.0
12.477930277,-1022.6117553710938,1193.4407958984375,-617.0,629.0,-75.64530181884766,87.33689880371094,0.028386082500219345,0.9998209476470947,0.028386082500219345,0.9998209476470947,0.028386082500219345,0.9998209476470947,0.0,0.0,0.0,0.0
12.497972697,-1022.6117553710938,1193.4407958984375,-617.0,629.0,-75.64530181884766,87.33689880371094,0.028386082500219345,0.9998209476470947,0.028386082500219345,0.9998209476470947,0.028386082500219345,0.9998209476470947,0.0,0.0,0.0,0.0
12.517984012,-1022.6117553710938,1193.4407958984375,-617.0,629.0,-75.64530181884766,87.33689880371094,0.028386082500219345,0.9998209476470947,0.028386082500219345,0.9998209476470947,0.028386082500219345,0.9998209476470947,0.0,0.0,0.0,0.0
12.537987294,-1022.6117553710938,1193.4407958984375,-617.0,629.0,-75.64530181884766,87.33689880371094,0.028386082500219345,0.9998209476470947,0.028386082500219345,0.9998209476470947,0.028386082500219345,0.9998209476470947,0.0,0.0,0.0,0.0
12.557995249,-1022.6117553710938,1193.4407958984375,-617.0,629.0,-75.64530181884766,87.33689880371094,0.028386082500219345,0.9998209476470947,0.028386082500219345,0.9998209476470947,0.028386082500219345,0.9998209476470947,0.0,0.0,0.0,0.0
12.57795677,-1022.6117553710938,1193.4407958984375,-611.0,623.0,-76.62159729003906,88.33699798583984,0.028386082500219345,0.9998209476470947,0.028386082500219345,0.9998209476470947,0.028386082500219345,0.9998209476470947,0.0,0.0,0.0,0.0
12.598354756,-1022.6117553710938,1193.4407958984375,-611.0,623.0,-76.62159729003906,88.33699798583984,0.028386082500219345,0.9998209476470947,0.028386082500219345,0.9998209476470947,0.028386082500219345,0.9998209476470947,0.0,0.0,0.0,0.0
12.618001545,-1022.6117553710938,1193.4407958984375,-611.0,623.0,-76.62159729003906,88.33699798583984,0.028386082500219345,0.9998209476470947,0.028386082500219345,0.9998209476470947,0.028386082500219345,0.9998209476470947,0.0,0.0,0.0,0.0
12.637959162,-1022.6117553710938,1193.4407958984375,-611.0,623.0,-76.62159729003906,88.33699798583984,0.028386082500219345,0.9998209476470947,0.028386082500219345,0.9998209476470947,0.028386082500219345,0.9998209476470947,0.0,0.0,0.0,0.0
12.65799691,-1022.6117553710938,1193.4407958984375,-611.0,623.0,-76.62159729003906,88.33699798583984,0.028386082500219345,0.9998209476470947,0.028386082500219345,0.9998209476470947,0.028386082500219345,0.9998209476470947,0.0,0.0,0.0,0.0
12.677943454,-1022.6117553710938,1193.4407958984375,-594.0,606.0,-77.62169647216797,89.28949737548828,0.028386082500219345,0.9998209476470947,0.028386082500219345,0.9998209476470947,0.028386082500219345,0.9998209476470947,0.0,0.0,0.0,0.0
12.697951121,-1022.6117553710938,1193.4407958984375,-594.0,606.0,-77.62169647216797,89.28949737548828,0.028386082500219345,0.9998209476470947,0.028386082500219345,0.9998209476470947,0.028386082500219345,0.9998209476470947,0.0,0.0,0.0,0.0
12.718028006,-1022.6117553710938,1193.4407958984375,-594.0,606.0,-77.62169647216797,89.28949737548828,0.028386082500219345,0.9998209476470947,0.028386082500219345,0.9998209476470947,0.028386082500219345,0.9998209476470947,0.0,0.0,0.0,0.0
12.738002552,-1022.6117553710938,1193.4407958984375,-594.0,606.0,-77.62169647216797,89.28949737548828,0.028386082500219345,0.9998209476470947,0.028386082500219345,0.9998209476470947,0.028386082500219345,0.9998209476470947,0.0,0.0,0.0,0.0
12.757997002,-1022.6117553710938,1193.4407958984375,-594.0,606.0,-77.62169647216797,89.28949737548828,0.028386082500219345,0.9998209476470947,0.028386082500219345,0.9998209476470947,0.028386082500219345,0.9998209476470947,0.0,0.0,0.0,0.0
12.777914617,-1022.6117553710938,1193.4407958984375,-600.0,589.0,-78.64559936523438,90.28959655761719,0.028386082500219345,0.9998209476470947,0.028386082500219345,0.9998209476470947,0.028386082500219345,0.9998209476470947,0.0,0.0,0.0,0.0
12.79798139,-1022.6117553710938,1193.4407958984375,-600.0,589.0,-78.64559936523438,90.28959655761719,0.028386082500219345,0.9998209476470947,0.028386082500219345,0.9998209476470947,0.028386082500219345,0.9998209476470947,0.0,0.0,0.0,0.0
12.818064548,-1022.6117553710938,1193.4407958984375,-600.0,589.0,-78.64559936523438,90.28959655761719,0.028386082500219345,0.9998209476470947,0.028386082500219345,0.9998209476470947,0.028386082500219345,0.9998209476470947,0.0,0.0,0.0,0.0
12.838016341,-1022.6117553710938,1193.4407958984375,-600.0,589.0,-78.64559936523438,90.28959655761719,0.028386082500219345,0.9998209476470947,0.028386082500219345,0.9998209476470947,0.028386082500219345,0.9998209476470947,0.0,0.0,0.0,0.0
12.857941092,-1022.6117553710938,1193.4407958984375,-600.0,589.0,-78.64559936523438,90.28959655761719,0.028386082500219345,0.9998209476470947,0.028386082500219345,0.9998209476470947,0.028386082500219345,0.9998209476470947,0.0,0.0,0.0,0.0
12.877959959,-1022.6117553710938,1193.4407958984375,-611.0,594.0,-79.66950225830078,91.28959655761719,0.028386082500219345,0.9998209476470947,0.028386082500219345,0.9998209476470947,0.028386082500219345,0.9998209476470947,0.0,0.0,0.0,0.0
12.897945833,-1022.6117553710938,1193.4407958984375,-611.0,594.0,-79.66950225830078,91.28959655761719,0.028386082500219345,0.9998209476470947,0.028386082500219345,0.9998209476470947,0.028386082500219345,0.9998209476470947,0.0,0.0,0.0,0.0
12.917981253,-1022.6117553710938,1193.4407958984375,-611.0,594.0,-79.66950225830078,91.28959655761719,0.028386082500219345,0.9998209476470947,0.028386082500219345,0.9998209476470947,0.028386082500219345,0.9998209476470947,0.0,0.0,0.0,0.0
12.938020444,-1022.6117553710938,1193.4407958984375,-611.0,594.0,-79.66950225830078,91.28959655761719,0.028386082500219345,0.9998209476470947,0.028386082500219345,0.9998209476470947,0.028386082500219345,0.9998209476470947,0.0,0.0,0.0,0.0
12.957950158,-1022.6117553710938,1193.4407958984375,-611.0,594.0,-79.66950225830078,91.28959655761719,0.028386082500219345,0.9998209476470947,0.028386082500219345,0.9998209476470947,0.028386082500219345,0.9998209476470947,0.0,0.0,0.0,0.0
12.977901986,-1022.6117553710938,1193.4407958984375,-606.0,606.0,-80.66960144042969,92.28949737548828,0.028386082500219345,0.9998209476470947,0.028386082500219345,0.9998209476470947,0.028386082500219345,0.9998209476470947,0.0,0.0,0.0,0.0
12.998698741,-1022.6117553710938,1193.4407958984375,-606.0,606.0,-80.66960144042969,92.28949737548828,0.028386082500219345,0.9998209476470947,0.028386082500219345,0.9998209476470947,0.028386082500219345,0.9998209476470947,0.0,0.0,0.0,0.0
13.017898444,-1022.6117553710938,1193.4407958984375,-606.0,606.0,-80.66960144042969,92.28949737548828,0.028386082500219345,0.9998209476470947,0.028386082500219345,0.9998209476470947,0.028386082500219345,0.9998209476470947,0.0,0.0,0.0,0.0
13.037952899,-1022.6117553710938,1193.4407958984375,-606.0,606.0,-80.66960144042969,92.28949737548828,0.028386082500219345,0.9998209476470947,0.028386082500219345,0.9998209476470947,0.028386082500219345,0.9998209476470947,0.0,0.0,0.0,0.0
13.058015642,-1022.6117553710938,1193.4407958984375,-606.0,606.0,-80.66960144042969,92.28949737548828,0.028386082500219345,0.9998209476470947,0.028386082500219345,0.9998209476470947,0.028386082500219345,0.9998209476470947,0.0,0.0,0.0,0.0
13.077962829,-1022.6117553710938,1193.4407958984375,-611.0,611.0,-81.69349670410156,93.31320190429688,0.028386082500219345,0.9998209476470947,0.028386082500219345,0.9998209476470947,0.028386082500219345,0.9998209476470947,0.0,0.0,0.0,0.0
13.098033605,-1022.6117553710938,1193.4407958984375,-611.0,611.0,-81.69349670410156,93.31320190429688,0.028386082500219345,0.9998209476470947,0.028386082500219345,0.9998209476470947,0.028386082500219345,0.9998209476470947,0.0,0.0,0.0,0.0
13.117979384,-1022.6117553710938,1193.4407958984375,-611.0,611.0,-81.69349670410156,93.31320190429688,0.028386082500219345,0.9998209476470947,0.028386082500219345,0.9998209476470947,0.028386082500219345,0.9998209476470947,0.0,0.0,0.0,0.0
13.137978413,-1022.6117553710938,1193.4407958984375,-611.0,611.0,-81.69349670410156,93.31320190429688,0.028386082500219345,0.9998209476470947,0.028386082500219345,0.9998209476470947,0.028386082500219345,0.9998209476470947,0.0,0.0,0.0,0.0
13.157991715,-1022.6117553710938,1193.4407958984375,-611.0,611.0,-81.69349670410156,93.31320190429688,0.028386082500219345,0.9998209476470947,0.028386082500219345,0.9998209476470947,0.028386082500219345,0.9998209476470947,0.0,0.0,0.0,0.0
13.177972279,-1022.6117553710938,1193.4407958984375,-600.0,600.0,-82.6697998046875,94.28919982910156,0.028386082500219345,0.9998209476470947,0.028386082500219345,0.9998209476470947,0.028386082500219345,0.9998209476470947,0.0,0.0,0.0,0.0
13.19796686,-1022.6117553710938,1193.4407958984375,-600.0,600.0,-82.6697998046875,94.28919982910156,0.028386082500219345,0.9998209476470947,0.028386082500219345,0.9998209476470947,0.028386082500219345,0.9998209476470947,0.0,0.0,0.0,0.0
13.218037828,-1022.6117553710938,1193.4407958984375,-600.0,600.0,-82.6697998046875,94.28919982910156,0.028386082500219345,0.9998209476470947,0.028386082500219345,0.9998209476470947,0.028386082500219345,0.9998209476470947,0.0,0.0,0.0,0.0
13.237986391,-1022.6117553710938,1193.4407958984375,-600.0,600.0,-82.6697998046875,94.28919982910156,0.028386082500219345,0.9998209476470947,0.028386082500219345,0.9998209476470947,0.028386082500219345,0.9998209476470947,0.0,0.0,0.0,0.0
13.25813317,-1022.6117553710938,1193.4407958984375,-600.0,600.0,-82.6697998046875,94.28919982910156,0.028386082500219345,0.9998209476470947,0.028386082500219345,0.9998209476470947,0.028386082500219345,0.9998209476470947,0.0,0.0,0.0,0.0
13.278027267,-1022.6117553710938,1193.4407958984375,-594.0,583.0,-83.6698989868164,95.26529693603516,0.028386082500219345,0.9998209476470947,0.028386082500219345,0.9998209476470947,0.028386082500219345,0.9998209476470947,0.0,0.0,0.0,0.0
13.298011575,-1022.6117553710938,1193.4407958984375,-594.0,583.0,-83.6698989868164,95.26529693603516,0.028386082500219345,0.9998209476470947,0.028386082500219345,0.9998209476470947,0.028386082500219345,0.9998209476470947,0.0,0.0,0.0,0.0
13.318070895,-1022.6117553710938,1193.4407958984375,-594.0,583.0,-83.6698989868164,95.26529693603516,0.028386082500219345,0.9998209476470947,0.028386082500219345,0.9998209476470947,0.028386082500219345,0.9998209476470947,0.0,0.0,0.0,0.0
13.337944063,-1022.6117553710938,1193.4407958984375,-594.0,583.0,-83.6698989868164,95.26529693603516,0.028386082500219345,0.9998209476470947,0.028386082500219345,0.9998209476470947,0.028386082500219345,0.9998209476470947,0.0,0.0,0.0,0.0
13.357994966,-1022.6117553710938,1193.4407958984375,-594.0,583.0,-83.6698989868164,95.26529693603516,0.028386082500219345,0.9998209476470947,0.028386082500219345,0.9998209476470947,0.028386082500219345,0.9998209476470947,0.0,0.0,0.0,0.0
13.377939913,-1022.6117553710938,1193.4407958984375,-600.0,583.0,-84.74140167236328,96.21759796142578,0.028386082500219345,0.9998209476470947,0.028386082500219345,0.9998209476470947,0.028386082500219345,0.9998209476470947,0.0,0.0,0.0,0.0
13.398023329,-1022.6117553710938,1193.4407958984375,-600.0,583.0,-84.74140167236328,96.21759796142578,0.028386082500219345,0.9998209476470947,0.028386082500219345,0.9998209476470947,0.028386082500219345,0.9998209476470947,0.0,0.0,0.0,0.0
13.417999061,-1022.6117553710938,1193.4407958984375,-600.0,583.0,-84.74140167236328,96.21759796142578,0.028386082500219345,0.9998209476470947,0.028386082500219345,0.9998209476470947,0.028386082500219345,0.9998209476470947,0.0,0.0,0.0,0.0
13.437944776,-1022.6117553710938,1193.4407958984375,-600.0,583.0,-84.74140167236328,96.21759796142578,0.028386082500219345,0.9998209476470947,0.028386082500219345,0.9998209476470947,0.028386082500219345,0.9998209476470947,0.0,0.0,0.0,0.0
13.457992927,-1022.6117553710938,1193.4407958984375,-600.0,583.0,-84.74140167236328,96.21759796142578,0.028386082500219345,0.9998209476470947,0.028386082500219345,0.9998209476470947,0.028386082500219345,0.9998209476470947,0.0,0.0,0.0,0.0
13.477909457,-1022.6117553710938,1193.4407958984375,-623.0,583.0,-85.74150085449219,97.21739959716797,0.028386082500219345,0.9998209476470947,0.028386082500219345,0.9998209476470947,0.028386082500219345,0.9998209476470947,0.0,0.0,0.0,0.0
13.498052876,-1022.6117553710938,1193.4407958984375,-623.0,583.0,-85.74150085449219,97.21739959716797,0.028386082500219345,0.9998209476470947,0.028386082500219345,0.9998209476470947,0.028386082500219345,0.9998209476470947,0.0,0.0,0.0,0.0
13.518062433,-1022.6117553710938,1193.4407958984375,-623.0,583.0,-85.74150085449219,97.21739959716797,0.028386082500219345,0.9998209476470947,0.028386082500219345,0.9998209476470947,0.028386082500219345,0.9998209476470947,0.0,0.0,0.0,0.0
13.537946258,-1022.6117553710938,1193.4407958984375,-623.0,583.0,-85.74150085449219,97.21739959716797,0.028386082500219345,0.9998209476470947,0.028386082500219345,0.9998209476470947,0.028386082500219345,0.9998209476470947,0.0,0.0,0.0,0.0
13.55802289,-1022.6117553710938,1193.4407958984375,-623.0,583.0,-85.74150085449219,97.21739959716797,0.028386082500219345,0.9998209476470947,0.028386082500219345,0.9998209476470947,0.028386082500219345,0.9998209476470947,0.0,0.0,0.0,0.0
13.577981662,-1022.6117553710938,1193.4407958984375,-600.0,589.0,-86.69400024414062,98.21730041503906,0.028386082500219345,0.9998209476470947,0.028386082500219345,0.9998209476470947,0.028386082500219345,0.9998209476470947,0.0,0.0,0.0,0.0
13.597984627,-1022.6117553710938,1193.4407958984375,-600.0,589.0,-86.69400024414062,98.21730041503906,0.028386082500219345,0.9998209476470947,0.028386082500219345,0.9998209476470947,0.028386082500219345,0.9998209476470947,0.0,0.0,0.0,0.0
13.618010121,-1022.6117553710938,1193.4407958984375,-600.0,589.0,-86.69400024414062,98.21730041503906,0.028386082500219345,0.9998209476470947,0.028386082500219345,0.9998209476470947,0.028386082500219345,0.9998209476470947,0.0,0.0,0.0,0.0
13.637978429,-1022.6117553710938,1193.4407958984375,-600.0,589.0,-86.69400024414062,98.21730041503906,0.028386082500219345,0.9998209476470947,0.028386082500219345,0.9998209476470947,0.028386082500219345,0.9998209476470947,0.0,0.0,0.0,0.0
13.657936464,-1022.6117553710938,1193.4407958984375,-600.0,589.0,-86.69400024414062,98.21730041503906,0.028386082500219345,0.9998209476470947,0.028386082500219345,0.9998209476470947,0.028386082500219345,0.9998209476470947,0.0,0.0,0.0,0.0
13.677919397,-1022.6117553710938,1193.4407958984375,-589.0,600.0,-87.69409942626953,99.19339752197266,0.028386082500219345,0.9998209476470947,0.028386082500219345,0.9998209476470947,0.028386082500219345,0.9998209476470947,0.0,0.0,0.0,0.0
13.697999741,-1022.6117553710938,1193.4407958984375,-589.0,600.0,-87.69409942626953,99.19339752197266,0.028386082500219345,0.9998209476470947,0.028386082500219345,0.9998209476470947,0.028386082500219345,0.9998209476470947,0.0,0.0,0.0,0.0
13.71799333,-1022.6117553710938,1193.4407958984375,-589.0,600.0,-87.69409942626953,99.19339752197266,0.028386082500219345,0.9998209476470947,0.028386082500219345,0.9998209476470947,0.028386082500219345,0.9998209476470947,0.0,0.0,0.0,0.0
13.737988615,-1022.6117553710938,1193.4407958984375,-589.0,600.0,-87.69409942626953,99.19339752197266,0.028386082500219345,0.9998209476470947,0.028386082500219345,0.9998209476470947,0.028386082500219345,0.9998209476470947,0.0,0.0,0.0,0.0
13.75798758,-1022.6117553710938,1193.4407958984375,-589.0,600.0,-87.69409942626953,99.19339752197266,0.028386082500219345,0.9998209476470947,0.028386082500219345,0.9998209476470947,0.028386082500219345,0.9998209476470947,0.0,0.0,0.0,0.0
13.777919662,-1022.6117553710938,1193.4407958984375,-606.0,589.0,-88.7656021118164,100.16940307617188,0.028386082500219345,0.9998209476470947,0.028386082500219345,0.9998209476470947,0.028386082500219345,0.9998209476470947,0.0,0.0,0.0,0.0
13.798078729,-1022.6117553710938,1193.4407958984375,-606.0,589.0,-88.7656021118164,100.16940307617188,0.028386082500219345,0.9998209476470947,0.028386082500219345,0.9998209476470947,0.028386082500219345,0.9998209476470947,0.0,0.0,0.0,0.0
13.818029885,-1022.8814697265625,1193.1734619140625,-606.0,589.0,-88.7656021118164,100.16940307617188,0.028296850621700287,0.9998220205307007,0.028296850621700287,0.9998220205307007,0.028296850621700287,0.9998220205307007,0.0,0.0,0.0,0.0
13.838175351,-1022.8814697265625,1193.1734619140625,-606.0,589.0,-88.7656021118164,100.16940307617188,0.028296850621700287,0.9998220205307007,0.028296850621700287,0.9998220205307007,0.028296850621700287,0.9998220205307007,0.0,0.0,0.0,0.0
13.858033159,-1022.8814697265625,1193.1734619140625,-606.0,589.0,-88.7656021118164,100.16940307617188,0.028296850621700287,0.9998220205307007,0.028296850621700287,0.9998220205307007,0.028296850621700287,0.9998220205307007,0.0,0.0,0.0,0.0
13.877946617,-1022.8814697265625,1193.1734619140625,-617.0,583.0,-89.76570129394531,101.12169647216797,0.028296850621700287,0.9998220205307007,0.028296850621700287,0.9998220205307007,0.028296850621700287,0.9998220205307007,0.0,0.0,0.0,0.0
13.898020369,-1022.8814697265625,1193.1734619140625,-617.0,583.0,-89.76570129394531,101.12169647216797,0.028296850621700287,0.9998220205307007,0.028296850621700287,0.9998220205307007,0.028296850621700287,0.9998220205307007,0.0,0.0,0.0,0.0
13.918070288,-1022.8814697265625,1193.1734619140625,-617.0,583.0,-89.76570129394531,101.12169647216797,0.028296850621700287,0.9998220205307007,0.028296850621700287,0.9998220205307007,0.028296850621700287,0.9998220205307007,0.0,0.0,0.0,0.0
13.938102793,-1022.8814697265625,1193.1734619140625,-617.0,583.0,-89.76570129394531,101.12169647216797,0.028296850621700287,0.9998220205307007,0.028296850621700287,0.9998220205307007,0.028296850621700287,0.9998220205307007,0.0,0.0,0.0,0.0
13.958475246,-1022.8814697265625,1193.1734619140625,-617.0,583.0,-89.76570129394531,101.12169647216797,0.028296850621700287,0.9998220205307007,0.028296850621700287,0.9998220205307007,0.028296850621700287,0.9998220205307007,0.0,0.0,0.0,0.0
13.977955251,-1022.8814697265625,1193.1734619140625,-600.0,571.0,-90.74199676513672,102.07389831542969,0.028296850621700287,0.9998220205307007,0.028296850621700287,0.9998220205307007,0.028296850621700287,0.9998220205307007,0.0,0.0,0.0,0.0
13.997943627,-1022.8814697265625,1193.1734619140625,-600.0,571.0,-90.74199676513672,102.07389831542969,0.028296850621700287,0.9998220205307007,0.028296850621700287,0.9998220205307007,0.028296850621700287,0.9998220205307007,0.0,0.0,0.0,0.0
14.018180715,-1063.698486328125,1063.698486328125,-600.0,571.0,-90.74199676513672,102.07389831542969,0.0,-0.0,0.0,0.9598219990730286,0.0,0.9598219990730286,0.0,0.0,0.0,0.0
14.037950971,-1019.3694458007812,1019.3694458007812,-600.0,571.0,-90.74199676513672,102.07389831542969,0.0,-0.0,0.0,0.9198220372200012,0.0,0.9198220372200012,0.0,0.0,0.0,0.0
14.057945235,-975.0404663085938,975.0404663085938,-600.0,571.0,-90.74199676513672,102.07389831542969,0.0,-0.0,0.0,0.8798220157623291,0.0,0.8798220157623291,0.0,0.0,0.0,0.0
14.077910729,-930.7114868164062,930.7114868164062,-606.0,571.0,-91.78959655761719,103.02619934082031,0.0,-0.0,0.0,0.839821994304657,0.0,0.839821994304657,0.0,0.0,0.0,0.0
14.097942531,-886.3825073242188,886.3825073242188,-606.0,571.0,-91.78959655761719,103.02619934082031,0.0,-0.0,0.0,0.7998220324516296,0.0,0.7998220324516296,0.0,0.0,0.0,0.0
14.118021181,-842.0535278320312,842.0535278320312,-606.0,571.0,-91.78959655761719,103.02619934082031,0.0,-0.0,0.0,0.7598220109939575,0.0,0.7598220109939575,0.0,0.0,0.0,0.0
14.138156698,-797.7245483398438,797.7245483398438,-606.0,571.0,-91.78959655761719,103.02619934082031,0.0,-0.0,0.0,0.7198220491409302,0.0,0.7198220491409302,0.0,0.0,0.0,0.0
14.158338201,-753.3955078125,753.3955078125,-606.0,571.0,-91.78959655761719,103.02619934082031,0.0,-0.0,0.0,0.6798220276832581,0.0,0.6798220276832581,0.0,0.0,0.0,0.0
14.178007109,-709.0665283203125,709.0665283203125,-606.0,543.0,-92.71800231933594,103.76419830322266,0.0,-0.0,0.0,0.6398220062255859,0.0,0.6398220062255859,0.0,0.0,0.0,0.0
14.197983068,-664.737548828125,664.737548828125,-606.0,543.0,-92.71800231933594,103.76419830322266,0.0,-0.0,0.0,0.5998220443725586,0.0,0.5998220443725586,0.0,0.0,0.0,0.0
14.217979572,-620.4085693359375,620.4085693359375,-606.0,543.0,-92.71800231933594,103.76419830322266,0.0,-0.0,0.0,0.5598220229148865,0.0,0.5598220229148865,0.0,0.0,0.0,0.0
14.237991436,-576.07958984375,576.07958984375,-606.0,543.0,-92.71800231933594,103.76419830322266,0.0,-0.0,0.0,0.5198220014572144,0.0,0.5198220014572144,0.0,0.0,0.0,0.0
14.257947234,-531.7506103515625,531.7506103515625,-606.0,543.0,-92.71800231933594,103.76419830322266,0.0,-0.0,0.0,0.4798220098018646,0.0,0.4798220098018646,0.0,0.0,0.0,0.0
14.277944826,-427.2410888671875,547.6021728515625,-480.0,383.0,-93.14649963378906,104.14510345458984,0.6134650707244873,0.11892230808734894,0.019999999552965164,0.4398220181465149,0.019999999552965164,0.4398220181465149,0.0,0.0,0.0,0.0
14.298091927,-322.7315368652344,563.4537353515625,-480.0,383.0,-93.14649963378906,104.14510345458984,0.6134650707244873,0.11892230808734894,0.03999999910593033,0.39982202649116516,0.03999999910593033,0.39982202649116516,0.0,0.0,0.0,0.0
14.317959659,-218.22201538085938,579.3052368164062,-480.0,383.0,-93.14649963378906,104.14510345458984,0.6134650707244873,0.11892230808734894,0.05999999865889549,0.35982203483581543,0.05999999865889549,0.35982203483581543,0.0,0.0,0.0,0.0
14.338191755,-113.71248626708984,595.1567993164062,-480.0,383.0,-93.14649963378906,104.14510345458984,0.6134650707244873,0.11892230808734894,0.07999999821186066,0.3198220133781433,0.07999999821186066,0.3198220133781433,0.0,0.0,0.0,0.0
14.357921209,-9.202959060668945,611.0083618164062,-480.0,383.0,-93.14649963378906,104.14510345458984,0.6134650707244873,0.11892230808734894,0.10000000149011612,0.2798220217227936,0.10000000149011612,0.2798220217227936,0.0,0.0,0.0,0.0
14.378006356,95.30657196044922,626.8599243164062,-257.0,206.0,-93.19409942626953,104.24030303955078,0.6134650707244873,0.11892230808734894,0.11999999731779099,0.23982201516628265,0.11999999731779099,0.23982201516628265,0.0,0.0,0.0,0.0
14.397980267,199.81610107421875,642.7114868164062,-257.0,206.0,-93.19409942626953,104.24030303955078,0.6134650707244873,0.11892230808734894,0.14000000059604645,0.19982202351093292,0.14000000059604645,0.19982202351093292,0.0,0.0,0.0,0.0
14.417990916,304.32562255859375,658.5630493164062,-257.0,206.0,-93.19409942626953,104.24030303955078,0.6134650707244873,0.11892230808734894,0.1599999964237213,0.159822016954422,0.1599999964237213,0.159822016954422,0.0,0.0,0.0,0.0
14.437926553,408.83514404296875,674.4146118164062,-257.0,206.0,-93.19409942626953,104.24030303955078,0.6134650707244873,0.11892230808734894,0.18000000715255737,0.11982201784849167,0.18000000715255737,0.11982201784849167,0.0,0.0,0.0,0.0
14.457900016,470.0127868652344,733.5980224609375,-257.0,206.0,-93.19409942626953,104.24030303955078,0.6134650707244873,0.11892230808734894,0.20000000298023224,0.11892230808734894,0.20000000298023224,0.11892230808734894,0.0,0.0,0.0,0.0
14.477982731,530.1932983398438,793.778564453125,-23.0,103.0,-92.81320190429688,104.40699768066406,0.6134650707244873,0.11892230808734894,0.2199999988079071,0.11892230808734894,0.2199999988079071,0.11892230808734894,0.0,0.0,0.0,0.0
14.497912672,590.3738403320312,853.9591064453125,-23.0,103.0,-92.81320190429688,104.40699768066406,0.6134650707244873,0.11892230808734894,0.23999999463558197,0.11892230808734894,0.23999999463558197,0.11892230808734894,0.0,0.0,0.0,0.0
14.517987867,650.5543823242188,914.1396484375,-23.0,103.0,-92.81320190429688,104.40699768066406,0.6134650707244873,0.11892230808734894,0.25999999046325684,0.11892230808734894,0.25999999046325684,0.11892230808734894,0.0,0.0,0.0,0.0
14.538028597,710.7349243164062,974.3201904296875,-23.0,103.0,-92.81320190429688,104.40699768066406,0.6134650707244873,0.11892230808734894,0.2800000011920929,0.11892230808734894,0.2800000011920929,0.11892230808734894,0.0,0.0,0.0,0.0
14.557976875,770.9154663085938,1034.500732421875,-23.0,103.0,-92.81320190429688,104.40699768066406,0.6134650707244873,0.11892230808734894,0.30000001192092896,0.11892230808734894,0.30000001192092896,0.11892230808734894,0.0,0.0,0.0,0.0
14.577982307,831.0960083007812,1094.6812744140625,257.0,137.0,-92.1229019165039,104.90689849853516,0.6134650707244873,0.11892230808734894,0.3199999928474426,0.11892230808734894,0.3199999928474426,0.11892230808734894,0.0,0.0,0.0,0.0
14.598226468,891.2765502929688,1154.86181640625,257.0,137.0,-92.1229019165039,104.90689849853516,0.6134650707244873,0.11892230808734894,0.3400000035762787,0.11892230808734894,0.3400000035762787,0.11892230808734894,0.0,0.0,0.0,0.0
14.617927377,951.4570922851562,1215.0423583984375,257.0,137.0,-92.1229019165039,104.90689849853516,0.6134650707244873,0.11892230808734894,0.36000001430511475,0.11892230808734894,0.36000001430511475,0.11892230808734894,0.0,0.0,0.0,0.0
14.638002635,1011.6376342773438,1275.222900390625,257.0,137.0,-92.1229019165039,104.90689849853516,0.6134650707244873,0.11892230808734894,0.3799999952316284,0.11892230808734894,0.3799999952316284,0.11892230808734894,0.0,0.0,0.0,0.0
14.657925953,1071.8182373046875,1335.4034423828125,257.0,137.0,-92.1229019165039,104.90689849853516,0.6134650707244873,0.11892230808734894,0.4000000059604645,0.11892230808734894,0.4000000059604645,0.11892230808734894,0.0,0.0,0.0,0.0
14.677986395,1131.998779296875,1395.583984375,486.0,309.0,-91.00389862060547,105.83540344238281,0.6134650707244873,0.11892230808734894,0.41999998688697815,0.11892230808734894,0.41999998688697815,0.11892230808734894,0.0,0.0,0.0,0.0
14.697990067,1192.1793212890625,1455.7645263671875,486.0,309.0,-91.00389862060547,105.83540344238281,0.6134650707244873,0.11892230808734894,0.4399999976158142,0.11892230808734894,0.4399999976158142,0.11892230808734894,0.0,0.0,0.0,0.0
14.718627394,1252.35986328125,1515.945068359375,486.0,309.0,-91.00389862060547,105.83540344238281,0.6134650707244873,0.11892230808734894,0.46000000834465027,0.11892230808734894,0.46000000834465027,0.11892230808734894,0.0,0.0,0.0,0.0
14.73796013,1312.5404052734375,1576.1256103515625,486.0,309.0,-91.00389862060547,105.83540344238281,0.6134650707244873,0.11892230808734894,0.47999998927116394,0.11892230808734894,0.47999998927116394,0.11892230808734894,0.0,0.0,0.0,0.0
14.757922904,1372.720947265625,1636.30615234375,486.0,309.0,-91.00389862060547,105.83540344238281,0.6134650707244873,0.11892230808734894,0.5,0.11892230808734894,0.5,0.11892230808734894,0.0,0.0,0.0,0.0
14.778244156,1432.9014892578125,1696.4866943359375,691.0,617.0,-89.50379943847656,107.19229888916016,0.6134650707244873,0.11892230808734894,0.5199999809265137,0.11892230808734894,0.5199999809265137,0.11892230808734894,0.0,0.0,0.0,0.0
14.798228339,1493.08203125,1756.667236328125,691.0,617.0,-89.50379943847656,107.19229888916016,0.6134650707244873,0.11892230808734894,0.5400000214576721,0.11892230808734894,0.5400000214576721,0.11892230808734894,0.0,0.0,0.0,0.0
14.818803456,1553.2625732421875,1816.8477783203125,691.0,617.0,-89.50379943847656,107.19229888916016,0.6134650707244873,0.11892230808734894,0.5600000023841858,0.11892230808734894,0.5600000023841858,0.11892230808734894,0.0,0.0,0.0,0.0
14.837947897,1613.443115234375,1877.0283203125,691.0,617.0,-89.50379943847656,107.19229888916016,0.6134650707244873,0.11892230808734894,0.5799999833106995,0.11892230808734894,0.5799999833106995,0.11892230808734894,0.0,0.0,0.0,0.0
14.85792312,1673.6236572265625,1937.2088623046875,691.0,617.0,-89.50379943847656,107.19229888916016,0.6134650707244873,0.11892230808734894,0.6000000238418579,0.11892230808734894,0.6000000238418579,0.11892230808734894,0.0,0.0,0.0,0.0
14.87799265,1714.1405029296875,1977.7257080078125,909.0,834.0,-87.69409942626953,108.85880279541016,0.6134650707244873,0.11892230808734894,0.6134650707244873,0.11892230808734894,0.6134650707244873,0.11892230808734894,0.0,0.0,0.0,0.0
14.898194378,1714.1405029296875,1977.7257080078125,909.0,834.0,-87.69409942626953,108.85880279541016,0.6134650707244873,0.11892230808734894,0.6134650707244873,0.11892230808734894,0.6134650707244873,0.11892230808734894,0.0,0.0,0.0,0.0
14.918146984,1714.1405029296875,1977.7257080078125,909.0,834.0,-87.69409942626953,108.85880279541016,0.6134650707244873,0.11892230808734894,0.6134650707244873,0.11892230808734894,0.6134650707244873,0.11892230808734894,0.0,0.0,0.0,0.0
14.937997374,1714.1405029296875,1977.7257080078125,909.0,834.0,-87.69409942626953,108.85880279541016,0.6134650707244873,0.11892230808734894,0.6134650707244873,0.11892230808734894,0.6134650707244873,0.11892230808734894,0.0,0.0,0.0,0.0
14.957929495,1714.1405029296875,1977.7257080078125,909.0,834.0,-87.69409942626953,108.85880279541016,0.6134650707244873,0.11892230808734894,0.6134650707244873,0.11892230808734894,0.6134650707244873,0.11892230808734894,0.0,0.0,0.0,0.0
14.977914673,1714.1405029296875,1977.7257080078125,1091.0,1023.0,-85.5510025024414,110.83470153808594,0.6134650707244873,0.11892230808734894,0.6134650707244873,0.11892230808734894,0.6134650707244873,0.11892230808734894,0.0,0.0,0.0,0.0
14.99802312,1714.1405029296875,1977.7257080078125,1091.0,1023.0,-85.5510025024414,110.83470153808594,0.6134650707244873,0.11892230808734894,0.6134650707244873,0.11892230808734894,0.6134650707244873,0.11892230808734894,0.0,0.0,0.0,0.0
15.018041516,1714.1405029296875,1977.7257080078125,1091.0,1023.0,-85.5510025024414,110.83470153808594,0.6134650707244873,0.11892230808734894,0.6134650707244873,0.11892230808734894,0.6134650707244873,0.11892230808734894,0.0,0.0,0.0,0.0
15.037997797,1714.1405029296875,1977.7257080078125,1091.0,1023.0,-85.5510025024414,110.83470153808594,0.6134650707244873,0.11892230808734894,0.6134650707244873,0.11892230808734894,0.6134650707244873,0.11892230808734894,0.0,0.0,0.0,0.0
15.058006336,1714.1405029296875,1977.7257080078125,1091.0,1023.0,-85.5510025024414,110.83470153808594,0.6134650707244873,0.11892230808734894,0.6134650707244873,0.11892230808734894,0.6134650707244873,0.11892230808734894,0.0,0.0,0.0,0.0
15.077919832,1714.1405029296875,1977.7257080078125,1234.0,1154.0,-83.47940063476562,112.90589904785156,0.6134650707244873,0.11892230808734894,0.6134650707244873,0.11892230808734894,0.6134650707244873,0.11892230808734894,0.0,0.0,0.0,0.0
15.098016023,1714.1405029296875,1977.7257080078125,1234.0,1154.0,-83.47940063476562,112.90589904785156,0.6134650707244873,0.11892230808734894,0.6134650707244873,0.11892230808734894,0.6134650707244873,0.11892230808734894,0.0,0.0,0.0,0.0
15.117955856,1714.1405029296875,1977.7257080078125,1234.0,1154.0,-83.47940063476562,112.90589904785156,0.6134650707244873,0.11892230808734894,0.6134650707244873,0.11892230808734894,0.6134650707244873,0.11892230808734894,0.0,0.0,0.0,0.0
15.138008749,1714.1405029296875,1977.7257080078125,1234.0,1154.0,-83.47940063476562,112.90589904785156,0.6134650707244873,0.11892230808734894,0.6134650707244873,0.11892230808734894,0.6134650707244873,0.11892230808734894,0.0,0.0,0.0,0.0
15.157922565,1714.1405029296875,1977.7257080078125,1234.0,1154.0,-83.47940063476562,112.90589904785156,0.6134650707244873,0.11892230808734894,0.6134650707244873,0.11892230808734894,0.6134650707244873,0.11892230808734894,0.0,0.0,0.0,0.0
15.177918208,1714.1405029296875,1977.7257080078125,1211.0,1217.0,-81.62210083007812,114.88179779052734,0.6134650707244873,0.11892230808734894,0.6134650707244873,0.11892230808734894,0.6134650707244873,0.11892230808734894,0.0,0.0,0.0,0.0
15.198014942,1714.1405029296875,1977.7257080078125,1211.0,1217.0,-81.62210083007812,114.88179779052734,0.6134650707244873,0.11892230808734894,0.6134650707244873,0.11892230808734894,0.6134650707244873,0.11892230808734894,0.0,0.0,0.0,0.0
15.218001273,1714.1405029296875,1977.7257080078125,1211.0,1217.0,-81.62210083007812,114.88179779052734,0.6134650707244873,0.11892230808734894,0.6134650707244873,0.11892230808734894,0.6134650707244873,0.11892230808734894,0.0,0.0,0.0,0.0
15.237992883,1714.1405029296875,1977.7257080078125,1211.0,1217.0,-81.62210083007812,114.88179779052734,0.6134650707244873,0.11892230808734894,0.6134650707244873,0.11892230808734894,0.6134650707244873,0.11892230808734894,0.0,0.0,0.0,0.0
15.257934796,1714.1405029296875,1977.7257080078125,1211.0,1217.0,-81.62210083007812,114.88179779052734,0.6134650707244873,0.11892230808734894,0.6134650707244873,0.11892230808734894,0.6134650707244873,0.11892230808734894,0.0,0.0,0.0,0.0
15.278006954,1714.1405029296875,1977.7257080078125,1137.0,1171.0,-79.74089813232422,116.73870086669922,0.6134650707244873,0.11892230808734894,0.6134650707244873,0.11892230808734894,0.6134650707244873,0.11892230808734894,0.0,0.0,0.0,0.0
15.297988132,1714.1405029296875,1977.7257080078125,1137.0,1171.0,-79.74089813232422,116.73870086669922,0.6134650707244873,0.11892230808734894,0.6134650707244873,0.11892230808734894,0.6134650707244873,0.11892230808734894,0.0,0.0,0.0,0.0
15.317996896,1714.1405029296875,1977.7257080078125,1137.0,1171.0,-79.74089813232422,116.73870086669922,0.6134650707244873,0.11892230808734894,0.6134650707244873,0.11892230808734894,0.6134650707244873,0.11892230808734894,0.0,0.0,0.0,0.0
15.338023867,1714.1405029296875,1977.7257080078125,1137.0,1171.0,-79.74089813232422,116.73870086669922,0.6134650707244873,0.11892230808734894,0.6134650707244873,0.11892230808734894,0.6134650707244873,0.11892230808734894,0.0,0.0,0.0,0.0
15.357916307,1714.1405029296875,1977.7257080078125,1137.0,1171.0,-79.74089813232422,116.73870086669922,0.6134650707244873,0.11892230808734894,0.6134650707244873,0.11892230808734894,0.6134650707244873,0.11892230808734894,0.0,0.0,0.0,0.0
15.377931982,1714.1405029296875,1977.7257080078125,1160.0,1114.0,-77.64550018310547,118.5479965209961,0.6134650707244873,0.11892230808734894,0.6134650707244873,0.11892230808734894,0.6134650707244873,0.11892230808734894,0.0,0.0,0.0,0.0
15.398020172,1714.1405029296875,1977.7257080078125,1160.0,1114.0,-77.64550018310547,118.5479965209961,0.6134650707244873,0.11892230808734894,0.6134650707244873,0.11892230808734894,0.6134650707244873,0.11892230808734894,0.0,0.0,0.0,0.0
15.418017447,1714.1405029296875,1977.7257080078125,1160.0,1114.0,-77.64550018310547,118.5479965209961,0.6134650707244873,0.11892230808734894,0.6134650707244873,0.11892230808734894,0.6134650707244873,0.11892230808734894,0.0,0.0,0.0,0.0
15.43892333,1714.1405029296875,1977.7257080078125,1160.0,1114.0,-77.64550018310547,118.5479965209961,0.6134650707244873,0.11892230808734894,0.6134650707244873,0.11892230808734894,0.6134650707244873,0.11892230808734894,0.0,0.0,0.0,0.0
15.457940187,1714.1405029296875,1977.7257080078125,1160.0,1114.0,-77.64550018310547,118.5479965209961,0.6134650707244873,0.11892230808734894,0.6134650707244873,0.11892230808734894,0.6134650707244873,0.11892230808734894,0.0,0.0,0.0,0.0
15.477920469,1714.1405029296875,1977.7257080078125,1211.0,1097.0,-75.64530181884766,120.40489959716797,0.6134650707244873,0.11892230808734894,0.6134650707244873,0.11892230808734894,0.6134650707244873,0.11892230808734894,0.0,0.0,0.0,0.0
15.498008691,1714.1405029296875,1977.7257080078125,1211.0,1097.0,-75.64530181884766,120.40489959716797,0.6134650707244873,0.11892230808734894,0.6134650707244873,0.11892230808734894,0.6134650707244873,0.11892230808734894,0.0,0.0,0.0,0.0
15.518034895,1714.1405029296875,1977.7257080078125,1211.0,1097.0,-75.64530181884766,120.40489959716797,0.6134650707244873,0.11892230808734894,0.6134650707244873,0.11892230808734894,0.6134650707244873,0.11892230808734894,0.0,0.0,0.0,0.0
15.537977608,1714.1405029296875,1977.7257080078125,1211.0,1097.0,-75.64530181884766,120.40489959716797,0.6134650707244873,0.11892230808734894,0.6134650707244873,0.11892230808734894,0.6134650707244873,0.11892230808734894,0.0,0.0,0.0,0.0
15.557930818,1714.1405029296875,1977.7257080078125,1211.0,1097.0,-75.64530181884766,120.40489959716797,0.6134650707244873,0.11892230808734894,0.6134650707244873,0.11892230808734894,0.6134650707244873,0.11892230808734894,0.0,0.0,0.0,0.0
15.577930333,1714.1405029296875,1977.7257080078125,1183.0,1114.0,-73.76419830322266,122.33319854736328,0.6134650707244873,0.11892230808734894,0.6134650707244873,0.11892230808734894,0.6134650707244873,0.11892230808734894,0.0,0.0,0.0,0.0
15.598070205,1714.1405029296875,1977.7257080078125,1183.0,1114.0,-73.76419830322266,122.33319854736328,0.6134650707244873,0.11892230808734894,0.6134650707244873,0.11892230808734894,0.6134650707244873,0.11892230808734894,0.0,0.0,0.0,0.0
15.6179789,1714.1405029296875,1977.7257080078125,1183.0,1114.0,-73.76419830322266,122.33319854736328,0.6134650707244873,0.11892230808734894,0.6134650707244873,0.11892230808734894,0.6134650707244873,0.11892230808734894,0.0,0.0,0.0,0.0
15.637990992,1714.1405029296875,1977.7257080078125,1183.0,1114.0,-73.76419830322266,122.33319854736328,0.6134650707244873,0.11892230808734894,0.6134650707244873,0.11892230808734894,0.6134650707244873,0.11892230808734894,0.0,0.0,0.0,0.0
15.657937449,1714.1405029296875,1977.7257080078125,1183.0,1114.0,-73.76419830322266,122.33319854736328,0.6134650707244873,0.11892230808734894,0.6134650707244873,0.11892230808734894,0.6134650707244873,0.11892230808734894,0.0,0.0,0.0,0.0
15.677934788,1714.1405029296875,1977.7257080078125,1160.0,1149.0,-71.78780364990234,124.2614974975586,0.6134650707244873,0.11892230808734894,0.6134650707244873,0.11892230808734894,0.6134650707244873,0.11892230808734894,0.0,0.0,0.0,0.0
15.697990145,1714.1405029296875,1977.7257080078125,1160.0,1149.0,-71.78780364990234,124.2614974975586,0.6134650707244873,0.11892230808734894,0.6134650707244873,0.11892230808734894,0.6134650707244873,0.11892230808734894,0.0,0.0,0.0,0.0
15.717977531,1714.1405029296875,1977.7257080078125,1160.0,1149.0,-71.78780364990234,124.2614974975586,0.6134650707244873,0.11892230808734894,0.6134650707244873,0.11892230808734894,0.6134650707244873,0.11892230808734894,0.0,0.0,0.0,0.0
15.73803084,1714.1405029296875,1977.7257080078125,1160.0,1149.0,-71.78780364990234,124.2614974975586,0.6134650707244873,0.11892230808734894,0.6134650707244873,0.11892230808734894,0.6134650707244873,0.11892230808734894,0.0,0.0,0.0,0.0
15.757957681,1714.1405029296875,1977.7257080078125,1160.0,1149.0,-71.78780364990234,124.2614974975586,0.6134650707244873,0.11892230808734894,0.6134650707244873,0.11892230808734894,0.6134650707244873,0.11892230808734894,0.0,0.0,0.0,0.0
15.778168499,1714.1405029296875,1977.7257080078125,1183.0,1160.0,-69.76380157470703,126.1897964477539,0.6134650707244873,0.11892230808734894,0.6134650707244873,0.11892230808734894,0.6134650707244873,0.11892230808734894,0.0,0.0,0.0,0.0
15.798025097,1714.1405029296875,1977.7257080078125,1183.0,1160.0,-69.76380157470703,126.1897964477539,0.6134650707244873,0.11892230808734894,0.6134650707244873,0.11892230808734894,0.6134650707244873,0.11892230808734894,0.0,0.0,0.0,0.0
15.817986691,1714.1405029296875,1977.7257080078125,1183.0,1160.0,-69.76380157470703,126.1897964477539,0.6134650707244873,0.11892230808734894,0.6134650707244873,0.11892230808734894,0.6134650707244873,0.11892230808734894,0.0,0.0,0.0,0.0
15.838003327,1714.1405029296875,1977.7257080078125,1183.0,1160.0,-69.76380157470703,126.1897964477539,0.6134650707244873,0.11892230808734894,0.6134650707244873,0.11892230808734894,0.6134650707244873,0.11892230808734894,0.0,0.0,0.0,0.0
15.857998553,1714.1405029296875,1977.7257080078125,1183.0,1160.0,-69.76380157470703,126.1897964477539,0.6134650707244873,0.11892230808734894,0.6134650707244873,0.11892230808734894,0.6134650707244873,0.11892230808734894,0.0,0.0,0.0,0.0
15.877990804,1714.1405029296875,1977.7257080078125,1200.0,1160.0,-67.78739929199219,128.14199829101562,0.6134650707244873,0.11892230808734894,0.6134650707244873,0.11892230808734894,0.6134650707244873,0.11892230808734894,0.0,0.0,0.0,0.0
15.897998735,1714.1405029296875,1977.7257080078125,1200.0,1160.0,-67.78739929199219,128.14199829101562,0.6134650707244873,0.11892230808734894,0.6134650707244873,0.11892230808734894,0.6134650707244873,0.11892230808734894,0.0,0.0,0.0,0.0
15.917989459,1714.1405029296875,1977.7257080078125,1200.0,1160.0,-67.78739929199219,128.14199829101562,0.6134650707244873,0.11892230808734894,0.6134650707244873,0.11892230808734894,0.6134650707244873,0.11892230808734894,0.0,0.0,0.0,0.0
15.938167223,1714.1405029296875,1977.7257080078125,1200.0,1160.0,-67.78739929199219,128.14199829101562,0.6134650707244873,0.11892230808734894,0.6134650707244873,0.11892230808734894,0.6134650707244873,0.11892230808734894,0.0,0.0,0.0,0.0
15.957906157,1714.1405029296875,1977.7257080078125,1200.0,1160.0,-67.78739929199219,128.14199829101562,0.6134650707244873,0.11892230808734894,0.6134650707244873,0.11892230808734894,0.6134650707244873,0.11892230808734894,0.0,0.0,0.0,0.0
15.977911275,1714.1405029296875,1977.7257080078125,1183.0,1171.0,-65.88240051269531,130.09410095214844,0.6134650707244873,0.11892230808734894,0.6134650707244873,0.11892230808734894,0.6134650707244873,0.11892230808734894,0.0,0.0,0.0,0.0
15.998072463,1668.1986083984375,1843.1259765625,1183.0,1171.0,-65.88240051269531,130.09410095214844,0.0,-0.0,0.5834650993347168,0.07892230898141861,0.5834650993347168,0.07892230898141861,0.0,0.0,0.0,0.0
16.017989418,1622.2568359375,1708.526123046875,1183.0,1171.0,-65.88240051269531,130.09410095214844,0.0,-0.0,0.5534651279449463,0.03892230987548828,0.5534651279449463,0.03892230987548828,0.0,0.0,0.0,0.0
16.037944391,1575.12060546875,1575.12060546875,1183.0,1171.0,-65.88240051269531,130.09410095214844,0.0,-0.0,0.523465096950531,0.0,0.523465096950531,0.0,0.0,0.0,0.0,0.0
16.057912645,1484.849853515625,1484.849853515625,1183.0,1171.0,-65.88240051269531,130.09410095214844,0.0,-0.0,0.4934650957584381,0.0,0.4934650957584381,0.0,0.0,0.0,0.0,0.0
16.077902499,1394.5789794921875,1394.5789794921875,1166.0,1160.0,-63.90610122680664,131.9510040283203,0.0,-0.0,0.4634650945663452,0.0,0.4634650945663452,0.0,0.0,0.0,0.0,0.0
16.09806295,1304.3082275390625,1304.3082275390625,1166.0,1160.0,-63.90610122680664,131.9510040283203,0.0,-0.0,0.4334650933742523,0.0,0.4334650933742523,0.0,0.0,0.0,0.0,0.0
16.118179112,1214.037353515625,1214.037353515625,1166.0,1160.0,-63.90610122680664,131.9510040283203,0.0,-0.0,0.4034650921821594,0.0,0.4034650921821594,0.0,0.0,0.0,0.0,0.0
16.138183655,1123.7666015625,1123.7666015625,1166.0,1160.0,-63.90610122680664,131.9510040283203,0.0,-0.0,0.37346509099006653,0.0,0.37346509099006653,0.0,0.0,0.0,0.0,0.0
16.1579135,1033.495849609375,1033.495849609375,1166.0,1160.0,-63.90610122680664,131.9510040283203,0.0,-0.0,0.34346508979797363,0.0,0.34346508979797363,0.0,0.0,0.0,0.0,0.0
16.177976509,943.2249755859375,943.2249755859375,1080.0,1069.0,-62.38209915161133,133.33180236816406,0.0,-0.0,0.31346508860588074,0.0,0.31346508860588074,0.0,0.0,0.0,0.0,0.0
16.198062046,852.9541625976562,852.9541625976562,1080.0,1069.0,-62.38209915161133,133.33180236816406,0.0,-0.0,0.28346508741378784,0.0,0.28346508741378784,0.0,0.0,0.0,0.0,0.0
16.218005946,762.683349609375,762.683349609375,1080.0,1069.0,-62.38209915161133,133.33180236816406,0.0,-0.0,0.25346508622169495,0.0,0.25346508622169495,0.0,0.0,0.0,0.0,0.0
16.238001721,672.4125366210938,672.4125366210938,1080.0,1069.0,-62.38209915161133,133.33180236816406,0.0,-0.0,0.22346509993076324,0.0,0.22346509993076324,0.0,0.0,0.0,0.0,0.0
16.258171933,582.1417236328125,582.1417236328125,1080.0,1069.0,-62.38209915161133,133.33180236816406,0.0,-0.0,0.19346509873867035,0.0,0.19346509873867035,0.0,0.0,0.0,0.0,0.0
16.278243869,491.87091064453125,491.87091064453125,789.0,749.0,-61.83440017700195,134.1649932861328,0.0,-0.0,0.16346509754657745,0.0,0.16346509754657745,0.0,0.0,0.0,0.0,0.0
16.298042261,401.60009765625,401.60009765625,789.0,749.0,-61.83440017700195,134.1649932861328,0.0,-0.0,0.13346509635448456,0.0,0.13346509635448456,0.0,0.0,0.0,0.0,0.0
16.317968561,311.32928466796875,311.32928466796875,789.0,749.0,-61.83440017700195,134.1649932861328,0.0,-0.0,0.10346510261297226,0.0,0.10346510261297226,0.0,0.0,0.0,0.0,0.0
16.338029521,221.0584716796875,221.0584716796875,789.0,749.0,-61.83440017700195,134.1649932861328,0.0,-0.0,0.07346510142087936,0.0,0.07346510142087936,0.0,0.0,0.0,0.0,0.0
16.358035472,130.78765869140625,130.78765869140625,789.0,749.0,-61.83440017700195,134.1649932861328,0.0,-0.0,0.04346510022878647,0.0,0.04346510022878647,0.0,0.0,0.0,0.0,0.0
16.377958251,40.51685333251953,40.51685333251953,377.0,394.0,-61.76300048828125,134.28399658203125,0.0,-0.0,0.013465100899338722,0.0,0.013465100899338722,0.0,0.0,0.0,0.0,0.0
16.397989707,0.0,0.0,377.0,394.0,-61.76300048828125,134.28399658203125,0.0,-0.0,0.0,0.0,0.0,0.0,0.0,0.0,0.0,0.0
16.418030955,0.0,0.0,377.0,394.0,-61.76300048828125,134.28399658203125,0.0,-0.0,0.0,0.0,0.0,0.0,0.0,0.0,0.0,0.0
16.437947718,0.0,0.0,377.0,394.0,-61.76300048828125,134.28399658203125,0.0,-0.0,0.0,0.0,0.0,0.0,0.0,0.0,0.0,0.0
16.458012359,-104.50952911376953,-15.851554870605469,377.0,394.0,-61.76300048828125,134.28399658203125,-0.4946073889732361,0.12398158758878708,-0.019999999552965164,0.03999999910593033,-0.019999999552965164,0.03999999910593033,0.0,0.0,0.0,0.0
16.47791693,-209.01905822753906,-31.703109741210938,80.0,109.0,-61.88209915161133,134.1649932861328,-0.4946073889732361,0.12398158758878708,-0.03999999910593033,0.07999999821186066,-0.03999999910593033,0.07999999821186066,0.0,0.0,0.0,0.0
16.498140648,-313.5285949707031,-47.554664611816406,80.0,109.0,-61.88209915161133,134.1649932861328,-1.0451513528823853,0.1386042982339859,-0.05999999865889549,0.11999999731779099,-0.05999999865889549,0.11999999731779099,0.0,0.0,0.0,0.0
16.518106949,-394.3268737792969,-87.11746215820312,80.0,109.0,-61.88209915161133,134.1649932861328,-1.0451513528823853,0.1386042982339859,-0.07999999821186066,0.1386042982339859,-0.07999999821186066,0.1386042982339859,0.0,0.0,0.0,0.0
16.53807421,-454.5074157714844,-147.29800415039062,80.0,109.0,-61.88209915161133,134.1649932861328,-1.0451513528823853,0.1386042982339859,-0.10000000149011612,0.1386042982339859,-0.10000000149011612,0.1386042982339859,0.0,0.0,0.0,0.0
16.558077697,-508.5030517578125,-213.6634521484375,80.0,109.0,-61.88209915161133,134.1649932861328,-1.2969779968261719,0.13302338123321533,-0.11999999731779099,0.13302338123321533,-0.11999999731779099,0.13302338123321533,0.0,0.0,0.0,0.0
16.578002332,-568.68359375,-273.843994140625,-63.0,-17.0,-62.024898529052734,134.1887969970703,-1.2969779968261719,0.13302338123321533,-0.14000000059604645,0.13302338123321533,-0.14000000059604645,0.13302338123321533,0.0,0.0,0.0,0.0
16.598635088,-628.8641357421875,-334.0245361328125,-63.0,-17.0,-62.024898529052734,134.1887969970703,-1.2969779968261719,0.13302338123321533,-0.1599999964237213,0.13302338123321533,-0.1599999964237213,0.13302338123321533,0.0,0.0,0.0,0.0
16.618067355,-689.044677734375,-394.205078125,-63.0,-17.0,-62.024898529052734,134.1887969970703,-1.2969779968261719,0.13302338123321533,-0.18000000715255737,0.13302338123321533,-0.18000000715255737,0.13302338123321533,0.0,0.0,0.0,0.0
16.63797151,-749.2252197265625,-454.3856201171875,-63.0,-17.0,-62.024898529052734,134.1887969970703,-1.2969779968261719,0.13302338123321533,-0.20000000298023224,0.13302338123321533,-0.20000000298023224,0.13302338123321533,0.0,0.0,0.0,0.0
16.658013078,-809.40576171875,-514.566162109375,-63.0,-17.0,-62.024898529052734,134.1887969970703,-1.2969779968261719,0.13302338123321533,-0.2199999988079071,0.13302338123321533,-0.2199999988079071,0.13302338123321533,0.0,0.0,0.0,0.0
16.677964531,-869.5863037109375,-574.7467041015625,-206.0,-34.0,-62.69169998168945,133.99839782714844,-1.2969779968261719,0.13302338123321533,-0.23999999463558197,0.13302338123321533,-0.23999999463558197,0.13302338123321533,0.0,0.0,0.0,0.0
16.698411168,-929.766845703125,-634.92724609375,-206.0,-34.0,-62.69169998168945,133.99839782714844,-1.2969779968261719,0.13302338123321533,-0.25999999046325684,0.13302338123321533,-0.25999999046325684,0.13302338123321533,0.0,0.0,0.0,0.0
16.718015249,-989.2550659179688,-695.8001098632812,-206.0,-34.0,-62.69169998168945,133.99839782714844,-1.2846808433532715,0.13239866495132446,-0.2800000011920929,0.13239866495132446,-0.2800000011920929,0.13239866495132446,0.0,0.0,0.0,0.0
16.737973838,-1049.435546875,-755.9806518554688,-206.0,-34.0,-62.69169998168945,133.99839782714844,-1.2846808433532715,0.13239866495132446,-0.30000001192092896,0.13239866495132446,-0.30000001192092896,0.13239866495132446,0.0,0.0,0.0,0.0
16.757990701,-1109.6160888671875,-816.1611938476562,-206.0,-34.0,-62.69169998168945,133.99839782714844,-1.2846808433532715,0.13239866495132446,-0.3199999928474426,0.13239866495132446,-0.3199999928474426,0.13239866495132446,0.0,0.0,0.0,0.0
16.778051245,-1169.796630859375,-876.3417358398438,-434.0,-177.0,-63.882198333740234,133.427001953125,-1.2846808433532715,0.13239866495132446,-0.3400000035762787,0.13239866495132446,-0.3400000035762787,0.13239866495132446,0.0,0.0,0.0,0.0
16.79794436,-1229.9771728515625,-936.5222778320312,-434.0,-177.0,-63.882198333740234,133.427001953125,-1.2846808433532715,0.13239866495132446,-0.36000001430511475,0.13239866495132446,-0.36000001430511475,0.13239866495132446,0.0,0.0,0.0,0.0
16.817961511,-1289.4654541015625,-997.3950805664062,-434.0,-177.0,-63.882198333740234,133.427001953125,-1.2724429368972778,0.13177402317523956,-0.3799999952316284,0.13177402317523956,-0.3799999952316284,0.13177402317523956,0.0,0.0,0.0,0.0
16.838001127,-1349.64599609375,-1057.5755615234375,-434.0,-177.0,-63.882198333740234,133.427001953125,-1.2724429368972778,0.13177402317523956,-0.4000000059604645,0.13177402317523956,-0.4000000059604645,0.13177402317523956,0.0,0.0,0.0,0.0
16.857928771,-1409.8265380859375,-1117.756103515625,-434.0,-177.0,-63.882198333740234,133.427001953125,-1.2724429368972778,0.13177402317523956,-0.41999998688697815,0.13177402317523956,-0.41999998688697815,0.13177402317523956,0.0,0.0,0.0,0.0
16.878051205,-1470.007080078125,-1177.9366455078125,-709.0,-383.0,-65.43000030517578,132.47470092773438,-1.2724429368972778,0.13177402317523956,-0.4399999976158142,0.13177402317523956,-0.4399999976158142,0.13177402317523956,0.0,0.0,0.0,0.0
16.897972801,-1530.1876220703125,-1238.1171875,-709.0,-383.0,-65.43000030517578,132.47470092773438,-1.2724429368972778,0.13177402317523956,-0.46000000834465027,0.13177402317523956,-0.46000000834465027,0.13177402317523956,0.0,0.0,0.0,0.0
16.9179714,-1590.3681640625,-1298.2977294921875,-709.0,-383.0,-65.43000030517578,132.47470092773438,-1.2724429368972778,0.13177402317523956,-0.47999998927116394,0.13177402317523956,-0.47999998927116394,0.13177402317523956,0.0,0.0,0.0,0.0
16.938188753,-1650.5487060546875,-1358.478271484375,-709.0,-383.0,-65.43000030517578,132.47470092773438,-1.2724429368972778,0.13177402317523956,-0.5,0.13177402317523956,-0.5,0.13177402317523956,0.0,0.0,0.0,0.0
16.957920458,-1710.729248046875,-1418.6588134765625,-709.0,-383.0,-65.43000030517578,132.47470092773438,-1.2724429368972778,0.13177402317523956,-0.5199999809265137,0.13177402317523956,-0.5199999809265137,0.13177402317523956,0.0,0.0,0.0,0.0
16.977888267,-1770.9097900390625,-1478.83935546875,-914.0,-583.0,-67.26349639892578,131.26060485839844,-1.2724429368972778,0.13177402317523956,-0.5400000214576721,0.13177402317523956,-0.5400000214576721,0.13177402317523956,0.0,0.0,0.0,0.0
16.997978608,-1831.09033203125,-1539.0198974609375,-914.0,-583.0,-67.26349639892578,131.26060485839844,-1.2724429368972778,0.13177402317523956,-0.5600000023841858,0.13177402317523956,-0.5600000023841858,0.13177402317523956,0.0,0.0,0.0,0.0
17.018009458,-1891.2708740234375,-1599.200439453125,-914.0,-583.0,-67.26349639892578,131.26060485839844,-1.2724429368972778,0.13177402317523956,-0.5799999833106995,0.13177402317523956,-0.5799999833106995,0.13177402317523956,0.0,0.0,0.0,0.0
17.037961203,-1951.451416015625,-1659.3809814453125,-914.0,-583.0,-67.26349639892578,131.26060485839844,-1.2724429368972778,0.13177402317523956,-0.6000000238418579,0.13177402317523956,-0.6000000238418579,0.13177402317523956,0.0,0.0,0.0,0.0
17.058005078,-2011.6319580078125,-1719.5615234375,-914.0,-583.0,-67.26349639892578,131.26060485839844,-1.2724429368972778,0.13177402317523956,-0.6200000047683716,0.13177402317523956,-0.6200000047683716,0.13177402317523956,0.0,0.0,0.0,0.0
17.077915349,-2071.8125,-1779.7420654296875,-1160.0,-731.0,-69.4542007446289,129.8083953857422,-1.2724429368972778,0.13177402317523956,-0.6399999856948853,0.13177402317523956,-0.6399999856948853,0.13177402317523956,0.0,0.0,0.0,0.0
17.097977593,-2131.9931640625,-1839.922607421875,-1160.0,-731.0,-69.4542007446289,129.8083953857422,-1.2724429368972778,0.13177402317523956,-0.6600000262260437,0.13177402317523956,-0.6600000262260437,0.13177402317523956,0.0,0.0,0.0,0.0
17.118093822,-2192.173583984375,-1900.1031494140625,-1160.0,-731.0,-69.4542007446289,129.8083953857422,-1.2724429368972778,0.13177402317523956,-0.6800000071525574,0.13177402317523956,-0.6800000071525574,0.13177402317523956,0.0,0.0,0.0,0.0
17.138121889,-2252.354248046875,-1960.28369140625,-1160.0,-731.0,-69.4542007446289,129.8083953857422,-1.2724429368972778,0.13177402317523956,-0.699999988079071,0.13177402317523956,-0.699999988079071,0.13177402317523956,0.0,0.0,0.0,0.0
17.157944861,-2312.53466796875,-2020.4642333984375,-1160.0,-731.0,-69.4542007446289,129.8083953857422,-1.2724429368972778,0.13177402317523956,-0.7200000286102295,0.13177402317523956,-0.7200000286102295,0.13177402317523956,0.0,0.0,0.0,0.0
17.177941119,-2372.71533203125,-2080.644775390625,-1354.0,-886.0,-72.0020980834961,127.99909973144531,-1.2724429368972778,0.13177402317523956,-0.7400000095367432,0.13177402317523956,-0.7400000095367432,0.13177402317523956,0.0,0.0,0.0,0.0
17.197994147,-2432.895751953125,-2140.825439453125,-1354.0,-886.0,-72.0020980834961,127.99909973144531,-1.2724429368972778,0.13177402317523956,-0.7599999904632568,0.13177402317523956,-0.7599999904632568,0.13177402317523956,0.0,0.0,0.0,0.0
17.218185739,-2493.076416015625,-2201.005859375,-1354.0,-886.0,-72.0020980834961,127.99909973144531,-1.2724429368972778,0.13177402317523956,-0.7799999713897705,0.13177402317523956,-0.7799999713897705,0.13177402317523956,0.0,0.0,0.0,0.0
17.238067689,-2553.2568359375,-2261.1865234375,-1354.0,-886.0,-72.0020980834961,127.99909973144531,-1.2724429368972778,0.13177402317523956,-0.800000011920929,0.13177402317523956,-0.800000011920929,0.13177402317523956,0.0,0.0,0.0,0.0
17.257997736,-2613.4375,-2321.366943359375,-1354.0,-886.0,-72.0020980834961,127.99909973144531,-1.2724429368972778,0.13177402317523956,-0.8199999928474426,0.13177402317523956,-0.8199999928474426,0.13177402317523956,0.0,0.0,0.0,0.0
17.27794068,-2673.617919921875,-2381.547607421875,-1549.0,-1143.0,-74.88330078125,125.80889892578125,-1.2724429368972778,0.13177402317523956,-0.8399999737739563,0.13177402317523956,-0.8399999737739563,0.13177402317523956,0.0,0.0,0.0,0.0
17.298219155,-2733.798583984375,-2441.72802734375,-1549.0,-1143.0,-74.88330078125,125.80889892578125,-1.2724429368972778,0.13177402317523956,-0.8600000143051147,0.13177402317523956,-0.8600000143051147,0.13177402317523956,0.0,0.0,0.0,0.0
17.318037103,-2793.97900390625,-2501.90869140625,-1549.0,-1143.0,-74.88330078125,125.80889892578125,-1.2724429368972778,0.13177402317523956,-0.8799999952316284,0.13177402317523956,-0.8799999952316284,0.13177402317523956,0.0,0.0,0.0,0.0
17.337959407,-2854.15966796875,-2562.089111328125,-1549.0,-1143.0,-74.88330078125,125.80889892578125,-1.2724429368972778,0.13177402317523956,-0.8999999761581421,0.13177402317523956,-0.8999999761581421,0.13177402317523956,0.0,0.0,0.0,0.0
17.357914863,-2914.340087890625,-2622.269775390625,-1686.0,-1269.0,-77.47879791259766,123.85679626464844,-1.2724429368972778,0.13177402317523956,-0.9200000166893005,0.13177402317523956,-0.9200000166893005,0.13177402317523956,0.0,0.0,0.0,0.0
17.377968371,-2974.520751953125,-2682.4501953125,-1686.0,-1269.0,-77.47879791259766,123.85679626464844,-1.2724429368972778,0.13177402317523956,-0.9399999976158142,0.13177402317523956,-0.9399999976158142,0.13177402317523956,0.0,0.0,0.0,0.0
17.398005686,-3034.701171875,-2742.630859375,-1686.0,-1269.0,-77.47879791259766,123.85679626464844,-1.2724429368972778,0.13177402317523956,-0.9599999785423279,0.13177402317523956,-0.9599999785423279,0.13177402317523956,0.0,0.0,0.0,0.0
17.418031864,-3094.8818359375,-2802.811279296875,-1686.0,-1269.0,-77.47879791259766,123.85679626464844,-1.2724429368972778,0.13177402317523956,-0.9800000190734863,0.13177402317523956,-0.9800000190734863,0.13177402317523956,0.0,0.0,0.0,0.0
17.437972408,-3155.062255859375,-2862.991943359375,-1686.0,-1269.0,-77.47879791259766,123.85679626464844,-1.2724429368972778,0.13177402317523956,-1.0,0.13177402317523956,-1.0,0.13177402317523956,0.0,0.0,0.0,0.0
17.457966426,-3215.242919921875,-2923.17236328125,-1949.0,-1451.0,-81.00299835205078,121.11910247802734,-1.2724429368972778,0.13177402317523956,-1.0199999809265137,0.13177402317523956,-1.0199999809265137,0.13177402317523956,0.0,0.0,0.0,0.0
17.477986781,-3275.42333984375,-2983.35302734375,-1949.0,-1451.0,-81.00299835205078,121.11910247802734,-1.2724429368972778,0.13177402317523956,-1.0399999618530273,0.13177402317523956,-1.0399999618530273,0.13177402317523956,0.0,0.0,0.0,0.0
17.498015647,-3335.60400390625,-3043.533447265625,-1949.0,-1451.0,-81.00299835205078,121.11910247802734,-1.2724429368972778,0.13177402317523956,-1.059999942779541,0.13177402317523956,-1.059999942779541,0.13177402317523956,0.0,0.0,0.0,0.0
17.518005921,-3395.784423828125,-3103.714111328125,-1949.0,-1451.0,-81.00299835205078,121.11910247802734,-1.2724429368972778,0.13177402317523956,-1.0800000429153442,0.13177402317523956,-1.0800000429153442,0.13177402317523956,0.0,0.0,0.0,0.0
17.537977538,-3455.965087890625,-3163.89453125,-1949.0,-1451.0,-81.00299835205078,121.11910247802734,-1.2724429368972778,0.13177402317523956,-1.100000023841858,0.13177402317523956,-1.100000023841858,0.13177402317523956,0.0,0.0,0.0,0.0
17.557975108,-3516.1455078125,-3224.0751953125,-2097.0,-1669.0,-84.57469940185547,118.11949920654297,-1.2724429368972778,0.13177402317523956,-1.1200000047683716,0.13177402317523956,-1.1200000047683716,0.13177402317523956,0.0,0.0,0.0,0.0
17.577910307,-3576.326171875,-3284.255615234375,-2097.0,-1669.0,-84.57469940185547,118.11949920654297,-1.2724429368972778,0.13177402317523956,-1.1399999856948853,0.13177402317523956,-1.1399999856948853,0.13177402317523956,0.0,0.0,0.0,0.0
17.59804881,-3636.506591796875,-3344.436279296875,-2097.0,-1669.0,-84.57469940185547,118.11949920654297,-1.2724429368972778,0.13177402317523956,-1.159999966621399,0.13177402317523956,-1.159999966621399,0.13177402317523956,0.0,0.0,0.0,0.0
17.617998314,-3696.687255859375,-3404.61669921875,-2097.0,-1669.0,-84.57469940185547,118.11949920654297,-1.2724429368972778,0.13177402317523956,-1.1799999475479126,0.13177402317523956,-1.1799999475479126,0.13177402317523956,0.0,0.0,0.0,0.0
17.637968139,-3756.86767578125,-3464.79736328125,-2097.0,-1669.0,-84.57469940185547,118.11949920654297,-1.2724429368972778,0.13177402317523956,-1.2000000476837158,0.13177402317523956,-1.2000000476837158,0.13177402317523956,0.0,0.0,0.0,0.0
17.657956428,-3817.04833984375,-3524.977783203125,-2126.0,-1840.0,-88.05130004882812,114.83419799804688,-1.2724429368972778,0.13177402317523956,-1.2200000286102295,0.13177402317523956,-1.2200000286102295,0.13177402317523956,0.0,0.0,0.0,0.0
17.677898828,-3877.228759765625,-3585.158447265625,-2126.0,-1840.0,-88.05130004882812,114.83419799804688,-1.2724429368972778,0.13177402317523956,-1.2400000095367432,0.13177402317523956,-1.2400000095367432,0.13177402317523956,0.0,0.0,0.0,0.0
17.697932847,-3937.409423828125,-3645.3388671875,-2126.0,-1840.0,-88.05130004882812,114.83419799804688,-1.2724429368972778,0.13177402317523956,-1.2599999904632568,0.13177402317523956,-1.2599999904632568,0.13177402317523956,0.0,0.0,0.0,0.0
17.71795621,-3974.850341796875,-3682.780029296875,-2126.0,-1840.0,-88.05130004882812,114.83419799804688,-1.2724429368972778,0.13177402317523956,-1.2724429368972778,0.13177402317523956,-1.2724429368972778,0.13177402317523956,0.0,0.0,0.0,0.0
17.737950644,-3974.850341796875,-3682.780029296875,-2126.0,-1840.0,-88.05130004882812,114.83419799804688,-1.2724429368972778,0.13177402317523956,-1.2724429368972778,0.13177402317523956,-1.2724429368972778,0.13177402317523956,0.0,0.0,0.0,0.0
17.759053945,-3840.25048828125,-3636.838134765625,-2080.0,-1931.0,-91.50389862060547,111.59649658203125,0.0,-0.0,-1.2424429655075073,0.09177402406930923,-1.2424429655075073,0.09177402406930923,0.0,0.0,0.0,0.0
17.777898454,-3705.65087890625,-3590.896240234375,-2080.0,-1931.0,-91.50389862060547,111.59649658203125,0.0,-0.0,-1.2124428749084473,0.051774024963378906,-1.2124428749084473,0.051774024963378906,0.0,0.0,0.0,0.0
17.797953785,-3571.051025390625,-3544.954345703125,-2080.0,-1931.0,-91.50389862060547,111.59649658203125,0.0,-0.0,-1.1824429035186768,0.011774023063480854,-1.1824429035186768,0.011774023063480854,0.0,0.0,0.0,0.0
17.818005981,-3467.73193359375,-3467.73193359375,-2080.0,-1931.0,-91.50389862060547,111.59649658203125,0.0,-0.0,-1.1524429321289062,0.0,-1.1524429321289062,0.0,0.0,0.0,0.0,0.0
17.837989886,-3377.461181640625,-3377.461181640625,-2080.0,-1931.0,-91.50389862060547,111.59649658203125,0.0,-0.0,-1.1224429607391357,0.0,-1.1224429607391357,0.0,0.0,0.0,0.0,0.0
17.858294794,-3287.190185546875,-3287.190185546875,-2097.0,-1943.0,-95.0510025024414,108.4302978515625,0.0,-0.0,-1.0924428701400757,0.0,-1.0924428701400757,0.0,0.0,0.0,0.0,0.0
17.877998562,-3196.91943359375,-3196.91943359375,-2097.0,-1943.0,-95.0510025024414,108.4302978515625,0.0,-0.0,-1.0624428987503052,0.0,-1.0624428987503052,0.0,0.0,0.0,0.0,0.0
17.89794573,-3106.648681640625,-3106.648681640625,-2097.0,-1943.0,-95.0510025024414,108.4302978515625,0.0,-0.0,-1.0324429273605347,0.0,-1.0324429273605347,0.0,0.0,0.0,0.0,0.0
17.918007375,-3016.3779296875,-3016.3779296875,-2097.0,-1943.0,-95.0510025024414,108.4302978515625,0.0,-0.0,-1.0024429559707642,0.0,-1.0024429559707642,0.0,0.0,0.0,0.0,0.0
17.938208763,-2926.10693359375,-2926.10693359375,-2109.0,-1891.0,-97.88400268554688,106.00199890136719,0.0,-0.0,-0.9724429249763489,0.0,-0.9724429249763489,0.0,0.0,0.0,0.0,0.0
17.957908311,-2835.836181640625,-2835.836181640625,-2109.0,-1891.0,-97.88400268554688,106.00199890136719,0.0,-0.0,-0.9424428939819336,0.0,-0.9424428939819336,0.0,0.0,0.0,0.0,0.0
17.978022849,-2745.5654296875,-2745.5654296875,-2109.0,-1891.0,-97.88400268554688,106.00199890136719,0.0,-0.0,-0.9124429225921631,0.0,-0.9124429225921631,0.0,0.0,0.0,0.0,0.0
17.997938404,-2655.294677734375,-2655.294677734375,-2109.0,-1891.0,-97.88400268554688,106.00199890136719,0.0,-0.0,-0.8824428915977478,0.0,-0.8824428915977478,0.0,0.0,0.0,0.0,0.0
18.018118991,-2565.023681640625,-2565.023681640625,-2109.0,-1891.0,-97.88400268554688,106.00199890136719,0.0,-0.0,-0.8524429202079773,0.0,-0.8524429202079773,0.0,0.0,0.0,0.0,0.0
18.03798984,-2474.7529296875,-2474.7529296875,-2109.0,-1851.0,-101.2645034790039,102.95480346679688,0.0,-0.0,-0.822442889213562,0.0,-0.822442889213562,0.0,0.0,0.0,0.0,0.0
18.057890867,-2384.482177734375,-2384.482177734375,-2109.0,-1851.0,-101.2645034790039,102.95480346679688,0.0,-0.0,-0.7924429178237915,0.0,-0.7924429178237915,0.0,0.0,0.0,0.0,0.0
18.077950234,-2294.21142578125,-2294.21142578125,-2109.0,-1851.0,-101.2645034790039,102.95480346679688,0.0,-0.0,-0.7624428868293762,0.0,-0.7624428868293762,0.0,0.0,0.0,0.0,0.0
18.097937888,-2203.9404296875,-2203.9404296875,-2109.0,-1851.0,-101.2645034790039,102.95480346679688,0.0,-0.0,-0.7324429154396057,0.0,-0.7324429154396057,0.0,0.0,0.0,0.0,0.0
18.118442741,-2113.669677734375,-2113.669677734375,-2109.0,-1851.0,-101.2645034790039,102.95480346679688,0.0,-0.0,-0.7024428844451904,0.0,-0.7024428844451904,0.0,0.0,0.0,0.0,0.0
18.137987948,-2023.39892578125,-2023.39892578125,-1954.0,-1766.0,-103.8832015991211,100.24079895019531,0.0,-0.0,-0.6724429130554199,0.0,-0.6724429130554199,0.0,0.0,0.0,0.0,0.0
18.157890895,-1933.1280517578125,-1933.1280517578125,-1954.0,-1766.0,-103.8832015991211,100.24079895019531,0.0,-0.0,-0.6424428820610046,0.0,-0.6424428820610046,0.0,0.0,0.0,0.0,0.0
18.17799692,-1842.8572998046875,-1842.8572998046875,-1954.0,-1766.0,-103.8832015991211,100.24079895019531,0.0,-0.0,-0.6124429106712341,0.0,-0.6124429106712341,0.0,0.0,0.0,0.0,0.0
18.19799427,-1752.58642578125,-1752.58642578125,-1954.0,-1766.0,-103.8832015991211,100.24079895019531,0.0,-0.0,-0.5824428796768188,0.0,-0.5824428796768188,0.0,0.0,0.0,0.0,0.0
18.218027044,-1662.315673828125,-1662.315673828125,-1954.0,-1766.0,-103.8832015991211,100.24079895019531,0.0,-0.0,-0.5524429082870483,0.0,-0.5524429082870483,0.0,0.0,0.0,0.0,0.0
18.238003785,-1572.0447998046875,-1572.0447998046875,-1491.0,-1571.0,-105.76390075683594,98.19349670410156,0.0,-0.0,-0.5224428772926331,0.0,-0.5224428772926331,0.0,0.0,0.0,0.0,0.0
18.2579315,-1481.7740478515625,-1481.7740478515625,-1491.0,-1571.0,-105.76390075683594,98.19349670410156,0.0,-0.0,-0.49244290590286255,0.0,-0.49244290590286255,0.0,0.0,0.0,0.0,0.0
18.278238364,-1391.503173828125,-1391.503173828125,-1491.0,-1571.0,-105.76390075683594,98.19349670410156,0.0,-0.0,-0.46244290471076965,0.0,-0.46244290471076965,0.0,0.0,0.0,0.0,0.0
18.297937368,-1301.232421875,-1301.232421875,-1491.0,-1571.0,-105.76390075683594,98.19349670410156,0.0,-0.0,-0.43244290351867676,0.0,-0.43244290351867676,0.0,0.0,0.0,0.0,0.0
18.31822199,-1210.9615478515625,-1210.9615478515625,-1491.0,-1571.0,-105.76390075683594,98.19349670410156,0.0,-0.0,-0.40244290232658386,0.0,-0.40244290232658386,0.0,0.0,0.0,0.0,0.0
18.337992293,-1120.6907958984375,-1120.6907958984375,-1120.0,-1274.0,-107.21610260009766,96.71749877929688,0.0,-0.0,-0.37244290113449097,0.0,-0.37244290113449097,0.0,0.0,0.0,0.0,0.0
18.357961161,-1030.419921875,-1030.419921875,-1120.0,-1274.0,-107.21610260009766,96.71749877929688,0.0,-0.0,-0.34244289994239807,0.0,-0.34244289994239807,0.0,0.0,0.0,0.0,0.0
18.377916142,-940.149169921875,-940.149169921875,-1120.0,-1274.0,-107.21610260009766,96.71749877929688,0.0,-0.0,-0.3124428987503052,0.0,-0.3124428987503052,0.0,0.0,0.0,0.0,0.0
18.397954261,-849.8783569335938,-849.8783569335938,-1120.0,-1274.0,-107.21610260009766,96.71749877929688,0.0,-0.0,-0.2824428975582123,0.0,-0.2824428975582123,0.0,0.0,0.0,0.0,0.0
18.417963898,-759.6075439453125,-759.6075439453125,-1120.0,-1274.0,-107.21610260009766,96.71749877929688,0.0,-0.0,-0.2524428963661194,0.0,-0.2524428963661194,0.0,0.0,0.0,0.0,0.0
18.437960352,-669.3367309570312,-669.3367309570312,-846.0,-789.0,-108.23979949951172,95.95570373535156,0.0,-0.0,-0.22244291007518768,0.0,-0.22244291007518768,0.0,0.0,0.0,0.0,0.0
18.458148555,-579.06591796875,-579.06591796875,-846.0,-789.0,-108.23979949951172,95.95570373535156,0.0,-0.0,-0.1924429088830948,0.0,-0.1924429088830948,0.0,0.0,0.0,0.0,0.0
18.477999628,-488.79510498046875,-488.79510498046875,-846.0,-789.0,-108.23979949951172,95.95570373535156,0.0,-0.0,-0.1624429076910019,0.0,-0.1624429076910019,0.0,0.0,0.0,0.0,0.0
18.497943856,-398.5242919921875,-398.5242919921875,-846.0,-789.0,-108.23979949951172,95.95570373535156,0.0,-0.0,-0.132442906498909,0.0,-0.132442906498909,0.0,0.0,0.0,0.0,0.0
18.517988343,-308.25347900390625,-308.25347900390625,-846.0,-789.0,-108.23979949951172,95.95570373535156,0.0,-0.0,-0.1024429053068161,0.0,-0.1024429053068161,0.0,0.0,0.0,0.0,0.0
18.538039422,-217.982666015625,-217.982666015625,-571.0,-446.0,-108.62069702148438,95.66999816894531,0.0,-0.0,-0.0724429041147232,0.0,-0.0724429041147232,0.0,0.0,0.0,0.0,0.0
18.557909344,-127.71186065673828,-127.71186065673828,-571.0,-446.0,-108.62069702148438,95.66999816894531,0.0,-0.0,-0.04244290664792061,0.0,-0.04244290664792061,0.0,0.0,0.0,0.0,0.0
18.577967464,-37.441043853759766,-37.441043853759766,-571.0,-446.0,-108.62069702148438,95.66999816894531,0.0,-0.0,-0.012442907318472862,0.0,-0.012442907318472862,0.0,0.0,0.0,0.0,0.0
18.598306616,0.0,0.0,-571.0,-446.0,-108.62069702148438,95.66999816894531,0.0,-0.0,0.0,0.0,0.0,0.0,0.0,0.0,0.0,0.0
18.618023604,0.0,0.0,-571.0,-446.0,-108.62069702148438,95.66999816894531,0.0,-0.0,0.0,0.0,0.0,0.0,0.0,0.0,0.0,0.0
18.637979033,0.0,0.0,-263.0,-166.0,-108.52549743652344,95.71759796142578,0.0,-0.0,0.0,0.0,0.0,0.0,0.0,0.0,0.0,0.0
18.657933181,0.0,0.0,-263.0,-166.0,-108.52549743652344,95.71759796142578,0.0,-0.0,0.0,0.0,0.0,0.0,0.0,0.0,0.0,0.0
18.678007301,15.851554870605469,104.50952911376953,-263.0,-166.0,-108.52549743652344,95.71759796142578,1.0981765985488892,0.07626226544380188,0.019999999552965164,0.03999999910593033,0.019999999552965164,0.03999999910593033,0.0,0.0,0.0,0.0
18.697965577,35.845359802246094,204.87680053710938,-263.0,-166.0,-108.52549743652344,95.71759796142578,1.0981765985488892,0.07626226544380188,0.03999999910593033,0.07626226544380188,0.03999999910593033,0.07626226544380188,0.0,0.0,0.0,0.0
18.718090387,96.0259017944336,265.0573425292969,-263.0,-166.0,-108.52549743652344,95.71759796142578,1.0981765985488892,0.07626226544380188,0.05999999865889549,0.07626226544380188,0.05999999865889549,0.07626226544380188,0.0,0.0,0.0,0.0
18.738041623,156.20643615722656,325.2378845214844,6.0,-11.0,-108.47789764404297,95.78900146484375,1.0981765985488892,0.07626226544380188,0.07999999821186066,0.07626226544380188,0.07999999821186066,0.07626226544380188,0.0,0.0,0.0,0.0
18.757922777,216.38697814941406,385.4184265136719,6.0,-11.0,-108.47789764404297,95.78900146484375,1.0981765985488892,0.07626226544380188,0.10000000149011612,0.07626226544380188,0.10000000149011612,0.07626226544380188,0.0,0.0,0.0,0.0
18.778004385,320.8965148925781,401.2699890136719,6.0,-11.0,-108.47789764404297,95.78900146484375,1.2707993984222412,-0.03683476522564888,0.11999999731779099,0.03626226633787155,0.11999999731779099,0.03626226633787155,0.0,0.0,0.0,0.0
18.798325936,425.4060363769531,417.1215515136719,6.0,-11.0,-108.47789764404297,95.78900146484375,1.2707993984222412,-0.03683476522564888,0.14000000059604645,-0.003737734630703926,0.14000000059604645,-0.003737734630703926,0.0,0.0,0.0,0.0
18.818708578,529.9155883789062,432.97308349609375,6.0,-11.0,-108.47789764404297,95.78900146484375,1.490341067314148,-0.11330078542232513,0.1599999964237213,-0.043737735599279404,0.1599999964237213,-0.043737735599279404,0.0,0.0,0.0,0.0
18.838001554,634.4251098632812,448.82464599609375,46.0,40.0,-108.4302978515625,95.8604965209961,1.490341067314148,-0.11330078542232513,0.18000000715255737,-0.08373773097991943,0.18000000715255737,-0.08373773097991943,0.0,0.0,0.0,0.0
18.857910548,727.3681640625,476.24267578125,46.0,40.0,-108.4302978515625,95.8604965209961,1.490341067314148,-0.11330078542232513,0.20000000298023224,-0.11330078542232513,0.20000000298023224,-0.11330078542232513,0.0,0.0,0.0,0.0
18.877954747,809.3303833007812,514.6415405273438,46.0,40.0,-108.4302978515625,95.8604965209961,1.4866830110549927,-0.1329553872346878,0.2199999988079071,-0.1329553872346878,0.2199999988079071,-0.1329553872346878,0.0,0.0,0.0,0.0
18.898025251,869.5109252929688,574.8220825195312,46.0,40.0,-108.4302978515625,95.8604965209961,1.4866830110549927,-0.1329553872346878,0.23999999463558197,-0.1329553872346878,0.23999999463558197,-0.1329553872346878,0.0,0.0,0.0,0.0
18.917931055,929.6914672851562,635.0026245117188,46.0,40.0,-108.4302978515625,95.8604965209961,1.4866830110549927,-0.1329553872346878,0.25999999046325684,-0.1329553872346878,0.25999999046325684,-0.1329553872346878,0.0,0.0,0.0,0.0
18.938003003,989.8720092773438,695.1831665039062,154.0,91.0,-107.64459991455078,96.1698989868164,1.4866830110549927,-0.1329553872346878,0.2800000011920929,-0.1329553872346878,0.2800000011920929,-0.1329553872346878,0.0,0.0,0.0,0.0
18.95800042,1044.9393310546875,760.4768676757812,154.0,91.0,-107.64459991455078,96.1698989868164,1.4875950813293457,-0.12834152579307556,0.30000001192092896,-0.12834152579307556,0.30000001192092896,-0.12834152579307556,0.0,0.0,0.0,0.0
18.97800187,1103.4927978515625,822.2844848632812,154.0,91.0,-107.64459991455078,96.1698989868164,1.4878783226013184,-0.12687334418296814,0.3199999928474426,-0.12687334418296814,0.3199999928474426,-0.12687334418296814,0.0,0.0,0.0,0.0
18.998063801,1163.67333984375,882.4650268554688,154.0,91.0,-107.64459991455078,96.1698989868164,1.4878783226013184,-0.12687334418296814,0.3400000035762787,-0.12687334418296814,0.3400000035762787,-0.12687334418296814,0.0,0.0,0.0,0.0
19.017970784,1223.8538818359375,942.6455688476562,154.0,91.0,-107.64459991455078,96.1698989868164,1.4878783226013184,-0.12687334418296814,0.36000001430511475,-0.12687334418296814,0.36000001430511475,-0.12687334418296814,0.0,0.0,0.0,0.0
19.037973674,1284.034423828125,1002.8261108398438,480.0,240.0,-106.09719848632812,96.88410186767578,1.4878783226013184,-0.12687334418296814,0.3799999952316284,-0.12687334418296814,0.3799999952316284,-0.12687334418296814,0.0,0.0,0.0,0.0
19.05812076,1344.2149658203125,1063.0067138671875,480.0,240.0,-106.09719848632812,96.88410186767578,1.4878783226013184,-0.12687334418296814,0.4000000059604645,-0.12687334418296814,0.4000000059604645,-0.12687334418296814,0.0,0.0,0.0,0.0
19.077921692,1404.3955078125,1123.187255859375,480.0,240.0,-106.09719848632812,96.88410186767578,1.4878783226013184,-0.12687334418296814,0.41999998688697815,-0.12687334418296814,0.41999998688697815,-0.12687334418296814,0.0,0.0,0.0,0.0
19.098031592,1464.5760498046875,1183.3677978515625,480.0,240.0,-106.09719848632812,96.88410186767578,1.4878783226013184,-0.12687334418296814,0.4399999976158142,-0.12687334418296814,0.4399999976158142,-0.12687334418296814,0.0,0.0,0.0,0.0
19.118007825,1524.756591796875,1243.54833984375,480.0,240.0,-106.09719848632812,96.88410186767578,1.4878783226013184,-0.12687334418296814,0.46000000834465027,-0.12687334418296814,0.46000000834465027,-0.12687334418296814,0.0,0.0,0.0,0.0
19.138032828,1580.741943359375,1307.924072265625,829.0,434.0,-104.40699768066406,97.95539855957031,1.488593578338623,-0.12308784574270248,0.47999998927116394,-0.12308784574270248,0.47999998927116394,-0.12308784574270248,0.0,0.0,0.0,0.0
19.157924482,1640.9224853515625,1368.1044921875,829.0,434.0,-104.40699768066406,97.95539855957031,1.488593578338623,-0.12308784574270248,0.5,-0.12308784574270248,0.5,-0.12308784574270248,0.0,0.0,0.0,0.0
19.177991758,1701.10302734375,1428.2850341796875,829.0,434.0,-104.40699768066406,97.95539855957031,1.488593578338623,-0.12308784574270248,0.5199999809265137,-0.12308784574270248,0.5199999809265137,-0.12308784574270248,0.0,0.0,0.0,0.0
19.197974359,1761.2835693359375,1488.465576171875,829.0,434.0,-104.40699768066406,97.95539855957031,1.488593578338623,-0.12308784574270248,0.5400000214576721,-0.12308784574270248,0.5400000214576721,-0.12308784574270248,0.0,0.0,0.0,0.0
19.217968864,1821.464111328125,1548.6461181640625,829.0,434.0,-104.40699768066406,97.95539855957031,1.488593578338623,-0.12308784574270248,0.5600000023841858,-0.12308784574270248,0.5600000023841858,-0.12308784574270248,0.0,0.0,0.0,0.0
19.237964458,1877.443603515625,1613.02783203125,1034.0,623.0,-102.57389831542969,99.21720123291016,1.4892878532409668,-0.11929696798324585,0.5799999833106995,-0.11929696798324585,0.5799999833106995,-0.11929696798324585,0.0,0.0,0.0,0.0
19.257895281,1937.6241455078125,1673.2083740234375,1034.0,623.0,-102.57389831542969,99.21720123291016,1.4892878532409668,-0.11929696798324585,0.6000000238418579,-0.11929696798324585,0.6000000238418579,-0.11929696798324585,0.0,0.0,0.0,0.0
19.277889275,1997.8046875,1733.388916015625,1034.0,623.0,-102.57389831542969,99.21720123291016,1.4892878532409668,-0.11929696798324585,0.6200000047683716,-0.11929696798324585,0.6200000047683716,-0.11929696798324585,0.0,0.0,0.0,0.0
19.29807793,2057.985107421875,1793.5694580078125,1034.0,623.0,-102.57389831542969,99.21720123291016,1.4892878532409668,-0.11929696798324585,0.6399999856948853,-0.11929696798324585,0.6399999856948853,-0.11929696798324585,0.0,0.0,0.0,0.0
19.317960752,2118.165771484375,1853.75,1034.0,623.0,-102.57389831542969,99.21720123291016,1.4892878532409668,-0.11929696798324585,0.6600000262260437,-0.11929696798324585,0.6600000262260437,-0.11929696798324585,0.0,0.0,0.0,0.0
19.337980122,2178.34619140625,1913.9305419921875,1171.0,749.0,-100.28849792480469,100.66940307617188,1.4892878532409668,-0.11929696798324585,0.6800000071525574,-0.11929696798324585,0.6800000071525574,-0.11929696798324585,0.0,0.0,0.0,0.0
19.358105319,2238.52685546875,1974.111083984375,1171.0,749.0,-100.28849792480469,100.66940307617188,1.4892878532409668,-0.11929696798324585,0.699999988079071,-0.11929696798324585,0.699999988079071,-0.11929696798324585,0.0,0.0,0.0,0.0
19.377985421,2294.50048828125,2038.49853515625,1171.0,749.0,-100.28849792480469,100.66940307617188,1.48996102809906,-0.11550085991621017,0.7200000286102295,-0.11550085991621017,0.7200000286102295,-0.11550085991621017,0.0,0.0,0.0,0.0
19.398045529,2354.680908203125,2098.67919921875,1171.0,749.0,-100.28849792480469,100.66940307617188,1.48996102809906,-0.11550085991621017,0.7400000095367432,-0.11550085991621017,0.7400000095367432,-0.11550085991621017,0.0,0.0,0.0,0.0
19.417964224,2414.861572265625,2158.859619140625,1171.0,749.0,-100.28849792480469,100.66940307617188,1.48996102809906,-0.11550085991621017,0.7599999904632568,-0.11550085991621017,0.7599999904632568,-0.11550085991621017,0.0,0.0,0.0,0.0
19.438020811,2474.554443359375,2219.52783203125,1389.0,926.0,-97.59829711914062,102.43099975585938,1.4900376796722412,-0.11506082117557526,0.7799999713897705,-0.11506082117557526,0.7799999713897705,-0.11506082117557526,0.0,0.0,0.0,0.0
19.458041269,2534.73486328125,2279.70849609375,1389.0,926.0,-97.59829711914062,102.43099975585938,1.4900376796722412,-0.11506082117557526,0.800000011920929,-0.11506082117557526,0.800000011920929,-0.11506082117557526,0.0,0.0,0.0,0.0
19.477959997,2590.718505859375,2344.0859375,1389.0,926.0,-97.59829711914062,102.43099975585938,1.4906847476959229,-0.11127375811338425,0.8199999928474426,-0.11127375811338425,0.8199999928474426,-0.11127375811338425,0.0,0.0,0.0,0.0
19.498051337,2650.899169921875,2404.266357421875,1389.0,926.0,-97.59829711914062,102.43099975585938,1.4906847476959229,-0.11127375811338425,0.8399999737739563,-0.11127375811338425,0.8399999737739563,-0.11127375811338425,0.0,0.0,0.0,0.0
19.518016849,2711.07958984375,2464.447021484375,1389.0,926.0,-97.59829711914062,102.43099975585938,1.4906847476959229,-0.11127375811338425,0.8600000143051147,-0.11127375811338425,0.8600000143051147,-0.11127375811338425,0.0,0.0,0.0,0.0
19.538043164,2770.791748046875,2525.095947265625,1583.0,1091.0,-94.7654037475586,104.5260009765625,1.490755558013916,-0.11085105687379837,0.8799999952316284,-0.11085105687379837,0.8799999952316284,-0.11085105687379837,0.0,0.0,0.0,0.0
19.557949283,2830.97216796875,2585.276611328125,1583.0,1091.0,-94.7654037475586,104.5260009765625,1.490755558013916,-0.11085105687379837,0.8999999761581421,-0.11085105687379837,0.8999999761581421,-0.11085105687379837,0.0,0.0,0.0,0.0
19.578041007,2891.15283203125,2645.45703125,1583.0,1091.0,-94.7654037475586,104.5260009765625,1.490755558013916,-0.11085105687379837,0.9200000166893005,-0.11085105687379837,0.9200000166893005,-0.11085105687379837,0.0,0.0,0.0,0.0
19.598049369,2951.333251953125,2705.6376953125,1583.0,1091.0,-94.7654037475586,104.5260009765625,1.490755558013916,-0.11085105687379837,0.9399999976158142,-0.11085105687379837,0.9399999976158142,-0.11085105687379837,0.0,0.0,0.0,0.0
19.61798448,3011.513916015625,2765.818115234375,1583.0,1091.0,-94.7654037475586,104.5260009765625,1.490755558013916,-0.11085105687379837,0.9599999785423279,-0.11085105687379837,0.9599999785423279,-0.11085105687379837,0.0,0.0,0.0,0.0
19.637953065,3067.5078125,2830.185302734375,1703.0,1251.0,-91.76580047607422,106.8114013671875,1.4913766384124756,-0.10707320272922516,0.9800000190734863,-0.10707320272922516,0.9800000190734863,-0.10707320272922516,0.0,0.0,0.0,0.0
19.658217274,3127.688232421875,2890.365966796875,1703.0,1251.0,-91.76580047607422,106.8114013671875,1.4913766384124756,-0.10707320272922516,1.0,-0.10707320272922516,1.0,-0.10707320272922516,0.0,0.0,0.0,0.0
19.677949372,3175.278564453125,2963.13671875,1703.0,1251.0,-91.76580047607422,106.8114013671875,1.4931135177612305,-0.09571240842342377,1.0199999809265137,-0.09571240842342377,1.0199999809265137,-0.09571240842342377,0.0,0.0,0.0,0.0
19.698057673,3235.458984375,3023.3173828125,1703.0,1251.0,-91.76580047607422,106.8114013671875,1.4931135177612305,-0.09571240842342377,1.0399999618530273,-0.09571240842342377,1.0399999618530273,-0.09571240842342377,0.0,0.0,0.0,0.0
19.717946575,3295.6396484375,3083.497802734375,1703.0,1251.0,-91.76580047607422,106.8114013671875,1.4931135177612305,-0.09571240842342377,1.059999942779541,-0.09571240842342377,1.059999942779541,-0.09571240842342377,0.0,0.0,0.0,0.0
19.738007419,3161.039794921875,3037.555908203125,1806.0,1360.0,-88.64659881591797,109.19210052490234,0.0,-0.0,1.0299999713897705,-0.05571240931749344,1.0299999713897705,-0.05571240931749344,0.0,0.0,0.0,0.0
19.757896897,3026.43994140625,2991.6142578125,1806.0,1360.0,-88.64659881591797,109.19210052490234,0.0,-0.0,1.0,-0.01571240834891796,1.0,-0.01571240834891796,0.0,0.0,0.0,0.0
19.777990701,2918.75634765625,2918.75634765625,1806.0,1360.0,-88.64659881591797,109.19210052490234,0.0,-0.0,0.9700000286102295,0.0,0.9700000286102295,0.0,0.0,0.0,0.0,0.0
19.797938453,2828.4853515625,2828.4853515625,1806.0,1360.0,-88.64659881591797,109.19210052490234,0.0,-0.0,0.9399999976158142,0.0,0.9399999976158142,0.0,0.0,0.0,0.0,0.0
19.818156101,2738.214599609375,2738.214599609375,1806.0,1360.0,-88.64659881591797,109.19210052490234,0.0,-0.0,0.9100000262260437,0.0,0.9100000262260437,0.0,0.0,0.0,0.0,0.0
19.837970378,2647.94384765625,2647.94384765625,1851.0,1417.0,-85.57479858398438,111.64409637451172,0.0,-0.0,0.8799999952316284,0.0,0.8799999952316284,0.0,0.0,0.0,0.0,0.0
19.857966547,2557.673095703125,2557.673095703125,1851.0,1417.0,-85.57479858398438,111.64409637451172,0.0,-0.0,0.8500000238418579,0.0,0.8500000238418579,0.0,0.0,0.0,0.0,0.0
19.877922203,2467.402099609375,2467.402099609375,1851.0,1417.0,-85.57479858398438,111.64409637451172,0.0,-0.0,0.8199999928474426,0.0,0.8199999928474426,0.0,0.0,0.0,0.0,0.0
19.897930661,2377.13134765625,2377.13134765625,1851.0,1417.0,-85.57479858398438,111.64409637451172,0.0,-0.0,0.7900000214576721,0.0,0.7900000214576721,0.0,0.0,0.0,0.0,0.0
19.917914392,2286.860595703125,2286.860595703125,1851.0,1417.0,-85.57479858398438,111.64409637451172,0.0,-0.0,0.7599999904632568,0.0,0.7599999904632568,0.0,0.0,0.0,0.0,0.0
19.937991912,2196.58984375,2196.58984375,1834.0,1491.0,-82.62220001220703,114.21520233154297,0.0,-0.0,0.7300000190734863,0.0,0.7300000190734863,0.0,0.0,0.0,0.0,0.0
19.95792962,2106.31884765625,2106.31884765625,1834.0,1491.0,-82.62220001220703,114.21520233154297,0.0,-0.0,0.699999988079071,0.0,0.699999988079071,0.0,0.0,0.0,0.0,0.0
19.977981955,2016.048095703125,2016.048095703125,1834.0,1491.0,-82.62220001220703,114.21520233154297,0.0,-0.0,0.6700000166893005,0.0,0.6700000166893005,0.0,0.0,0.0,0.0,0.0
19.997943472,1925.77734375,1925.77734375,1834.0,1491.0,-82.62220001220703,114.21520233154297,0.0,-0.0,0.6399999856948853,0.0,0.6399999856948853,0.0,0.0,0.0,0.0,0.0
20.017887068,1835.5064697265625,1835.5064697265625,1834.0,1491.0,-82.62220001220703,114.21520233154297,0.0,-0.0,0.6100000143051147,0.0,0.6100000143051147,0.0,0.0,0.0,0.0,0.0
20.038004845,1745.2357177734375,1745.2357177734375,1691.0,1497.0,-80.2885971069336,116.61969757080078,0.0,-0.0,0.5799999833106995,0.0,0.5799999833106995,0.0,0.0,0.0,0.0,0.0
20.058000379,1654.96484375,1654.96484375,1691.0,1497.0,-80.2885971069336,116.61969757080078,0.0,-0.0,0.550000011920929,0.0,0.550000011920929,0.0,0.0,0.0,0.0,0.0
20.078105355,1564.694091796875,1564.694091796875,1691.0,1497.0,-80.2885971069336,116.61969757080078,0.0,-0.0,0.5199999809265137,0.0,0.5199999809265137,0.0,0.0,0.0,0.0,0.0
20.097980118,1474.4232177734375,1474.4232177734375,1691.0,1497.0,-80.2885971069336,116.61969757080078,0.0,-0.0,0.49000000953674316,0.0,0.49000000953674316,0.0,0.0,0.0,0.0,0.0
20.117923042,1384.1524658203125,1384.1524658203125,1691.0,1497.0,-80.2885971069336,116.61969757080078,0.0,-0.0,0.46000000834465027,0.0,0.46000000834465027,0.0,0.0,0.0,0.0,0.0
20.138008306,1293.881591796875,1293.881591796875,1389.0,1354.0,-78.74079895019531,118.38130187988281,0.0,-0.0,0.4300000071525574,0.0,0.4300000071525574,0.0,0.0,0.0,0.0,0.0
20.157951422,1203.61083984375,1203.61083984375,1389.0,1354.0,-78.74079895019531,118.38130187988281,0.0,-0.0,0.4000000059604645,0.0,0.4000000059604645,0.0,0.0,0.0,0.0,0.0
20.177998989,1113.3399658203125,1113.3399658203125,1389.0,1354.0,-78.74079895019531,118.38130187988281,0.0,-0.0,0.3700000047683716,0.0,0.3700000047683716,0.0,0.0,0.0,0.0,0.0
20.198018716,1023.0692138671875,1023.0692138671875,1389.0,1354.0,-78.74079895019531,118.38130187988281,0.0,-0.0,0.3400000035762787,0.0,0.3400000035762787,0.0,0.0,0.0,0.0,0.0
20.217996809,932.7984008789062,932.7984008789062,1389.0,1354.0,-78.74079895019531,118.38130187988281,0.0,-0.0,0.3100000023841858,0.0,0.3100000023841858,0.0,0.0,0.0,0.0,0.0
20.238080025,842.527587890625,842.527587890625,880.0,1063.0,-77.7406997680664,119.52400207519531,0.0,-0.0,0.2800000011920929,0.0,0.2800000011920929,0.0,0.0,0.0,0.0,0.0
20.258012645,752.2567749023438,752.2567749023438,880.0,1063.0,-77.7406997680664,119.52400207519531,0.0,-0.0,0.25,0.0,0.25,0.0,0.0,0.0,0.0,0.0
20.277988946,661.9859619140625,661.9859619140625,880.0,1063.0,-77.7406997680664,119.52400207519531,0.0,-0.0,0.2199999988079071,0.0,0.2199999988079071,0.0,0.0,0.0,0.0,0.0
20.298089091,571.7151489257812,571.7151489257812,880.0,1063.0,-77.7406997680664,119.52400207519531,0.0,-0.0,0.1899999976158142,0.0,0.1899999976158142,0.0,0.0,0.0,0.0,0.0
20.318121297,481.4443359375,481.4443359375,880.0,1063.0,-77.7406997680664,119.52400207519531,0.0,-0.0,0.1599999964237213,0.0,0.1599999964237213,0.0,0.0,0.0,0.0,0.0
20.337991163,391.17352294921875,391.17352294921875,600.0,680.0,-77.0739974975586,119.92880249023438,0.0,-0.0,0.12999999523162842,0.0,0.12999999523162842,0.0,0.0,0.0,0.0,0.0
20.358023018,300.9027099609375,300.9027099609375,600.0,680.0,-77.0739974975586,119.92880249023438,0.0,-0.0,0.10000000149011612,0.0,0.10000000149011612,0.0,0.0,0.0,0.0,0.0
20.378216125,210.63189697265625,210.63189697265625,600.0,680.0,-77.0739974975586,119.92880249023438,0.0,-0.0,0.07000000029802322,0.0,0.07000000029802322,0.0,0.0,0.0,0.0,0.0
20.398089543,120.361083984375,120.361083984375,600.0,680.0,-77.0739974975586,119.92880249023438,0.0,-0.0,0.03999999910593033,0.0,0.03999999910593033,0.0,0.0,0.0,0.0,0.0
20.418016563,30.09027099609375,30.09027099609375,600.0,680.0,-77.0739974975586,119.92880249023438,0.0,-0.0,0.009999999776482582,0.0,0.009999999776482582,0.0,0.0,0.0,0.0,0.0
20.43814042,0.0,0.0,337.0,229.0,-76.97879791259766,119.92880249023438,0.0,-0.0,0.0,0.0,0.0,0.0,0.0,0.0,0.0,0.0
20.457941101,0.0,0.0,337.0,229.0,-76.97879791259766,119.92880249023438,0.0,-0.0,0.0,0.0,0.0,0.0,0.0,0.0,0.0,0.0
20.477940122,0.0,0.0,337.0,229.0,-76.97879791259766,119.92880249023438,0.0,-0.0,0.0,0.0,0.0,0.0,0.0,0.0,0.0,0.0
20.498086636,0.0,0.0,337.0,229.0,-76.97879791259766,119.92880249023438,0.0,-0.0,0.0,0.0,0.0,0.0,0.0,0.0,0.0,0.0
20.517947158,0.0,0.0,337.0,229.0,-76.97879791259766,119.92880249023438,0.0,-0.0,0.0,0.0,0.0,0.0,0.0,0.0,0.0,0.0
20.53816577,0.0,0.0,51.0,40.0,-77.28829956054688,119.90499877929688,0.0,-0.0,0.0,0.0,0.0,0.0,0.0,0.0,0.0,0.0
20.557990195,0.0,0.0,51.0,40.0,-77.28829956054688,119.90499877929688,0.0,-0.0,0.0,0.0,0.0,0.0,0.0,0.0,0.0,0.0
20.577903966,0.0,0.0,51.0,40.0,-77.28829956054688,119.90499877929688,0.0,-0.0,0.0,0.0,0.0,0.0,0.0,0.0,0.0,0.0
20.59805224,0.0,0.0,51.0,40.0,-77.28829956054688,119.90499877929688,0.0,-0.0,0.0,0.0,0.0,0.0,0.0,0.0,0.0,0.0
20.617962652,0.0,0.0,51.0,40.0,-77.28829956054688,119.90499877929688,0.0,-0.0,0.0,0.0,0.0,0.0,0.0,0.0,0.0,0.0
20.638017835,0.0,0.0,-63.0,-11.0,-77.21690368652344,119.90499877929688,0.0,-0.0,0.0,0.0,0.0,0.0,0.0,0.0,0.0,0.0
20.657973527,0.0,0.0,-63.0,-11.0,-77.21690368652344,119.90499877929688,0.0,-0.0,0.0,0.0,0.0,0.0,0.0,0.0,0.0,0.0
20.678012614,0.0,0.0,-63.0,-11.0,-77.21690368652344,119.90499877929688,0.0,-0.0,0.0,0.0,0.0,0.0,0.0,0.0,0.0,0.0
20.698128279,0.0,0.0,-63.0,-11.0,-77.21690368652344,119.90499877929688,0.0,-0.0,0.0,0.0,0.0,0.0,0.0,0.0,0.0,0.0
20.718093092,0.0,0.0,-63.0,-11.0,-77.21690368652344,119.90499877929688,0.0,-0.0,0.0,0.0,0.0,0.0,0.0,0.0,0.0,0.0
20.738927785,0.0,0.0,11.0,6.0,-77.0978012084961,119.92880249023438,0.0,-0.0,0.0,0.0,0.0,0.0,0.0,0.0,0.0,0.0
20.757973372,0.0,0.0,11.0,6.0,-77.0978012084961,119.92880249023438,0.0,-0.0,0.0,0.0,0.0,0.0,0.0,0.0,0.0,0.0
20.778129519,0.0,0.0,11.0,6.0,-77.0978012084961,119.92880249023438,0.0,-0.0,0.0,0.0,0.0,0.0,0.0,0.0,0.0,0.0
20.798043034,0.0,0.0,11.0,6.0,-77.0978012084961,119.92880249023438,0.0,-0.0,0.0,0.0,0.0,0.0,0.0,0.0,0.0,0.0
20.817946213,0.0,0.0,11.0,6.0,-77.0978012084961,119.92880249023438,0.0,-0.0,0.0,0.0,0.0,0.0,0.0,0.0,0.0,0.0
20.837971059,0.0,0.0,29.0,6.0,-77.16929626464844,119.92880249023438,0.0,-0.0,0.0,0.0,0.0,0.0,0.0,0.0,0.0,0.0
20.857952545,0.0,0.0,29.0,6.0,-77.16929626464844,119.92880249023438,0.0,-0.0,0.0,0.0,0.0,0.0,0.0,0.0,0.0,0.0
20.877954159,0.0,0.0,29.0,6.0,-77.16929626464844,119.92880249023438,0.0,-0.0,0.0,0.0,0.0,0.0,0.0,0.0,0.0,0.0
20.89813869,0.0,0.0,29.0,6.0,-77.16929626464844,119.92880249023438,0.0,-0.0,0.0,0.0,0.0,0.0,0.0,0.0,0.0,0.0
20.918314781,0.0,0.0,29.0,6.0,-77.16929626464844,119.92880249023438,0.0,-0.0,0.0,0.0,0.0,0.0,0.0,0.0,0.0,0.0
20.938295791,0.0,0.0,-6.0,6.0,-77.19309997558594,119.92880249023438,0.0,-0.0,0.0,0.0,0.0,0.0,0.0,0.0,0.0,0.0
20.958316354,0.0,0.0,-6.0,6.0,-77.19309997558594,119.92880249023438,0.0,-0.0,0.0,0.0,0.0,0.0,0.0,0.0,0.0,0.0
20.978277779,0.0,0.0,-6.0,6.0,-77.19309997558594,119.92880249023438,0.0,-0.0,0.0,0.0,0.0,0.0,0.0,0.0,0.0,0.0
20.998255236,0.0,0.0,-6.0,6.0,-77.19309997558594,119.92880249023438,0.0,-0.0,0.0,0.0,0.0,0.0,0.0,0.0,0.0,0.0
21.01814098,0.0,0.0,-6.0,6.0,-77.19309997558594,119.92880249023438,0.0,-0.0,0.0,0.0,0.0,0.0,0.0,0.0,0.0,0.0
21.038224328,0.0,0.0,-17.0,-0.0,-77.16929626464844,119.92880249023438,0.0,-0.0,0.0,0.0,0.0,0.0,0.0,0.0,0.0,0.0
21.057917362,0.0,0.0,-17.0,-0.0,-77.16929626464844,119.92880249023438,0.0,-0.0,0.0,0.0,0.0,0.0,0.0,0.0,0.0,0.0
21.077948677,0.0,0.0,-17.0,-0.0,-77.16929626464844,119.92880249023438,0.0,-0.0,0.0,0.0,0.0,0.0,0.0,0.0,0.0,0.0
21.09803289,0.0,0.0,-17.0,-0.0,-77.16929626464844,119.92880249023438,0.0,-0.0,0.0,0.0,0.0,0.0,0.0,0.0,0.0,0.0
21.117950922,0.0,0.0,-17.0,-0.0,-77.16929626464844,119.92880249023438,0.0,-0.0,0.0,0.0,0.0,0.0,0.0,0.0,0.0,0.0
21.138017534,0.0,0.0,6.0,-0.0,-77.16929626464844,119.92880249023438,0.0,-0.0,0.0,0.0,0.0,0.0,0.0,0.0,0.0,0.0
21.157971694,0.0,0.0,6.0,-0.0,-77.16929626464844,119.92880249023438,0.0,-0.0,0.0,0.0,0.0,0.0,0.0,0.0,0.0,0.0
21.177929408,0.0,0.0,6.0,-0.0,-77.16929626464844,119.92880249023438,0.0,-0.0,0.0,0.0,0.0,0.0,0.0,0.0,0.0,0.0
21.197993331,0.0,0.0,6.0,-0.0,-77.16929626464844,119.92880249023438,0.0,-0.0,0.0,0.0,0.0,0.0,0.0,0.0,0.0,0.0
21.217954405,0.0,0.0,6.0,-0.0,-77.16929626464844,119.92880249023438,0.0,-0.0,0.0,0.0,0.0,0.0,0.0,0.0,0.0,0.0
21.237956759,0.0,0.0,6.0,-0.0,-77.16929626464844,119.92880249023438,0.0,-0.0,0.0,0.0,0.0,0.0,0.0,0.0,0.0,0.0
21.258108749,0.0,0.0,6.0,-0.0,-77.16929626464844,119.92880249023438,0.0,-0.0,0.0,0.0,0.0,0.0,0.0,0.0,0.0,0.0
21.278154465,0.0,0.0,6.0,-0.0,-77.16929626464844,119.92880249023438,0.0,-0.0,0.0,0.0,0.0,0.0,0.0,0.0,0.0,0.0
21.298323863,0.0,0.0,6.0,-0.0,-77.16929626464844,119.92880249023438,0.0,-0.0,0.0,0.0,0.0,0.0,0.0,0.0,0.0,0.0
21.318291945,0.0,0.0,6.0,-0.0,-77.16929626464844,119.92880249023438,0.0,-0.0,0.0,0.0,0.0,0.0,0.0,0.0,0.0,0.0
21.338252218,0.0,0.0,-0.0,-0.0,-77.16929626464844,119.92880249023438,0.0,-0.0,0.0,0.0,0.0,0.0,0.0,0.0,0.0,0.0
21.358008293,0.0,0.0,-0.0,-0.0,-77.16929626464844,119.92880249023438,0.0,-0.0,0.0,0.0,0.0,0.0,0.0,0.0,0.0,0.0
21.377947094,0.0,0.0,-0.0,-0.0,-77.16929626464844,119.92880249023438,0.0,-0.0,0.0,0.0,0.0,0.0,0.0,0.0,0.0,0.0
21.398265361,0.0,0.0,-0.0,-0.0,-77.16929626464844,119.92880249023438,0.0,-0.0,0.0,0.0,0.0,0.0,0.0,0.0,0.0,0.0
21.418018652,0.0,0.0,-0.0,-0.0,-77.16929626464844,119.92880249023438,0.0,-0.0,0.0,0.0,0.0,0.0,0.0,0.0,0.0,0.0
21.438229332,0.0,0.0,-0.0,-0.0,-77.16929626464844,119.92880249023438,0.0,-0.0,0.0,0.0,0.0,0.0,0.0,0.0,0.0,0.0
21.457986208,0.0,0.0,-0.0,-0.0,-77.16929626464844,119.92880249023438,0.0,-0.0,0.0,0.0,0.0,0.0,0.0,0.0,0.0,0.0
21.477931601,0.0,0.0,-0.0,-0.0,-77.16929626464844,119.92880249023438,0.0,-0.0,0.0,0.0,0.0,0.0,0.0,0.0,0.0,0.0
21.49798906,0.0,0.0,-0.0,-0.0,-77.16929626464844,119.92880249023438,0.0,-0.0,0.0,0.0,0.0,0.0,0.0,0.0,0.0,0.0
21.517926581,0.0,0.0,-0.0,-0.0,-77.16929626464844,119.92880249023438,0.0,-0.0,0.0,0.0,0.0,0.0,0.0,0.0,0.0,0.0
21.538171085,0.0,0.0,-0.0,-0.0,-77.16929626464844,119.92880249023438,0.0,-0.0,0.0,0.0,0.0,0.0,0.0,0.0,0.0,0.0
21.557963738,0.0,0.0,-0.0,-0.0,-77.16929626464844,119.92880249023438,0.0,-0.0,0.0,0.0,0.0,0.0,0.0,0.0,0.0,0.0
21.577927819,0.0,0.0,-0.0,-0.0,-77.16929626464844,119.92880249023438,0.0,-0.0,0.0,0.0,0.0,0.0,0.0,0.0,0.0,0.0
21.598039841,0.0,0.0,-0.0,-0.0,-77.16929626464844,119.92880249023438,0.0,-0.0,0.0,0.0,0.0,0.0,0.0,0.0,0.0,0.0
21.618000978,0.0,0.0,-0.0,-0.0,-77.16929626464844,119.92880249023438,0.0,-0.0,0.0,0.0,0.0,0.0,0.0,0.0,0.0,0.0
21.637955715,0.0,0.0,-0.0,-0.0,-77.16929626464844,119.92880249023438,0.0,-0.0,0.0,0.0,0.0,0.0,0.0,0.0,0.0,0.0
21.65797967,0.0,0.0,-0.0,-0.0,-77.16929626464844,119.92880249023438,0.0,-0.0,0.0,0.0,0.0,0.0,0.0,0.0,0.0,0.0
21.677967591,0.0,0.0,-0.0,-0.0,-77.16929626464844,119.92880249023438,0.0,-0.0,0.0,0.0,0.0,0.0,0.0,0.0,0.0,0.0
21.697959641,0.0,0.0,-0.0,-0.0,-77.16929626464844,119.92880249023438,0.0,-0.0,0.0,0.0,0.0,0.0,0.0,0.0,0.0,0.0
21.718015181,0.0,0.0,-0.0,-0.0,-77.16929626464844,119.92880249023438,0.0,-0.0,0.0,0.0,0.0,0.0,0.0,0.0,0.0,0.0
21.738170435,0.0,0.0,-0.0,-0.0,-77.16929626464844,119.92880249023438,0.0,-0.0,0.0,0.0,0.0,0.0,0.0,0.0,0.0,0.0
21.758140277,0.0,0.0,-0.0,-0.0,-77.16929626464844,119.92880249023438,0.0,-0.0,0.0,0.0,0.0,0.0,0.0,0.0,0.0,0.0
21.778107334,0.0,0.0,-0.0,-0.0,-77.16929626464844,119.92880249023438,0.0,-0.0,0.0,0.0,0.0,0.0,0.0,0.0,0.0,0.0
21.798105528,0.0,0.0,-0.0,-0.0,-77.16929626464844,119.92880249023438,0.0,-0.0,0.0,0.0,0.0,0.0,0.0,0.0,0.0,0.0
21.818118667,0.0,0.0,-0.0,-0.0,-77.16929626464844,119.92880249023438,0.0,-0.0,0.0,0.0,0.0,0.0,0.0,0.0,0.0,0.0
21.838083868,0.0,0.0,-0.0,-0.0,-77.16929626464844,119.92880249023438,0.0,-0.0,0.0,0.0,0.0,0.0,0.0,0.0,0.0,0.0
21.857957355,0.0,0.0,-0.0,-0.0,-77.16929626464844,119.92880249023438,0.0,-0.0,0.0,0.0,0.0,0.0,0.0,0.0,0.0,0.0
21.877930044,0.0,0.0,-0.0,-0.0,-77.16929626464844,119.92880249023438,0.0,-0.0,0.0,0.0,0.0,0.0,0.0,0.0,0.0,0.0
21.89804741,0.0,0.0,-0.0,-0.0,-77.16929626464844,119.92880249023438,0.0,-0.0,0.0,0.0,0.0,0.0,0.0,0.0,0.0,0.0
21.917978508,0.0,0.0,-0.0,-0.0,-77.16929626464844,119.92880249023438,0.0,-0.0,0.0,0.0,0.0,0.0,0.0,0.0,0.0,0.0
21.937958018,0.0,0.0,-0.0,-0.0,-77.16929626464844,119.92880249023438,0.0,-0.0,0.0,0.0,0.0,0.0,0.0,0.0,0.0,0.0
21.958024251,0.0,0.0,-0.0,-0.0,-77.16929626464844,119.92880249023438,0.0,-0.0,0.0,0.0,0.0,0.0,0.0,0.0,0.0,0.0
21.97813362,0.0,0.0,-0.0,-0.0,-77.16929626464844,119.92880249023438,0.0,-0.0,0.0,0.0,0.0,0.0,0.0,0.0,0.0,0.0
21.997995783,0.0,0.0,-0.0,-0.0,-77.16929626464844,119.92880249023438,0.0,-0.0,0.0,0.0,0.0,0.0,0.0,0.0,0.0,0.0
22.01812781,0.0,0.0,-0.0,-0.0,-77.16929626464844,119.92880249023438,0.0,-0.0,0.0,0.0,0.0,0.0,0.0,0.0,0.0,0.0
22.038146713,0.0,0.0,-0.0,-0.0,-77.16929626464844,119.92880249023438,0.0,-0.0,0.0,0.0,0.0,0.0,0.0,0.0,0.0,0.0
22.058104815,0.0,0.0,-0.0,-0.0,-77.16929626464844,119.92880249023438,0.0,-0.0,0.0,0.0,0.0,0.0,0.0,0.0,0.0,0.0
22.07806378,0.0,0.0,-0.0,-0.0,-77.16929626464844,119.92880249023438,0.0,-0.0,0.0,0.0,0.0,0.0,0.0,0.0,0.0,0.0
22.09807942,0.0,0.0,-0.0,-0.0,-77.16929626464844,119.92880249023438,0.0,-0.0,0.0,0.0,0.0,0.0,0.0,0.0,0.0,0.0
22.117997424,0.0,0.0,-0.0,-0.0,-77.16929626464844,119.92880249023438,0.0,-0.0,0.0,0.0,0.0,0.0,0.0,0.0,0.0,0.0
22.138002759,0.0,0.0,-0.0,-0.0,-77.16929626464844,119.92880249023438,0.0,-0.0,0.0,0.0,0.0,0.0,0.0,0.0,0.0,0.0
22.15815085,0.0,0.0,-0.0,-0.0,-77.16929626464844,119.92880249023438,0.0,-0.0,0.0,0.0,0.0,0.0,0.0,0.0,0.0,0.0
22.178097495,0.0,0.0,-0.0,-0.0,-77.16929626464844,119.92880249023438,0.0,-0.0,0.0,0.0,0.0,0.0,0.0,0.0,0.0,0.0
22.19802286,0.0,0.0,-0.0,-0.0,-77.16929626464844,119.92880249023438,0.0,-0.0,0.0,0.0,0.0,0.0,0.0,0.0,0.0,0.0
22.218042564,0.0,0.0,-0.0,-0.0,-77.16929626464844,119.92880249023438,0.0,-0.0,0.0,0.0,0.0,0.0,0.0,0.0,0.0,0.0
22.237978393,0.0,0.0,-0.0,-0.0,-77.16929626464844,119.92880249023438,0.0,-0.0,0.0,0.0,0.0,0.0,0.0,0.0,0.0,0.0
22.258000944,0.0,0.0,-0.0,-0.0,-77.16929626464844,119.92880249023438,0.0,-0.0,0.0,0.0,0.0,0.0,0.0,0.0,0.0,0.0
22.277999495,0.0,0.0,-0.0,-0.0,-77.16929626464844,119.92880249023438,0.0,-0.0,0.0,0.0,0.0,0.0,0.0,0.0,0.0,0.0
22.297952957,0.0,0.0,-0.0,-0.0,-77.16929626464844,119.92880249023438,0.0,-0.0,0.0,0.0,0.0,0.0,0.0,0.0,0.0,0.0
22.317997269,0.0,0.0,-0.0,-0.0,-77.16929626464844,119.92880249023438,0.0,-0.0,0.0,0.0,0.0,0.0,0.0,0.0,0.0,0.0
22.337962411,0.0,0.0,-0.0,-0.0,-77.16929626464844,119.92880249023438,0.0,-0.0,0.0,0.0,0.0,0.0,0.0,0.0,0.0,0.0
22.358177415,0.0,0.0,-0.0,-0.0,-77.16929626464844,119.92880249023438,0.0,-0.0,0.0,0.0,0.0,0.0,0.0,0.0,0.0,0.0
22.378134717,0.0,0.0,-0.0,-0.0,-77.16929626464844,119.92880249023438,0.0,-0.0,0.0,0.0,0.0,0.0,0.0,0.0,0.0,0.0
22.398188149,0.0,0.0,-0.0,-0.0,-77.16929626464844,119.92880249023438,0.0,-0.0,0.0,0.0,0.0,0.0,0.0,0.0,0.0,0.0
22.418169131,0.0,0.0,-0.0,-0.0,-77.16929626464844,119.92880249023438,0.0,-0.0,0.0,0.0,0.0,0.0,0.0,0.0,0.0,0.0
22.438059903,0.0,0.0,-0.0,-0.0,-77.16929626464844,119.92880249023438,0.0,-0.0,0.0,0.0,0.0,0.0,0.0,0.0,0.0,0.0
22.45806207,0.0,0.0,-0.0,-0.0,-77.16929626464844,119.92880249023438,0.0,-0.0,0.0,0.0,0.0,0.0,0.0,0.0,0.0,0.0
22.478181712,0.0,0.0,-0.0,-0.0,-77.16929626464844,119.92880249023438,0.0,-0.0,0.0,0.0,0.0,0.0,0.0,0.0,0.0,0.0
22.498027555,0.0,0.0,-0.0,-0.0,-77.16929626464844,119.92880249023438,0.0,-0.0,0.0,0.0,0.0,0.0,0.0,0.0,0.0,0.0
22.518039578,0.0,0.0,-0.0,-0.0,-77.16929626464844,119.92880249023438,0.0,-0.0,0.0,0.0,0.0,0.0,0.0,0.0,0.0,0.0
22.537991312,0.0,0.0,-0.0,-0.0,-77.16929626464844,119.92880249023438,0.0,-0.0,0.0,0.0,0.0,0.0,0.0,0.0,0.0,0.0
22.558188331,0.0,0.0,-0.0,-0.0,-77.16929626464844,119.92880249023438,0.0,-0.0,0.0,0.0,0.0,0.0,0.0,0.0,0.0,0.0
22.577956604,0.0,0.0,-0.0,-0.0,-77.16929626464844,119.92880249023438,0.0,-0.0,0.0,0.0,0.0,0.0,0.0,0.0,0.0,0.0
22.597992916,0.0,0.0,-0.0,-0.0,-77.16929626464844,119.92880249023438,0.0,-0.0,0.0,0.0,0.0,0.0,0.0,0.0,0.0,0.0
22.61803614,0.0,0.0,-0.0,-0.0,-77.16929626464844,119.92880249023438,0.0,-0.0,0.0,0.0,0.0,0.0,0.0,0.0,0.0,0.0
22.638068612,0.0,0.0,-0.0,-0.0,-77.16929626464844,119.92880249023438,0.0,-0.0,0.0,0.0,0.0,0.0,0.0,0.0,0.0,0.0
22.65806761,0.0,0.0,-0.0,-0.0,-77.16929626464844,119.92880249023438,0.0,-0.0,0.0,0.0,0.0,0.0,0.0,0.0,0.0,0.0
22.678198356,0.0,0.0,-0.0,-0.0,-77.16929626464844,119.92880249023438,0.0,-0.0,0.0,0.0,0.0,0.0,0.0,0.0,0.0,0.0
22.698112201,0.0,0.0,-0.0,-0.0,-77.16929626464844,119.92880249023438,0.0,-0.0,0.0,0.0,0.0,0.0,0.0,0.0,0.0,0.0
22.718106368,0.0,0.0,-0.0,-0.0,-77.16929626464844,119.92880249023438,0.0,-0.0,0.0,0.0,0.0,0.0,0.0,0.0,0.0,0.0
22.738013908,0.0,0.0,-0.0,-0.0,-77.16929626464844,119.92880249023438,0.0,-0.0,0.0,0.0,0.0,0.0,0.0,0.0,0.0,0.0
22.758098861,0.0,0.0,-0.0,-0.0,-77.16929626464844,119.92880249023438,0.0,-0.0,0.0,0.0,0.0,0.0,0.0,0.0,0.0,0.0
22.778004834,0.0,0.0,-0.0,-0.0,-77.16929626464844,119.92880249023438,0.0,-0.0,0.0,0.0,0.0,0.0,0.0,0.0,0.0,0.0
22.797993656,0.0,0.0,-0.0,-0.0,-77.16929626464844,119.92880249023438,0.0,-0.0,0.0,0.0,0.0,0.0,0.0,0.0,0.0,0.0
22.817963598,0.0,0.0,-0.0,-0.0,-77.16929626464844,119.92880249023438,0.0,-0.0,0.0,0.0,0.0,0.0,0.0,0.0,0.0,0.0
22.837952357,0.0,0.0,-0.0,-0.0,-77.16929626464844,119.92880249023438,0.0,-0.0,0.0,0.0,0.0,0.0,0.0,0.0,0.0,0.0
22.85818957,0.0,0.0,-0.0,-0.0,-77.16929626464844,119.92880249023438,0.0,-0.0,0.0,0.0,0.0,0.0,0.0,0.0,0.0,0.0
22.877960787,0.0,0.0,-0.0,-0.0,-77.16929626464844,119.92880249023438,0.0,-0.0,0.0,0.0,0.0,0.0,0.0,0.0,0.0,0.0
22.897993802,0.0,0.0,-0.0,-0.0,-77.16929626464844,119.92880249023438,0.0,-0.0,0.0,0.0,0.0,0.0,0.0,0.0,0.0,0.0
22.917933578,0.0,0.0,-0.0,-0.0,-77.16929626464844,119.92880249023438,0.0,-0.0,0.0,0.0,0.0,0.0,0.0,0.0,0.0,0.0
22.93797175,0.0,0.0,-0.0,-0.0,-77.16929626464844,119.92880249023438,0.0,-0.0,0.0,0.0,0.0,0.0,0.0,0.0,0.0,0.0
22.957976098,0.0,0.0,-0.0,-0.0,-77.16929626464844,119.92880249023438,0.0,-0.0,0.0,0.0,0.0,0.0,0.0,0.0,0.0,0.0
22.977939933,0.0,0.0,-0.0,-0.0,-77.16929626464844,119.92880249023438,0.0,-0.0,0.0,0.0,0.0,0.0,0.0,0.0,0.0,0.0
22.997925272,0.0,0.0,-0.0,-0.0,-77.16929626464844,119.92880249023438,0.0,-0.0,0.0,0.0,0.0,0.0,0.0,0.0,0.0,0.0
23.017964917,0.0,0.0,-0.0,-0.0,-77.16929626464844,119.92880249023438,0.0,-0.0,0.0,0.0,0.0,0.0,0.0,0.0,0.0,0.0
23.037925615,0.0,0.0,-0.0,-0.0,-77.16929626464844,119.92880249023438,0.0,-0.0,0.0,0.0,0.0,0.0,0.0,0.0,0.0,0.0
23.057966892,0.0,0.0,-0.0,-0.0,-77.16929626464844,119.92880249023438,0.0,-0.0,0.0,0.0,0.0,0.0,0.0,0.0,0.0,0.0
23.077964168,0.0,0.0,-0.0,-0.0,-77.16929626464844,119.92880249023438,0.0,-0.0,0.0,0.0,0.0,0.0,0.0,0.0,0.0,0.0
23.097933378,0.0,0.0,-0.0,-0.0,-77.16929626464844,119.92880249023438,0.0,-0.0,0.0,0.0,0.0,0.0,0.0,0.0,0.0,0.0
23.118644175,0.0,0.0,-0.0,-0.0,-77.16929626464844,119.92880249023438,0.0,-0.0,0.0,0.0,0.0,0.0,0.0,0.0,0.0,0.0
23.1381808,0.0,0.0,-0.0,-0.0,-77.16929626464844,119.92880249023438,0.0,-0.0,0.0,0.0,0.0,0.0,0.0,0.0,0.0,0.0
23.158146587,0.0,0.0,-0.0,-0.0,-77.16929626464844,119.92880249023438,0.0,-0.0,0.0,0.0,0.0,0.0,0.0,0.0,0.0,0.0
23.178000851,0.0,0.0,-0.0,-0.0,-77.16929626464844,119.92880249023438,0.0,-0.0,0.0,0.0,0.0,0.0,0.0,0.0,0.0,0.0
23.197931981,0.0,0.0,-0.0,-0.0,-77.16929626464844,119.92880249023438,0.0,-0.0,0.0,0.0,0.0,0.0,0.0,0.0,0.0,0.0
23.217940937,0.0,0.0,-0.0,-0.0,-77.16929626464844,119.92880249023438,0.0,-0.0,0.0,0.0,0.0,0.0,0.0,0.0,0.0,0.0
23.237970341,0.0,0.0,-0.0,-0.0,-77.16929626464844,119.92880249023438,0.0,-0.0,0.0,0.0,0.0,0.0,0.0,0.0,0.0,0.0
23.257939744,0.0,0.0,-0.0,-0.0,-77.16929626464844,119.92880249023438,0.0,-0.0,0.0,0.0,0.0,0.0,0.0,0.0,0.0,0.0
23.277940252,0.0,0.0,-0.0,-0.0,-77.16929626464844,119.92880249023438,0.0,-0.0,0.0,0.0,0.0,0.0,0.0,0.0,0.0,0.0
23.297926199,0.0,0.0,-0.0,-0.0,-77.16929626464844,119.92880249023438,0.0,-0.0,0.0,0.0,0.0,0.0,0.0,0.0,0.0,0.0
23.317928307,0.0,0.0,-0.0,-0.0,-77.16929626464844,119.92880249023438,0.0,-0.0,0.0,0.0,0.0,0.0,0.0,0.0,0.0,0.0
23.338035121,0.0,0.0,-0.0,-0.0,-77.16929626464844,119.92880249023438,0.0,-0.0,0.0,0.0,0.0,0.0,0.0,0.0,0.0,0.0
23.358015788,0.0,0.0,-0.0,-0.0,-77.16929626464844,119.92880249023438,0.0,-0.0,0.0,0.0,0.0,0.0,0.0,0.0,0.0,0.0
23.378014152,0.0,0.0,-0.0,-0.0,-77.16929626464844,119.92880249023438,0.0,-0.0,0.0,0.0,0.0,0.0,0.0,0.0,0.0,0.0
23.397973058,0.0,0.0,-0.0,-0.0,-77.16929626464844,119.92880249023438,0.0,-0.0,0.0,0.0,0.0,0.0,0.0,0.0,0.0,0.0
23.418310214,0.0,0.0,-0.0,-0.0,-77.16929626464844,119.92880249023438,0.0,-0.0,0.0,0.0,0.0,0.0,0.0,0.0,0.0,0.0
23.437946873,0.0,0.0,-0.0,-0.0,-77.16929626464844,119.92880249023438,0.0,-0.0,0.0,0.0,0.0,0.0,0.0,0.0,0.0,0.0
23.457956213,0.0,0.0,-0.0,-0.0,-77.16929626464844,119.92880249023438,0.0,-0.0,0.0,0.0,0.0,0.0,0.0,0.0,0.0,0.0
23.478143925,0.0,0.0,-0.0,-0.0,-77.16929626464844,119.92880249023438,0.0,-0.0,0.0,0.0,0.0,0.0,0.0,0.0,0.0,0.0
23.498115504,0.0,0.0,-0.0,-0.0,-77.16929626464844,119.92880249023438,0.0,-0.0,0.0,0.0,0.0,0.0,0.0,0.0,0.0,0.0
23.518122764,0.0,0.0,-0.0,-0.0,-77.16929626464844,119.92880249023438,0.0,-0.0,0.0,0.0,0.0,0.0,0.0,0.0,0.0,0.0
23.538119207,0.0,0.0,-0.0,-0.0,-77.16929626464844,119.92880249023438,0.0,-0.0,0.0,0.0,0.0,0.0,0.0,0.0,0.0,0.0
23.558092258,0.0,0.0,-0.0,-0.0,-77.16929626464844,119.92880249023438,0.0,-0.0,0.0,0.0,0.0,0.0,0.0,0.0,0.0,0.0
23.57802038,0.0,0.0,-0.0,-0.0,-77.16929626464844,119.92880249023438,0.0,-0.0,0.0,0.0,0.0,0.0,0.0,0.0,0.0,0.0
23.598001496,0.0,0.0,-0.0,-0.0,-77.16929626464844,119.92880249023438,0.0,-0.0,0.0,0.0,0.0,0.0,0.0,0.0,0.0,0.0
23.61796741,0.0,0.0,-0.0,-0.0,-77.16929626464844,119.92880249023438,0.0,-0.0,0.0,0.0,0.0,0.0,0.0,0.0,0.0,0.0
23.637999567,0.0,0.0,-0.0,-0.0,-77.16929626464844,119.92880249023438,0.0,-0.0,0.0,0.0,0.0,0.0,0.0,0.0,0.0,0.0
23.658032875,0.0,0.0,-0.0,-0.0,-77.16929626464844,119.92880249023438,0.0,-0.0,0.0,0.0,0.0,0.0,0.0,0.0,0.0,0.0
23.67809764,0.0,0.0,-0.0,-0.0,-77.16929626464844,119.92880249023438,0.0,-0.0,0.0,0.0,0.0,0.0,0.0,0.0,0.0,0.0
23.697974881,0.0,0.0,-0.0,-0.0,-77.16929626464844,119.92880249023438,0.0,-0.0,0.0,0.0,0.0,0.0,0.0,0.0,0.0,0.0
23.717941724,0.0,0.0,-0.0,-0.0,-77.16929626464844,119.92880249023438,0.0,-0.0,0.0,0.0,0.0,0.0,0.0,0.0,0.0,0.0
23.738035546,0.0,0.0,-0.0,-0.0,-77.16929626464844,119.92880249023438,0.0,-0.0,0.0,0.0,0.0,0.0,0.0,0.0,0.0,0.0
23.75798002,0.0,0.0,-0.0,-0.0,-77.16929626464844,119.92880249023438,0.0,-0.0,0.0,0.0,0.0,0.0,0.0,0.0,0.0,0.0
23.778013489,0.0,0.0,-0.0,-0.0,-77.16929626464844,119.92880249023438,0.0,-0.0,0.0,0.0,0.0,0.0,0.0,0.0,0.0,0.0
23.797991052,0.0,0.0,-0.0,-0.0,-77.16929626464844,119.92880249023438,0.0,-0.0,0.0,0.0,0.0,0.0,0.0,0.0,0.0,0.0
23.818139211,0.0,0.0,-0.0,-0.0,-77.16929626464844,119.92880249023438,0.0,-0.0,0.0,0.0,0.0,0.0,0.0,0.0,0.0,0.0
23.837986691,0.0,0.0,-0.0,-0.0,-77.16929626464844,119.92880249023438,0.0,-0.0,0.0,0.0,0.0,0.0,0.0,0.0,0.0,0.0
23.857983583,0.0,0.0,-0.0,-0.0,-77.16929626464844,119.92880249023438,0.0,-0.0,0.0,0.0,0.0,0.0,0.0,0.0,0.0,0.0
23.878006395,0.0,0.0,-0.0,-0.0,-77.16929626464844,119.92880249023438,0.0,-0.0,0.0,0.0,0.0,0.0,0.0,0.0,0.0,0.0
23.898028887,0.0,0.0,-0.0,-0.0,-77.16929626464844,119.92880249023438,0.0,-0.0,0.0,0.0,0.0,0.0,0.0,0.0,0.0,0.0
23.91808147,0.0,0.0,-0.0,-0.0,-77.16929626464844,119.92880249023438,0.0,-0.0,0.0,0.0,0.0,0.0,0.0,0.0,0.0,0.0
23.937998141,0.0,0.0,-0.0,-0.0,-77.16929626464844,119.92880249023438,0.0,-0.0,0.0,0.0,0.0,0.0,0.0,0.0,0.0,0.0
23.957972893,0.0,0.0,-0.0,-0.0,-77.16929626464844,119.92880249023438,0.0,-0.0,0.0,0.0,0.0,0.0,0.0,0.0,0.0,0.0
23.977957181,0.0,0.0,-0.0,-0.0,-77.16929626464844,119.92880249023438,0.0,-0.0,0.0,0.0,0.0,0.0,0.0,0.0,0.0,0.0
23.998046624,0.0,0.0,-0.0,-0.0,-77.16929626464844,119.92880249023438,0.0,-0.0,0.0,0.0,0.0,0.0,0.0,0.0,0.0,0.0
24.017946142,0.0,0.0,-0.0,-0.0,-77.16929626464844,119.92880249023438,0.0,-0.0,0.0,0.0,0.0,0.0,0.0,0.0,0.0,0.0
24.038013601,0.0,0.0,-0.0,-0.0,-77.16929626464844,119.92880249023438,0.0,-0.0,0.0,0.0,0.0,0.0,0.0,0.0,0.0,0.0
24.0579472,0.0,0.0,-0.0,-0.0,-77.16929626464844,119.92880249023438,0.0,-0.0,0.0,0.0,0.0,0.0,0.0,0.0,0.0,0.0
24.078043427,0.0,0.0,-0.0,-0.0,-77.16929626464844,119.92880249023438,0.0,-0.0,0.0,0.0,0.0,0.0,0.0,0.0,0.0,0.0
24.098132229,0.0,0.0,-0.0,-0.0,-77.16929626464844,119.92880249023438,0.0,-0.0,0.0,0.0,0.0,0.0,0.0,0.0,0.0,0.0
24.118055396,0.0,0.0,-0.0,-0.0,-77.16929626464844,119.92880249023438,0.0,-0.0,0.0,0.0,0.0,0.0,0.0,0.0,0.0,0.0
24.137994916,0.0,0.0,-0.0,-0.0,-77.16929626464844,119.92880249023438,0.0,-0.0,0.0,0.0,0.0,0.0,0.0,0.0,0.0,0.0
24.157992228,0.0,0.0,-0.0,-0.0,-77.16929626464844,119.92880249023438,0.0,-0.0,0.0,0.0,0.0,0.0,0.0,0.0,0.0,0.0
24.178248907,0.0,0.0,-0.0,-0.0,-77.16929626464844,119.92880249023438,0.0,-0.0,0.0,0.0,0.0,0.0,0.0,0.0,0.0,0.0
24.197952037,0.0,0.0,-0.0,-0.0,-77.16929626464844,119.92880249023438,0.0,-0.0,0.0,0.0,0.0,0.0,0.0,0.0,0.0,0.0
24.218025671,0.0,0.0,-0.0,-0.0,-77.16929626464844,119.92880249023438,0.0,-0.0,0.0,0.0,0.0,0.0,0.0,0.0,0.0,0.0
24.237961959,0.0,0.0,-0.0,-0.0,-77.16929626464844,119.92880249023438,0.0,-0.0,0.0,0.0,0.0,0.0,0.0,0.0,0.0,0.0
24.258020169,0.0,0.0,-0.0,-0.0,-77.16929626464844,119.92880249023438,0.0,-0.0,0.0,0.0,0.0,0.0,0.0,0.0,0.0,0.0
24.278022473,0.0,0.0,-0.0,-0.0,-77.16929626464844,119.92880249023438,0.0,-0.0,0.0,0.0,0.0,0.0,0.0,0.0,0.0,0.0
24.297981929,0.0,0.0,-0.0,-0.0,-77.16929626464844,119.92880249023438,0.0,-0.0,0.0,0.0,0.0,0.0,0.0,0.0,0.0,0.0
24.317967113,0.0,0.0,-0.0,-0.0,-77.16929626464844,119.92880249023438,0.0,-0.0,0.0,0.0,0.0,0.0,0.0,0.0,0.0,0.0
24.337945258,0.0,0.0,-0.0,-0.0,-77.16929626464844,119.92880249023438,0.0,-0.0,0.0,0.0,0.0,0.0,0.0,0.0,0.0,0.0
24.358142479,0.0,0.0,-0.0,-0.0,-77.16929626464844,119.92880249023438,0.0,-0.0,0.0,0.0,0.0,0.0,0.0,0.0,0.0,0.0
24.378088718,0.0,0.0,-0.0,-0.0,-77.16929626464844,119.92880249023438,0.0,-0.0,0.0,0.0,0.0,0.0,0.0,0.0,0.0,0.0
24.397980173,0.0,0.0,-0.0,-0.0,-77.16929626464844,119.92880249023438,0.0,-0.0,0.0,0.0,0.0,0.0,0.0,0.0,0.0,0.0
24.417975757,0.0,0.0,-0.0,-0.0,-77.16929626464844,119.92880249023438,0.0,-0.0,0.0,0.0,0.0,0.0,0.0,0.0,0.0,0.0
24.437971054,0.0,0.0,-0.0,-0.0,-77.16929626464844,119.92880249023438,0.0,-0.0,0.0,0.0,0.0,0.0,0.0,0.0,0.0,0.0
24.458039856,0.0,0.0,-0.0,-0.0,-77.16929626464844,119.92880249023438,0.0,-0.0,0.0,0.0,0.0,0.0,0.0,0.0,0.0,0.0
24.477924526,0.0,0.0,-0.0,-0.0,-77.16929626464844,119.92880249023438,0.0,-0.0,0.0,0.0,0.0,0.0,0.0,0.0,0.0,0.0
24.498021137,0.0,0.0,-0.0,-0.0,-77.16929626464844,119.92880249023438,0.0,-0.0,0.0,0.0,0.0,0.0,0.0,0.0,0.0,0.0
24.517986737,0.0,0.0,-0.0,-0.0,-77.16929626464844,119.92880249023438,0.0,-0.0,0.0,0.0,0.0,0.0,0.0,0.0,0.0,0.0
24.53797941,0.0,0.0,-0.0,-0.0,-77.16929626464844,119.92880249023438,0.0,-0.0,0.0,0.0,0.0,0.0,0.0,0.0,0.0,0.0
24.557922929,0.0,0.0,-0.0,-0.0,-77.16929626464844,119.92880249023438,0.0,-0.0,0.0,0.0,0.0,0.0,0.0,0.0,0.0,0.0
24.577934706,0.0,0.0,-0.0,-0.0,-77.16929626464844,119.92880249023438,0.0,-0.0,0.0,0.0,0.0,0.0,0.0,0.0,0.0,0.0
24.598049205,0.0,0.0,-0.0,-0.0,-77.16929626464844,119.92880249023438,0.0,-0.0,0.0,0.0,0.0,0.0,0.0,0.0,0.0,0.0
24.618036182,0.0,0.0,-0.0,-0.0,-77.16929626464844,119.92880249023438,0.0,-0.0,0.0,0.0,0.0,0.0,0.0,0.0,0.0,0.0
24.638013814,0.0,0.0,-0.0,-0.0,-77.16929626464844,119.92880249023438,0.0,-0.0,0.0,0.0,0.0,0.0,0.0,0.0,0.0,0.0
24.658031383,0.0,0.0,-0.0,-0.0,-77.16929626464844,119.92880249023438,0.0,-0.0,0.0,0.0,0.0,0.0,0.0,0.0,0.0,0.0
24.677942902,0.0,0.0,-0.0,-0.0,-77.16929626464844,119.92880249023438,0.0,-0.0,0.0,0.0,0.0,0.0,0.0,0.0,0.0,0.0
24.697950839,0.0,0.0,-0.0,-0.0,-77.16929626464844,119.92880249023438,0.0,-0.0,0.0,0.0,0.0,0.0,0.0,0.0,0.0,0.0
24.718067482,0.0,0.0,-0.0,-0.0,-77.16929626464844,119.92880249023438,0.0,-0.0,0.0,0.0,0.0,0.0,0.0,0.0,0.0,0.0
24.738075803,0.0,0.0,-0.0,-0.0,-77.16929626464844,119.92880249023438,0.0,-0.0,0.0,0.0,0.0,0.0,0.0,0.0,0.0,0.0
24.758029851,0.0,0.0,-0.0,-0.0,-77.16929626464844,119.92880249023438,0.0,-0.0,0.0,0.0,0.0,0.0,0.0,0.0,0.0,0.0
24.778041019,0.0,0.0,-0.0,-0.0,-77.16929626464844,119.92880249023438,0.0,-0.0,0.0,0.0,0.0,0.0,0.0,0.0,0.0,0.0
24.798006107,0.0,0.0,-0.0,-0.0,-77.16929626464844,119.92880249023438,0.0,-0.0,0.0,0.0,0.0,0.0,0.0,0.0,0.0,0.0
24.817966427,0.0,0.0,-0.0,-0.0,-77.16929626464844,119.92880249023438,0.0,-0.0,0.0,0.0,0.0,0.0,0.0,0.0,0.0,0.0
24.837977116,0.0,0.0,-0.0,-0.0,-77.16929626464844,119.92880249023438,0.0,-0.0,0.0,0.0,0.0,0.0,0.0,0.0,0.0,0.0
24.858051391,0.0,0.0,-0.0,-0.0,-77.16929626464844,119.92880249023438,0.0,-0.0,0.0,0.0,0.0,0.0,0.0,0.0,0.0,0.0
24.878069792,0.0,0.0,-0.0,-0.0,-77.16929626464844,119.92880249023438,0.0,-0.0,0.0,0.0,0.0,0.0,0.0,0.0,0.0,0.0
24.898005951,0.0,0.0,-0.0,-0.0,-77.16929626464844,119.92880249023438,0.0,-0.0,0.0,0.0,0.0,0.0,0.0,0.0,0.0,0.0
24.917958825,0.0,0.0,-0.0,-0.0,-77.16929626464844,119.92880249023438,0.0,-0.0,0.0,0.0,0.0,0.0,0.0,0.0,0.0,0.0
24.938014672,0.0,0.0,-0.0,-0.0,-77.16929626464844,119.92880249023438,0.0,-0.0,0.0,0.0,0.0,0.0,0.0,0.0,0.0,0.0
24.957955221,0.0,0.0,-0.0,-0.0,-77.16929626464844,119.92880249023438,0.0,-0.0,0.0,0.0,0.0,0.0,0.0,0.0,0.0,0.0
24.977924282,0.0,0.0,-0.0,-0.0,-77.16929626464844,119.92880249023438,0.0,-0.0,0.0,0.0,0.0,0.0,0.0,0.0,0.0,0.0
24.998013474,0.0,0.0,-0.0,-0.0,-77.16929626464844,119.92880249023438,0.0,-0.0,0.0,0.0,0.0,0.0,0.0,0.0,0.0,0.0
25.018022888,0.0,0.0,-0.0,-0.0,-77.16929626464844,119.92880249023438,0.0,-0.0,0.0,0.0,0.0,0.0,0.0,0.0,0.0,0.0
25.037994349,0.0,0.0,-0.0,-0.0,-77.16929626464844,119.92880249023438,0.0,-0.0,0.0,0.0,0.0,0.0,0.0,0.0,0.0,0.0
25.058035348,0.0,0.0,-0.0,-0.0,-77.16929626464844,119.92880249023438,0.0,-0.0,0.0,0.0,0.0,0.0,0.0,0.0,0.0,0.0
25.077928184,0.0,0.0,-0.0,-0.0,-77.16929626464844,119.92880249023438,0.0,-0.0,0.0,0.0,0.0,0.0,0.0,0.0,0.0,0.0
25.09803408,0.0,0.0,-0.0,-0.0,-77.16929626464844,119.92880249023438,0.0,-0.0,0.0,0.0,0.0,0.0,0.0,0.0,0.0,0.0
25.118045798,0.0,0.0,-0.0,-0.0,-77.16929626464844,119.92880249023438,0.0,-0.0,0.0,0.0,0.0,0.0,0.0,0.0,0.0,0.0
25.138000843,0.0,0.0,-0.0,-0.0,-77.16929626464844,119.92880249023438,0.0,-0.0,0.0,0.0,0.0,0.0,0.0,0.0,0.0,0.0
25.157968273,0.0,0.0,-0.0,-0.0,-77.16929626464844,119.92880249023438,0.0,-0.0,0.0,0.0,0.0,0.0,0.0,0.0,0.0,0.0
25.177942166,0.0,0.0,-0.0,-0.0,-77.16929626464844,119.92880249023438,0.0,-0.0,0.0,0.0,0.0,0.0,0.0,0.0,0.0,0.0
25.197990877,0.0,0.0,-0.0,-0.0,-77.16929626464844,119.92880249023438,0.0,-0.0,0.0,0.0,0.0,0.0,0.0,0.0,0.0,0.0
25.217964418,0.0,0.0,-0.0,-0.0,-77.16929626464844,119.92880249023438,0.0,-0.0,0.0,0.0,0.0,0.0,0.0,0.0,0.0,0.0
25.237989897,0.0,0.0,-0.0,-0.0,-77.16929626464844,119.92880249023438,0.0,-0.0,0.0,0.0,0.0,0.0,0.0,0.0,0.0,0.0
25.258043056,0.0,0.0,-0.0,-0.0,-77.16929626464844,119.92880249023438,0.0,-0.0,0.0,0.0,0.0,0.0,0.0,0.0,0.0,0.0
25.277943156,0.0,0.0,-0.0,-0.0,-77.16929626464844,119.92880249023438,0.0,-0.0,0.0,0.0,0.0,0.0,0.0,0.0,0.0,0.0
25.298373027,0.0,0.0,-0.0,-0.0,-77.16929626464844,119.92880249023438,0.0,-0.0,0.0,0.0,0.0,0.0,0.0,0.0,0.0,0.0
25.318037154,0.0,0.0,-0.0,-0.0,-77.16929626464844,119.92880249023438,0.0,-0.0,0.0,0.0,0.0,0.0,0.0,0.0,0.0,0.0
25.337997127,0.0,0.0,-0.0,-0.0,-77.16929626464844,119.92880249023438,0.0,-0.0,0.0,0.0,0.0,0.0,0.0,0.0,0.0,0.0
25.357954316,0.0,0.0,-0.0,-0.0,-77.16929626464844,119.92880249023438,0.0,-0.0,0.0,0.0,0.0,0.0,0.0,0.0,0.0,0.0
25.378263513,0.0,0.0,-0.0,-0.0,-77.16929626464844,119.92880249023438,0.0,-0.0,0.0,0.0,0.0,0.0,0.0,0.0,0.0,0.0
25.397929687,0.0,0.0,-0.0,-0.0,-77.16929626464844,119.92880249023438,0.0,-0.0,0.0,0.0,0.0,0.0,0.0,0.0,0.0,0.0
25.41794483,0.0,0.0,-0.0,-0.0,-77.16929626464844,119.92880249023438,0.0,-0.0,0.0,0.0,0.0,0.0,0.0,0.0,0.0,0.0
25.438009253,0.0,0.0,-0.0,-0.0,-77.16929626464844,119.92880249023438,0.0,-0.0,0.0,0.0,0.0,0.0,0.0,0.0,0.0,0.0
25.458177903,0.0,0.0,-0.0,-0.0,-77.16929626464844,119.92880249023438,0.0,-0.0,0.0,0.0,0.0,0.0,0.0,0.0,0.0,0.0
25.47815154,0.0,0.0,-0.0,-0.0,-77.16929626464844,119.92880249023438,0.0,-0.0,0.0,0.0,0.0,0.0,0.0,0.0,0.0,0.0
25.498012407,0.0,0.0,-0.0,-0.0,-77.16929626464844,119.92880249023438,0.0,-0.0,0.0,0.0,0.0,0.0,0.0,0.0,0.0,0.0
25.517989245,0.0,0.0,-0.0,-0.0,-77.16929626464844,119.92880249023438,0.0,-0.0,0.0,0.0,0.0,0.0,0.0,0.0,0.0,0.0
25.537945634,0.0,0.0,-0.0,-0.0,-77.16929626464844,119.92880249023438,0.0,-0.0,0.0,0.0,0.0,0.0,0.0,0.0,0.0,0.0
25.557909223,0.0,0.0,-0.0,-0.0,-77.16929626464844,119.92880249023438,0.0,-0.0,0.0,0.0,0.0,0.0,0.0,0.0,0.0,0.0
25.577904269,0.0,0.0,-0.0,-0.0,-77.16929626464844,119.92880249023438,0.0,-0.0,0.0,0.0,0.0,0.0,0.0,0.0,0.0,0.0
25.597920467,0.0,0.0,-0.0,-0.0,-77.16929626464844,119.92880249023438,0.0,-0.0,0.0,0.0,0.0,0.0,0.0,0.0,0.0,0.0
25.617906873,0.0,0.0,-0.0,-0.0,-77.16929626464844,119.92880249023438,0.0,-0.0,0.0,0.0,0.0,0.0,0.0,0.0,0.0,0.0
25.637955264,0.0,0.0,-0.0,-0.0,-77.16929626464844,119.92880249023438,0.0,-0.0,0.0,0.0,0.0,0.0,0.0,0.0,0.0,0.0
25.657898404,0.0,0.0,-0.0,-0.0,-77.16929626464844,119.92880249023438,0.0,-0.0,0.0,0.0,0.0,0.0,0.0,0.0,0.0,0.0
25.677879178,0.0,0.0,-0.0,-0.0,-77.16929626464844,119.92880249023438,0.0,-0.0,0.0,0.0,0.0,0.0,0.0,0.0,0.0,0.0
25.697890576,0.0,0.0,-0.0,-0.0,-77.16929626464844,119.92880249023438,0.0,-0.0,0.0,0.0,0.0,0.0,0.0,0.0,0.0,0.0
25.717915703,0.0,0.0,-0.0,-0.0,-77.16929626464844,119.92880249023438,0.0,-0.0,0.0,0.0,0.0,0.0,0.0,0.0,0.0,0.0
25.737962014,0.0,0.0,-0.0,-0.0,-77.16929626464844,119.92880249023438,0.0,-0.0,0.0,0.0,0.0,0.0,0.0,0.0,0.0,0.0
25.757914211,0.0,0.0,-0.0,-0.0,-77.16929626464844,119.92880249023438,0.0,-0.0,0.0,0.0,0.0,0.0,0.0,0.0,0.0,0.0
25.777873352,0.0,0.0,-0.0,-0.0,-77.16929626464844,119.92880249023438,0.0,-0.0,0.0,0.0,0.0,0.0,0.0,0.0,0.0,0.0
25.797923759,0.0,0.0,-0.0,-0.0,-77.16929626464844,119.92880249023438,0.0,-0.0,0.0,0.0,0.0,0.0,0.0,0.0,0.0,0.0
25.817904948,0.0,0.0,-0.0,-0.0,-77.16929626464844,119.92880249023438,0.0,-0.0,0.0,0.0,0.0,0.0,0.0,0.0,0.0,0.0
25.837954875,0.0,0.0,-0.0,-0.0,-77.16929626464844,119.92880249023438,0.0,-0.0,0.0,0.0,0.0,0.0,0.0,0.0,0.0,0.0
25.857949665,0.0,0.0,-0.0,-0.0,-77.16929626464844,119.92880249023438,0.0,-0.0,0.0,0.0,0.0,0.0,0.0,0.0,0.0,0.0
25.877883622,0.0,0.0,-0.0,-0.0,-77.16929626464844,119.92880249023438,0.0,-0.0,0.0,0.0,0.0,0.0,0.0,0.0,0.0,0.0
25.89789614,0.0,0.0,-0.0,-0.0,-77.16929626464844,119.92880249023438,0.0,-0.0,0.0,0.0,0.0,0.0,0.0,0.0,0.0,0.0
25.917904669,0.0,0.0,-0.0,-0.0,-77.16929626464844,119.92880249023438,0.0,-0.0,0.0,0.0,0.0,0.0,0.0,0.0,0.0,0.0
25.938112076,0.0,0.0,-0.0,-0.0,-77.16929626464844,119.92880249023438,0.0,-0.0,0.0,0.0,0.0,0.0,0.0,0.0,0.0,0.0
25.957965493,0.0,0.0,-0.0,-0.0,-77.16929626464844,119.92880249023438,0.0,-0.0,0.0,0.0,0.0,0.0,0.0,0.0,0.0,0.0
25.97786979,0.0,0.0,-0.0,-0.0,-77.16929626464844,119.92880249023438,0.0,-0.0,0.0,0.0,0.0,0.0,0.0,0.0,0.0,0.0
25.99790049,0.0,0.0,-0.0,-0.0,-77.16929626464844,119.92880249023438,0.0,-0.0,0.0,0.0,0.0,0.0,0.0,0.0,0.0,0.0
26.01789535,0.0,0.0,-0.0,-0.0,-77.16929626464844,119.92880249023438,0.0,-0.0,0.0,0.0,0.0,0.0,0.0,0.0,0.0,0.0
26.037905569,0.0,0.0,-0.0,-0.0,-77.16929626464844,119.92880249023438,0.0,-0.0,0.0,0.0,0.0,0.0,0.0,0.0,0.0,0.0
26.057963342,0.0,0.0,-0.0,-0.0,-77.16929626464844,119.92880249023438,0.0,-0.0,0.0,0.0,0.0,0.0,0.0,0.0,0.0,0.0
26.077945241,0.0,0.0,-0.0,-0.0,-77.16929626464844,119.92880249023438,0.0,-0.0,0.0,0.0,0.0,0.0,0.0,0.0,0.0,0.0
26.097904516,0.0,0.0,-0.0,-0.0,-77.16929626464844,119.92880249023438,0.0,-0.0,0.0,0.0,0.0,0.0,0.0,0.0,0.0,0.0
26.117910735,0.0,0.0,-0.0,-0.0,-77.16929626464844,119.92880249023438,0.0,-0.0,0.0,0.0,0.0,0.0,0.0,0.0,0.0,0.0
26.137900634,0.0,0.0,-0.0,-0.0,-77.16929626464844,119.92880249023438,0.0,-0.0,0.0,0.0,0.0,0.0,0.0,0.0,0.0,0.0
26.157942567,0.0,0.0,-0.0,-0.0,-77.16929626464844,119.92880249023438,0.0,-0.0,0.0,0.0,0.0,0.0,0.0,0.0,0.0,0.0
26.177974291,0.0,0.0,-0.0,-0.0,-77.16929626464844,119.92880249023438,0.0,-0.0,0.0,0.0,0.0,0.0,0.0,0.0,0.0,0.0
26.197999615,0.0,0.0,-0.0,-0.0,-77.16929626464844,119.92880249023438,0.0,-0.0,0.0,0.0,0.0,0.0,0.0,0.0,0.0,0.0
26.218350673,0.0,0.0,-0.0,-0.0,-77.16929626464844,119.92880249023438,0.0,-0.0,0.0,0.0,0.0,0.0,0.0,0.0,0.0,0.0
26.238158073,0.0,0.0,-0.0,-0.0,-77.16929626464844,119.92880249023438,0.0,-0.0,0.0,0.0,0.0,0.0,0.0,0.0,0.0,0.0
26.257970112,0.0,0.0,-0.0,-0.0,-77.16929626464844,119.92880249023438,0.0,-0.0,0.0,0.0,0.0,0.0,0.0,0.0,0.0,0.0
26.278081358,0.0,0.0,-0.0,-0.0,-77.16929626464844,119.92880249023438,0.0,-0.0,0.0,0.0,0.0,0.0,0.0,0.0,0.0,0.0
26.297938423,0.0,0.0,-0.0,-0.0,-77.16929626464844,119.92880249023438,0.0,-0.0,0.0,0.0,0.0,0.0,0.0,0.0,0.0,0.0
26.317922882,0.0,0.0,-0.0,-0.0,-77.16929626464844,119.92880249023438,0.0,-0.0,0.0,0.0,0.0,0.0,0.0,0.0,0.0,0.0
26.338407703,0.0,0.0,-0.0,-0.0,-77.16929626464844,119.92880249023438,0.0,-0.0,0.0,0.0,0.0,0.0,0.0,0.0,0.0,0.0
26.358042811,0.0,0.0,-0.0,-0.0,-77.16929626464844,119.92880249023438,0.0,-0.0,0.0,0.0,0.0,0.0,0.0,0.0,0.0,0.0
26.3779049,0.0,0.0,-0.0,-0.0,-77.16929626464844,119.92880249023438,0.0,-0.0,0.0,0.0,0.0,0.0,0.0,0.0,0.0,0.0
26.39805397,0.0,0.0,-0.0,-0.0,-77.16929626464844,119.92880249023438,0.0,-0.0,0.0,0.0,0.0,0.0,0.0,0.0,0.0,0.0
26.417988956,0.0,0.0,-0.0,-0.0,-77.16929626464844,119.92880249023438,0.0,-0.0,0.0,0.0,0.0,0.0,0.0,0.0,0.0,0.0
26.437937063,0.0,0.0,-0.0,-0.0,-77.16929626464844,119.92880249023438,0.0,-0.0,0.0,0.0,0.0,0.0,0.0,0.0,0.0,0.0
26.457982963,0.0,0.0,-0.0,-0.0,-77.16929626464844,119.92880249023438,0.0,-0.0,0.0,0.0,0.0,0.0,0.0,0.0,0.0,0.0
26.477905533,0.0,0.0,-0.0,-0.0,-77.16929626464844,119.92880249023438,0.0,-0.0,0.0,0.0,0.0,0.0,0.0,0.0,0.0,0.0
26.498260111,0.0,0.0,-0.0,-0.0,-77.16929626464844,119.92880249023438,0.0,-0.0,0.0,0.0,0.0,0.0,0.0,0.0,0.0,0.0
26.517971253,0.0,0.0,-0.0,-0.0,-77.16929626464844,119.92880249023438,0.0,-0.0,0.0,0.0,0.0,0.0,0.0,0.0,0.0,0.0
26.53793056,0.0,0.0,-0.0,-0.0,-77.16929626464844,119.92880249023438,0.0,-0.0,0.0,0.0,0.0,0.0,0.0,0.0,0.0,0.0
26.55796942,0.0,0.0,-0.0,-0.0,-77.16929626464844,119.92880249023438,0.0,-0.0,0.0,0.0,0.0,0.0,0.0,0.0,0.0,0.0
26.578192828,0.0,0.0,-0.0,-0.0,-77.16929626464844,119.92880249023438,0.0,-0.0,0.0,0.0,0.0,0.0,0.0,0.0,0.0,0.0
26.597949667,0.0,0.0,-0.0,-0.0,-77.16929626464844,119.92880249023438,0.0,-0.0,0.0,0.0,0.0,0.0,0.0,0.0,0.0,0.0
26.618172402,0.0,0.0,-0.0,-0.0,-77.16929626464844,119.92880249023438,0.0,-0.0,0.0,0.0,0.0,0.0,0.0,0.0,0.0,0.0
26.638074524,0.0,0.0,-0.0,-0.0,-77.16929626464844,119.92880249023438,0.0,-0.0,0.0,0.0,0.0,0.0,0.0,0.0,0.0,0.0
26.65822337,0.0,0.0,-0.0,-0.0,-77.16929626464844,119.92880249023438,0.0,-0.0,0.0,0.0,0.0,0.0,0.0,0.0,0.0,0.0
26.678545564,0.0,0.0,-0.0,-0.0,-77.16929626464844,119.92880249023438,0.0,-0.0,0.0,0.0,0.0,0.0,0.0,0.0,0.0,0.0
26.698171872,0.0,0.0,-0.0,-0.0,-77.16929626464844,119.92880249023438,0.0,-0.0,0.0,0.0,0.0,0.0,0.0,0.0,0.0,0.0
26.718270926,0.0,0.0,-0.0,-0.0,-77.16929626464844,119.92880249023438,0.0,-0.0,0.0,0.0,0.0,0.0,0.0,0.0,0.0,0.0
26.738040148,0.0,0.0,-0.0,-0.0,-77.16929626464844,119.92880249023438,0.0,-0.0,0.0,0.0,0.0,0.0,0.0,0.0,0.0,0.0
26.758061568,0.0,0.0,-0.0,-0.0,-77.16929626464844,119.92880249023438,0.0,-0.0,0.0,0.0,0.0,0.0,0.0,0.0,0.0,0.0
26.777980522,0.0,0.0,-0.0,-0.0,-77.16929626464844,119.92880249023438,0.0,-0.0,0.0,0.0,0.0,0.0,0.0,0.0,0.0,0.0
26.798005686,0.0,0.0,-0.0,-0.0,-77.16929626464844,119.92880249023438,0.0,-0.0,0.0,0.0,0.0,0.0,0.0,0.0,0.0,0.0
26.818027202,0.0,0.0,-0.0,-0.0,-77.16929626464844,119.92880249023438,0.0,-0.0,0.0,0.0,0.0,0.0,0.0,0.0,0.0,0.0
26.83797486,0.0,0.0,-0.0,-0.0,-77.16929626464844,119.92880249023438,0.0,-0.0,0.0,0.0,0.0,0.0,0.0,0.0,0.0,0.0
26.857706546,0.0,0.0,-0.0,-0.0,-77.16929626464844,119.92880249023438,0.0,-0.0,0.0,0.0,0.0,0.0,0.0,0.0,0.0,0.0
26.878136518,0.0,0.0,-0.0,-0.0,-77.16929626464844,119.92880249023438,0.0,-0.0,0.0,0.0,0.0,0.0,0.0,0.0,0.0,0.0
26.89805656,0.0,0.0,-0.0,-0.0,-77.16929626464844,119.92880249023438,0.0,-0.0,0.0,0.0,0.0,0.0,0.0,0.0,0.0,0.0
26.917977605,0.0,0.0,-0.0,-0.0,-77.16929626464844,119.92880249023438,0.0,-0.0,0.0,0.0,0.0,0.0,0.0,0.0,0.0,0.0
26.937995126,0.0,0.0,-0.0,-0.0,-77.16929626464844,119.92880249023438,0.0,-0.0,0.0,0.0,0.0,0.0,0.0,0.0,0.0,0.0
