Mar 24 06:52:29 ubuntu kernel: Booting Linux on physical CPU 0x0000000000 [0x410fd421]
Mar 24 06:52:29 ubuntu kernel: Linux version 5.15.148-tegra (buildbrain@mobile-u64-6354-d6000) (aarch64-buildroot-linux-gnu-gcc.br_real (Buildroot 2022.08) 11.3.0, GNU ld (GNU Binutils) 2.38) #1 SMP PREEMPT Thu Sep 18 15:08:33 PDT 2025 ()
Mar 24 06:52:29 ubuntu kernel: Machine model: NVIDIA Jetson AGX Orin Developer Kit
Mar 24 06:52:29 ubuntu kernel: efi: EFI v2.70 by EDK II
Mar 24 06:52:29 ubuntu kernel: efi: RTPROP=0x1027f8f198 TPMFinalLog=0x1018b50000 SMBIOS=0xffff0000 SMBIOS 3.0=0x1027980000 MEMATTR=0x1021935018 ESRT=0x1023644d98 TPMEventLog=0x1018b68018 RNG=0x10150c0018 MEMRESERVE=0x1018b6ac18 
Mar 24 06:52:29 ubuntu kernel: random: crng init done
Mar 24 06:52:29 ubuntu kernel: secureboot: Secure boot disabled
Mar 24 06:52:29 ubuntu kernel: esrt: Reserving ESRT space from 0x0000001023644d98 to 0x0000001023644dd0.
Mar 24 06:52:29 ubuntu kernel: Reserved memory: created CMA memory pool at 0x0000000ff4000000, size 512 MiB
Mar 24 06:52:29 ubuntu kernel: OF: reserved mem: initialized node linux,cma, compatible id shared-dma-pool
Mar 24 06:52:29 ubuntu kernel: NUMA: No NUMA configuration found
Mar 24 06:52:29 ubuntu kernel: NUMA: Faking a node at [mem 0x0000000080000000-0x0000001033ffffff]
Mar 24 06:52:29 ubuntu kernel: NUMA: NODE_DATA [mem 0x1022bb5840-0x1022bb803f]
Mar 24 06:52:29 ubuntu kernel: Zone ranges:
Mar 24 06:52:29 ubuntu kernel:   DMA      [mem 0x0000000080000000-0x00000000ffffffff]
Mar 24 06:52:29 ubuntu kernel:   DMA32    empty
Mar 24 06:52:29 ubuntu kernel:   Normal   [mem 0x0000000100000000-0x0000001033ffffff]
Mar 24 06:52:29 ubuntu kernel: Movable zone start for each node
Mar 24 06:52:29 ubuntu kernel: Early memory node ranges
Mar 24 06:52:29 ubuntu kernel:   node   0: [mem 0x0000000080000000-0x00000000fffdffff]
Mar 24 06:52:29 ubuntu kernel:   node   0: [mem 0x00000000fffe0000-0x00000000ffffffff]
Mar 24 06:52:29 ubuntu kernel:   node   0: [mem 0x0000000100000000-0x00000010189c7fff]
Mar 24 06:52:29 ubuntu kernel:   node   0: [mem 0x00000010189c8000-0x0000001018b5ffff]
Mar 24 06:52:29 ubuntu kernel:   node   0: [mem 0x0000001018b60000-0x0000001018b6afff]
Mar 24 06:52:29 ubuntu kernel:   node   0: [mem 0x0000001018b6b000-0x0000001018b6bfff]
Mar 24 06:52:29 ubuntu kernel:   node   0: [mem 0x0000001018b6c000-0x000000102604ffff]
Mar 24 06:52:29 ubuntu kernel:   node   0: [mem 0x0000001026050000-0x0000001027f8ffff]
Mar 24 06:52:29 ubuntu kernel:   node   0: [mem 0x0000001027f90000-0x000000102c5fffff]
Mar 24 06:52:29 ubuntu kernel:   node   0: [mem 0x000000102c600000-0x000000102c7fffff]
Mar 24 06:52:29 ubuntu kernel:   node   0: [mem 0x000000102c800000-0x000000102cd6ffff]
Mar 24 06:52:29 ubuntu kernel:   node   0: [mem 0x000000102d700000-0x000000102d7fffff]
Mar 24 06:52:29 ubuntu kernel:   node   0: [mem 0x0000001032000000-0x0000001033ffffff]
Mar 24 06:52:29 ubuntu kernel: mminit::pageflags_layout_widths Section 0 Node 4 Zone 2 Lastcpupid 16 Kasantag 0 Flags 24
Mar 24 06:52:29 ubuntu kernel: mminit::pageflags_layout_shifts Section 21 Node 4 Zone 2 Lastcpupid 16 Kasantag 0
Mar 24 06:52:29 ubuntu kernel: mminit::pageflags_layout_pgshifts Section 0 Node 60 Zone 58 Lastcpupid 42 Kasantag 0
Mar 24 06:52:29 ubuntu kernel: mminit::pageflags_layout_nodezoneid Node/Zone ID: 64 -> 58
Mar 24 06:52:29 ubuntu kernel: mminit::pageflags_layout_usage location: 64 -> 42 layout 42 -> 24 unused 24 -> 0 page-flags
Mar 24 06:52:29 ubuntu kernel: Initmem setup node 0 [mem 0x0000000080000000-0x0000001033ffffff]
Mar 24 06:52:29 ubuntu kernel: mminit::memmap_init Initialising map node 0 zone 0 pfns 524288 -> 1048576
Mar 24 06:52:29 ubuntu kernel: mminit::memmap_init Initialising map node 0 zone 2 pfns 1048576 -> 16990208
Mar 24 06:52:29 ubuntu kernel: On node 0, zone Normal: 2448 pages in unavailable ranges
Mar 24 06:52:29 ubuntu kernel: On node 0, zone Normal: 18432 pages in unavailable ranges
Mar 24 06:52:29 ubuntu kernel: On node 0, zone Normal: 16384 pages in unavailable ranges
Mar 24 06:52:29 ubuntu kernel: psci: probing for conduit method from DT.
Mar 24 06:52:29 ubuntu kernel: psci: PSCIv1.1 detected in firmware.
Mar 24 06:52:29 ubuntu kernel: psci: Using standard PSCI v0.2 function IDs
Mar 24 06:52:29 ubuntu kernel: psci: Trusted OS migration not required
Mar 24 06:52:29 ubuntu kernel: psci: SMC Calling Convention v1.2
Mar 24 06:52:29 ubuntu kernel: percpu: Embedded 29 pages/cpu s80408 r8192 d30184 u118784
Mar 24 06:52:29 ubuntu kernel: pcpu-alloc: s80408 r8192 d30184 u118784 alloc=29*4096
Mar 24 06:52:29 ubuntu kernel: pcpu-alloc: [0] 00 [0] 01 [0] 02 [0] 03 [0] 04 [0] 05 [0] 06 [0] 07 
Mar 24 06:52:29 ubuntu kernel: pcpu-alloc: [0] 08 [0] 09 [0] 10 [0] 11 
Mar 24 06:52:29 ubuntu kernel: Detected PIPT I-cache on CPU0
Mar 24 06:52:29 ubuntu kernel: CPU features: detected: Address authentication (architected algorithm)
Mar 24 06:52:29 ubuntu kernel: CPU features: detected: GIC system register CPU interface
Mar 24 06:52:29 ubuntu kernel: CPU features: detected: Virtualization Host Extensions
Mar 24 06:52:29 ubuntu kernel: CPU features: detected: Hardware dirty bit management
Mar 24 06:52:29 ubuntu kernel: CPU features: detected: Spectre-v4
Mar 24 06:52:29 ubuntu kernel: CPU features: detected: Spectre-BHB
Mar 24 06:52:29 ubuntu kernel: CPU features: kernel page table isolation forced ON by KASLR
Mar 24 06:52:29 ubuntu kernel: CPU features: detected: Kernel page table isolation (KPTI)
Mar 24 06:52:29 ubuntu kernel: alternatives: patching kernel code
Mar 24 06:52:29 ubuntu kernel: mminit::zonelist general 0:DMA = 0:DMA 
Mar 24 06:52:29 ubuntu kernel: mminit::zonelist general 0:Normal = 0:Normal 0:DMA 
Mar 24 06:52:29 ubuntu kernel: mminit::zonelist thisnode 0:DMA = 0:DMA 
Mar 24 06:52:29 ubuntu kernel: mminit::zonelist thisnode 0:Normal = 0:Normal 0:DMA 
Mar 24 06:52:29 ubuntu kernel: Built 1 zonelists, mobility grouping on.  Total pages: 16187760
Mar 24 06:52:29 ubuntu kernel: Policy zone: Normal
Mar 24 06:52:29 ubuntu kernel: Kernel command line: root=/dev/nvme0n1p1 rw rootwait rootfstype=ext4 mminit_loglevel=4 console=ttyTCU0,115200 console=ttyAMA0,115200 firmware_class.path=/etc/firmware fbcon=map:0 video=efifb:off console=tty0 nv-auto-config bl_prof_dataptr=2031616@0x102C610000 bl_prof_ro_ptr=65536@0x102C600000 
Mar 24 06:52:29 ubuntu kernel: Unknown kernel command line parameters "nv-auto-config bl_prof_dataptr=2031616@0x102C610000 bl_prof_ro_ptr=65536@0x102C600000", will be passed to user space.
Mar 24 06:52:29 ubuntu kernel: Dentry cache hash table entries: 8388608 (order: 14, 67108864 bytes, linear)
Mar 24 06:52:29 ubuntu kernel: Inode-cache hash table entries: 4194304 (order: 13, 33554432 bytes, linear)
Mar 24 06:52:29 ubuntu kernel: mem auto-init: stack:off, heap alloc:off, heap free:off
Mar 24 06:52:29 ubuntu kernel: software IO TLB: mapped [mem 0x00000000fbfe0000-0x00000000fffe0000] (64MB)
Mar 24 06:52:29 ubuntu kernel: Memory: 63799720K/65780160K available (20160K kernel code, 4064K rwdata, 10056K rodata, 7680K init, 529K bss, 1456152K reserved, 524288K cma-reserved)
Mar 24 06:52:29 ubuntu kernel: SLUB: HWalign=64, Order=0-3, MinObjects=0, CPUs=12, Nodes=1
Mar 24 06:52:29 ubuntu kernel: trace event string verifier disabled
Mar 24 06:52:29 ubuntu kernel: rcu: Preemptible hierarchical RCU implementation.
Mar 24 06:52:29 ubuntu kernel: rcu:         RCU event tracing is enabled.
Mar 24 06:52:29 ubuntu kernel: rcu:         RCU restricting CPUs from NR_CPUS=256 to nr_cpu_ids=12.
Mar 24 06:52:29 ubuntu kernel:         Trampoline variant of Tasks RCU enabled.
Mar 24 06:52:29 ubuntu kernel:         Rude variant of Tasks RCU enabled.
Mar 24 06:52:29 ubuntu kernel:         Tracing variant of Tasks RCU enabled.
Mar 24 06:52:29 ubuntu kernel: rcu: RCU calculated value of scheduler-enlistment delay is 25 jiffies.
Mar 24 06:52:29 ubuntu kernel: rcu: Adjusting geometry for rcu_fanout_leaf=16, nr_cpu_ids=12
Mar 24 06:52:29 ubuntu kernel: NR_IRQS: 64, nr_irqs: 64, preallocated irqs: 0
Mar 24 06:52:29 ubuntu kernel: GICv3: GIC: Using split EOI/Deactivate mode
Mar 24 06:52:29 ubuntu kernel: GICv3: 960 SPIs implemented
Mar 24 06:52:29 ubuntu kernel: GICv3: 0 Extended SPIs implemented
Mar 24 06:52:29 ubuntu kernel: GICv3: Distributor has no Range Selector support
Mar 24 06:52:29 ubuntu kernel: Root IRQ handler: gic_handle_irq
Mar 24 06:52:29 ubuntu kernel: GICv3: 16 PPIs implemented
Mar 24 06:52:29 ubuntu kernel: GICv3: CPU0: found redistributor 0 region 0:0x000000000f440000
Mar 24 06:52:29 ubuntu kernel: arch_timer: cp15 timer(s) running at 31.25MHz (phys).
Mar 24 06:52:29 ubuntu kernel: clocksource: arch_sys_counter: mask: 0xffffffffffffff max_cycles: 0xe6a171046, max_idle_ns: 881590405314 ns
Mar 24 06:52:29 ubuntu kernel: sched_clock: 56 bits at 31MHz, resolution 32ns, wraps every 4398046511088ns
Mar 24 06:52:29 ubuntu kernel: Console: colour dummy device 80x25
Mar 24 06:52:29 ubuntu kernel: printk: console [tty0] enabled
Mar 24 06:52:29 ubuntu kernel: Calibrating delay loop (skipped), value calculated using timer frequency.. 62.50 BogoMIPS (lpj=125000)
Mar 24 06:52:29 ubuntu kernel: pid_max: default: 32768 minimum: 301
Mar 24 06:52:29 ubuntu kernel: LSM: Security Framework initializing
Mar 24 06:52:29 ubuntu kernel: Yama: becoming mindful.
Mar 24 06:52:29 ubuntu kernel: SELinux:  Initializing.
Mar 24 06:52:29 ubuntu kernel: Mount-cache hash table entries: 131072 (order: 8, 1048576 bytes, linear)
Mar 24 06:52:29 ubuntu kernel: Mountpoint-cache hash table entries: 131072 (order: 8, 1048576 bytes, linear)
Mar 24 06:52:29 ubuntu kernel: rcu: Hierarchical SRCU implementation.
Mar 24 06:52:29 ubuntu kernel: Tegra Revision: A01 SKU: 208 CPU Process: 0 SoC Process: 0
Mar 24 06:52:29 ubuntu kernel: Remapping and enabling EFI services.
Mar 24 06:52:29 ubuntu kernel: smp: Bringing up secondary CPUs ...
Mar 24 06:52:29 ubuntu kernel: Detected PIPT I-cache on CPU1
Mar 24 06:52:29 ubuntu kernel: GICv3: CPU1: found redistributor 100 region 0:0x000000000f460000
Mar 24 06:52:29 ubuntu kernel: CPU1: Booted secondary processor 0x0000000100 [0x410fd421]
Mar 24 06:52:29 ubuntu kernel: Detected PIPT I-cache on CPU2
Mar 24 06:52:29 ubuntu kernel: GICv3: CPU2: found redistributor 200 region 0:0x000000000f480000
Mar 24 06:52:29 ubuntu kernel: CPU2: Booted secondary processor 0x0000000200 [0x410fd421]
Mar 24 06:52:29 ubuntu kernel: Detected PIPT I-cache on CPU3
Mar 24 06:52:29 ubuntu kernel: GICv3: CPU3: found redistributor 300 region 0:0x000000000f4a0000
Mar 24 06:52:29 ubuntu kernel: CPU3: Booted secondary processor 0x0000000300 [0x410fd421]
Mar 24 06:52:29 ubuntu kernel: Detected PIPT I-cache on CPU4
Mar 24 06:52:29 ubuntu kernel: GICv3: CPU4: found redistributor 10000 region 0:0x000000000f4c0000
Mar 24 06:52:29 ubuntu kernel: CPU4: Booted secondary processor 0x0000010000 [0x410fd421]
Mar 24 06:52:29 ubuntu kernel: Detected PIPT I-cache on CPU5
Mar 24 06:52:29 ubuntu kernel: GICv3: CPU5: found redistributor 10100 region 0:0x000000000f4e0000
Mar 24 06:52:29 ubuntu kernel: CPU5: Booted secondary processor 0x0000010100 [0x410fd421]
Mar 24 06:52:29 ubuntu kernel: Detected PIPT I-cache on CPU6
Mar 24 06:52:29 ubuntu kernel: GICv3: CPU6: found redistributor 10200 region 0:0x000000000f500000
Mar 24 06:52:29 ubuntu kernel: CPU6: Booted secondary processor 0x0000010200 [0x410fd421]
Mar 24 06:52:29 ubuntu kernel: Detected PIPT I-cache on CPU7
Mar 24 06:52:29 ubuntu kernel: GICv3: CPU7: found redistributor 10300 region 0:0x000000000f520000
Mar 24 06:52:29 ubuntu kernel: CPU7: Booted secondary processor 0x0000010300 [0x410fd421]
Mar 24 06:52:29 ubuntu kernel: Detected PIPT I-cache on CPU8
Mar 24 06:52:29 ubuntu kernel: GICv3: CPU8: found redistributor 20000 region 0:0x000000000f540000
Mar 24 06:52:29 ubuntu kernel: CPU8: Booted secondary processor 0x0000020000 [0x410fd421]
Mar 24 06:52:29 ubuntu kernel: Detected PIPT I-cache on CPU9
Mar 24 06:52:29 ubuntu kernel: GICv3: CPU9: found redistributor 20100 region 0:0x000000000f560000
Mar 24 06:52:29 ubuntu kernel: CPU9: Booted secondary processor 0x0000020100 [0x410fd421]
Mar 24 06:52:29 ubuntu kernel: Detected PIPT I-cache on CPU10
Mar 24 06:52:29 ubuntu kernel: GICv3: CPU10: found redistributor 20200 region 0:0x000000000f580000
Mar 24 06:52:29 ubuntu kernel: CPU10: Booted secondary processor 0x0000020200 [0x410fd421]
Mar 24 06:52:29 ubuntu kernel: Detected PIPT I-cache on CPU11
Mar 24 06:52:29 ubuntu kernel: GICv3: CPU11: found redistributor 20300 region 0:0x000000000f5a0000
Mar 24 06:52:29 ubuntu kernel: CPU11: Booted secondary processor 0x0000020300 [0x410fd421]
Mar 24 06:52:29 ubuntu kernel: smp: Brought up 1 node, 12 CPUs
Mar 24 06:52:29 ubuntu kernel: SMP: Total of 12 processors activated.
Mar 24 06:52:29 ubuntu kernel: CPU features: detected: 32-bit EL0 Support
Mar 24 06:52:29 ubuntu kernel: CPU features: detected: Data cache clean to the PoU not required for I/D coherence
Mar 24 06:52:29 ubuntu kernel: CPU features: detected: Common not Private translations
Mar 24 06:52:29 ubuntu kernel: CPU features: detected: CRC32 instructions
Mar 24 06:52:29 ubuntu kernel: CPU features: detected: Data cache clean to Point of Persistence
Mar 24 06:52:29 ubuntu kernel: CPU features: detected: Generic authentication (architected algorithm)
Mar 24 06:52:29 ubuntu kernel: CPU features: detected: RCpc load-acquire (LDAPR)
Mar 24 06:52:29 ubuntu kernel: CPU features: detected: LSE atomic instructions
Mar 24 06:52:29 ubuntu kernel: CPU features: detected: Privileged Access Never
Mar 24 06:52:29 ubuntu kernel: CPU features: detected: RAS Extension Support
Mar 24 06:52:29 ubuntu kernel: CPU features: detected: Speculative Store Bypassing Safe (SSBS)
Mar 24 06:52:29 ubuntu kernel: CPU: All CPU(s) started at EL2
Mar 24 06:52:29 ubuntu kernel: devtmpfs: initialized
Mar 24 06:52:29 ubuntu kernel: KASLR enabled
Mar 24 06:52:29 ubuntu kernel: clocksource: jiffies: mask: 0xffffffff max_cycles: 0xffffffff, max_idle_ns: 7645041785100000 ns
Mar 24 06:52:29 ubuntu kernel: futex hash table entries: 4096 (order: 6, 262144 bytes, linear)
Mar 24 06:52:29 ubuntu kernel: pinctrl core: initialized pinctrl subsystem
Mar 24 06:52:29 ubuntu kernel: SMBIOS 3.6.0 present.
Mar 24 06:52:29 ubuntu kernel: DMI: NVIDIA NVIDIA Jetson AGX Orin Developer Kit/Jetson, BIOS 36.4.7-gcid-42132812 09/18/2025
Mar 24 06:52:29 ubuntu kernel: NET: Registered PF_NETLINK/PF_ROUTE protocol family
Mar 24 06:52:29 ubuntu kernel: DMA: preallocated 8192 KiB GFP_KERNEL pool for atomic allocations
Mar 24 06:52:29 ubuntu kernel: DMA: preallocated 8192 KiB GFP_KERNEL|GFP_DMA pool for atomic allocations
Mar 24 06:52:29 ubuntu kernel: DMA: preallocated 8192 KiB GFP_KERNEL|GFP_DMA32 pool for atomic allocations
Mar 24 06:52:29 ubuntu kernel: audit: initializing netlink subsys (disabled)
Mar 24 06:52:29 ubuntu kernel: audit: type=2000 audit(0.156:1): state=initialized audit_enabled=0 res=1
Mar 24 06:52:29 ubuntu kernel: thermal_sys: Registered thermal governor 'step_wise'
Mar 24 06:52:29 ubuntu kernel: thermal_sys: Registered thermal governor 'user_space'
Mar 24 06:52:29 ubuntu kernel: thermal_sys: Registered thermal governor 'power_allocator'
Mar 24 06:52:29 ubuntu kernel: cpuidle: using governor menu
Mar 24 06:52:29 ubuntu kernel: hw-breakpoint: found 6 breakpoint and 4 watchpoint registers.
Mar 24 06:52:29 ubuntu kernel: ASID allocator initialised with 32768 entries
Mar 24 06:52:29 ubuntu kernel: Serial: AMBA PL011 UART driver
Mar 24 06:52:29 ubuntu kernel: 31d0000.serial: ttyAMA0 at MMIO 0x31d0000 (irq = 118, base_baud = 0) is a SBSA
Mar 24 06:52:29 ubuntu kernel: printk: console [ttyAMA0] enabled
Mar 24 06:52:29 ubuntu kernel: platform bpmp: Fixing up cyclic dependency with 2c60000.external-memory-controller
Mar 24 06:52:29 ubuntu kernel: HugeTLB registered 1.00 GiB page size, pre-allocated 0 pages
Mar 24 06:52:29 ubuntu kernel: HugeTLB registered 32.0 MiB page size, pre-allocated 0 pages
Mar 24 06:52:29 ubuntu kernel: HugeTLB registered 2.00 MiB page size, pre-allocated 0 pages
Mar 24 06:52:29 ubuntu kernel: HugeTLB registered 64.0 KiB page size, pre-allocated 0 pages
Mar 24 06:52:29 ubuntu kernel: cryptd: max_cpu_qlen set to 1000
Mar 24 06:52:29 ubuntu kernel: ACPI: Interpreter disabled.
Mar 24 06:52:29 ubuntu kernel: iommu: Default domain type: Translated 
Mar 24 06:52:29 ubuntu kernel: iommu: DMA domain TLB invalidation policy: strict mode 
Mar 24 06:52:29 ubuntu kernel: SCSI subsystem initialized
Mar 24 06:52:29 ubuntu kernel: libata version 3.00 loaded.
Mar 24 06:52:29 ubuntu kernel: vgaarb: loaded
Mar 24 06:52:29 ubuntu kernel: usbcore: registered new interface driver usbfs
Mar 24 06:52:29 ubuntu kernel: usbcore: registered new interface driver hub
Mar 24 06:52:29 ubuntu kernel: usbcore: registered new device driver usb
Mar 24 06:52:29 ubuntu kernel: pps_core: LinuxPPS API ver. 1 registered
Mar 24 06:52:29 ubuntu kernel: pps_core: Software ver. 5.3.6 - Copyright 2005-2007 Rodolfo Giometti <giometti@linux.it>
Mar 24 06:52:29 ubuntu kernel: PTP clock support registered
Mar 24 06:52:29 ubuntu kernel: EDAC MC: Ver: 3.0.0
Mar 24 06:52:29 ubuntu kernel: Registered efivars operations
Mar 24 06:52:29 ubuntu kernel: FPGA manager framework
Mar 24 06:52:29 ubuntu kernel: Advanced Linux Sound Architecture Driver Initialized.
Mar 24 06:52:29 ubuntu kernel: Bluetooth: Core ver 2.22
Mar 24 06:52:29 ubuntu kernel: NET: Registered PF_BLUETOOTH protocol family
Mar 24 06:52:29 ubuntu kernel: Bluetooth: HCI device and connection manager initialized
Mar 24 06:52:29 ubuntu kernel: Bluetooth: HCI socket layer initialized
Mar 24 06:52:29 ubuntu kernel: Bluetooth: L2CAP socket layer initialized
Mar 24 06:52:29 ubuntu kernel: Bluetooth: SCO socket layer initialized
Mar 24 06:52:29 ubuntu kernel: clocksource: Switched to clocksource arch_sys_counter
Mar 24 06:52:29 ubuntu kernel: VFS: Disk quotas dquot_6.6.0
Mar 24 06:52:29 ubuntu kernel: VFS: Dquot-cache hash table entries: 512 (order 0, 4096 bytes)
Mar 24 06:52:29 ubuntu kernel: pnp: PnP ACPI: disabled
Mar 24 06:52:29 ubuntu kernel: NET: Registered PF_INET protocol family
Mar 24 06:52:29 ubuntu kernel: IP idents hash table entries: 262144 (order: 9, 2097152 bytes, linear)
Mar 24 06:52:29 ubuntu kernel: tcp_listen_portaddr_hash hash table entries: 32768 (order: 7, 524288 bytes, linear)
Mar 24 06:52:29 ubuntu kernel: Table-perturb hash table entries: 65536 (order: 6, 262144 bytes, linear)
Mar 24 06:52:29 ubuntu kernel: TCP established hash table entries: 524288 (order: 10, 4194304 bytes, linear)
Mar 24 06:52:29 ubuntu kernel: TCP bind hash table entries: 65536 (order: 8, 1048576 bytes, linear)
Mar 24 06:52:29 ubuntu kernel: TCP: Hash tables configured (established 524288 bind 65536)
Mar 24 06:52:29 ubuntu kernel: UDP hash table entries: 32768 (order: 8, 1048576 bytes, linear)
Mar 24 06:52:29 ubuntu kernel: UDP-Lite hash table entries: 32768 (order: 8, 1048576 bytes, linear)
Mar 24 06:52:29 ubuntu kernel: NET: Registered PF_UNIX/PF_LOCAL protocol family
Mar 24 06:52:29 ubuntu kernel: RPC: Registered named UNIX socket transport module.
Mar 24 06:52:29 ubuntu kernel: RPC: Registered udp transport module.
Mar 24 06:52:29 ubuntu kernel: RPC: Registered tcp transport module.
Mar 24 06:52:29 ubuntu kernel: RPC: Registered tcp NFSv4.1 backchannel transport module.
Mar 24 06:52:29 ubuntu kernel: PCI: CLS 0 bytes, default 64
Mar 24 06:52:29 ubuntu kernel: Unpacking initramfs...
Mar 24 06:52:29 ubuntu kernel: hw perfevents: enabled with armv8_cortex_a78 PMU driver, 7 counters available
Mar 24 06:52:29 ubuntu kernel: kvm [1]: IPA Size Limit: 48 bits
Mar 24 06:52:29 ubuntu kernel: kvm [1]: GICv3: no GICV resource entry
Mar 24 06:52:29 ubuntu kernel: kvm [1]: disabling GICv2 emulation
Mar 24 06:52:29 ubuntu kernel: kvm [1]: GIC system register CPU interface enabled
Mar 24 06:52:29 ubuntu kernel: kvm [1]: vgic interrupt IRQ9
Mar 24 06:52:29 ubuntu kernel: kvm [1]: VHE mode initialized successfully
Mar 24 06:52:29 ubuntu kernel: Initialise system trusted keyrings
Mar 24 06:52:29 ubuntu kernel: Key type blacklist registered
Mar 24 06:52:29 ubuntu kernel: workingset: timestamp_bits=42 max_order=24 bucket_order=0
Mar 24 06:52:29 ubuntu kernel: squashfs: version 4.0 (2009/01/31) Phillip Lougher
Mar 24 06:52:29 ubuntu kernel: NFS: Registering the id_resolver key type
Mar 24 06:52:29 ubuntu kernel: Key type id_resolver registered
Mar 24 06:52:29 ubuntu kernel: Key type id_legacy registered
Mar 24 06:52:29 ubuntu kernel: nfs4filelayout_init: NFSv4 File Layout Driver Registering...
Mar 24 06:52:29 ubuntu kernel: nfs4flexfilelayout_init: NFSv4 Flexfile Layout Driver Registering...
Mar 24 06:52:29 ubuntu kernel: ntfs: driver 2.1.32 [Flags: R/O].
Mar 24 06:52:29 ubuntu kernel: 9p: Installing v9fs 9p2000 file system support
Mar 24 06:52:29 ubuntu kernel: integrity: Platform Keyring initialized
Mar 24 06:52:29 ubuntu kernel: Key type asymmetric registered
Mar 24 06:52:29 ubuntu kernel: Asymmetric key parser 'x509' registered
Mar 24 06:52:29 ubuntu kernel: Block layer SCSI generic (bsg) driver version 0.4 loaded (major 245)
Mar 24 06:52:29 ubuntu kernel: io scheduler mq-deadline registered
Mar 24 06:52:29 ubuntu kernel: io scheduler kyber registered
Mar 24 06:52:29 ubuntu kernel: EINJ: ACPI disabled.
Mar 24 06:52:29 ubuntu kernel: Serial: 8250/16550 driver, 4 ports, IRQ sharing enabled
Mar 24 06:52:29 ubuntu kernel: SuperH (H)SCI(F) driver initialized
Mar 24 06:52:29 ubuntu kernel: msm_serial: driver initialized
Mar 24 06:52:29 ubuntu kernel: printk: console [ttyTCU0] enabled
Mar 24 06:52:29 ubuntu kernel: arm-smmu 8000000.iommu: probing hardware configuration...
Mar 24 06:52:29 ubuntu kernel: arm-smmu 8000000.iommu: SMMUv2 with:
Mar 24 06:52:29 ubuntu kernel: arm-smmu 8000000.iommu:         stage 1 translation
Mar 24 06:52:29 ubuntu kernel: arm-smmu 8000000.iommu:         stage 2 translation
Mar 24 06:52:29 ubuntu kernel: arm-smmu 8000000.iommu:         nested translation
Mar 24 06:52:29 ubuntu kernel: arm-smmu 8000000.iommu:         stream matching with 128 register groups
Mar 24 06:52:29 ubuntu kernel: arm-smmu 8000000.iommu:         128 context banks (0 stage-2 only)
Mar 24 06:52:29 ubuntu kernel: arm-smmu 8000000.iommu:         Supported page sizes: 0x61311000
Mar 24 06:52:29 ubuntu kernel: arm-smmu 8000000.iommu:         Stage-1: 48-bit VA -> 48-bit IPA
Mar 24 06:52:29 ubuntu kernel: arm-smmu 8000000.iommu:         Stage-2: 48-bit IPA -> 48-bit PA
Mar 24 06:52:29 ubuntu kernel: arm-smmu 10000000.iommu: probing hardware configuration...
Mar 24 06:52:29 ubuntu kernel: arm-smmu 10000000.iommu: SMMUv2 with:
Mar 24 06:52:29 ubuntu kernel: arm-smmu 10000000.iommu:         stage 1 translation
Mar 24 06:52:29 ubuntu kernel: arm-smmu 10000000.iommu:         stage 2 translation
Mar 24 06:52:29 ubuntu kernel: arm-smmu 10000000.iommu:         nested translation
Mar 24 06:52:29 ubuntu kernel: arm-smmu 10000000.iommu:         stream matching with 128 register groups
Mar 24 06:52:29 ubuntu kernel: arm-smmu 10000000.iommu:         128 context banks (0 stage-2 only)
Mar 24 06:52:29 ubuntu kernel: arm-smmu 10000000.iommu:         Supported page sizes: 0x61311000
Mar 24 06:52:29 ubuntu kernel: arm-smmu 10000000.iommu:         Stage-1: 48-bit VA -> 48-bit IPA
Mar 24 06:52:29 ubuntu kernel: arm-smmu 10000000.iommu:         Stage-2: 48-bit IPA -> 48-bit PA
Mar 24 06:52:29 ubuntu kernel: arm-smmu 12000000.iommu: probing hardware configuration...
Mar 24 06:52:29 ubuntu kernel: arm-smmu 12000000.iommu: SMMUv2 with:
Mar 24 06:52:29 ubuntu kernel: arm-smmu 12000000.iommu:         stage 1 translation
Mar 24 06:52:29 ubuntu kernel: arm-smmu 12000000.iommu:         stage 2 translation
Mar 24 06:52:29 ubuntu kernel: arm-smmu 12000000.iommu:         nested translation
Mar 24 06:52:29 ubuntu kernel: arm-smmu 12000000.iommu:         stream matching with 128 register groups
Mar 24 06:52:29 ubuntu kernel: arm-smmu 12000000.iommu:         128 context banks (0 stage-2 only)
Mar 24 06:52:29 ubuntu kernel: arm-smmu 12000000.iommu:         Supported page sizes: 0x61311000
Mar 24 06:52:29 ubuntu kernel: arm-smmu 12000000.iommu:         Stage-1: 48-bit VA -> 48-bit IPA
Mar 24 06:52:29 ubuntu kernel: arm-smmu 12000000.iommu:         Stage-2: 48-bit IPA -> 48-bit PA
Mar 24 06:52:29 ubuntu kernel: loop: module loaded
Mar 24 06:52:29 ubuntu kernel: megasas: 07.717.02.00-rc1
Mar 24 06:52:29 ubuntu kernel: tun: Universal TUN/TAP device driver, 1.6
Mar 24 06:52:29 ubuntu kernel: thunder_xcv, ver 1.0
Mar 24 06:52:29 ubuntu kernel: thunder_bgx, ver 1.0
Mar 24 06:52:29 ubuntu kernel: nicpf, ver 1.0
Mar 24 06:52:29 ubuntu kernel: hclge is initializing
Mar 24 06:52:29 ubuntu kernel: hns3: Hisilicon Ethernet Network Driver for Hip08 Family - version
Mar 24 06:52:29 ubuntu kernel: hns3: Copyright (c) 2017 Huawei Corporation.
Mar 24 06:52:29 ubuntu kernel: e1000: Intel(R) PRO/1000 Network Driver
Mar 24 06:52:29 ubuntu kernel: e1000: Copyright (c) 1999-2006 Intel Corporation.
Mar 24 06:52:29 ubuntu kernel: e1000e: Intel(R) PRO/1000 Network Driver
Mar 24 06:52:29 ubuntu kernel: e1000e: Copyright(c) 1999 - 2015 Intel Corporation.
Mar 24 06:52:29 ubuntu kernel: igb: Intel(R) Gigabit Ethernet Network Driver
Mar 24 06:52:29 ubuntu kernel: igb: Copyright (c) 2007-2014 Intel Corporation.
Mar 24 06:52:29 ubuntu kernel: igbvf: Intel(R) Gigabit Virtual Function Network Driver
Mar 24 06:52:29 ubuntu kernel: igbvf: Copyright (c) 2009 - 2012 Intel Corporation.
Mar 24 06:52:29 ubuntu kernel: sky2: driver version 1.30
Mar 24 06:52:29 ubuntu kernel: VFIO - User Level meta-driver version: 0.3
Mar 24 06:52:29 ubuntu kernel: ehci_hcd: USB 2.0 'Enhanced' Host Controller (EHCI) Driver
Mar 24 06:52:29 ubuntu kernel: ehci-pci: EHCI PCI platform driver
Mar 24 06:52:29 ubuntu kernel: ehci-platform: EHCI generic platform driver
Mar 24 06:52:29 ubuntu kernel: ehci-orion: EHCI orion driver
Mar 24 06:52:29 ubuntu kernel: ehci-exynos: EHCI Exynos driver
Mar 24 06:52:29 ubuntu kernel: ohci_hcd: USB 1.1 'Open' Host Controller (OHCI) Driver
Mar 24 06:52:29 ubuntu kernel: ohci-pci: OHCI PCI platform driver
Mar 24 06:52:29 ubuntu kernel: ohci-platform: OHCI generic platform driver
Mar 24 06:52:29 ubuntu kernel: ohci-exynos: OHCI Exynos driver
Mar 24 06:52:29 ubuntu kernel: usbcore: registered new interface driver usb-storage
Mar 24 06:52:29 ubuntu kernel: i2c_dev: i2c /dev entries driver
Mar 24 06:52:29 ubuntu kernel: pps pps0: new PPS source ktimer
Mar 24 06:52:29 ubuntu kernel: pps pps0: ktimer PPS source registered
Mar 24 06:52:29 ubuntu kernel: pps_ldisc: PPS line discipline registered
Mar 24 06:52:29 ubuntu kernel: device-mapper: ioctl: 4.45.0-ioctl (2021-03-22) initialised: dm-devel@redhat.com
Mar 24 06:52:29 ubuntu kernel: sdhci: Secure Digital Host Controller Interface driver
Mar 24 06:52:29 ubuntu kernel: sdhci: Copyright(c) Pierre Ossman
Mar 24 06:52:29 ubuntu kernel: Synopsys Designware Multimedia Card Interface Driver
Mar 24 06:52:29 ubuntu kernel: sdhci-pltfm: SDHCI platform and OF driver helper
Mar 24 06:52:29 ubuntu kernel: ledtrig-cpu: registered to indicate activity on CPUs
Mar 24 06:52:29 ubuntu kernel: SMCCC: SOC_ID: ID = jep106:036b:0234 Revision = 0x00000401
Mar 24 06:52:29 ubuntu kernel: tegra-bpmp bpmp: Adding to iommu group 0
Mar 24 06:52:29 ubuntu kernel: tegra-bpmp bpmp: firmware: 39f77b2baaf3f0522607-da583751bbf
Mar 24 06:52:29 ubuntu kernel: Freeing initrd memory: 15496K
Mar 24 06:52:29 ubuntu kernel: clocksource: tsc: mask: 0xffffffffffffff max_cycles: 0xe6a171046, max_idle_ns: 881590405314 ns
Mar 24 06:52:29 ubuntu kernel: clocksource: osc: mask: 0xffffffff max_cycles: 0xffffffff, max_idle_ns: 49772407460 ns
Mar 24 06:52:29 ubuntu kernel: clocksource: usec: mask: 0xffffffff max_cycles: 0xffffffff, max_idle_ns: 1911260446275 ns
Mar 24 06:52:29 ubuntu kernel: hid: raw HID events driver (C) Jiri Kosina
Mar 24 06:52:29 ubuntu kernel: usbcore: registered new interface driver usbhid
Mar 24 06:52:29 ubuntu kernel: usbhid: USB HID core driver
Mar 24 06:52:29 ubuntu kernel: optee: probing for conduit method.
Mar 24 06:52:29 ubuntu kernel: optee: revision 4.2 (d78bc5fa)
Mar 24 06:52:29 ubuntu kernel: optee: dynamic shared memory is enabled
Mar 24 06:52:29 ubuntu kernel: optee: initialized driver
Mar 24 06:52:29 ubuntu kernel: usbcore: registered new interface driver snd-usb-audio
Mar 24 06:52:29 ubuntu kernel: NET: Registered PF_PACKET protocol family
Mar 24 06:52:29 ubuntu kernel: Bluetooth: RFCOMM TTY layer initialized
Mar 24 06:52:29 ubuntu kernel: Bluetooth: RFCOMM socket layer initialized
Mar 24 06:52:29 ubuntu kernel: Bluetooth: RFCOMM ver 1.11
Mar 24 06:52:29 ubuntu kernel: 9pnet: Installing 9P2000 support
Mar 24 06:52:29 ubuntu kernel: Key type dns_resolver registered
Mar 24 06:52:29 ubuntu kernel: printk: console [tty0]: printing thread started
Mar 24 06:52:29 ubuntu kernel: printk: console [ttyTCU0]: printing thread started
Mar 24 06:52:29 ubuntu kernel: printk: console [ttyAMA0]: printing thread started
Mar 24 06:52:29 ubuntu kernel: Loading compiled-in X.509 certificates
Mar 24 06:52:29 ubuntu kernel: Loaded X.509 cert 'Build time autogenerated kernel key: 9709b2c1b7afae80ccbf49cf4e8a5d004d951f84'
Mar 24 06:52:29 ubuntu kernel: gpio-394 (camera-control-output-high): hogged as output/high
Mar 24 06:52:29 ubuntu kernel: gpio-397 (camera-control-output-high): hogged as output/high
Mar 24 06:52:29 ubuntu kernel: gpio-486 (camera-control-output-high): hogged as output/high
Mar 24 06:52:29 ubuntu kernel: tegra-gpcdma 2600000.dma-controller: Adding to iommu group 1
Mar 24 06:52:29 ubuntu kernel: tegra-gpcdma 2600000.dma-controller: GPC DMA driver register 31 channels
Mar 24 06:52:29 ubuntu kernel: serial-tegra 3100000.serial: RX in PIO mode
Mar 24 06:52:29 ubuntu kernel: serial-tegra 3100000.serial: TX in PIO mode
Mar 24 06:52:29 ubuntu kernel: 3100000.serial: ttyTHS1 at MMIO 0x3100000 (irq = 112, base_baud = 0) is a TEGRA_UART
Mar 24 06:52:29 ubuntu kernel: serial-tegra 3110000.serial: RX in PIO mode
Mar 24 06:52:29 ubuntu kernel: serial-tegra 3110000.serial: TX in PIO mode
Mar 24 06:52:29 ubuntu kernel: 3110000.serial: ttyTHS2 at MMIO 0x3110000 (irq = 206, base_baud = 0) is a TEGRA_UART
Mar 24 06:52:29 ubuntu kernel: tegra_rtc c2a0000.rtc: registered as rtc1
Mar 24 06:52:29 ubuntu kernel: tegra_rtc c2a0000.rtc: Tegra internal Real Time Clock
Mar 24 06:52:29 ubuntu kernel: tegra-i2c 3160000.i2c: Adding to iommu group 1
Mar 24 06:52:29 ubuntu kernel: tegra-i2c 3180000.i2c: Adding to iommu group 1
Mar 24 06:52:29 ubuntu kernel: i2c i2c-9: of_i2c: modalias failure on /bus@0/i2c@3180000/tca9546@70/i2c@0/zedxone_uhd_ser@44
Mar 24 06:52:29 ubuntu kernel: i2c i2c-9: Failed to create I2C device for /bus@0/i2c@3180000/tca9546@70/i2c@0/zedxone_uhd_ser@44
Mar 24 06:52:29 ubuntu kernel: i2c i2c-9: of_i2c: modalias failure on /bus@0/i2c@3180000/tca9546@70/i2c@0/zedxone_uhd@1a
Mar 24 06:52:29 ubuntu kernel: i2c i2c-9: Failed to create I2C device for /bus@0/i2c@3180000/tca9546@70/i2c@0/zedxone_uhd@1a
Mar 24 06:52:29 ubuntu kernel: i2c i2c-2: Added multiplexed i2c bus 9
Mar 24 06:52:29 ubuntu kernel: i2c i2c-2: Added multiplexed i2c bus 10
Mar 24 06:52:29 ubuntu kernel: i2c i2c-2: Added multiplexed i2c bus 11
Mar 24 06:52:29 ubuntu kernel: i2c i2c-2: Added multiplexed i2c bus 12
Mar 24 06:52:29 ubuntu kernel: pca954x 2-0070: registered 4 multiplexed busses for I2C switch pca9546
Mar 24 06:52:29 ubuntu kernel: tegra-i2c 3190000.i2c: Adding to iommu group 1
Mar 24 06:52:29 ubuntu kernel: tegra-i2c 31b0000.i2c: Adding to iommu group 1
Mar 24 06:52:29 ubuntu kernel: tegra-i2c 31c0000.i2c: Adding to iommu group 1
Mar 24 06:52:29 ubuntu kernel: tegra-i2c 31e0000.i2c: Adding to iommu group 1
Mar 24 06:52:29 ubuntu kernel: i2c i2c-13: of_i2c: modalias failure on /bus@0/i2c@31e0000/tca9546@70/i2c@0/zedxone_uhd_ser@44
Mar 24 06:52:29 ubuntu kernel: i2c i2c-13: Failed to create I2C device for /bus@0/i2c@31e0000/tca9546@70/i2c@0/zedxone_uhd_ser@44
Mar 24 06:52:29 ubuntu kernel: i2c i2c-13: of_i2c: modalias failure on /bus@0/i2c@31e0000/tca9546@70/i2c@0/zedxone_uhd_@1a
Mar 24 06:52:29 ubuntu kernel: i2c i2c-13: Failed to create I2C device for /bus@0/i2c@31e0000/tca9546@70/i2c@0/zedxone_uhd_@1a
Mar 24 06:52:29 ubuntu kernel: i2c i2c-8: Added multiplexed i2c bus 13
Mar 24 06:52:29 ubuntu kernel: i2c i2c-8: Added multiplexed i2c bus 14
Mar 24 06:52:29 ubuntu kernel: i2c i2c-8: Added multiplexed i2c bus 15
Mar 24 06:52:29 ubuntu kernel: i2c i2c-8: Added multiplexed i2c bus 16
Mar 24 06:52:29 ubuntu kernel: pca954x 8-0070: registered 4 multiplexed busses for I2C switch pca9546
Mar 24 06:52:29 ubuntu kernel: tegra-i2c c240000.i2c: Adding to iommu group 1
Mar 24 06:52:29 ubuntu kernel: tegra-i2c c250000.i2c: Adding to iommu group 1
Mar 24 06:52:29 ubuntu kernel: cpufreq: cpufreq_online: CPU4: Running at unlisted initial frequency: 2010000 KHz, changing to: 2035200 KHz
Mar 24 06:52:29 ubuntu kernel: cpufreq: cpufreq_online: CPU8: Running at unlisted initial frequency: 2010000 KHz, changing to: 2035200 KHz
Mar 24 06:52:29 ubuntu kernel: sdhci-tegra 3460000.mmc: Adding to iommu group 2
Mar 24 06:52:29 ubuntu kernel: sdhci-tegra 3400000.mmc: Adding to iommu group 3
Mar 24 06:52:29 ubuntu kernel: irq: IRQ233: trimming hierarchy from :bus@0:pmc@c360000
Mar 24 06:52:29 ubuntu kernel: irq: IRQ234: trimming hierarchy from :bus@0:interrupt-controller@f400000-1
Mar 24 06:52:29 ubuntu kernel: irq: IRQ235: trimming hierarchy from :bus@0:pmc@c360000
Mar 24 06:52:29 ubuntu kernel: input: gpio-keys as /devices/platform/gpio-keys/input/input0
Mar 24 06:52:29 ubuntu kernel: ALSA device list:
Mar 24 06:52:29 ubuntu kernel:   No soundcards found.
Mar 24 06:52:29 ubuntu kernel: mmc0: CQHCI version 5.10
Mar 24 06:52:29 ubuntu kernel: sdhci-tegra 3400000.mmc: Got CD GPIO
Mar 24 06:52:29 ubuntu kernel: mmc0: SDHCI controller on 3460000.mmc [3460000.mmc] using ADMA 64-bit
Mar 24 06:52:29 ubuntu kernel: irq: IRQ236: trimming hierarchy from :bus@0:interrupt-controller@f400000-1
Mar 24 06:52:29 ubuntu kernel: mmc1: SDHCI controller on 3400000.mmc [3400000.mmc] using ADMA 64-bit
Mar 24 06:52:29 ubuntu kernel: Freeing unused kernel memory: 7680K
Mar 24 06:52:29 ubuntu kernel: Run /init as init process
Mar 24 06:52:29 ubuntu kernel:   with arguments:
Mar 24 06:52:29 ubuntu kernel:     /init
Mar 24 06:52:29 ubuntu kernel:     nv-auto-config
Mar 24 06:52:29 ubuntu kernel:   with environment:
Mar 24 06:52:29 ubuntu kernel:     HOME=/
Mar 24 06:52:29 ubuntu kernel:     TERM=linux
Mar 24 06:52:29 ubuntu kernel:     bl_prof_dataptr=2031616@0x102C610000
Mar 24 06:52:29 ubuntu kernel:     bl_prof_ro_ptr=65536@0x102C600000
Mar 24 06:52:29 ubuntu unknown: Checking overlayfs setting...
Mar 24 06:52:29 ubuntu unknown: Overlayfs is disabled...
Mar 24 06:52:29 ubuntu unknown: Root device found: nvme0n1p1
Mar 24 06:52:29 ubuntu kernel: mmc0: Command Queue Engine enabled
Mar 24 06:52:29 ubuntu kernel: mmc0: new HS400 Enhanced strobe MMC card at address 0001
Mar 24 06:52:29 ubuntu kernel: mmcblk0: mmc0:0001 DG4064 59.2 GiB 
Mar 24 06:52:29 ubuntu kernel:  mmcblk0: p1 p2 p3 p4 p5 p6 p7 p8 p9 p10 p11 p12 p13 p14 p15
Mar 24 06:52:29 ubuntu kernel: mmcblk0boot0: mmc0:0001 DG4064 4.00 MiB 
Mar 24 06:52:29 ubuntu kernel: mmcblk0boot1: mmc0:0001 DG4064 4.00 MiB 
Mar 24 06:52:29 ubuntu kernel: mmcblk0rpmb: mmc0:0001 DG4064 4.00 MiB, chardev (511:0)
Mar 24 06:52:29 ubuntu kernel: tegra194-pcie 14100000.pcie: Adding to iommu group 4
Mar 24 06:52:29 ubuntu kernel: tegra194-pcie 14100000.pcie: host bridge /bus@0/pcie@14100000 ranges:
Mar 24 06:52:29 ubuntu kernel: tegra194-pcie 14100000.pcie:      MEM 0x2080000000..0x20a7ffffff -> 0x2080000000
Mar 24 06:52:29 ubuntu kernel: tegra194-pcie 14100000.pcie:      MEM 0x20a8000000..0x20afffffff -> 0x0040000000
Mar 24 06:52:29 ubuntu kernel: tegra194-pcie 14100000.pcie:       IO 0x0030100000..0x00301fffff -> 0x0030100000
Mar 24 06:52:29 ubuntu kernel: tegra194-pcie 14100000.pcie: iATU unroll: enabled
Mar 24 06:52:29 ubuntu kernel: tegra194-pcie 14100000.pcie: Detected iATU regions: 8 outbound, 2 inbound
Mar 24 06:52:29 ubuntu kernel: irq: IRQ237: trimming hierarchy from :bus@0:pmc@c360000
Mar 24 06:52:29 ubuntu kernel: tegra194-pcie 14100000.pcie: Link up
Mar 24 06:52:29 ubuntu kernel: tegra194-pcie 14100000.pcie: Link up
Mar 24 06:52:29 ubuntu kernel: tegra194-pcie 14100000.pcie: PCI host bridge to bus 0001:00
Mar 24 06:52:29 ubuntu kernel: pci_bus 0001:00: root bus resource [io  0x0000-0xfffff] (bus address [0x30100000-0x301fffff])
Mar 24 06:52:29 ubuntu kernel: pci_bus 0001:00: root bus resource [mem 0x20a8000000-0x20afffffff] (bus address [0x40000000-0x47ffffff])
Mar 24 06:52:29 ubuntu kernel: pci_bus 0001:00: root bus resource [bus 00-ff]
Mar 24 06:52:29 ubuntu kernel: pci_bus 0001:00: root bus resource [mem 0x2080000000-0x20a7ffffff pref]
Mar 24 06:52:29 ubuntu kernel: pci 0001:00:00.0: [10de:229e] type 01 class 0x060400
Mar 24 06:52:29 ubuntu kernel: pci 0001:00:00.0: PME# supported from D0 D3hot
Mar 24 06:52:29 ubuntu kernel: pci 0001:01:00.0: [10ec:c822] type 00 class 0x028000
Mar 24 06:52:29 ubuntu kernel: pci 0001:01:00.0: reg 0x10: [io  0x0000-0x00ff]
Mar 24 06:52:29 ubuntu kernel: pci 0001:01:00.0: reg 0x18: [mem 0x20a8000000-0x20a800ffff 64bit]
Mar 24 06:52:29 ubuntu kernel: pci 0001:01:00.0: supports D1 D2
Mar 24 06:52:29 ubuntu kernel: pci 0001:01:00.0: PME# supported from D0 D1 D2 D3hot D3cold
Mar 24 06:52:29 ubuntu kernel: pci 0001:00:00.0: BAR 14: assigned [mem 0x20a8000000-0x20a80fffff]
Mar 24 06:52:29 ubuntu kernel: pci 0001:00:00.0: BAR 13: assigned [io  0x1000-0x1fff]
Mar 24 06:52:29 ubuntu kernel: pci 0001:01:00.0: BAR 2: assigned [mem 0x20a8000000-0x20a800ffff 64bit]
Mar 24 06:52:29 ubuntu kernel: pci 0001:01:00.0: BAR 0: assigned [io  0x1000-0x10ff]
Mar 24 06:52:29 ubuntu kernel: pci 0001:00:00.0: PCI bridge to [bus 01-ff]
Mar 24 06:52:29 ubuntu kernel: pci 0001:00:00.0:   bridge window [io  0x1000-0x1fff]
Mar 24 06:52:29 ubuntu kernel: pci 0001:00:00.0:   bridge window [mem 0x20a8000000-0x20a80fffff]
Mar 24 06:52:29 ubuntu kernel: pcieport 0001:00:00.0: Adding to iommu group 4
Mar 24 06:52:29 ubuntu kernel: pcieport 0001:00:00.0: PME: Signaling with IRQ 200
Mar 24 06:52:29 ubuntu kernel: pcieport 0001:00:00.0: AER: enabled with IRQ 200
Mar 24 06:52:29 ubuntu kernel: tegra194-pcie 14160000.pcie: Adding to iommu group 5
Mar 24 06:52:29 ubuntu kernel: tegra194-pcie 14160000.pcie: host bridge /bus@0/pcie@14160000 ranges:
Mar 24 06:52:29 ubuntu kernel: tegra194-pcie 14160000.pcie:      MEM 0x2140000000..0x2427ffffff -> 0x2140000000
Mar 24 06:52:29 ubuntu kernel: tegra194-pcie 14160000.pcie:      MEM 0x2428000000..0x242fffffff -> 0x0040000000
Mar 24 06:52:29 ubuntu kernel: tegra194-pcie 14160000.pcie:       IO 0x0036100000..0x00361fffff -> 0x0036100000
Mar 24 06:52:29 ubuntu kernel: tegra194-pcie 14160000.pcie: iATU unroll: enabled
Mar 24 06:52:29 ubuntu kernel: tegra194-pcie 14160000.pcie: Detected iATU regions: 8 outbound, 2 inbound
Mar 24 06:52:29 ubuntu kernel: tegra194-pcie 14160000.pcie: Link up
Mar 24 06:52:29 ubuntu kernel: tegra194-pcie 14160000.pcie: Link up
Mar 24 06:52:29 ubuntu kernel: tegra194-pcie 14160000.pcie: PCI host bridge to bus 0004:00
Mar 24 06:52:29 ubuntu kernel: pci_bus 0004:00: root bus resource [io  0x100000-0x1fffff] (bus address [0x36100000-0x361fffff])
Mar 24 06:52:29 ubuntu kernel: pci_bus 0004:00: root bus resource [mem 0x2428000000-0x242fffffff] (bus address [0x40000000-0x47ffffff])
Mar 24 06:52:29 ubuntu kernel: pci_bus 0004:00: root bus resource [bus 00-ff]
Mar 24 06:52:29 ubuntu kernel: pci_bus 0004:00: root bus resource [mem 0x2140000000-0x2427ffffff pref]
Mar 24 06:52:29 ubuntu kernel: pci 0004:00:00.0: [10de:229c] type 01 class 0x060400
Mar 24 06:52:29 ubuntu kernel: pci 0004:00:00.0: PME# supported from D0 D3hot
Mar 24 06:52:29 ubuntu kernel: pci 0004:01:00.0: [15b7:5045] type 00 class 0x010802
Mar 24 06:52:29 ubuntu kernel: pci 0004:01:00.0: reg 0x10: [mem 0x00000000-0x00003fff 64bit]
Mar 24 06:52:29 ubuntu kernel: pci 0004:00:00.0: BAR 14: assigned [mem 0x2428000000-0x24280fffff]
Mar 24 06:52:29 ubuntu kernel: pci 0004:01:00.0: BAR 0: assigned [mem 0x2428000000-0x2428003fff 64bit]
Mar 24 06:52:29 ubuntu kernel: pci 0004:00:00.0: PCI bridge to [bus 01-ff]
Mar 24 06:52:29 ubuntu kernel: pci 0004:00:00.0:   bridge window [mem 0x2428000000-0x24280fffff]
Mar 24 06:52:29 ubuntu kernel: pcieport 0004:00:00.0: Adding to iommu group 5
Mar 24 06:52:29 ubuntu kernel: pcieport 0004:00:00.0: PME: Signaling with IRQ 202
Mar 24 06:52:29 ubuntu kernel: pcieport 0004:00:00.0: AER: enabled with IRQ 202
Mar 24 06:52:29 ubuntu kernel: nvme 0004:01:00.0: Adding to iommu group 5
Mar 24 06:52:29 ubuntu kernel: nvme nvme0: pci function 0004:01:00.0
Mar 24 06:52:29 ubuntu kernel: nvme 0004:01:00.0: enabling device (0000 -> 0002)
Mar 24 06:52:29 ubuntu kernel: tegra194-pcie 141a0000.pcie: Adding to iommu group 6
Mar 24 06:52:29 ubuntu kernel: nvme nvme0: allocated 64 MiB host memory buffer.
Mar 24 06:52:29 ubuntu kernel: nvme nvme0: 12/0/0 default/read/poll queues
Mar 24 06:52:29 ubuntu kernel:  nvme0n1: p1 p2 p3 p4 p5 p6 p7 p8 p9 p10 p11 p12 p13 p14 p15
Mar 24 06:52:29 ubuntu unknown: Found dev node: /dev/nvme0n1p1
Mar 24 06:52:29 ubuntu kernel: tegra194-pcie 141a0000.pcie: host bridge /bus@0/pcie@141a0000 ranges:
Mar 24 06:52:29 ubuntu kernel: tegra194-pcie 141a0000.pcie:      MEM 0x2800000000..0x2b27ffffff -> 0x2800000000
Mar 24 06:52:29 ubuntu kernel: tegra194-pcie 141a0000.pcie:      MEM 0x2b28000000..0x2b2fffffff -> 0x0040000000
Mar 24 06:52:29 ubuntu kernel: tegra194-pcie 141a0000.pcie:       IO 0x003a100000..0x003a1fffff -> 0x003a100000
Mar 24 06:52:29 ubuntu kernel: tegra194-pcie 141a0000.pcie: iATU unroll: enabled
Mar 24 06:52:29 ubuntu kernel: tegra194-pcie 141a0000.pcie: Detected iATU regions: 8 outbound, 2 inbound
Mar 24 06:52:29 ubuntu kernel: EXT4-fs (nvme0n1p1): recovery complete
Mar 24 06:52:29 ubuntu kernel: EXT4-fs (nvme0n1p1): mounted filesystem with ordered data mode. Opts: (null). Quota mode: none.
Mar 24 06:52:29 ubuntu unknown: Rootfs mounted over nvme0n1p1
Mar 24 06:52:29 ubuntu unknown: Switching from initrd to actual rootfs
Mar 24 06:52:29 ubuntu systemd[1]: System time before build time, advancing clock.
Mar 24 06:52:29 ubuntu kernel: NET: Registered PF_INET6 protocol family
Mar 24 06:52:29 ubuntu kernel: Segment Routing with IPv6
Mar 24 06:52:29 ubuntu kernel: In-situ OAM (IOAM) with IPv6
Mar 24 06:52:29 ubuntu systemd[1]: systemd 249.11-0ubuntu3.20 running in system mode (+PAM +AUDIT +SELINUX +APPARMOR +IMA +SMACK +SECCOMP +GCRYPT +GNUTLS +OPENSSL +ACL +BLKID +CURL +ELFUTILS +FIDO2 +IDN2 -IDN +IPTC +KMOD +LIBCRYPTSETUP +LIBFDISK +PCRE2 -PWQUALITY -P11KIT -QRENCODE +BZIP2 +LZ4 +XZ +ZLIB +ZSTD -XKBCOMMON +UTMP +SYSVINIT default-hierarchy=unified)
Mar 24 06:52:29 ubuntu systemd[1]: Detected architecture arm64.
Mar 24 06:52:29 ubuntu systemd[1]: Hostname set to <ubuntu>.
Mar 24 06:52:29 ubuntu systemd[1]: Using hardware watchdog 'NVIDIA Tegra186 WDT', version 0, device /dev/watchdog
Mar 24 06:52:29 ubuntu systemd[1]: Set hardware watchdog to 2min.
Mar 24 06:52:29 ubuntu systemd[1]: /etc/systemd/system/zed_x_daemon.service:16: Unknown key name 'sync_mode' in section 'Service', ignoring.
Mar 24 06:52:29 ubuntu systemd[1]: /lib/systemd/system/snapd.service:23: Unknown key name 'RestartMode' in section 'Service', ignoring.
Mar 24 06:52:29 ubuntu systemd[1]: /etc/systemd/system/nvs-service.service:41: Standard output type syslog is obsolete, automatically updating to journal. Please update your unit file, and consider removing the setting altogether.
Mar 24 06:52:29 ubuntu systemd[1]: /etc/systemd/system/nvargus-daemon.service:46: Standard output type syslog is obsolete, automatically updating to journal. Please update your unit file, and consider removing the setting altogether.
Mar 24 06:52:29 ubuntu systemd[1]: Queued start job for default target Multi-User System.
Mar 24 06:52:29 ubuntu systemd[1]: Created slice Slice /system/modprobe.
Mar 24 06:52:29 ubuntu systemd[1]: Created slice Slice /system/serial-getty.
Mar 24 06:52:29 ubuntu systemd[1]: Created slice Slice /system/systemd-fsck.
Mar 24 06:52:29 ubuntu systemd[1]: Created slice User and Session Slice.
Mar 24 06:52:29 ubuntu systemd[1]: Started Forward Password Requests to Wall Directory Watch.
Mar 24 06:52:29 ubuntu systemd[1]: Set up automount Arbitrary Executable File Formats File System Automount Point.
Mar 24 06:52:29 ubuntu systemd[1]: Reached target Slice Units.
Mar 24 06:52:29 ubuntu systemd[1]: Reached target Mounting snaps.
Mar 24 06:52:29 ubuntu systemd[1]: Reached target Swaps.
Mar 24 06:52:29 ubuntu systemd[1]: Reached target Local Verity Protected Volumes.
Mar 24 06:52:29 ubuntu systemd[1]: Listening on Device-mapper event daemon FIFOs.
Mar 24 06:52:29 ubuntu systemd[1]: Listening on LVM2 poll daemon socket.
Mar 24 06:52:29 ubuntu systemd[1]: Listening on RPCbind Server Activation Socket.
Mar 24 06:52:29 ubuntu systemd[1]: Listening on Syslog Socket.
Mar 24 06:52:29 ubuntu systemd[1]: Listening on fsck to fsckd communication Socket.
Mar 24 06:52:29 ubuntu systemd[1]: Listening on initctl Compatibility Named Pipe.
Mar 24 06:52:29 ubuntu systemd[1]: Listening on Journal Audit Socket.
Mar 24 06:52:29 ubuntu systemd[1]: Listening on Journal Socket (/dev/log).
Mar 24 06:52:29 ubuntu systemd[1]: Listening on Journal Socket.
Mar 24 06:52:29 ubuntu systemd[1]: Listening on udev Control Socket.
Mar 24 06:52:29 ubuntu systemd[1]: Listening on udev Kernel Socket.
Mar 24 06:52:29 ubuntu systemd[1]: Mounting Huge Pages File System...
Mar 24 06:52:29 ubuntu systemd[1]: Mounting POSIX Message Queue File System...
Mar 24 06:52:29 ubuntu systemd[1]: Mounting Kernel Debug File System...
Mar 24 06:52:29 ubuntu systemd[1]: Mounting Kernel Trace File System...
Mar 24 06:52:29 ubuntu systemd[1]: Starting Journal Service...
Mar 24 06:52:29 ubuntu systemd[1]: Finished Availability of block devices.
Mar 24 06:52:29 ubuntu systemd[1]: Starting Set the console keyboard layout...
Mar 24 06:52:29 ubuntu systemd[1]: Starting Create List of Static Device Nodes...
Mar 24 06:52:29 ubuntu systemd[1]: Starting Monitoring of LVM2 mirrors, snapshots etc. using dmeventd or progress polling...
Mar 24 06:52:29 ubuntu systemd[1]: Starting Load Kernel Module configfs...
Mar 24 06:52:29 ubuntu systemd[1]: Starting Load Kernel Module drm...
Mar 24 06:52:29 ubuntu systemd[1]: Starting Load Kernel Module efi_pstore...
Mar 24 06:52:29 ubuntu systemd[1]: Starting Load Kernel Module fuse...
Mar 24 06:52:29 ubuntu systemd-journald[298]: Journal started
Mar 24 06:52:29 ubuntu systemd-journald[298]: Runtime Journal (/run/log/journal/5dbfb12414a3456d9014d88183e338b1) is 8.0M, max 1.2G, 1.2G free.
Mar 24 06:52:29 ubuntu kernel: fuse: init (API version 7.34)
Mar 24 06:52:29 ubuntu systemd[1]: Starting NVIDIA specific first-boot udev script...
Mar 24 06:52:29 ubuntu systemd[1]: Started Nameserver information manager.
Mar 24 06:52:29 ubuntu systemd[1]: Condition check resulted in File System Check on Root Device being skipped.
Mar 24 06:52:29 ubuntu systemd[1]: Starting Load Kernel Modules...
Mar 24 06:52:29 ubuntu systemd-modules-load[321]: Inserted module 'quota_v2'
Mar 24 06:52:29 ubuntu kernel: nvsciipc: loading out-of-tree module taints kernel.
Mar 24 06:52:29 ubuntu kernel: nvsciipc: loaded module
Mar 24 06:52:29 ubuntu kernel: nvmap_heap_init: nvmap_heap_init: created heap block cache
Mar 24 06:52:29 ubuntu kernel: nvmap_co_device_init: vpr :dma coherent mem declare 0x0000001049800000,914358272
Mar 24 06:52:29 ubuntu kernel: tegra-carveouts tegra-carveouts: assigned reserved memory node vpr-carveout
Mar 24 06:52:29 ubuntu kernel: nvmap_page_pool_init: Total RAM pages: 16086796
Mar 24 06:52:29 ubuntu kernel: nvmap_page_pool_init: nvmap page pool size: 2010849 pages (3758 MB)
Mar 24 06:52:29 ubuntu kernel: nvmap_background_zero_thread: PP zeroing thread starting.
Mar 24 06:52:29 ubuntu kernel: nvmap_heap_create: created heap vpr base 0x0000001049800000 size (892928KiB)
Mar 24 06:52:29 ubuntu kernel: nvmap_heap_create: fsi :dma coherent mem declare 0x000000102f000000,16777216
Mar 24 06:52:29 ubuntu kernel: nvmap_heap_create: created heap fsi base 0x000000102f000000 size (16384KiB)
Mar 24 06:52:29 ubuntu systemd-modules-load[321]: Inserted module 'nvmap'
Mar 24 06:52:29 ubuntu kernel: tegra-host1x 13e00000.host1x: Adding to iommu group 7
Mar 24 06:52:29 ubuntu kernel: host1x-context host1x-ctx.0: Adding to iommu group 8
Mar 24 06:52:29 ubuntu kernel: host1x-context host1x-ctx.1: Adding to iommu group 9
Mar 24 06:52:29 ubuntu kernel: host1x-context host1x-ctx.2: Adding to iommu group 10
Mar 24 06:52:29 ubuntu kernel: host1x-context host1x-ctx.3: Adding to iommu group 11
Mar 24 06:52:29 ubuntu kernel: host1x-context host1x-ctx.4: Adding to iommu group 12
Mar 24 06:52:29 ubuntu kernel: host1x-context host1x-ctx.5: Adding to iommu group 13
Mar 24 06:52:29 ubuntu kernel: host1x-context host1x-ctx.6: Adding to iommu group 14
Mar 24 06:52:29 ubuntu kernel: host1x-context host1x-ctx.7: Adding to iommu group 15
Mar 24 06:52:29 ubuntu kernel: host1x-context host1x-ctx.8: Adding to iommu group 16
Mar 24 06:52:29 ubuntu kernel: host1x-context host1x-ctx.9: Adding to iommu group 17
Mar 24 06:52:29 ubuntu kernel: host1x-context host1x-ctx.10: Adding to iommu group 18
Mar 24 06:52:29 ubuntu kernel: host1x-context host1x-ctx.11: Adding to iommu group 19
Mar 24 06:52:29 ubuntu kernel: host1x-context host1x-ctx.12: Adding to iommu group 20
Mar 24 06:52:29 ubuntu kernel: host1x-context host1x-ctx.13: Adding to iommu group 21
Mar 24 06:52:29 ubuntu kernel: host1x-context host1x-ctx.14: Adding to iommu group 22
Mar 24 06:52:29 ubuntu kernel: host1x-context host1x-ctx.15: Adding to iommu group 23
Mar 24 06:52:29 ubuntu kernel: platform 13e00000.host1x:nvcsi@15a00000: Fixing up cyclic dependency with 13-0028
Mar 24 06:52:29 ubuntu kernel: platform 13e00000.host1x:nvcsi@15a00000: Fixing up cyclic dependency with 13-0020
Mar 24 06:52:29 ubuntu kernel: platform 13e00000.host1x:nvcsi@15a00000: Fixing up cyclic dependency with 13-0038
Mar 24 06:52:29 ubuntu kernel: platform 13e00000.host1x:nvcsi@15a00000: Fixing up cyclic dependency with 13-0030
Mar 24 06:52:29 ubuntu kernel: platform 13e00000.host1x:nvcsi@15a00000: Fixing up cyclic dependency with 13-0010
Mar 24 06:52:29 ubuntu kernel: platform 13e00000.host1x:nvcsi@15a00000: Fixing up cyclic dependency with 13-0011
Mar 24 06:52:29 ubuntu kernel: platform 13e00000.host1x:nvcsi@15a00000: Fixing up cyclic dependency with 13-001a
Mar 24 06:52:29 ubuntu kernel: platform 13e00000.host1x:nvcsi@15a00000: Fixing up cyclic dependency with 13-003e
Mar 24 06:52:29 ubuntu kernel: platform 13e00000.host1x:nvcsi@15a00000: Fixing up cyclic dependency with 13-002e
Mar 24 06:52:29 ubuntu kernel: platform 13e00000.host1x:nvcsi@15a00000: Fixing up cyclic dependency with 13-003f
Mar 24 06:52:29 ubuntu kernel: platform 13e00000.host1x:nvcsi@15a00000: Fixing up cyclic dependency with 13-002f
Mar 24 06:52:29 ubuntu kernel: platform 13e00000.host1x:nvcsi@15a00000: Fixing up cyclic dependency with 13-004e
Mar 24 06:52:29 ubuntu kernel: platform 13e00000.host1x:nvcsi@15a00000: Fixing up cyclic dependency with 13-004f
Mar 24 06:52:29 ubuntu kernel: platform 13e00000.host1x:nvcsi@15a00000: Fixing up cyclic dependency with 14-0028
Mar 24 06:52:29 ubuntu kernel: platform 13e00000.host1x:nvcsi@15a00000: Fixing up cyclic dependency with 14-0020
Mar 24 06:52:29 ubuntu kernel: platform 13e00000.host1x:nvcsi@15a00000: Fixing up cyclic dependency with 14-0038
Mar 24 06:52:29 ubuntu kernel: platform 13e00000.host1x:nvcsi@15a00000: Fixing up cyclic dependency with 14-0030
Mar 24 06:52:29 ubuntu kernel: platform 13e00000.host1x:nvcsi@15a00000: Fixing up cyclic dependency with 14-0010
Mar 24 06:52:29 ubuntu kernel: platform 13e00000.host1x:nvcsi@15a00000: Fixing up cyclic dependency with 14-0011
Mar 24 06:52:29 ubuntu kernel: platform 13e00000.host1x:nvcsi@15a00000: Fixing up cyclic dependency with 14-001a
Mar 24 06:52:29 ubuntu kernel: platform 13e00000.host1x:nvcsi@15a00000: Fixing up cyclic dependency with 14-003e
Mar 24 06:52:29 ubuntu kernel: platform 13e00000.host1x:nvcsi@15a00000: Fixing up cyclic dependency with 14-002e
Mar 24 06:52:29 ubuntu kernel: platform 13e00000.host1x:nvcsi@15a00000: Fixing up cyclic dependency with 14-003f
Mar 24 06:52:29 ubuntu kernel: platform 13e00000.host1x:nvcsi@15a00000: Fixing up cyclic dependency with 14-002f
Mar 24 06:52:29 ubuntu kernel: platform 13e00000.host1x:nvcsi@15a00000: Fixing up cyclic dependency with 14-004e
Mar 24 06:52:29 ubuntu kernel: platform 13e00000.host1x:nvcsi@15a00000: Fixing up cyclic dependency with 14-004f
Mar 24 06:52:29 ubuntu kernel: platform 13e00000.host1x:nvcsi@15a00000: Fixing up cyclic dependency with 9-0028
Mar 24 06:52:29 ubuntu kernel: platform 13e00000.host1x:nvcsi@15a00000: Fixing up cyclic dependency with 9-0020
Mar 24 06:52:29 ubuntu kernel: platform 13e00000.host1x:nvcsi@15a00000: Fixing up cyclic dependency with 9-0038
Mar 24 06:52:29 ubuntu kernel: platform 13e00000.host1x:nvcsi@15a00000: Fixing up cyclic dependency with 9-0030
Mar 24 06:52:29 ubuntu kernel: platform 13e00000.host1x:nvcsi@15a00000: Fixing up cyclic dependency with 9-0010
Mar 24 06:52:29 ubuntu kernel: platform 13e00000.host1x:nvcsi@15a00000: Fixing up cyclic dependency with 9-0011
Mar 24 06:52:29 ubuntu kernel: platform 13e00000.host1x:nvcsi@15a00000: Fixing up cyclic dependency with 9-001a
Mar 24 06:52:29 ubuntu kernel: platform 13e00000.host1x:nvcsi@15a00000: Fixing up cyclic dependency with 9-003e
Mar 24 06:52:29 ubuntu kernel: platform 13e00000.host1x:nvcsi@15a00000: Fixing up cyclic dependency with 9-002e
Mar 24 06:52:29 ubuntu kernel: platform 13e00000.host1x:nvcsi@15a00000: Fixing up cyclic dependency with 9-003f
Mar 24 06:52:29 ubuntu kernel: platform 13e00000.host1x:nvcsi@15a00000: Fixing up cyclic dependency with 9-002f
Mar 24 06:52:29 ubuntu kernel: platform 13e00000.host1x:nvcsi@15a00000: Fixing up cyclic dependency with 9-004e
Mar 24 06:52:29 ubuntu kernel: platform 13e00000.host1x:nvcsi@15a00000: Fixing up cyclic dependency with 9-004f
Mar 24 06:52:29 ubuntu kernel: platform 13e00000.host1x:nvcsi@15a00000: Fixing up cyclic dependency with 10-0028
Mar 24 06:52:29 ubuntu kernel: platform 13e00000.host1x:nvcsi@15a00000: Fixing up cyclic dependency with 10-0020
Mar 24 06:52:29 ubuntu kernel: platform 13e00000.host1x:nvcsi@15a00000: Fixing up cyclic dependency with 10-0038
Mar 24 06:52:29 ubuntu kernel: platform 13e00000.host1x:nvcsi@15a00000: Fixing up cyclic dependency with 10-0030
Mar 24 06:52:29 ubuntu kernel: platform 13e00000.host1x:nvcsi@15a00000: Fixing up cyclic dependency with 10-0010
Mar 24 06:52:29 ubuntu kernel: platform 13e00000.host1x:nvcsi@15a00000: Fixing up cyclic dependency with 10-0011
Mar 24 06:52:29 ubuntu kernel: platform 13e00000.host1x:nvcsi@15a00000: Fixing up cyclic dependency with 10-001a
Mar 24 06:52:29 ubuntu kernel: platform 13e00000.host1x:nvcsi@15a00000: Fixing up cyclic dependency with 10-003e
Mar 24 06:52:29 ubuntu kernel: platform 13e00000.host1x:nvcsi@15a00000: Fixing up cyclic dependency with 10-002e
Mar 24 06:52:29 ubuntu kernel: platform 13e00000.host1x:nvcsi@15a00000: Fixing up cyclic dependency with 10-003f
Mar 24 06:52:29 ubuntu kernel: platform 13e00000.host1x:nvcsi@15a00000: Fixing up cyclic dependency with 10-002f
Mar 24 06:52:29 ubuntu kernel: platform 13e00000.host1x:nvcsi@15a00000: Fixing up cyclic dependency with 10-004e
Mar 24 06:52:29 ubuntu kernel: platform 13e00000.host1x:nvcsi@15a00000: Fixing up cyclic dependency with 10-004f
Mar 24 06:52:29 ubuntu kernel: platform 13e00000.host1x:nvcsi@15a00000: Fixing up cyclic dependency with tegra-capture-vi
Mar 24 06:52:29 ubuntu systemd[1]: Starting Remount Root and Kernel File Systems...
Mar 24 06:52:29 ubuntu kernel: EXT4-fs (nvme0n1p1): re-mounted. Opts: (null). Quota mode: none.
Mar 24 06:52:29 ubuntu kernel: nvgpu: 17000000.gpu          nvgpu_nvhost_syncpt_init:122  [INFO]  syncpt_unit_base 60000000 syncpt_unit_size 4000000 size 10000
Mar 24 06:52:29 ubuntu systemd[1]: Starting Coldplug All udev Devices...
Mar 24 06:52:29 ubuntu systemd-modules-load[321]: Inserted module 'nvgpu'
Mar 24 06:52:29 ubuntu systemd-modules-load[321]: Inserted module 'ina3221'
Mar 24 06:52:29 ubuntu systemd-modules-load[321]: Inserted module 'nvidia_p2p'
Mar 24 06:52:29 ubuntu systemd[1]: Started Journal Service.
Mar 24 06:52:29 ubuntu systemd[1]: Mounted Huge Pages File System.
Mar 24 06:52:29 ubuntu systemd[1]: Mounted POSIX Message Queue File System.
Mar 24 06:52:29 ubuntu kernel: tegra194-pcie 141a0000.pcie: Phy link never came up
Mar 24 06:52:29 ubuntu systemd[1]: Mounted Kernel Debug File System.
Mar 24 06:52:29 ubuntu systemd[1]: Mounted Kernel Trace File System.
Mar 24 06:52:30 ubuntu systemd[1]: Finished Set the console keyboard layout.
Mar 24 06:52:30 ubuntu systemd[1]: Finished Create List of Static Device Nodes.
Mar 24 06:52:30 ubuntu systemd[1]: modprobe@configfs.service: Deactivated successfully.
Mar 24 06:52:30 ubuntu systemd[1]: Finished Load Kernel Module configfs.
Mar 24 06:52:30 ubuntu systemd[1]: modprobe@drm.service: Deactivated successfully.
Mar 24 06:52:30 ubuntu systemd[1]: Finished Load Kernel Module drm.
Mar 24 06:52:30 ubuntu systemd[1]: modprobe@efi_pstore.service: Deactivated successfully.
Mar 24 06:52:30 ubuntu systemd[1]: Finished Load Kernel Module efi_pstore.
Mar 24 06:52:30 ubuntu systemd[1]: modprobe@fuse.service: Deactivated successfully.
Mar 24 06:52:30 ubuntu systemd[1]: Finished Load Kernel Module fuse.
Mar 24 06:52:30 ubuntu systemd[1]: Finished NVIDIA specific first-boot udev script.
Mar 24 06:52:30 ubuntu systemd[1]: Finished Load Kernel Modules.
Mar 24 06:52:30 ubuntu systemd[1]: Finished Remount Root and Kernel File Systems.
Mar 24 06:52:30 ubuntu systemd[1]: Mounting FUSE Control File System...
Mar 24 06:52:30 ubuntu systemd[1]: Mounting Kernel Configuration File System...
Mar 24 06:52:30 ubuntu systemd[1]: Starting OP-TEE Client Supplicant...
Mar 24 06:52:30 ubuntu systemd[1]: Starting Flush Journal to Persistent Storage...
Mar 24 06:52:30 ubuntu systemd[1]: Condition check resulted in Platform Persistent Storage Archival being skipped.
Mar 24 06:52:30 ubuntu systemd[1]: Starting Load/Save Random Seed...
Mar 24 06:52:30 ubuntu systemd[1]: Starting Apply Kernel Variables...
Mar 24 06:52:30 ubuntu nv-tee-supplicant.sh[397]: tee-supplicant startup with CID(4501004447343036340163fd15028c00).
Mar 24 06:52:30 ubuntu systemd[1]: Starting Create System Users...
Mar 24 06:52:30 ubuntu systemd-journald[298]: Time spent on flushing to /var/log/journal/5dbfb12414a3456d9014d88183e338b1 is 5.431ms for 672 entries.
Mar 24 06:52:30 ubuntu systemd-journald[298]: System Journal (/var/log/journal/5dbfb12414a3456d9014d88183e338b1) is 1016.1M, max 4.0G, 3.0G free.
Mar 24 06:52:30 ubuntu root[410]: tee-supplicant is running, loading tpm module
Mar 24 06:52:30 ubuntu systemd[1]: Mounted FUSE Control File System.
Mar 24 06:52:30 ubuntu systemd[1]: Mounted Kernel Configuration File System.
Mar 24 06:52:30 ubuntu systemd[1]: Finished Load/Save Random Seed.
Mar 24 06:52:30 ubuntu systemd[1]: Finished Apply Kernel Variables.
Mar 24 06:52:30 ubuntu systemd[1]: Condition check resulted in First Boot Complete being skipped.
Mar 24 06:52:30 ubuntu systemd[1]: Finished Create System Users.
Mar 24 06:52:30 ubuntu systemd[1]: Starting Create Static Device Nodes in /dev...
Mar 24 06:52:30 ubuntu systemd[1]: Finished Flush Journal to Persistent Storage.
Mar 24 06:52:30 ubuntu systemd[1]: Finished Create Static Device Nodes in /dev.
Mar 24 06:52:30 ubuntu systemd[1]: Starting Rule-based Manager for Device Events and Files...
Mar 24 06:52:30 ubuntu systemd[1]: Started Rule-based Manager for Device Events and Files.
Mar 24 06:52:30 ubuntu systemd[1]: Finished Coldplug All udev Devices.
Mar 24 06:52:30 ubuntu systemd[1]: Condition check resulted in Show Plymouth Boot Screen being skipped.
Mar 24 06:52:30 ubuntu systemd[1]: Started Dispatch Password Requests to Console Directory Watch.
Mar 24 06:52:30 ubuntu systemd[1]: Condition check resulted in Forward Password Requests to Plymouth Directory Watch being skipped.
Mar 24 06:52:30 ubuntu systemd[1]: Reached target Local Encrypted Volumes.
Mar 24 06:52:30 ubuntu kernel: tsec 15500000.tsec: Adding to iommu group 24
Mar 24 06:52:30 ubuntu kernel: tegra-se 15820000.crypto: Adding to iommu group 25
Mar 24 06:52:30 ubuntu kernel: mc: Linux media interface: v0.10
Mar 24 06:52:30 ubuntu kernel: tegra-se 15840000.crypto: Adding to iommu group 26
Mar 24 06:52:30 ubuntu kernel: tegra-soc-hwpm f100000.hwpm: Adding to iommu group 27
Mar 24 06:52:30 ubuntu kernel: scare-pigeon 13e00000.host1x:vi0-thi@15f00000: Adding to iommu group 28
Mar 24 06:52:30 ubuntu kernel: scare-pigeon 13e00000.host1x:vi0-thi@15f00000: syncpt_unit_base 60000000 syncpt_unit_size 4000000 size 10000
Mar 24 06:52:30 ubuntu kernel: scare-pigeon 13e00000.host1x:vi1-thi@14f00000: Adding to iommu group 29
Mar 24 06:52:30 ubuntu kernel: scare-pigeon 13e00000.host1x:vi1-thi@14f00000: syncpt_unit_base 60000000 syncpt_unit_size 4000000 size 10000
Mar 24 06:52:30 ubuntu kernel: scare-pigeon 13e00000.host1x:isp-thi@14b00000: Adding to iommu group 30
Mar 24 06:52:30 ubuntu kernel: scare-pigeon 13e00000.host1x:isp-thi@14b00000: syncpt_unit_base 60000000 syncpt_unit_size 4000000 size 10000
Mar 24 06:52:30 ubuntu kernel: tsec 15500000.tsec: tsec fw req success in 100 ms
Mar 24 06:52:30 ubuntu kernel: tsec 15500000.tsec: RISC-V boot using kernel allocated Mem
Mar 24 06:52:30 ubuntu kernel: videodev: Linux video capture interface: v2.00
Mar 24 06:52:30 ubuntu kernel: nvdla 15880000.nvdla0: Adding to iommu group 31
Mar 24 06:52:30 ubuntu kernel: tsec 15500000.tsec: RISC-V boot success
Mar 24 06:52:30 ubuntu kernel: pva 16000000.pva0: Adding to iommu group 32
Mar 24 06:52:30 ubuntu kernel: nvdla 15880000.nvdla0: syncpt_unit_base 60000000 syncpt_unit_size 4000000 size 10000
Mar 24 06:52:30 ubuntu kernel: tegra-vic 15340000.vic: Adding to iommu group 33
Mar 24 06:52:30 ubuntu systemd[1]: Started OP-TEE Client Supplicant.
Mar 24 06:52:30 ubuntu kernel: nvdla 158c0000.nvdla1: Adding to iommu group 34
Mar 24 06:52:30 ubuntu kernel: pva_iommu_context_dev 16000000.pva0:pva0_niso1_ctx0: Adding to iommu group 35
Mar 24 06:52:30 ubuntu kernel: pva_iommu_context_dev 16000000.pva0:pva0_niso1_ctx0: initialized (streamid=18, iommu=smmu.0x0000000008000000)
Mar 24 06:52:30 ubuntu kernel: pva_iommu_context_dev 16000000.pva0:pva0_niso1_ctx1: Adding to iommu group 36
Mar 24 06:52:30 ubuntu kernel: nvdla 158c0000.nvdla1: syncpt_unit_base 60000000 syncpt_unit_size 4000000 size 10000
Mar 24 06:52:30 ubuntu kernel: pva_iommu_context_dev 16000000.pva0:pva0_niso1_ctx1: initialized (streamid=19, iommu=smmu.0x0000000008000000)
Mar 24 06:52:30 ubuntu kernel: pva_iommu_context_dev 16000000.pva0:pva0_niso1_ctx2: Adding to iommu group 37
Mar 24 06:52:30 ubuntu kernel: pva_iommu_context_dev 16000000.pva0:pva0_niso1_ctx2: initialized (streamid=20, iommu=smmu.0x0000000008000000)
Mar 24 06:52:30 ubuntu kernel: tegra-nvdec 15480000.nvdec: Adding to iommu group 38
Mar 24 06:52:30 ubuntu kernel: pva_iommu_context_dev 16000000.pva0:pva0_niso1_ctx3: Adding to iommu group 39
Mar 24 06:52:30 ubuntu kernel: pva_iommu_context_dev 16000000.pva0:pva0_niso1_ctx3: initialized (streamid=21, iommu=smmu.0x0000000008000000)
Mar 24 06:52:30 ubuntu kernel: Inserting ivc_ext.ko module
Mar 24 06:52:30 ubuntu kernel: pva_iommu_context_dev 16000000.pva0:pva0_niso1_ctx4: Adding to iommu group 40
Mar 24 06:52:30 ubuntu kernel: tegra-nvenc 154c0000.nvenc: Adding to iommu group 41
Mar 24 06:52:30 ubuntu kernel: pva_iommu_context_dev 16000000.pva0:pva0_niso1_ctx4: initialized (streamid=22, iommu=smmu.0x0000000008000000)
Mar 24 06:52:30 ubuntu kernel: pva_iommu_context_dev 16000000.pva0:pva0_niso1_ctx5: Adding to iommu group 42
Mar 24 06:52:30 ubuntu kernel: pva_iommu_context_dev 16000000.pva0:pva0_niso1_ctx5: initialized (streamid=23, iommu=smmu.0x0000000008000000)
Mar 24 06:52:30 ubuntu kernel: tegra-nvjpg 15380000.nvjpg: Adding to iommu group 43
Mar 24 06:52:30 ubuntu kernel: pva_iommu_context_dev 16000000.pva0:pva0_niso1_ctx6: Adding to iommu group 44
Mar 24 06:52:30 ubuntu kernel: tegra-nvjpg 15540000.nvjpg: Adding to iommu group 45
Mar 24 06:52:30 ubuntu kernel: pva_iommu_context_dev 16000000.pva0:pva0_niso1_ctx6: initialized (streamid=24, iommu=smmu.0x0000000008000000)
Mar 24 06:52:30 ubuntu kernel: tegra186-cam-rtcpu bc00000.rtcpu: Adding to iommu group 46
Mar 24 06:52:30 ubuntu kernel: pva_iommu_context_dev 16000000.pva0:pva0_niso1_ctx7: Adding to iommu group 47
Mar 24 06:52:30 ubuntu kernel: tegra186-cam-rtcpu bc00000.rtcpu: Trace buffer configured at IOVA=0xbff00000
Mar 24 06:52:30 ubuntu kernel: pva_iommu_context_dev 16000000.pva0:pva0_niso1_ctx7: initialized (streamid=25, iommu=smmu.0x0000000008000000)
Mar 24 06:52:30 ubuntu kernel: pva 16000000.pva0: pdata->version is HW_GEN2
Mar 24 06:52:30 ubuntu kernel: pva 16000000.pva0: Completed nvhost_client_device_init
Mar 24 06:52:30 ubuntu kernel: tegra-ivc-bus bc00000.rtcpu:ivc-bus: region 0: iova=0xbfec0000-0xbfee027f size=131712
Mar 24 06:52:30 ubuntu kernel: pva 16000000.pva0: syncpt_unit_base 60000000 syncpt_unit_size 4000000 size 10000
Mar 24 06:52:30 ubuntu kernel: tegra-ivc-bus bc00000.rtcpu:ivc-bus:echo@0: echo: ver=0 grp=1 RX[16x64]=0x1000-0x1480 TX[16x64]=0x1480-0x1900
Mar 24 06:52:30 ubuntu kernel: tegra-ofa 15a50000.ofa: Adding to iommu group 48
Mar 24 06:52:30 ubuntu kernel: tegra-ivc-bus bc00000.rtcpu:ivc-bus:dbg@1: dbg: ver=0 grp=1 RX[1x512]=0x1900-0x1b80 TX[1x512]=0x1b80-0x1e00
Mar 24 06:52:30 ubuntu kernel: tegra-ivc-bus bc00000.rtcpu:ivc-bus:dbg@2: dbg: ver=0 grp=1 RX[1x8192]=0x1e00-0x3e80 TX[1x8192]=0x3e80-0x5f00
Mar 24 06:52:30 ubuntu kernel: tegra-ivc-bus bc00000.rtcpu:ivc-bus:ivccontrol@3: ivccontrol: ver=0 grp=1 RX[64x320]=0x5f00-0xaf80 TX[64x320]=0xaf80-0x10000
Mar 24 06:52:30 ubuntu kernel: tegra-ivc-bus bc00000.rtcpu:ivc-bus:ivccapture@4: ivccapture: ver=0 grp=1 RX[512x64]=0x10000-0x18080 TX[512x64]=0x18080-0x20100
Mar 24 06:52:30 ubuntu kernel: drm drm: [drm] Cannot find any crtc or sizes
Mar 24 06:52:30 ubuntu kernel: tegra-ivc-bus bc00000.rtcpu:ivc-bus:diag@5: diag: ver=0 grp=1 RX[1x64]=0x20100-0x201c0 TX[1x64]=0x201c0-0x20280
Mar 24 06:52:30 ubuntu kernel: tegra186-cam-rtcpu bc00000.rtcpu: using cam RTCPU IRQ (231)
Mar 24 06:52:30 ubuntu kernel: tegra186-cam-rtcpu bc00000.rtcpu: tegra_camrtc_mon_create is successful
Mar 24 06:52:30 ubuntu kernel: tegra186-cam-rtcpu bc00000.rtcpu: firmware version cpu=rce cmd=6 sha1=e2238c99959d2df9350d393f04e1f44e5bef98cb
Mar 24 06:52:31 ubuntu kernel: tegra-ivc-bus bc00000.rtcpu:ivc-bus:echo@0: ivc channel driver missing
Mar 24 06:52:31 ubuntu kernel: tegra-ivc-bus bc00000.rtcpu:ivc-bus:dbg@1: ivc channel driver missing
Mar 24 06:52:31 ubuntu kernel: tegra-ivc-bus bc00000.rtcpu:ivc-bus:dbg@2: ivc channel driver missing
Mar 24 06:52:31 ubuntu kernel: tegra-ivc-bus bc00000.rtcpu:ivc-bus:ivccontrol@3: ivc channel driver missing
Mar 24 06:52:31 ubuntu kernel: tegra-ivc-bus bc00000.rtcpu:ivc-bus:ivccapture@4: ivc channel driver missing
Mar 24 06:52:31 ubuntu kernel: tegra-ivc-bus bc00000.rtcpu:ivc-bus:diag@5: ivc channel driver missing
Mar 24 06:52:31 ubuntu kernel: tegra-hsp b950000.tegra-hsp: Try increasing MBOX_TX_QUEUE_LEN
Mar 24 06:52:31 ubuntu kernel: [drm] Initialized tegra 1.0.99 20120330 for drm on minor 0
Mar 24 06:52:31 ubuntu kernel: capture_ivc: module verification failed: signature and/or required key missing - tainting kernel
Mar 24 06:52:31 ubuntu kernel: [RCE] TCU debug prints will be routed to traces.
Mar 24 06:52:31 ubuntu kernel: tegra194-pcie 141a0000.pcie: Phy link never came up
Mar 24 06:52:31 ubuntu kernel: tegra194-pcie 141a0000.pcie: PCI host bridge to bus 0005:00
Mar 24 06:52:31 ubuntu kernel: pci_bus 0005:00: root bus resource [io  0x200000-0x2fffff] (bus address [0x3a100000-0x3a1fffff])
Mar 24 06:52:31 ubuntu kernel: pci_bus 0005:00: root bus resource [mem 0x2b28000000-0x2b2fffffff] (bus address [0x40000000-0x47ffffff])
Mar 24 06:52:31 ubuntu kernel: pci_bus 0005:00: root bus resource [bus 00-ff]
Mar 24 06:52:31 ubuntu kernel: pci_bus 0005:00: root bus resource [mem 0x2800000000-0x2b27ffffff pref]
Mar 24 06:52:31 ubuntu kernel: pci 0005:00:00.0: [10de:229a] type 01 class 0x060400
Mar 24 06:52:31 ubuntu kernel: pci 0005:00:00.0: PME# supported from D0 D3hot
Mar 24 06:52:31 ubuntu kernel: pci 0005:00:00.0: PCI bridge to [bus 01-ff]
Mar 24 06:52:31 ubuntu kernel: pcieport 0005:00:00.0: Adding to iommu group 6
Mar 24 06:52:31 ubuntu kernel: pcieport 0005:00:00.0: PME: Signaling with IRQ 204
Mar 24 06:52:31 ubuntu kernel: pcieport 0005:00:00.0: AER: enabled with IRQ 204
Mar 24 06:52:31 ubuntu kernel: pci_bus 0005:01: busn_res: [bus 01-ff] is released
Mar 24 06:52:31 ubuntu kernel: pci 0005:00:00.0: Removing from iommu group 6
Mar 24 06:52:31 ubuntu kernel: pci_bus 0005:00: busn_res: [bus 00-ff] is released
Mar 24 06:52:31 ubuntu kernel: tegra-xusb 3610000.usb: Adding to iommu group 49
Mar 24 06:52:31 ubuntu kernel: tegra-xusb 3610000.usb: Firmware timestamp: 2023-02-10 03:48:10 UTC
Mar 24 06:52:31 ubuntu kernel: tegra-xusb 3610000.usb: xHCI Host Controller
Mar 24 06:52:31 ubuntu kernel: tegra-xusb 3610000.usb: new USB bus registered, assigned bus number 1
Mar 24 06:52:31 ubuntu kernel: tegra-xusb 3610000.usb: hcc params 0x0180ff05 hci version 0x120 quirks 0x0000000000010810
Mar 24 06:52:31 ubuntu kernel: tegra-xusb 3610000.usb: irq 127, io mem 0x03610000
Mar 24 06:52:31 ubuntu kernel: tegra-xusb 3610000.usb: xHCI Host Controller
Mar 24 06:52:31 ubuntu kernel: tegra-xusb 3610000.usb: new USB bus registered, assigned bus number 2
Mar 24 06:52:31 ubuntu kernel: tegra-xusb 3610000.usb: Host supports USB 3.1 Enhanced SuperSpeed
Mar 24 06:52:31 ubuntu kernel: hub 1-0:1.0: USB hub found
Mar 24 06:52:31 ubuntu kernel: hub 1-0:1.0: 4 ports detected
Mar 24 06:52:31 ubuntu kernel: tegra-dce d800000.dce: Adding to iommu group 50
Mar 24 06:52:31 ubuntu kernel: hub 2-0:1.0: USB hub found
Mar 24 06:52:31 ubuntu kernel: hub 2-0:1.0: 4 ports detected
Mar 24 06:52:31 ubuntu kernel: dce: dce_ipc_channel_init:311  Invalid Channel State [0x0] for ch_type [2]
Mar 24 06:52:31 ubuntu kernel: dce: tegra_dce_probe:245  Found display consumer device
Mar 24 06:52:31 ubuntu kernel: dce: dce_mailbox_set_full_interrupt:157  Intr bit set multiple times for MB : [0x5]
Mar 24 06:52:31 ubuntu kernel: dce: dce_mailbox_set_full_interrupt:157  Intr bit set multiple times for MB : [0x5]
Mar 24 06:52:31 ubuntu kernel: dce: dce_admin_send_cmd_ver:456  version : [0x3] err : [0x0]
Mar 24 06:52:31 ubuntu kernel: dce: dce_mailbox_set_full_interrupt:157  Intr bit set multiple times for MB : [0x1]
Mar 24 06:52:31 ubuntu kernel: dce: dce_admin_setup_clients_ipc:585  Channel Reset Complete for Type [1] ...
Mar 24 06:52:31 ubuntu kernel: dce: dce_admin_setup_clients_ipc:561  Get queue info failed for [2]
Mar 24 06:52:31 ubuntu kernel: dce: dce_mailbox_set_full_interrupt:157  Intr bit set multiple times for MB : [0x2]
Mar 24 06:52:31 ubuntu kernel: dce: dce_admin_setup_clients_ipc:585  Channel Reset Complete for Type [3] ...
Mar 24 06:52:31 ubuntu kernel: tegra-xudc 3550000.usb: Adding to iommu group 51
Mar 24 06:52:31 ubuntu kernel: dce: dce_start_boot_flow:166  DCE_BOOT_DONE
Mar 24 06:52:31 ubuntu kernel: tegra194-vi5 13e00000.host1x:vi0@15c00000: Adding to iommu group 28
Mar 24 06:52:31 ubuntu kernel: tegra194-isp5 14800000.isp: Adding to iommu group 30
Mar 24 06:52:31 ubuntu kernel: tegra-camrtc-capture-vi tegra-capture-vi: subdev 13e00000.host1x:nvcsi@15a00000- bound
Mar 24 06:52:31 ubuntu kernel: tegra-camrtc-capture-vi tegra-capture-vi: subdev 13e00000.host1x:nvcsi@15a00000- bound
Mar 24 06:52:31 ubuntu kernel: tegra-camrtc-capture-vi tegra-capture-vi: subdev 13e00000.host1x:nvcsi@15a00000- bound
Mar 24 06:52:31 ubuntu kernel: tegra-camrtc-capture-vi tegra-capture-vi: subdev 13e00000.host1x:nvcsi@15a00000- bound
Mar 24 06:52:31 ubuntu kernel: tegra-camrtc-capture-vi tegra-capture-vi: subdev 13e00000.host1x:nvcsi@15a00000- bound
Mar 24 06:52:31 ubuntu kernel: tegra-camrtc-capture-vi tegra-capture-vi: subdev 13e00000.host1x:nvcsi@15a00000- bound
Mar 24 06:52:31 ubuntu kernel: tegra-camrtc-capture-vi tegra-capture-vi: subdev 13e00000.host1x:nvcsi@15a00000- bound
Mar 24 06:52:31 ubuntu kernel: tegra-camrtc-capture-vi tegra-capture-vi: subdev 13e00000.host1x:nvcsi@15a00000- bound
Mar 24 06:52:31 ubuntu kernel: tegra-camrtc-capture-vi tegra-capture-vi: subdev 13e00000.host1x:nvcsi@15a00000- bound
Mar 24 06:52:31 ubuntu kernel: tegra-camrtc-capture-vi tegra-capture-vi: subdev 13e00000.host1x:nvcsi@15a00000- bound
Mar 24 06:52:31 ubuntu kernel: tegra-camrtc-capture-vi tegra-capture-vi: subdev 13e00000.host1x:nvcsi@15a00000- bound
Mar 24 06:52:31 ubuntu kernel: tegra-camrtc-capture-vi tegra-capture-vi: subdev 13e00000.host1x:nvcsi@15a00000- bound
Mar 24 06:52:31 ubuntu kernel: tegra-camrtc-capture-vi tegra-capture-vi: subdev 13e00000.host1x:nvcsi@15a00000- bound
Mar 24 06:52:31 ubuntu kernel: tegra-camrtc-capture-vi tegra-capture-vi: subdev 13e00000.host1x:nvcsi@15a00000- bound
Mar 24 06:52:31 ubuntu kernel: tegra-camrtc-capture-vi tegra-capture-vi: subdev 13e00000.host1x:nvcsi@15a00000- bound
Mar 24 06:52:31 ubuntu kernel: tegra-camrtc-capture-vi tegra-capture-vi: subdev 13e00000.host1x:nvcsi@15a00000- bound
Mar 24 06:52:31 ubuntu kernel: tegra-camrtc-capture-vi tegra-capture-vi: subdev 13e00000.host1x:nvcsi@15a00000- bound
Mar 24 06:52:31 ubuntu kernel: tegra-camrtc-capture-vi tegra-capture-vi: subdev 13e00000.host1x:nvcsi@15a00000- bound
Mar 24 06:52:31 ubuntu kernel: tegra-camrtc-capture-vi tegra-capture-vi: subdev 13e00000.host1x:nvcsi@15a00000- bound
Mar 24 06:52:31 ubuntu kernel: tegra-camrtc-capture-vi tegra-capture-vi: subdev 13e00000.host1x:nvcsi@15a00000- bound
Mar 24 06:52:31 ubuntu kernel: tegra-camrtc-capture-vi tegra-capture-vi: subdev 13e00000.host1x:nvcsi@15a00000- bound
Mar 24 06:52:31 ubuntu kernel: tegra-camrtc-capture-vi tegra-capture-vi: subdev 13e00000.host1x:nvcsi@15a00000- bound
Mar 24 06:52:31 ubuntu kernel: tegra-camrtc-capture-vi tegra-capture-vi: subdev 13e00000.host1x:nvcsi@15a00000- bound
Mar 24 06:52:31 ubuntu kernel: tegra-camrtc-capture-vi tegra-capture-vi: subdev 13e00000.host1x:nvcsi@15a00000- bound
Mar 24 06:52:31 ubuntu kernel: tegra-camrtc-capture-vi tegra-capture-vi: subdev 13e00000.host1x:nvcsi@15a00000- bound
Mar 24 06:52:31 ubuntu kernel: tegra-camrtc-capture-vi tegra-capture-vi: subdev 13e00000.host1x:nvcsi@15a00000- bound
Mar 24 06:52:31 ubuntu kernel: tegra-camrtc-capture-vi tegra-capture-vi: subdev 13e00000.host1x:nvcsi@15a00000- bound
Mar 24 06:52:31 ubuntu kernel: tegra-camrtc-capture-vi tegra-capture-vi: subdev 13e00000.host1x:nvcsi@15a00000- bound
Mar 24 06:52:31 ubuntu kernel: tegra-camrtc-capture-vi tegra-capture-vi: subdev 13e00000.host1x:nvcsi@15a00000- bound
Mar 24 06:52:31 ubuntu kernel: tegra-camrtc-capture-vi tegra-capture-vi: subdev 13e00000.host1x:nvcsi@15a00000- bound
Mar 24 06:52:31 ubuntu kernel: tegra-camrtc-capture-vi tegra-capture-vi: subdev 13e00000.host1x:nvcsi@15a00000- bound
Mar 24 06:52:31 ubuntu kernel: tegra-camrtc-capture-vi tegra-capture-vi: subdev 13e00000.host1x:nvcsi@15a00000- bound
Mar 24 06:52:31 ubuntu kernel: tegra-camrtc-capture-vi tegra-capture-vi: subdev 13e00000.host1x:nvcsi@15a00000- bound
Mar 24 06:52:31 ubuntu kernel: tegra-camrtc-capture-vi tegra-capture-vi: subdev 13e00000.host1x:nvcsi@15a00000- bound
Mar 24 06:52:31 ubuntu kernel: tegra-camrtc-capture-vi tegra-capture-vi: subdev 13e00000.host1x:nvcsi@15a00000- bound
Mar 24 06:52:31 ubuntu kernel: tegra-camrtc-capture-vi tegra-capture-vi: subdev 13e00000.host1x:nvcsi@15a00000- bound
Mar 24 06:52:31 ubuntu kernel: tegra-camrtc-capture-vi tegra-capture-vi: subdev 13e00000.host1x:nvcsi@15a00000- bound
Mar 24 06:52:31 ubuntu kernel: tegra-camrtc-capture-vi tegra-capture-vi: subdev 13e00000.host1x:nvcsi@15a00000- bound
Mar 24 06:52:31 ubuntu kernel: tegra-camrtc-capture-vi tegra-capture-vi: subdev 13e00000.host1x:nvcsi@15a00000- bound
Mar 24 06:52:31 ubuntu kernel: tegra-camrtc-capture-vi tegra-capture-vi: subdev 13e00000.host1x:nvcsi@15a00000- bound
Mar 24 06:52:31 ubuntu kernel: tegra-camrtc-capture-vi tegra-capture-vi: subdev 13e00000.host1x:nvcsi@15a00000- bound
Mar 24 06:52:31 ubuntu kernel: tegra-camrtc-capture-vi tegra-capture-vi: subdev 13e00000.host1x:nvcsi@15a00000- bound
Mar 24 06:52:31 ubuntu kernel: tegra-camrtc-capture-vi tegra-capture-vi: subdev 13e00000.host1x:nvcsi@15a00000- bound
Mar 24 06:52:31 ubuntu kernel: tegra-camrtc-capture-vi tegra-capture-vi: subdev 13e00000.host1x:nvcsi@15a00000- bound
Mar 24 06:52:31 ubuntu kernel: tegra-camrtc-capture-vi tegra-capture-vi: subdev 13e00000.host1x:nvcsi@15a00000- bound
Mar 24 06:52:31 ubuntu kernel: tegra-camrtc-capture-vi tegra-capture-vi: subdev 13e00000.host1x:nvcsi@15a00000- bound
Mar 24 06:52:31 ubuntu kernel: tegra-camrtc-capture-vi tegra-capture-vi: subdev 13e00000.host1x:nvcsi@15a00000- bound
Mar 24 06:52:31 ubuntu kernel: tegra-camrtc-capture-vi tegra-capture-vi: subdev 13e00000.host1x:nvcsi@15a00000- bound
Mar 24 06:52:31 ubuntu kernel: tegra-camrtc-capture-vi tegra-capture-vi: subdev 13e00000.host1x:nvcsi@15a00000- bound
Mar 24 06:52:31 ubuntu kernel: tegra-camrtc-capture-vi tegra-capture-vi: subdev 13e00000.host1x:nvcsi@15a00000- bound
Mar 24 06:52:31 ubuntu kernel: nvvrs11 4-0020: NVVRS11 Vendor ID: 0x11 
Mar 24 06:52:31 ubuntu kernel: tegra-camrtc-capture-vi tegra-capture-vi: subdev 13e00000.host1x:nvcsi@15a00000- bound
Mar 24 06:52:31 ubuntu kernel: tegra-camrtc-capture-vi tegra-capture-vi: subdev 13e00000.host1x:nvcsi@15a00000- bound
Mar 24 06:52:31 ubuntu kernel: nvvrs_pseq 4-003c: NVVRS Vendor ID: 0x9
Mar 24 06:52:31 ubuntu kernel: nvvrs11 4-0020: NVVRS11 Model Rev: 0xE1
Mar 24 06:52:31 ubuntu kernel: nvvrs11 4-0020: NVVRS11 probe successful
Mar 24 06:52:31 ubuntu kernel: nvvrs_pseq 4-003c: NVVRS Model Rev: 0x81
Mar 24 06:52:31 ubuntu kernel: nvvrs_pseq 4-003c: NVVRS PSEQ probe successful
Mar 24 06:52:31 ubuntu kernel: hwmon hwmon5: temp1_input not attached to any thermal zone
Mar 24 06:52:31 ubuntu kernel: tegra194-vi5 13e00000.host1x:vi1@14c00000: Adding to iommu group 29
Mar 24 06:52:31 ubuntu kernel: hwmon hwmon5: temp2_input not attached to any thermal zone
Mar 24 06:52:31 ubuntu kernel: (NULL device *): fops function table already registered
Mar 24 06:52:31 ubuntu kernel: nvvrs11 4-0022: NVVRS11 Vendor ID: 0x11 
Mar 24 06:52:31 ubuntu kernel: nvvrs11 4-0022: NVVRS11 Model Rev: 0xE1
Mar 24 06:52:31 ubuntu kernel: nvvrs11 4-0022: NVVRS11 probe successful
Mar 24 06:52:31 ubuntu kernel: nv_platform 13800000.display: Adding to iommu group 52
Mar 24 06:52:31 ubuntu kernel: platform 13800000.display:nvdisplay-niso: Adding to iommu group 53
Mar 24 06:52:31 ubuntu systemd[1]: Found device /dev/ttyAMA0.
Mar 24 06:52:31 ubuntu kernel: at24 0-0050: 256 byte 24c02 EEPROM, read-only
Mar 24 06:52:31 ubuntu kernel: at24 0-0056: 256 byte 24c02 EEPROM, read-only
Mar 24 06:52:31 ubuntu kernel: cfg80211: Loading compiled-in X.509 certificates for regulatory database
Mar 24 06:52:31 ubuntu kernel: cfg80211: Loaded X.509 cert 'sforshee: 00b28ddf47aef9cea7'
Mar 24 06:52:31 ubuntu kernel: cfg80211: Loaded X.509 cert 'wens: 61c038651aabdcf94bd0ac7ff06c7248db18c600'
Mar 24 06:52:31 ubuntu kernel: spi-tegra114 3210000.spi: Adding to iommu group 1
Mar 24 06:52:31 ubuntu kernel: rtl88x2ce 0001:01:00.0: Adding to iommu group 4
Mar 24 06:52:31 ubuntu kernel: rtl88x2ce 0001:01:00.0: enabling device (0000 -> 0003)
Mar 24 06:52:31 ubuntu kernel: tegra-hda 3510000.hda: Adding to iommu group 54
Mar 24 06:52:31 ubuntu kernel: spi-tegra114 3230000.spi: Adding to iommu group 1
Mar 24 06:52:31 ubuntu kernel: nvpps c6a0000.nvpps: nvpps_probe
Mar 24 06:52:31 ubuntu kernel: nvpps c6a0000.nvpps: primary-emac found ethernet@6800000
Mar 24 06:52:31 ubuntu kernel: nvpps c6a0000.nvpps: primary emac base address 0x6810000
Mar 24 06:52:31 ubuntu kernel: nvpps c6a0000.nvpps: using ptp notifier method on emac ethernet@6800000
Mar 24 06:52:31 ubuntu kernel: nvpps c6a0000.nvpps: tsc_res_ns(32)
Mar 24 06:52:31 ubuntu kernel: nvpps c6a0000.nvpps: PPS GPIO not provided in DT, only Timer mode available
Mar 24 06:52:31 ubuntu kernel: nvpps c6a0000.nvpps: nvpps cdev(488:0)
Mar 24 06:52:31 ubuntu kernel: nvpps c6a0000.nvpps: TSC config ptx 0x113
Mar 24 06:52:31 ubuntu kernel: thermal-trip-event cpu-throttle-alert: cooling device registered.
Mar 24 06:52:31 ubuntu kernel: nvethernet 6800000.ethernet: Adding to iommu group 56
Mar 24 06:52:31 ubuntu kernel: tegra234-aon c000000.aon: Adding to iommu group 55
Mar 24 06:52:31 ubuntu kernel:  c000000.aon:hsp: probed
Mar 24 06:52:31 ubuntu kernel: nvethernet 6800000.ethernet: failed to read skip mac reset flag, default 0
Mar 24 06:52:31 ubuntu kernel: nvethernet 6800000.ethernet: setting to default DMA bit mask
Mar 24 06:52:31 ubuntu kernel: nvethernet 6800000.ethernet: failed to read UPHY GBE mode- default to 10G
Mar 24 06:52:31 ubuntu systemd[1]: Found device WD_BLACK SN7100 1TB esp.
Mar 24 06:52:31 ubuntu kernel: tegra234-aon c000000.aon: init done
Mar 24 06:52:31 ubuntu kernel: thermal-trip-event gpu-throttle-alert: cooling device registered.
Mar 24 06:52:31 ubuntu kernel: thermal-trip-event cv0-throttle-alert: cooling device registered.
Mar 24 06:52:31 ubuntu kernel: thermal-trip-event cv1-throttle-alert: cooling device registered.
Mar 24 06:52:31 ubuntu kernel: thermal-trip-event cv2-throttle-alert: cooling device registered.
Mar 24 06:52:31 ubuntu kernel: thermal-trip-event soc0-throttle-alert: cooling device registered.
Mar 24 06:52:31 ubuntu kernel: thermal-trip-event soc1-throttle-alert: cooling device registered.
Mar 24 06:52:31 ubuntu kernel: thermal-trip-event soc2-throttle-alert: cooling device registered.
Mar 24 06:52:31 ubuntu kernel: thermal-trip-event hot-surface-alert: cooling device registered.
Mar 24 06:52:31 ubuntu kernel: CAN device driver interface
Mar 24 06:52:31 ubuntu kernel: input: NVIDIA Jetson AGX Orin HDA HDMI/DP,pcm=3 as /devices/platform/bus@0/3510000.hda/sound/card0/input1
Mar 24 06:52:31 ubuntu kernel: gic 2a41000.interrupt-controller: GIC IRQ controller registered
Mar 24 06:52:31 ubuntu kernel: tegra-aconnect bus@0:aconnect@2900000: Tegra ACONNECT bus registered
Mar 24 06:52:31 ubuntu kernel: input: NVIDIA Jetson AGX Orin HDA HDMI/DP,pcm=7 as /devices/platform/bus@0/3510000.hda/sound/card0/input2
Mar 24 06:52:31 ubuntu kernel: TT CAN feature is not supported
Mar 24 06:52:31 ubuntu kernel:          Message RAM Configuration
                                       | base addr   |0x0c312000|
                                       | sidfc_flssa |0x00000000|
                                       | xidfc_flesa |0x00000040|
                                       | rxf0c_f0sa  |0x000000c0|
                                       | rxf1c_f1sa  |0x000009c0|
                                       | rxbc_rbsa   |0x000009c0|
                                       | txefc_efsa  |0x000009c0|
                                       | txbc_tbsa   |0x00000a40|
                                       | tmc_tmsa    |0x00000ec0|
                                       | mram size   |0x00001000|
Mar 24 06:52:31 ubuntu kernel: usb 1-1: new high-speed USB device number 2 using tegra-xusb
Mar 24 06:52:31 ubuntu kernel: Release 3.2.3 from 09.06.2018
Mar 24 06:52:31 ubuntu kernel: input: NVIDIA Jetson AGX Orin HDA HDMI/DP,pcm=8 as /devices/platform/bus@0/3510000.hda/sound/card0/input3
Mar 24 06:52:31 ubuntu kernel: input: NVIDIA Jetson AGX Orin HDA HDMI/DP,pcm=9 as /devices/platform/bus@0/3510000.hda/sound/card0/input4
Mar 24 06:52:31 ubuntu kernel: scf-pmu-drv scf-pmu: Registered T23x SCF Uncore PMU
Mar 24 06:52:31 ubuntu kernel: net can0: mttcan device registered (regs=000000000205969a, irq=211)
Mar 24 06:52:31 ubuntu kernel: TT CAN feature is not supported
Mar 24 06:52:31 ubuntu kernel:          Message RAM Configuration
                                       | base addr   |0x0c322000|
                                       | sidfc_flssa |0x00000000|
                                       | xidfc_flesa |0x00000040|
                                       | rxf0c_f0sa  |0x000000c0|
                                       | rxf1c_f1sa  |0x000009c0|
                                       | rxbc_rbsa   |0x000009c0|
                                       | txefc_efsa  |0x000009c0|
                                       | txbc_tbsa   |0x00000a40|
                                       | tmc_tmsa    |0x00000ec0|
                                       | mram size   |0x00001000|
Mar 24 06:52:31 ubuntu kernel: Release 3.2.3 from 09.06.2018
Mar 24 06:52:31 ubuntu kernel: cdi_tsc c6a0000.tsc_sig_gen: CDI TSC probing...
Mar 24 06:52:31 ubuntu kernel: cdi_tsc c6a0000.tsc_sig_gen: cdi_tsc_probe: Initializing the driver
Mar 24 06:52:31 ubuntu kernel: cdi_tsc c6a0000.tsc_sig_gen: cdi_tsc_probe: Successfully initialized the tsc char driver
Mar 24 06:52:31 ubuntu kernel: net can1: mttcan device registered (regs=000000003f223bce, irq=212)
Mar 24 06:52:31 ubuntu systemd[1]: Found device /dev/ttyTCU0.
Mar 24 06:52:31 ubuntu systemd[1]: Listening on Load/Save RF Kill Switch Status /dev/rfkill Watch.
Mar 24 06:52:31 ubuntu systemd[1]: Starting Load/Save RF Kill Switch Status...
Mar 24 06:52:31 ubuntu systemd[1]: Reached target Hardware activated USB gadget.
Dec 31 16:00:40 ubuntu kernel: nvvrs-pseq-rtc nvvrs-pseq-rtc: registered as rtc0
Dec 31 16:00:40 ubuntu kernel: nvvrs-pseq-rtc nvvrs-pseq-rtc: setting system clock to 1970-01-01T00:00:40 UTC (40)
Dec 31 16:00:40 ubuntu kernel: rtl88x2ce 0001:01:00.0 wlP1p1s0: renamed from wlan0
Dec 31 16:00:40 ubuntu systemd-udevd[430]: Using default interface naming scheme 'v249'.
Dec 31 16:00:40 ubuntu systemd[1]: Started Load/Save RF Kill Switch Status.
Dec 31 16:00:40 ubuntu kernel: usb 2-3: new SuperSpeed Plus Gen 2x1 USB device number 2 using tegra-xusb
Dec 31 16:00:40 ubuntu kernel: platform 2901000.i2s: Fixing up cyclic dependency with 8-001c
Dec 31 16:00:40 ubuntu systemd-udevd[433]: Using default interface naming scheme 'v249'.
Dec 31 16:00:40 ubuntu systemd-udevd[459]: Using default interface naming scheme 'v249'.
Dec 31 16:00:40 ubuntu systemd[1]: Finished Monitoring of LVM2 mirrors, snapshots etc. using dmeventd or progress polling.
Dec 31 16:00:40 ubuntu systemd[1]: Reached target Preparation for Local File Systems.
Dec 31 16:00:40 ubuntu systemd[1]: Mounting Mount unit for bare, revision 5...
Dec 31 16:00:40 ubuntu kernel: tegra-adma 2930000.dma-controller: Tegra210 ADMA driver registered 32 channels
Dec 31 16:00:40 ubuntu systemd[1]: Mounting Mount unit for core22, revision 2340...
Dec 31 16:00:40 ubuntu systemd-udevd[429]: Using default interface naming scheme 'v249'.
Dec 31 16:00:40 ubuntu kernel: loop0: detected capacity change from 0 to 8
Dec 31 16:00:40 ubuntu kernel: irq: IRQ307: trimming hierarchy from :bus@0:pmc@c360000
Dec 31 16:00:40 ubuntu systemd[1]: Mounting Mount unit for core22, revision 2412...
Dec 31 16:00:40 ubuntu systemd[1]: Mounting Mount unit for core24, revision 1500...
Dec 31 16:00:40 ubuntu kernel: loop1: detected capacity change from 0 to 141200
Dec 31 16:00:40 ubuntu kernel: squashfs: SQUASHFS error: Xattrs in filesystem, these will be ignored
Dec 31 16:00:40 ubuntu kernel: unable to read xattr id index table
Dec 31 16:00:40 ubuntu kernel: nvethernet 6800000.ethernet: Ethernet MAC address: 3c:6d:66:fc:19:b4
Dec 31 16:00:40 ubuntu kernel: -->macsec_probe()
Dec 31 16:00:40 ubuntu kernel: nvethernet 6800000.ethernet: macsec parameter is missing or disabled
Dec 31 16:00:40 ubuntu kernel: <--macsec_probe()
Dec 31 16:00:40 ubuntu kernel: nvethernet 6800000.ethernet: Macsec not supported/Not enabled
Dec 31 16:00:40 ubuntu kernel: loop2: detected capacity change from 0 to 141232
Dec 31 16:00:40 ubuntu kernel: squashfs: SQUASHFS error: Xattrs in filesystem, these will be ignored
Dec 31 16:00:40 ubuntu kernel: unable to read xattr id index table
Dec 31 16:00:40 ubuntu kernel: hub 2-3:1.0: USB hub found
Dec 31 16:00:40 ubuntu systemd[1]: Mounting Mount unit for core24, revision 1588...
Dec 31 16:00:40 ubuntu kernel: loop3: detected capacity change from 0 to 126728
Dec 31 16:00:40 ubuntu kernel: nvethernet 6800000.ethernet: eth0 (HW ver: 31) created with 10 DMA channels
Dec 31 16:00:40 ubuntu kernel: squashfs: SQUASHFS error: Xattrs in filesystem, these will be ignored
Dec 31 16:00:40 ubuntu kernel: unable to read xattr id index table
Dec 31 16:00:40 ubuntu kernel: hub 2-3:1.0: 4 ports detected
Dec 31 16:00:40 ubuntu kernel: loop4: detected capacity change from 0 to 126776
Dec 31 16:00:40 ubuntu kernel: squashfs: SQUASHFS error: Xattrs in filesystem, these will be ignored
Dec 31 16:00:40 ubuntu kernel: unable to read xattr id index table
Dec 31 16:00:40 ubuntu kernel: nvethernet 6800000.ethernet eno1: renamed from eth0
Dec 31 16:00:40 ubuntu systemd[1]: Mounting Mount unit for gedit, revision 698...
Dec 31 16:00:40 ubuntu kernel: tegra210-admaif 290f000.admaif: Adding to iommu group 57
Dec 31 16:00:40 ubuntu systemd[1]: Mounting Mount unit for gnome-42-2204, revision 228...
Dec 31 16:00:40 ubuntu systemd[1]: Mounting Mount unit for gnome-42-2204, revision 245...
Dec 31 16:00:40 ubuntu systemd[1]: Mounting Mount unit for gnome-46-2404, revision 154...
Dec 31 16:00:40 ubuntu kernel: loop5: detected capacity change from 0 to 1010952
Dec 31 16:00:40 ubuntu kernel: loop6: detected capacity change from 0 to 12120
Dec 31 16:00:40 ubuntu systemd[1]: Mounting Mount unit for gtk-common-themes, revision 1535...
Dec 31 16:00:40 ubuntu kernel: loop7: detected capacity change from 0 to 1030064
Dec 31 16:00:40 ubuntu kernel: usb 1-3: new full-speed USB device number 3 using tegra-xusb
Dec 31 16:00:40 ubuntu systemd[1]: Mounting Mount unit for mesa-2404, revision 1166...
Dec 31 16:00:40 ubuntu kernel: loop8: detected capacity change from 0 to 1132440
Dec 31 16:00:40 ubuntu kernel: loop9: detected capacity change from 0 to 187776
Dec 31 16:00:40 ubuntu systemd[1]: Mounting Mount unit for snapd, revision 26383...
Dec 31 16:00:40 ubuntu kernel: loop10: detected capacity change from 0 to 357512
Dec 31 16:00:40 ubuntu systemd[1]: Mounting Mount unit for snapd, revision 26869...
Dec 31 16:00:40 ubuntu systemd-udevd[444]: Using default interface naming scheme 'v249'.
Dec 31 16:00:40 ubuntu systemd[1]: Starting File System Check on /dev/disk/by-uuid/33A8-3E1A...
Dec 31 16:00:40 ubuntu kernel: loop11: detected capacity change from 0 to 85664
Dec 31 16:00:40 ubuntu kernel: squashfs: SQUASHFS error: Xattrs in filesystem, these will be ignored
Dec 31 16:00:40 ubuntu kernel: unable to read xattr id index table
Dec 31 16:00:40 ubuntu kernel: loop12: detected capacity change from 0 to 87312
Dec 31 16:00:40 ubuntu systemd[1]: Mounted Mount unit for bare, revision 5.
Dec 31 16:00:40 ubuntu kernel: squashfs: SQUASHFS error: Xattrs in filesystem, these will be ignored
Dec 31 16:00:40 ubuntu kernel: unable to read xattr id index table
Dec 31 16:00:40 ubuntu systemd-fsck[674]: fsck.fat 4.2 (2021-01-31)
Dec 31 16:00:40 ubuntu systemd-fsck[674]: There are differences between boot sector and its backup.
Dec 31 16:00:40 ubuntu systemd-fsck[674]: This is mostly harmless. Differences: (offset:original/backup)
Dec 31 16:00:40 ubuntu systemd-fsck[674]:   65:01/00
Dec 31 16:00:40 ubuntu systemd-fsck[674]:   Not automatically fixing this.
Dec 31 16:00:40 ubuntu systemd-fsck[674]: Dirty bit is set. Fs was not properly unmounted and some data may be corrupt.
Dec 31 16:00:40 ubuntu systemd-fsck[674]:  Automatically removing dirty bit.
Dec 31 16:00:40 ubuntu systemd-fsck[674]: *** Filesystem was changed ***
Dec 31 16:00:40 ubuntu systemd-fsck[674]: Writing changes.
Dec 31 16:00:40 ubuntu systemd-fsck[674]: /dev/nvme0n1p10: 4 files, 220/129022 clusters
Dec 31 16:00:40 ubuntu systemd[1]: Mounted Mount unit for core22, revision 2340.
Dec 31 16:00:40 ubuntu systemd[1]: Mounted Mount unit for core22, revision 2412.
Dec 31 16:00:40 ubuntu systemd[1]: Mounted Mount unit for core24, revision 1500.
Dec 31 16:00:40 ubuntu systemd[1]: Mounted Mount unit for core24, revision 1588.
Dec 31 16:00:40 ubuntu systemd[1]: Mounted Mount unit for gedit, revision 698.
Dec 31 16:00:40 ubuntu systemd[1]: Mounted Mount unit for gnome-42-2204, revision 228.
Dec 31 16:00:40 ubuntu systemd[1]: Mounted Mount unit for gnome-42-2204, revision 245.
Dec 31 16:00:40 ubuntu systemd[1]: Mounted Mount unit for gnome-46-2404, revision 154.
Dec 31 16:00:40 ubuntu systemd[1]: Mounted Mount unit for gtk-common-themes, revision 1535.
Dec 31 16:00:40 ubuntu systemd[1]: Mounted Mount unit for mesa-2404, revision 1166.
Dec 31 16:00:40 ubuntu systemd[1]: Mounted Mount unit for snapd, revision 26383.
Dec 31 16:00:40 ubuntu systemd[1]: Mounted Mount unit for snapd, revision 26869.
Dec 31 16:00:40 ubuntu systemd[1]: Finished File System Check on /dev/disk/by-uuid/33A8-3E1A.
Dec 31 16:00:40 ubuntu systemd[1]: Reached target Mounted snaps.
Dec 31 16:00:40 ubuntu systemd[1]: Mounting /boot/efi...
Dec 31 16:00:40 ubuntu systemd[1]: Starting Load Kernel Module efi_pstore...
Dec 31 16:00:40 ubuntu systemd[1]: Condition check resulted in Show Plymouth Boot Screen being skipped.
Dec 31 16:00:40 ubuntu systemd[1]: Condition check resulted in Forward Password Requests to Plymouth Directory Watch being skipped.
Dec 31 16:00:40 ubuntu systemd[1]: Condition check resulted in File System Check on Root Device being skipped.
Dec 31 16:00:40 ubuntu systemd[1]: Started File System Check Daemon to report status.
Dec 31 16:00:40 ubuntu systemd[1]: Mounted /boot/efi.
Dec 31 16:00:40 ubuntu systemd[1]: modprobe@efi_pstore.service: Deactivated successfully.
Dec 31 16:00:40 ubuntu systemd[1]: Finished Load Kernel Module efi_pstore.
Dec 31 16:00:40 ubuntu systemd[1]: Reached target Local File Systems.
Dec 31 16:00:40 ubuntu systemd[1]: Condition check resulted in Load AppArmor profiles being skipped.
Dec 31 16:00:40 ubuntu systemd[1]: Starting Enable support for additional executable binary formats...
Dec 31 16:00:40 ubuntu systemd[1]: Starting Set console font and keymap...
Dec 31 16:00:40 ubuntu systemd[1]: Starting Tell Plymouth To Write Out Runtime Data...
Dec 31 16:00:40 ubuntu systemd[1]: Condition check resulted in Load AppArmor profiles managed internally by snapd being skipped.
Dec 31 16:00:40 ubuntu systemd[1]: Starting Set Up Additional Binary Formats...
Dec 31 16:00:40 ubuntu systemd[1]: Condition check resulted in Store a System Token in an EFI Variable being skipped.
Dec 31 16:00:40 ubuntu systemd[1]: Condition check resulted in Commit a transient machine-id on disk being skipped.
Dec 31 16:00:40 ubuntu systemd[1]: Condition check resulted in Platform Persistent Storage Archival being skipped.
Dec 31 16:00:40 ubuntu systemd[1]: Starting Create Volatile Files and Directories...
Dec 31 16:00:40 ubuntu systemd[1]: Starting Uncomplicated firewall...
Dec 31 16:00:40 ubuntu systemd[1]: Finished Set console font and keymap.
Dec 31 16:00:40 ubuntu systemd[1]: proc-sys-fs-binfmt_misc.automount: Got automount request for /proc/sys/fs/binfmt_misc, triggered by 678 (update-binfmts)
Dec 31 16:00:40 ubuntu systemd[1]: Mounting Arbitrary Executable File Formats File System...
Dec 31 16:00:40 ubuntu systemd[1]: Finished Uncomplicated firewall.
Dec 31 16:00:40 ubuntu systemd[1]: Reached target Preparation for Network.
Dec 31 16:00:40 ubuntu systemd[1]: Mounted Arbitrary Executable File Formats File System.
Dec 31 16:00:40 ubuntu systemd[1]: Finished Tell Plymouth To Write Out Runtime Data.
Dec 31 16:00:40 ubuntu systemd[1]: Finished Set Up Additional Binary Formats.
Dec 31 16:00:40 ubuntu systemd[1]: Finished Enable support for additional executable binary formats.
Dec 31 16:00:40 ubuntu systemd[1]: Finished Create Volatile Files and Directories.
Dec 31 16:00:40 ubuntu systemd[1]: Started Entropy Daemon based on the HAVEGE algorithm.
Dec 31 16:00:40 ubuntu systemd[1]: Starting RPC bind portmap service...
Dec 31 16:00:40 ubuntu systemd[1]: Condition check resulted in Userspace Out-Of-Memory (OOM) Killer being skipped.
Dec 31 16:00:40 ubuntu systemd[1]: Starting Network Name Resolution...
Dec 31 16:00:40 ubuntu kernel: input: NVIDIA Jetson AGX Orin APE Headset Jack as /devices/platform/sound/sound/card1/input5
Dec 31 16:00:40 ubuntu systemd[1]: Starting Network Time Synchronization...
Dec 31 16:00:40 ubuntu systemd[1]: Starting Record System Boot/Shutdown in UTMP...
Dec 31 16:00:40 ubuntu systemd[1]: Started RPC bind portmap service.
Dec 31 16:00:40 ubuntu systemd[1]: Reached target RPC Port Mapper.
Dec 31 16:00:40 ubuntu haveged[688]: haveged: command socket is listening at fd 3
Dec 31 16:00:40 ubuntu haveged[688]: haveged starting up
Dec 31 16:00:40 ubuntu systemd-timesyncd[691]: System clock time unset or jumped backwards, restoring from recorded timestamp: Tue 2026-05-05 12:36:32 PDT
May 05 12:36:32 ubuntu systemd[1]: Started Network Time Synchronization.
May 05 12:36:32 ubuntu systemd[1]: Reached target System Time Set.
May 05 12:36:32 ubuntu systemd-resolved[690]: Positive Trust Anchors:
May 05 12:36:32 ubuntu systemd-resolved[690]: . IN DS 20326 8 2 e06d44b80b8f1d39a95c0b0d7c65d08458e880409bbc683457104237c7f8ec8d
May 05 12:36:32 ubuntu systemd-resolved[690]: Negative trust anchors: home.arpa 10.in-addr.arpa 16.172.in-addr.arpa 17.172.in-addr.arpa 18.172.in-addr.arpa 19.172.in-addr.arpa 20.172.in-addr.arpa 21.172.in-addr.arpa 22.172.in-addr.arpa 23.172.in-addr.arpa 24.172.in-addr.arpa 25.172.in-addr.arpa 26.172.in-addr.arpa 27.172.in-addr.arpa 28.172.in-addr.arpa 29.172.in-addr.arpa 30.172.in-addr.arpa 31.172.in-addr.arpa 168.192.in-addr.arpa d.f.ip6.arpa corp home internal intranet lan local private test
May 05 12:36:32 ubuntu systemd-resolved[690]: Using system hostname 'ubuntu'.
May 05 12:36:32 ubuntu systemd[1]: Started Network Name Resolution.
May 05 12:36:32 ubuntu systemd[1]: Reached target Host and Network Name Lookups.
May 05 12:36:32 ubuntu kernel: usb 1-4: new high-speed USB device number 4 using tegra-xusb
May 05 12:36:32 ubuntu haveged[688]: haveged: ver: 1.9.14; arch: generic; vend: ; build: (gcc 11.2.0 CTV); collect: 128K
May 05 12:36:32 ubuntu haveged[688]: haveged: cpu: (VC); data: 64K (V); inst: 64K (V); idx: 39/40; sz: 64452/64452
May 05 12:36:32 ubuntu haveged[688]: haveged: tot tests(BA8): A:1/1 B:1/1 continuous tests(B):  last entropy estimate 8.00137
May 05 12:36:32 ubuntu haveged[688]: haveged: fills: 0, generated: 0
May 05 12:36:32 ubuntu kernel: hub 1-4:1.0: USB hub found
May 05 12:36:32 ubuntu kernel: hub 1-4:1.0: 4 ports detected
May 05 12:36:32 ubuntu systemd[1]: Condition check resulted in Load AppArmor profiles being skipped.
May 05 12:36:32 ubuntu systemd[1]: Starting Load Kernel Module efi_pstore...
May 05 12:36:32 ubuntu systemd[1]: Condition check resulted in Show Plymouth Boot Screen being skipped.
May 05 12:36:32 ubuntu systemd[1]: Condition check resulted in Forward Password Requests to Plymouth Directory Watch being skipped.
May 05 12:36:32 ubuntu systemd[1]: Condition check resulted in Store a System Token in an EFI Variable being skipped.
May 05 12:36:32 ubuntu systemd[1]: Condition check resulted in Commit a transient machine-id on disk being skipped.
May 05 12:36:32 ubuntu systemd[1]: modprobe@efi_pstore.service: Deactivated successfully.
May 05 12:36:32 ubuntu systemd[1]: Finished Load Kernel Module efi_pstore.
May 05 12:36:32 ubuntu systemd[1]: Condition check resulted in Platform Persistent Storage Archival being skipped.
May 05 12:36:32 ubuntu mtp-probe[710]: checking bus 1, device 2: "/sys/devices/platform/bus@0/3610000.usb/usb1/1-1"
May 05 12:36:32 ubuntu mtp-probe[710]: bus: 1, device: 2 was not an MTP device
May 05 12:36:32 ubuntu kernel: cdc_acm 1-1:1.0: ttyACM0: USB ACM device
May 05 12:36:32 ubuntu kernel: usbcore: registered new interface driver cdc_acm
May 05 12:36:32 ubuntu kernel: cdc_acm: USB Abstract Control Model driver for USB modems and ISDN adapters
May 05 12:36:32 ubuntu mtp-probe[718]: checking bus 1, device 2: "/sys/devices/platform/bus@0/3610000.usb/usb1/1-1"
May 05 12:36:32 ubuntu mtp-probe[718]: bus: 1, device: 2 was not an MTP device
May 05 12:36:32 ubuntu kernel: usbcore: registered new interface driver btusb
May 05 12:36:32 ubuntu kernel: rtk_btusb: Realtek Bluetooth USB driver ver 3.1.6fd4e69.20220818-105856
May 05 12:36:32 ubuntu kernel: rtk_btcoex: rtk_btcoex_init: version: 1.2
May 05 12:36:32 ubuntu kernel: rtk_btcoex: create workqueue
May 05 12:36:32 ubuntu kernel: rtk_btcoex: alloc buffers 1792, 2432 for ev and l2
May 05 12:36:32 ubuntu kernel: rtk_btusb: btusb_probe intf->cur_altsetting->desc.bInterfaceNumber 0
May 05 12:36:32 ubuntu kernel: rtk_btusb: btusb_probe can_wakeup 1, may wakeup 0
May 05 12:36:32 ubuntu kernel: rtk_btusb: patch_add
May 05 12:36:32 ubuntu kernel: rtk_btusb: auto suspend is disabled
May 05 12:36:32 ubuntu kernel: rtk_btusb: pid = 0x3549
May 05 12:36:32 ubuntu kernel: rtk_btusb: patch_add: Reset gEVersion to 0xff
May 05 12:36:32 ubuntu kernel: rtk_btusb: set_bit(HCI_QUIRK_RESET_ON_CLOSE, &hdev->quirks);
May 05 12:36:32 ubuntu kernel: rtk_btusb: btusb_probe: done
May 05 12:36:32 ubuntu kernel: usbcore: registered new interface driver rtk_btusb
May 05 12:36:32 ubuntu kernel: rtk_btusb: btusb_open start
May 05 12:36:32 ubuntu kernel: rtk_btusb: btusb_open hdev->promisc ==0
May 05 12:36:32 ubuntu kernel: rtk_btusb: download_patch start
May 05 12:36:32 ubuntu kernel: rtk_btusb: chip type value: 0x73
May 05 12:36:32 ubuntu kernel: rtk_btusb: chip_type->status = 0x0, chip_type->chip = 0xbeef
May 05 12:36:32 ubuntu kernel: rtk_btusb: HCI reset.
May 05 12:36:32 ubuntu systemd[1]: Condition check resulted in Load AppArmor profiles being skipped.
May 05 12:36:32 ubuntu systemd[1]: Starting Load Kernel Module efi_pstore...
May 05 12:36:32 ubuntu systemd[1]: Condition check resulted in Show Plymouth Boot Screen being skipped.
May 05 12:36:32 ubuntu systemd[1]: Condition check resulted in Forward Password Requests to Plymouth Directory Watch being skipped.
May 05 12:36:32 ubuntu systemd[1]: Condition check resulted in Store a System Token in an EFI Variable being skipped.
May 05 12:36:32 ubuntu systemd[1]: Condition check resulted in Commit a transient machine-id on disk being skipped.
May 05 12:36:32 ubuntu systemd[1]: modprobe@efi_pstore.service: Deactivated successfully.
May 05 12:36:32 ubuntu systemd[1]: Finished Load Kernel Module efi_pstore.
May 05 12:36:32 ubuntu systemd[1]: Condition check resulted in Platform Persistent Storage Archival being skipped.
May 05 12:36:32 ubuntu kernel: rtk_btusb: read_ver_rsp->lmp_subver = 0x8822
May 05 12:36:32 ubuntu kernel: rtk_btusb: read_ver_rsp->hci_rev = 0xc
May 05 12:36:32 ubuntu kernel: rtk_btusb: patch_entry->lmp_sub = 0x8822
May 05 12:36:32 ubuntu kernel: rtk_btusb: load_firmware start
May 05 12:36:32 ubuntu kernel: rtk_btusb: lmp_version = 0x8822
May 05 12:36:32 ubuntu kernel: rtk_btusb: config filename rtl8822cu_config
May 05 12:36:32 ubuntu kernel: rtk_btusb: no bdaddr file /opt/bdaddr
May 05 12:36:32 ubuntu kernel: rtk_btusb: Origin cfg len 6
May 05 12:36:32 ubuntu kernel: rtk_btusb: 55 ab 23 87 00 00
May 05 12:36:32 ubuntu kernel: rtk_btusb: New cfg len 6
May 05 12:36:32 ubuntu kernel: rtk_btusb: 55 ab 23 87 00 00
May 05 12:36:32 ubuntu kernel: rtk_btusb: fw name is  rtl8822cu_fw
May 05 12:36:32 ubuntu kernel: rtk_btusb: This is not 8723a, use new patch style!
May 05 12:36:32 ubuntu kernel: rtk_btusb: rtk_get_eversion: gEVersion 255
May 05 12:36:32 ubuntu kernel: rtk_btusb: eversion->status = 0x0, eversion->version = 0x3
May 05 12:36:32 ubuntu kernel: rtk_btusb: load_firmware: New gEVersion 3
May 05 12:36:32 ubuntu kernel: rtk_btusb: rtk_get_fw_project_id: opcode 0, len 1, data 13
May 05 12:36:32 ubuntu kernel: rtk_btusb: lmp_version is 8822, project_id is 8822, match!
May 05 12:36:32 ubuntu kernel: rtk_btusb: fw_version = 0x9a8cbc9
May 05 12:36:32 ubuntu kernel: rtk_btusb: number_of_total_patch = 3
May 05 12:36:32 ubuntu kernel: rtk_btusb: chipID 4
May 05 12:36:32 ubuntu kernel: rtk_btusb: patch_length 0x8590
May 05 12:36:32 ubuntu kernel: rtk_btusb: start_offset 0x00005d00
May 05 12:36:32 ubuntu kernel: rtk_btusb: Svn version: 1940234490
May 05 12:36:32 ubuntu kernel: rtk_btusb: Coexistence: BTCOEX_20210106-2020
May 05 12:36:32 ubuntu kernel: rtk_btusb: buf_len = 0x8596
May 05 12:36:32 ubuntu kernel: rtk_btusb: fw: exists, config file: exists
May 05 12:36:32 ubuntu kernel: rtk_btusb: load_firmware done
May 05 12:36:32 ubuntu kernel: rtk_btusb: download_data start
May 05 12:36:33 ubuntu kernel: rtk_btusb: download_data done
May 05 12:36:33 ubuntu kernel: rtk_btusb: HCI reset.
May 05 12:36:33 ubuntu kernel: rtk_btusb: read_ver_rsp->lmp_subver = 0xcbc9
May 05 12:36:33 ubuntu kernel: rtk_btusb: read_ver_rsp->hci_rev = 0x9a8
May 05 12:36:33 ubuntu kernel: rtk_btusb: patch_entry->lmp_sub = 0x8822
May 05 12:36:33 ubuntu kernel: rtk_btusb: Rtk patch end 0
May 05 12:36:33 ubuntu kernel: rtk_btusb: btusb_open set HCI UP RUNNING
May 05 12:36:33 ubuntu kernel: rtk_btcoex: Open BTCOEX
May 05 12:36:33 ubuntu kernel: rtk_btcoex: rtk_vendor_cmd_to_fw: opcode 0xfc1b
May 05 12:36:33 ubuntu kernel: rtk_btusb: btusb_open end
May 05 12:36:33 ubuntu kernel: rtk_btcoex: unknown hci command
May 05 12:36:33 ubuntu kernel: rtk_btcoex: BTCOEX hci_rev 0x09a8
May 05 12:36:33 ubuntu kernel: rtk_btcoex: BTCOEX lmp_subver 0xcbc9
May 05 12:36:33 ubuntu kernel: rtk_btusb: btusb_notify: hci0 evt 3
May 05 12:36:33 ubuntu kernel: usb 1-4.1: new full-speed USB device number 5 using tegra-xusb
May 05 12:36:33 ubuntu kernel: usb 1-4.2: new full-speed USB device number 6 using tegra-xusb
May 05 12:36:33 ubuntu kernel: input: Logitech USB Receiver as /devices/platform/bus@0/3610000.usb/usb1/1-4/1-4.2/1-4.2:1.0/0003:046D:C52B.0001/input/input6
May 05 12:36:33 ubuntu kernel: hid-generic 0003:046D:C52B.0001: input,hidraw0: USB HID v1.11 Keyboard [Logitech USB Receiver] on usb-3610000.usb-4.2/input0
May 05 12:36:33 ubuntu kernel: input: Logitech USB Receiver Mouse as /devices/platform/bus@0/3610000.usb/usb1/1-4/1-4.2/1-4.2:1.1/0003:046D:C52B.0002/input/input7
May 05 12:36:33 ubuntu kernel: input: Logitech USB Receiver Consumer Control as /devices/platform/bus@0/3610000.usb/usb1/1-4/1-4.2/1-4.2:1.1/0003:046D:C52B.0002/input/input8
May 05 12:36:34 ubuntu kernel: input: Logitech USB Receiver System Control as /devices/platform/bus@0/3610000.usb/usb1/1-4/1-4.2/1-4.2:1.1/0003:046D:C52B.0002/input/input9
May 05 12:36:34 ubuntu kernel: hid-generic 0003:046D:C52B.0002: input,hidraw1: USB HID v1.11 Mouse [Logitech USB Receiver] on usb-3610000.usb-4.2/input1
May 05 12:36:34 ubuntu kernel: hid-generic 0003:046D:C52B.0003: hidraw2: USB HID v1.11 Device [Logitech USB Receiver] on usb-3610000.usb-4.2/input2
May 05 12:36:34 ubuntu mtp-probe[731]: checking bus 1, device 5: "/sys/devices/platform/bus@0/3610000.usb/usb1/1-4/1-4.1"
May 05 12:36:34 ubuntu mtp-probe[731]: bus: 1, device: 5 was not an MTP device
May 05 12:36:34 ubuntu mtp-probe[732]: checking bus 1, device 6: "/sys/devices/platform/bus@0/3610000.usb/usb1/1-4/1-4.2"
May 05 12:36:34 ubuntu mtp-probe[732]: bus: 1, device: 6 was not an MTP device
May 05 12:36:34 ubuntu kernel: usbcore: registered new interface driver ftdi_sio
May 05 12:36:34 ubuntu kernel: usbserial: USB Serial support registered for FTDI USB Serial Device
May 05 12:36:34 ubuntu kernel: ftdi_sio 1-4.1:1.0: FTDI USB Serial Device converter detected
May 05 12:36:34 ubuntu kernel: usb 1-4.1: Detected FT-X
May 05 12:36:34 ubuntu kernel: usb 1-4.1: FTDI USB Serial Device converter now attached to ttyUSB0
May 05 12:36:34 ubuntu mtp-probe[740]: checking bus 1, device 5: "/sys/devices/platform/bus@0/3610000.usb/usb1/1-4/1-4.1"
May 05 12:36:34 ubuntu mtp-probe[740]: bus: 1, device: 5 was not an MTP device
May 05 12:36:34 ubuntu mtp-probe[752]: checking bus 1, device 6: "/sys/devices/platform/bus@0/3610000.usb/usb1/1-4/1-4.2"
May 05 12:36:34 ubuntu mtp-probe[752]: bus: 1, device: 6 was not an MTP device
May 05 12:36:34 ubuntu systemd[1]: Finished Record System Boot/Shutdown in UTMP.
May 05 12:36:34 ubuntu systemd[1]: Reached target System Initialization.
May 05 12:36:34 ubuntu systemd[1]: Condition check resulted in Process error reports when automatic reporting is enabled (file watch) being skipped.
May 05 12:36:34 ubuntu systemd[1]: Started resolvconf-pull-resolved.path.
May 05 12:36:34 ubuntu systemd[1]: Started Trigger anacron every hour.
May 05 12:36:34 ubuntu systemd[1]: Condition check resulted in Process error reports when automatic reporting is enabled (timer based) being skipped.
May 05 12:36:34 ubuntu systemd[1]: Started Daily apt download activities.
May 05 12:36:34 ubuntu systemd[1]: Started Daily apt upgrade and clean activities.
May 05 12:36:34 ubuntu systemd[1]: Started Run certbot twice daily.
May 05 12:36:34 ubuntu systemd[1]: Started Daily dpkg database backup timer.
May 05 12:36:34 ubuntu systemd[1]: Started Periodic ext4 Online Metadata Check for All Filesystems.
May 05 12:36:34 ubuntu systemd[1]: Started Discard unused blocks once a week.
May 05 12:36:34 ubuntu systemd[1]: Started Refresh fwupd metadata regularly.
May 05 12:36:34 ubuntu systemd[1]: Started Daily rotation of log files.
May 05 12:36:34 ubuntu systemd[1]: Started Daily man-db regeneration.
May 05 12:36:34 ubuntu systemd[1]: Started Message of the Day.
May 05 12:36:34 ubuntu systemd[1]: Condition check resulted in Timer to automatically fetch and run repair assertions being skipped.
May 05 12:36:34 ubuntu systemd[1]: Started Daily Cleanup of Temporary Directories.
May 05 12:36:34 ubuntu systemd[1]: Condition check resulted in Ubuntu Pro Timer for running repeated jobs being skipped.
May 05 12:36:34 ubuntu systemd[1]: Reached target Path Units.
May 05 12:36:34 ubuntu systemd[1]: Condition check resulted in Unix socket for apport crash forwarding being skipped.
May 05 12:36:34 ubuntu systemd[1]: Listening on Avahi mDNS/DNS-SD Stack Activation Socket.
May 05 12:36:34 ubuntu systemd[1]: Listening on D-Bus System Message Bus Socket.
May 05 12:36:34 ubuntu systemd[1]: Starting Docker Socket for the API...
May 05 12:36:34 ubuntu systemd[1]: Starting Socket activation for snappy daemon...
May 05 12:36:34 ubuntu systemd[1]: Listening on UUID daemon activation socket.
May 05 12:36:34 ubuntu systemd[1]: Listening on Docker Socket for the API.
May 05 12:36:34 ubuntu systemd[1]: Listening on Socket activation for snappy daemon.
May 05 12:36:34 ubuntu systemd[1]: Reached target Socket Units.
May 05 12:36:34 ubuntu systemd[1]: Reached target Basic System.
May 05 12:36:34 ubuntu systemd[1]: Condition check resulted in Manage Sound Card State (restore and store) being skipped.
May 05 12:36:34 ubuntu systemd[1]: Starting Save/Restore Sound Card State...
May 05 12:36:34 ubuntu systemd[1]: Started Run anacron jobs.
May 05 12:36:34 ubuntu systemd[1]: Starting Avahi mDNS/DNS-SD Stack...
May 05 12:36:34 ubuntu anacron[757]: Anacron 2.3 started on 2026-05-05
May 05 12:36:34 ubuntu systemd[1]: Starting Bluetooth service...
May 05 12:36:34 ubuntu anacron[757]: Normal exit (0 jobs run)
May 05 12:36:34 ubuntu systemd[1]: Started D-Bus System Message Bus.
May 05 12:36:34 ubuntu avahi-daemon[758]: Found user 'avahi' (UID 123) and group 'avahi' (GID 132).
May 05 12:36:34 ubuntu systemd[1]: Starting Network Manager...
May 05 12:36:34 ubuntu systemd[1]: Started Save initial kernel messages after boot.
May 05 12:36:34 ubuntu systemd[1]: Starting Remove Stale Online ext4 Metadata Check Snapshots...
May 05 12:36:34 ubuntu systemd[1]: Condition check resulted in getty on tty2-tty6 if dbus and logind are not available being skipped.
May 05 12:36:34 ubuntu systemd[1]: Starting LSB: Execute the kexec -e command to reboot system...
May 05 12:36:34 ubuntu dbus-daemon[760]: dbus[760]: Unknown username "whoopsie" in message bus configuration file
May 05 12:36:34 ubuntu systemd[1]: Started Checking root filesystem boot successful.
May 05 12:36:34 ubuntu systemd[1]: Starting LSB: BSD lpr/lpd line printer spooling system...
May 05 12:36:34 ubuntu l4t-rootfs-validation-config.sh[765]: Checking if the root filesystem boots successfully
May 05 12:36:34 ubuntu systemd[1]: Starting Dispatcher daemon for systemd-networkd...
May 05 12:36:34 ubuntu systemd[1]: Starting Configure USB flashing port for device mode...
May 05 12:36:34 ubuntu systemd[1]: Starting NVIDIA specific early first-boot script...
May 05 12:36:34 ubuntu systemd[1]: Started service for managing PVA allowlists.
May 05 12:36:34 ubuntu systemd[1]: Condition check resulted in Auto-connect to subsystems on FC-NVME devices found during boot being skipped.
May 05 12:36:34 ubuntu systemd[1]: Starting NVIDIA specific power script...
May 05 12:36:34 ubuntu systemd[1]: Started NVIDIA weston service.
May 05 12:36:34 ubuntu systemd[1]: Starting resolvconf-pull-resolved.service...
May 05 12:36:34 ubuntu lpd[767]: Starting printer spooler: lpd.
May 05 12:36:34 ubuntu lpd[782]: restarted
May 05 12:36:34 ubuntu systemd[1]: Starting System Logging Service...
May 05 12:36:34 ubuntu systemd[1]: Started Seat management daemon.
May 05 12:36:34 ubuntu systemd[1]: Condition check resulted in Secure Boot updates for DB and DBX being skipped.
May 05 12:36:34 ubuntu systemd[1]: Condition check resulted in Automatically repair incorrect owner/permissions on core devices being skipped.
May 05 12:36:34 ubuntu systemd[1]: Condition check resulted in Wait for the Ubuntu Core chooser trigger being skipped.
May 05 12:36:34 ubuntu systemd[1]: Reached target Preparation for Logins.
May 05 12:36:34 ubuntu systemd[1]: Starting Wait until snapd is fully seeded...
May 05 12:36:34 ubuntu systemd[1]: Starting Snap Daemon...
May 05 12:36:34 ubuntu systemd[1]: Condition check resulted in System Security Services Daemon being skipped.
May 05 12:36:34 ubuntu systemd[1]: Reached target User and Group Name Lookups.
May 05 12:36:34 ubuntu systemd[1]: sssd-nss.socket: Bound to unit sssd.service, but unit isn't active.
May 05 12:36:34 ubuntu systemd[1]: Dependency failed for SSSD NSS Service responder socket.
May 05 12:36:34 ubuntu systemd[1]: sssd-nss.socket: Job sssd-nss.socket/start failed with result 'dependency'.
May 05 12:36:34 ubuntu systemd[1]: sssd-autofs.socket: Bound to unit sssd.service, but unit isn't active.
May 05 12:36:34 ubuntu systemd[1]: Dependency failed for SSSD AutoFS Service responder socket.
May 05 12:36:34 ubuntu systemd[1]: sssd-autofs.socket: Job sssd-autofs.socket/start failed with result 'dependency'.
May 05 12:36:34 ubuntu systemd[1]: sssd-pac.socket: Bound to unit sssd.service, but unit isn't active.
May 05 12:36:34 ubuntu systemd[1]: Dependency failed for SSSD PAC Service responder socket.
May 05 12:36:34 ubuntu systemd[1]: sssd-pac.socket: Job sssd-pac.socket/start failed with result 'dependency'.
May 05 12:36:34 ubuntu systemd[1]: sssd-pam-priv.socket: Bound to unit sssd.service, but unit isn't active.
May 05 12:36:34 ubuntu systemd[1]: Dependency failed for SSSD PAM Service responder private socket.
May 05 12:36:34 ubuntu systemd[1]: Dependency failed for SSSD PAM Service responder socket.
May 05 12:36:34 ubuntu systemd[1]: sssd-pam.socket: Job sssd-pam.socket/start failed with result 'dependency'.
May 05 12:36:34 ubuntu systemd[1]: sssd-pam-priv.socket: Job sssd-pam-priv.socket/start failed with result 'dependency'.
May 05 12:36:34 ubuntu systemd[1]: sssd-ssh.socket: Bound to unit sssd.service, but unit isn't active.
May 05 12:36:34 ubuntu systemd[1]: Dependency failed for SSSD SSH Service responder socket.
May 05 12:36:34 ubuntu systemd[1]: sssd-ssh.socket: Job sssd-ssh.socket/start failed with result 'dependency'.
May 05 12:36:34 ubuntu systemd[1]: sssd-sudo.socket: Bound to unit sssd.service, but unit isn't active.
May 05 12:36:34 ubuntu systemd[1]: Dependency failed for SSSD Sudo Service responder socket.
May 05 12:36:34 ubuntu systemd[1]: sssd-sudo.socket: Job sssd-sudo.socket/start failed with result 'dependency'.
May 05 12:36:34 ubuntu systemd[1]: Starting User Login Management...
May 05 12:36:34 ubuntu systemd[1]: Condition check resulted in Ubuntu Pro reboot cmds being skipped.
May 05 12:36:34 ubuntu systemd[1]: Starting WPA supplicant...
May 05 12:36:34 ubuntu NetworkManager[761]: <info>  [1778009794.6460] NetworkManager (version 1.36.6) is starting... (for the first time)
May 05 12:36:34 ubuntu NetworkManager[761]: <info>  [1778009794.6463] Read config: /etc/NetworkManager/NetworkManager.conf (lib: 10-default-firewall-use-iptables.conf, 10-dns-resolved.conf, 20-connectivity-ubuntu.conf, no-mac-addr-change.conf) (etc: 10-globally-managed-devices.conf, default-wifi-powersave-on.conf)
May 05 12:36:34 ubuntu systemd[1]: anacron.service: Deactivated successfully.
May 05 12:36:34 ubuntu kernel: using random self ethernet address
May 05 12:36:34 ubuntu kernel: using random host ethernet address
May 05 12:36:34 ubuntu systemd[1]: e2scrub_reap.service: Deactivated successfully.
May 05 12:36:34 ubuntu systemd[1]: Finished Remove Stale Online ext4 Metadata Check Snapshots.
May 05 12:36:34 ubuntu NetworkManager[761]: <info>  [1778009794.6513] bus-manager: acquired D-Bus service "org.freedesktop.NetworkManager"
May 05 12:36:34 ubuntu systemd[1]: l4t-rootfs-validation-config.service: Deactivated successfully.
May 05 12:36:34 ubuntu NetworkManager[761]: <info>  [1778009794.6603] manager[0xaaaae509a000]: monitoring kernel firmware directory '/lib/firmware'.
May 05 12:36:34 ubuntu NetworkManager[761]: <info>  [1778009794.6603] monitoring ifupdown state file '/run/network/ifstate'.
May 05 12:36:34 ubuntu systemd[1]: Started LSB: BSD lpr/lpd line printer spooling system.
May 05 12:36:34 ubuntu systemd[1]: nvfb-early.service: Deactivated successfully.
May 05 12:36:34 ubuntu systemd[1]: Finished NVIDIA specific early first-boot script.
May 05 12:36:34 ubuntu dbus-daemon[760]: [system] Activating systemd to hand-off: service name='org.freedesktop.hostname1' unit='dbus-org.freedesktop.hostname1.service' requested by ':1.2' (uid=0 pid=761 comm="/usr/sbin/NetworkManager --no-daemon " label="kernel")
May 05 12:36:34 ubuntu systemd[1]: nvweston.service: Deactivated successfully.
May 05 12:36:34 ubuntu bluetoothd[759]: Bluetooth daemon 5.64
May 05 12:36:34 ubuntu bluetoothd[759]: src/main.c:parse_config() parsing /etc/bluetooth/main.conf
May 05 12:36:34 ubuntu bluetoothd[759]: src/main.c:parse_config() Key file does not have key “DiscoverableTimeout” in group “General”
May 05 12:36:34 ubuntu bluetoothd[759]: src/main.c:parse_config() Key file does not have key “AlwaysPairable” in group “General”
May 05 12:36:34 ubuntu bluetoothd[759]: src/main.c:parse_config() Key file does not have key “PairableTimeout” in group “General”
May 05 12:36:34 ubuntu bluetoothd[759]: src/main.c:parse_config() Key file does not have key “Privacy” in group “General”
May 05 12:36:34 ubuntu bluetoothd[759]: src/main.c:parse_config() Key file does not have key “JustWorksRepairing” in group “General”
May 05 12:36:34 ubuntu bluetoothd[759]: src/main.c:parse_config() Key file does not have key “TemporaryTimeout” in group “General”
May 05 12:36:34 ubuntu bluetoothd[759]: src/main.c:parse_config() Key file does not have key “Name” in group “General”
May 05 12:36:34 ubuntu bluetoothd[759]: src/main.c:parse_config() Key file does not have key “Class” in group “General”
May 05 12:36:34 ubuntu bluetoothd[759]: src/main.c:parse_config() Key file does not have key “DeviceID” in group “General”
May 05 12:36:34 ubuntu bluetoothd[759]: src/main.c:parse_config() Key file does not have key “ReverseServiceDiscovery” in group “General”
May 05 12:36:34 ubuntu bluetoothd[759]: src/main.c:parse_config() Key file does not have key “RemoteNameRequestRetryDelay” in group “General”
May 05 12:36:34 ubuntu bluetoothd[759]: src/main.c:parse_config() Key file does not have group “GATT”
May 05 12:36:34 ubuntu bluetoothd[759]: src/main.c:parse_config() Key file does not have group “GATT”
May 05 12:36:34 ubuntu bluetoothd[759]: src/main.c:parse_config() Key file does not have group “GATT”
May 05 12:36:34 ubuntu bluetoothd[759]: src/main.c:parse_config() Key file does not have group “GATT”
May 05 12:36:34 ubuntu bluetoothd[759]: src/main.c:parse_config() Key file does not have group “AVDTP”
May 05 12:36:34 ubuntu bluetoothd[759]: src/main.c:parse_config() Key file does not have group “AVDTP”
May 05 12:36:34 ubuntu bluetoothd[759]: src/main.c:parse_config() Key file does not have group “AdvMon”
May 05 12:36:34 ubuntu bluetoothd[759]: src/main.c:parse_mode_config() Key file does not have group “BR”
May 05 12:36:34 ubuntu bluetoothd[759]: src/main.c:parse_mode_config() Key file does not have group “BR”
May 05 12:36:34 ubuntu bluetoothd[759]: src/main.c:parse_mode_config() Key file does not have group “BR”
May 05 12:36:34 ubuntu bluetoothd[759]: src/main.c:parse_mode_config() Key file does not have group “BR”
May 05 12:36:34 ubuntu bluetoothd[759]: src/main.c:parse_mode_config() Key file does not have group “BR”
May 05 12:36:34 ubuntu bluetoothd[759]: src/main.c:parse_mode_config() Key file does not have group “BR”
May 05 12:36:34 ubuntu bluetoothd[759]: src/main.c:parse_mode_config() Key file does not have group “BR”
May 05 12:36:34 ubuntu bluetoothd[759]: src/main.c:parse_mode_config() Key file does not have group “BR”
May 05 12:36:34 ubuntu bluetoothd[759]: src/main.c:parse_mode_config() Key file does not have group “BR”
May 05 12:36:34 ubuntu bluetoothd[759]: src/main.c:parse_mode_config() Key file does not have group “BR”
May 05 12:36:34 ubuntu bluetoothd[759]: src/main.c:parse_mode_config() Key file does not have group “LE”
May 05 12:36:34 ubuntu bluetoothd[759]: src/main.c:parse_mode_config() Key file does not have group “LE”
May 05 12:36:34 ubuntu bluetoothd[759]: src/main.c:parse_mode_config() Key file does not have group “LE”
May 05 12:36:34 ubuntu bluetoothd[759]: src/main.c:parse_mode_config() Key file does not have group “LE”
May 05 12:36:34 ubuntu bluetoothd[759]: src/main.c:parse_mode_config() Key file does not have group “LE”
May 05 12:36:34 ubuntu bluetoothd[759]: src/main.c:parse_mode_config() Key file does not have group “LE”
May 05 12:36:34 ubuntu bluetoothd[759]: src/main.c:parse_mode_config() Key file does not have group “LE”
May 05 12:36:34 ubuntu bluetoothd[759]: src/main.c:parse_mode_config() Key file does not have group “LE”
May 05 12:36:34 ubuntu bluetoothd[759]: src/main.c:parse_mode_config() Key file does not have group “LE”
May 05 12:36:34 ubuntu bluetoothd[759]: src/main.c:parse_mode_config() Key file does not have group “LE”
May 05 12:36:34 ubuntu bluetoothd[759]: src/main.c:parse_mode_config() Key file does not have group “LE”
May 05 12:36:34 ubuntu bluetoothd[759]: src/main.c:parse_mode_config() Key file does not have group “LE”
May 05 12:36:34 ubuntu bluetoothd[759]: src/main.c:parse_mode_config() Key file does not have group “LE”
May 05 12:36:34 ubuntu bluetoothd[759]: src/main.c:parse_mode_config() Key file does not have group “LE”
May 05 12:36:34 ubuntu bluetoothd[759]: src/main.c:parse_mode_config() Key file does not have group “LE”
May 05 12:36:34 ubuntu bluetoothd[759]: src/main.c:parse_mode_config() Key file does not have group “LE”
May 05 12:36:34 ubuntu bluetoothd[759]: src/main.c:parse_mode_config() Key file does not have group “LE”
May 05 12:36:34 ubuntu bluetoothd[759]: src/main.c:parse_mode_config() Key file does not have group “LE”
May 05 12:36:34 ubuntu bluetoothd[759]: src/main.c:parse_mode_config() Key file does not have group “LE”
May 05 12:36:34 ubuntu bluetoothd[759]: src/main.c:parse_mode_config() Key file does not have group “LE”
May 05 12:36:34 ubuntu bluetoothd[759]: src/main.c:parse_mode_config() Key file does not have group “LE”
May 05 12:36:34 ubuntu rsyslogd[784]: imuxsock: Acquired UNIX socket '/run/systemd/journal/syslog' (fd 3) from systemd.  [v8.2112.0]
May 05 12:36:34 ubuntu rsyslogd[784]: rsyslogd's groupid changed to 114
May 05 12:36:34 ubuntu rsyslogd[784]: rsyslogd's userid changed to 107
May 05 12:36:34 ubuntu rsyslogd[784]: [origin software="rsyslogd" swVersion="8.2112.0" x-pid="784" x-info="https://www.rsyslog.com"] start
May 05 12:36:34 ubuntu dbus-daemon[760]: [system] Successfully activated service 'org.freedesktop.systemd1'
May 05 12:36:34 ubuntu systemd[1]: Started System Logging Service.
May 05 12:36:34 ubuntu bluetoothd[759]: src/adapter.c:adapter_init() sending read version command
May 05 12:36:34 ubuntu systemd[1]: Started Network Manager.
May 05 12:36:34 ubuntu bluetoothd[759]: Starting SDP server
May 05 12:36:34 ubuntu bluetoothd[759]: src/sdpd-service.c:register_device_id() Adding device id record for 0002:1d6b:0246:0540
May 05 12:36:34 ubuntu bluetoothd[759]: src/plugin.c:plugin_init() Loading builtin plugins
May 05 12:36:34 ubuntu bluetoothd[759]: src/plugin.c:add_plugin() Loading hostname plugin
May 05 12:36:34 ubuntu bluetoothd[759]: src/plugin.c:add_plugin() Loading wiimote plugin
May 05 12:36:34 ubuntu bluetoothd[759]: src/plugin.c:add_plugin() Loading autopair plugin
May 05 12:36:34 ubuntu bluetoothd[759]: src/plugin.c:add_plugin() Loading policy plugin
May 05 12:36:34 ubuntu bluetoothd[759]: Excluding (cli) a2dp
May 05 12:36:34 ubuntu bluetoothd[759]: Excluding (cli) avrcp
May 05 12:36:34 ubuntu bluetoothd[759]: src/plugin.c:add_plugin() Loading network plugin
May 05 12:36:34 ubuntu bluetoothd[759]: src/plugin.c:add_plugin() Loading input plugin
May 05 12:36:34 ubuntu bluetoothd[759]: src/plugin.c:add_plugin() Loading hog plugin
May 05 12:36:34 ubuntu bluetoothd[759]: src/plugin.c:add_plugin() Loading gap plugin
May 05 12:36:34 ubuntu bluetoothd[759]: src/plugin.c:add_plugin() Loading scanparam plugin
May 05 12:36:34 ubuntu bluetoothd[759]: src/plugin.c:add_plugin() Loading deviceinfo plugin
May 05 12:36:34 ubuntu bluetoothd[759]: src/plugin.c:add_plugin() Loading battery plugin
May 05 12:36:34 ubuntu bluetoothd[759]: src/plugin.c:plugin_init() Loading plugins /usr/lib/aarch64-linux-gnu/bluetooth/plugins
May 05 12:36:34 ubuntu avahi-daemon[758]: Successfully dropped root privileges.
May 05 12:36:34 ubuntu avahi-daemon[758]: avahi-daemon 0.8 starting up.
May 05 12:36:34 ubuntu bluetoothd[759]: src/plugin.c:add_plugin() Loading sixaxis plugin
May 05 12:36:34 ubuntu bluetoothd[759]: profiles/input/suspend-none.c:suspend_init()
May 05 12:36:34 ubuntu bluetoothd[759]: profiles/network/manager.c:read_config() /etc/bluetooth/network.conf: Key file does not have key “DisableSecurity” in group “General”
May 05 12:36:34 ubuntu bluetoothd[759]: profiles/network/manager.c:read_config() Config options: Security=true
May 05 12:36:34 ubuntu avahi-daemon[758]: Successfully called chroot().
May 05 12:36:34 ubuntu avahi-daemon[758]: Successfully dropped remaining capabilities.
May 05 12:36:34 ubuntu systemd[1]: resolvconf-pull-resolved.service: Deactivated successfully.
May 05 12:36:34 ubuntu avahi-daemon[758]: No service file found in /etc/avahi/services.
May 05 12:36:34 ubuntu systemd[1]: Finished resolvconf-pull-resolved.service.
May 05 12:36:34 ubuntu avahi-daemon[758]: Joining mDNS multicast group on interface lo.IPv6 with address ::1.
May 05 12:36:34 ubuntu wpa_supplicant[817]: Successfully initialized wpa_supplicant
May 05 12:36:34 ubuntu avahi-daemon[758]: New relevant interface lo.IPv6 for mDNS.
May 05 12:36:34 ubuntu systemd[1]: Found device /dev/ttyGS0.
May 05 12:36:34 ubuntu avahi-daemon[758]: Joining mDNS multicast group on interface lo.IPv4 with address 127.0.0.1.
May 05 12:36:34 ubuntu avahi-daemon[758]: New relevant interface lo.IPv4 for mDNS.
May 05 12:36:34 ubuntu avahi-daemon[758]: Network interface enumeration completed.
May 05 12:36:34 ubuntu avahi-daemon[758]: Registering new address record for ::1 on lo.*.
May 05 12:36:34 ubuntu avahi-daemon[758]: Registering new address record for 127.0.0.1 on lo.IPv4.
May 05 12:36:34 ubuntu alsactl[825]: alsa-lib main.c:1412:(snd_use_case_mgr_open) error: failed to import hw:0 use case configuration -2
May 05 12:36:34 ubuntu systemd[1]: Started LSB: Execute the kexec -e command to reboot system.
May 05 12:36:34 ubuntu systemd[1]: Started Bluetooth service.
May 05 12:36:34 ubuntu alsactl[825]: alsa-lib main.c:1412:(snd_use_case_mgr_open) error: failed to import hw:1 use case configuration -2
May 05 12:36:34 ubuntu systemd[1]: Started Avahi mDNS/DNS-SD Stack.
May 05 12:36:34 ubuntu systemd[1]: Started WPA supplicant.
May 05 12:36:34 ubuntu systemd[1]: Reached target Bluetooth Support.
May 05 12:36:34 ubuntu kernel: Bluetooth: BNEP (Ethernet Emulation) ver 1.3
May 05 12:36:34 ubuntu kernel: Bluetooth: BNEP filters: protocol multicast
May 05 12:36:34 ubuntu kernel: Bluetooth: BNEP socket layer initialized
May 05 12:36:34 ubuntu bluetoothd[759]: plugins/sixaxis.c:sixaxis_init()
May 05 12:36:34 ubuntu bluetoothd[759]: src/main.c:main() Entering main loop
May 05 12:36:34 ubuntu bluetoothd[759]: src/rfkill.c:rfkill_event() RFKILL event idx 0 type 1 op 0 soft 0 hard 0
May 05 12:36:34 ubuntu bluetoothd[759]: Bluetooth management interface 1.21 initialized
May 05 12:36:34 ubuntu bluetoothd[759]: src/adapter.c:read_version_complete() sending read supported commands command
May 05 12:36:34 ubuntu bluetoothd[759]: src/adapter.c:read_version_complete() sending read index list command
May 05 12:36:34 ubuntu bluetoothd[759]: src/rfkill.c:rfkill_event() RFKILL event idx 1 type 2 op 0 soft 0 hard 0
May 05 12:36:34 ubuntu bluetoothd[759]: src/adapter.c:read_commands_complete() Number of commands: 84
May 05 12:36:34 ubuntu bluetoothd[759]: src/adapter.c:read_commands_complete() Number of events: 42
May 05 12:36:34 ubuntu bluetoothd[759]: src/adapter.c:read_commands_complete() enabling kernel-side connection control
May 05 12:36:34 ubuntu bluetoothd[759]: src/adapter.c:read_commands_complete() kernel supports the set_blocked_keys op
May 05 12:36:34 ubuntu bluetoothd[759]: src/adapter.c:read_commands_complete() kernel supports controller cap command
May 05 12:36:34 ubuntu bluetoothd[759]: src/adapter.c:read_commands_complete() kernel supports exp features
May 05 12:36:34 ubuntu bluetoothd[759]: src/adapter.c:read_commands_complete() kernel supports set system confic
May 05 12:36:34 ubuntu bluetoothd[759]: src/adapter.c:read_commands_complete() kernel supports ext adv commands
May 05 12:36:34 ubuntu bluetoothd[759]: src/adapter.c:read_commands_complete() kernel supports suspend/resume events
May 05 12:36:34 ubuntu bluetoothd[759]: src/adapter.c:read_index_list_complete() Number of controllers: 1
May 05 12:36:34 ubuntu bluetoothd[759]: src/adapter.c:read_index_list_complete() Found index 0
May 05 12:36:34 ubuntu bluetoothd[759]: src/adapter.c:index_added() index 0
May 05 12:36:34 ubuntu bluetoothd[759]: src/adapter.c:reset_adv_monitors() sending remove Adv Monitor command with handle 0
May 05 12:36:34 ubuntu bluetoothd[759]: src/adapter.c:btd_adapter_new() System name: BlueZ 5.64
May 05 12:36:34 ubuntu bluetoothd[759]: src/adapter.c:btd_adapter_new() Major class: 0
May 05 12:36:34 ubuntu bluetoothd[759]: src/adapter.c:btd_adapter_new() Minor class: 0
May 05 12:36:34 ubuntu bluetoothd[759]: src/adapter.c:btd_adapter_new() Modalias: usb:v1D6Bp0246d0540
May 05 12:36:34 ubuntu bluetoothd[759]: src/adapter.c:btd_adapter_new() Discoverable timeout: 180 seconds
May 05 12:36:34 ubuntu bluetoothd[759]: src/adapter.c:btd_adapter_new() Pairable timeout: 0 seconds
May 05 12:36:34 ubuntu bluetoothd[759]: src/adapter.c:index_added() sending read info command for index 0
May 05 12:36:34 ubuntu bluetoothd[759]: src/adapter.c:reset_adv_monitors_complete() Removed all Adv Monitors
May 05 12:36:34 ubuntu bluetoothd[759]: src/adapter.c:read_exp_features_complete() index 0 status 0x00
May 05 12:36:34 ubuntu bluetoothd[759]: src/adapter.c:read_exp_features_complete() 671b10b5-42c0-4696-9227-eb28d1b049d6 flags 0 action 0
May 05 12:36:34 ubuntu bluetoothd[759]: src/adapter.c:read_info_complete() index 0 status 0x00
May 05 12:36:34 ubuntu bluetoothd[759]: src/adapter.c:clear_uuids() sending clear uuids command for index 0
May 05 12:36:34 ubuntu bluetoothd[759]: src/adapter.c:clear_devices() sending clear devices command for index 0
May 05 12:36:34 ubuntu bluetoothd[759]: src/adapter.c:set_mode() sending set mode command for index 0
May 05 12:36:34 ubuntu bluetoothd[759]: src/adapter.c:set_mode() sending set mode command for index 0
May 05 12:36:34 ubuntu bluetoothd[759]: src/adapter.c:set_mode() sending set mode command for index 0
May 05 12:36:34 ubuntu bluetoothd[759]: src/adapter.c:set_privacy() sending set privacy command for index 0
May 05 12:36:34 ubuntu bluetoothd[759]: src/adapter.c:set_privacy() setting privacy mode 0x00 for index 0
May 05 12:36:34 ubuntu systemd[1]: Starting Hostname Service...
May 05 12:36:34 ubuntu systemd[1]: Starting Tailscale node agent...
May 05 12:36:34 ubuntu kernel: NET: Registered PF_ALG protocol family
May 05 12:36:34 ubuntu kernel: loop13: detected capacity change from 0 to 32768
May 05 12:36:34 ubuntu nvpower.sh[892]: /etc/systemd/nvpower.sh: line 607: /sys/class/hwmon/hwmon2/in1_label: No such file or directory
May 05 12:36:34 ubuntu bluetoothd[759]: src/gatt-database.c:btd_gatt_database_new() GATT Manager registered for adapter: /org/bluez/hci0
May 05 12:36:34 ubuntu bluetoothd[759]: src/adapter.c:adapter_service_add() /org/bluez/hci0
May 05 12:36:34 ubuntu bluetoothd[759]: src/sdpd-service.c:add_record_to_server() Adding record with handle 0x10001
May 05 12:36:34 ubuntu bluetoothd[759]: src/sdpd-service.c:add_record_to_server() Record pattern UUID 00000007-0000-1000-8000-00805f9
May 05 12:36:34 ubuntu bluetoothd[759]: src/sdpd-service.c:add_record_to_server() Record pattern UUID 00000100-0000-1000-8000-00805f9
May 05 12:36:34 ubuntu bluetoothd[759]: src/sdpd-service.c:add_record_to_server() Record pattern UUID 00001002-0000-1000-8000-00805f9
May 05 12:36:34 ubuntu bluetoothd[759]: src/sdpd-service.c:add_record_to_server() Record pattern UUID 00001800-0000-1000-8000-00805f9
May 05 12:36:34 ubuntu bluetoothd[759]: src/adapter.c:adapter_service_insert() /org/bluez/hci0
May 05 12:36:34 ubuntu bluetoothd[759]: src/adapter.c:add_uuid() sending add uuid command for index 0
May 05 12:36:34 ubuntu bluetoothd[759]: src/adapter.c:adapter_service_add() /org/bluez/hci0
May 05 12:36:34 ubuntu bluetoothd[759]: src/sdpd-service.c:add_record_to_server() Adding record with handle 0x10002
May 05 12:36:34 ubuntu bluetoothd[759]: src/sdpd-service.c:add_record_to_server() Record pattern UUID 00000007-0000-1000-8000-00805f9
May 05 12:36:34 ubuntu bluetoothd[759]: src/sdpd-service.c:add_record_to_server() Record pattern UUID 00000100-0000-1000-8000-00805f9
May 05 12:36:34 ubuntu bluetoothd[759]: src/sdpd-service.c:add_record_to_server() Record pattern UUID 00001002-0000-1000-8000-00805f9
May 05 12:36:34 ubuntu bluetoothd[759]: src/sdpd-service.c:add_record_to_server() Record pattern UUID 00001801-0000-1000-8000-00805f9
May 05 12:36:34 ubuntu bluetoothd[759]: src/adapter.c:adapter_service_insert() /org/bluez/hci0
May 05 12:36:34 ubuntu bluetoothd[759]: src/adapter.c:add_uuid() sending add uuid command for index 0
May 05 12:36:34 ubuntu bluetoothd[759]: src/adapter.c:adapter_service_add() /org/bluez/hci0
May 05 12:36:34 ubuntu bluetoothd[759]: src/sdpd-service.c:add_record_to_server() Adding record with handle 0x10003
May 05 12:36:34 ubuntu bluetoothd[759]: src/sdpd-service.c:add_record_to_server() Record pattern UUID 00000007-0000-1000-8000-00805f9
May 05 12:36:34 ubuntu bluetoothd[759]: src/sdpd-service.c:add_record_to_server() Record pattern UUID 00000100-0000-1000-8000-00805f9
May 05 12:36:34 ubuntu bluetoothd[759]: src/sdpd-service.c:add_record_to_server() Record pattern UUID 00001002-0000-1000-8000-00805f9
May 05 12:36:34 ubuntu bluetoothd[759]: src/sdpd-service.c:add_record_to_server() Record pattern UUID 0000180a-0000-1000-8000-00805f9
May 05 12:36:34 ubuntu bluetoothd[759]: src/adapter.c:adapter_service_insert() /org/bluez/hci0
May 05 12:36:34 ubuntu bluetoothd[759]: src/adapter.c:add_uuid() sending add uuid command for index 0
May 05 12:36:34 ubuntu bluetoothd[759]: src/advertising.c:btd_adv_manager_new() LE Advertising Manager created for adapter: /org/bluez/hci0
May 05 12:36:34 ubuntu bluetoothd[759]: plugins/policy.c:policy_adapter_probe()
May 05 12:36:34 ubuntu bluetoothd[759]: src/adapter.c:set_mode() sending set mode command for index 0
May 05 12:36:34 ubuntu bluetoothd[759]: plugins/hostname.c:hostname_probe()
May 05 12:36:34 ubuntu bluetoothd[759]: profiles/network/manager.c:panu_server_probe() path /org/bluez/hci0
May 05 12:36:34 ubuntu bluetoothd[759]: profiles/network/server.c:server_register() Registered interface org.bluez.NetworkServer1 on path /org/bluez/hci0
May 05 12:36:34 ubuntu bluetoothd[759]: profiles/network/manager.c:gn_server_probe() path /org/bluez/hci0
May 05 12:36:34 ubuntu bluetoothd[759]: profiles/network/manager.c:nap_server_probe() path /org/bluez/hci0
May 05 12:36:34 ubuntu bluetoothd[759]: src/adapter.c:btd_adapter_unblock_address() hci0 00:00:00:00:00:00
May 05 12:36:34 ubuntu bluetoothd[759]: src/adapter.c:load_link_keys() hci0 keys 0 debug_keys 0
May 05 12:36:34 ubuntu bluetoothd[759]: src/adapter.c:load_ltks() hci0 keys 0
May 05 12:36:34 ubuntu bluetoothd[759]: src/adapter.c:load_irks() hci0 irks 0
May 05 12:36:34 ubuntu bluetoothd[759]: src/adapter.c:load_conn_params() hci0 conn params 0
May 05 12:36:34 ubuntu bluetoothd[759]: src/adapter.c:adapter_service_insert() /org/bluez/hci0
May 05 12:36:34 ubuntu bluetoothd[759]: src/adapter.c:add_uuid() sending add uuid command for index 0
May 05 12:36:34 ubuntu bluetoothd[759]: src/adapter.c:set_did() hci0 source 2 vendor 1d6b product 246 version 540
May 05 12:36:34 ubuntu bluetoothd[759]: src/adapter.c:adapter_register() Adapter /org/bluez/hci0 registered
May 05 12:36:34 ubuntu bluetoothd[759]: src/adapter.c:set_dev_class() sending set device class command for index 0
May 05 12:36:34 ubuntu bluetoothd[759]: src/adapter.c:set_name() sending set local name command for index 0
May 05 12:36:34 ubuntu bluetoothd[759]: src/adapter.c:new_settings_callback() Settings: 0x000000c0
May 05 12:36:34 ubuntu bluetoothd[759]: src/adapter.c:settings_changed() Changed settings: 0x00000040
May 05 12:36:34 ubuntu bluetoothd[759]: src/adapter.c:settings_changed() Pending settings: 0x00000001
May 05 12:36:34 ubuntu bluetoothd[759]: src/adapter.c:new_settings_callback() Settings: 0x000002c0
May 05 12:36:34 ubuntu bluetoothd[759]: src/adapter.c:settings_changed() Changed settings: 0x00000200
May 05 12:36:34 ubuntu bluetoothd[759]: src/adapter.c:settings_changed() Pending settings: 0x00000001
May 05 12:36:34 ubuntu bluetoothd[759]: src/adapter.c:new_settings_callback() Settings: 0x00000ac0
May 05 12:36:34 ubuntu bluetoothd[759]: src/adapter.c:settings_changed() Changed settings: 0x00000800
May 05 12:36:34 ubuntu bluetoothd[759]: src/adapter.c:settings_changed() Pending settings: 0x00000001
May 05 12:36:34 ubuntu bluetoothd[759]: src/adapter.c:set_privacy_complete() Successfuly set privacy for index 0
May 05 12:36:34 ubuntu systemd-logind[813]: New seat seat0.
May 05 12:36:34 ubuntu systemd-logind[813]: Watching system buttons on /dev/input/event6 (Logitech USB Receiver)
May 05 12:36:34 ubuntu systemd-logind[813]: Watching system buttons on /dev/input/event8 (Logitech USB Receiver Consumer Control)
May 05 12:36:34 ubuntu systemd-logind[813]: Watching system buttons on /dev/input/event9 (Logitech USB Receiver System Control)
May 05 12:36:34 ubuntu systemd-logind[813]: Watching system buttons on /dev/input/event0 (gpio-keys)
May 05 12:36:34 ubuntu systemd[1]: Started User Login Management.
May 05 12:36:34 ubuntu bluetoothd[759]: src/adapter.c:new_settings_callback() Settings: 0x00000ac1
May 05 12:36:34 ubuntu bluetoothd[759]: src/adapter.c:settings_changed() Changed settings: 0x00000001
May 05 12:36:34 ubuntu bluetoothd[759]: src/adapter.c:settings_changed() Pending settings: 0x00000000
May 05 12:36:34 ubuntu bluetoothd[759]: src/adapter.c:adapter_start() adapter /org/bluez/hci0 has been enabled
May 05 12:36:34 ubuntu bluetoothd[759]: src/adapter.c:trigger_passive_scanning()
May 05 12:36:34 ubuntu bluetoothd[759]: src/adapter.c:load_link_keys_complete() link keys loaded for hci0
May 05 12:36:34 ubuntu bluetoothd[759]: src/adapter.c:load_ltks_complete() LTKs loaded for hci0
May 05 12:36:34 ubuntu bluetoothd[759]: src/adapter.c:load_irks_complete() IRKs loaded for hci0
May 05 12:36:34 ubuntu bluetoothd[759]: src/adapter.c:load_conn_params_complete() Connection Parameters loaded for hci0
May 05 12:36:34 ubuntu systemd[1]: nvpower.service: Deactivated successfully.
May 05 12:36:34 ubuntu systemd[1]: Finished NVIDIA specific power script.
May 05 12:36:34 ubuntu systemd[1]: Started nvfancontrol service.
May 05 12:36:34 ubuntu tailscaled[888]: TPM: successfully read all properties
May 05 12:36:34 ubuntu systemd[1]: Starting NVIDIA specific first-boot script...
May 05 12:36:34 ubuntu bluetoothd[759]: src/adapter.c:local_name_changed_callback() Name: BlueZ 5.64
May 05 12:36:34 ubuntu bluetoothd[759]: src/adapter.c:local_name_changed_callback() Short name:
May 05 12:36:34 ubuntu bluetoothd[759]: src/adapter.c:local_name_changed_callback() Current alias: BlueZ 5.64
May 05 12:36:34 ubuntu bluetoothd[759]: src/adapter.c:set_blocked_keys_complete() Successfully set blocked keys for index 0
May 05 12:36:34 ubuntu systemd[1]: nvfb.service: Deactivated successfully.
May 05 12:36:34 ubuntu systemd[1]: Finished NVIDIA specific first-boot script.
May 05 12:36:34 ubuntu systemd[1]: Starting NVIDIA specific script...
May 05 12:36:34 ubuntu systemd[1]: Starting NvSciIpc initialization...
May 05 12:36:34 ubuntu root[927]: nv_nvsciipc_init.sh: found /dev/nvsciipc
May 05 12:36:34 ubuntu nv_nvsciipc_init.sh[922]: found /dev/nvsciipc
May 05 12:36:34 ubuntu nvsciipc_init[930]: Module_id 7 Severity 6 : main: started initialization
May 05 12:36:34 ubuntu nvsciipc_init[930]: Module_id 7 Severity 6 : init_os_populate_endpoint_db: endpoint entry count 74
May 05 12:36:34 ubuntu nv.sh[931]: kernel.unprivileged_bpf_disabled = 1
May 05 12:36:34 ubuntu nvsciipc_init[930]: Module_id 7 Severity 6 : main: completed initialization
May 05 12:36:34 ubuntu kernel: nvsciipc: set_db start
May 05 12:36:34 ubuntu kernel: nvsciipc: set_db done
May 05 12:36:34 ubuntu systemd[1]: nv_nvsciipc_init.service: Deactivated successfully.
May 05 12:36:34 ubuntu systemd[1]: Finished NvSciIpc initialization.
May 05 12:36:34 ubuntu tailscaled[888]: logtail started
May 05 12:36:34 ubuntu tailscaled[888]: Program starting: v1.96.4-t8cf541dfd-g62bc84ce7, Go 1.26.1: []string{"/usr/sbin/tailscaled", "--state=/var/lib/tailscale/tailscaled.state", "--socket=/run/tailscale/tailscaled.sock", "--port=41641"}
May 05 12:36:34 ubuntu tailscaled[888]: LogID: 139db83bfd772ae47e515f40dc09abd8bd00123393de9ba40f99148d4f8197a9
May 05 12:36:34 ubuntu tailscaled[888]: logpolicy: using $STATE_DIRECTORY, "/var/lib/tailscale"
May 05 12:36:34 ubuntu tailscaled[888]: RAW-STDERR: ***
May 05 12:36:34 ubuntu tailscaled[888]: RAW-STDERR: *** Lines prefixed with RAW-STDERR below bypassed logtail and probably come from a previous run of the program
May 05 12:36:34 ubuntu tailscaled[888]: RAW-STDERR: ***
May 05 12:36:34 ubuntu tailscaled[888]: RAW-STDERR:
May 05 12:36:34 ubuntu tailscaled[888]: RAW-STDERR: [{"logtail":{"client_time":"2026-05-05T19:13:33.36747196Z","proc_id":1828866248,"proc_seq":60},"text":"logtail: dial \"log.tailscale.com:443\" failed: dial tcp: lookup log.tailscale.com on 127.0.0.53:53: server misbehaving (in 4ms), trying bootstrap...\n"}
May 05 12:36:34 ubuntu tailscaled[888]: ,{"logtail":{"client_time":"2026-05-05T19:13:33.369477272Z","proc_id":1828866248,"proc_seq":61},"text":"trying bootstrapDNS(\"derp27d.tailscale.com\", \"178.156.152.106\") for \"log.tailscale.com\" ...\n"}
May 05 12:36:34 ubuntu tailscaled[888]: ,{"logtail":{"client_time":"2026-05-05T19:13:33.369787064Z","proc_id":1828866248,"proc_seq":62},"text":"bootstrapDNS(\"derp27d.tailscale.com\", \"178.156.152.106\") for \"log.tailscale.com\" error: Get \"https://derp27d.tailscale.com/bootstrap-dns?q=log.tailscale.com\": dial tcp 178.156.152.106:443: connect: network is unreachable\n"}
May 05 12:36:34 ubuntu tailscaled[888]: ,{"logtail":{"client_time":"2026-05-05T19:13:33.369830616Z","proc_id":1828866248,"proc_seq":63},"text":"trying bootstrapDNS(\"derp8b.tailscale.com\", \"2a03:b0c0:1:d0::ec1:e001\") for \"log.tailscale.com\" ...\n"}
May 05 12:36:34 ubuntu tailscaled[888]: ,{"logtail":{"client_time":"2026-05-05T19:13:33.37002188Z","proc_id":1828866248,"proc_seq":64},"text":"bootstrapDNS(\"derp8b.tailscale.com\", \"2a03:b0c0:1:d0::ec1:e001\") for \"log.tailscale.com\" error: Get \"https://derp8b.tailscale.com/bootstrap-dns?q=log.tailscale.com\": dial tcp [2a03:b0c0:1:d0::ec1:e001]:443: connect: network is unreachable\n"}
May 05 12:36:34 ubuntu tailscaled[888]: ,{"logtail":{"client_time":"2026-05-05T19:13:33.370043832Z","proc_id":1828866248,"proc_seq":65},"text":"trying bootstrapDNS(\"derp18c.tailscale.com\", \"176.58.90.207\") for \"log.tailscale.com\" ...\n"}
May 05 12:36:34 ubuntu tailscaled[888]: ,{"logtail":{"client_time":"2026-05-05T19:13:33.370196856Z","proc_id":1828866248,"proc_seq":66},"text":"bootstrapDNS(\"derp18c.tailscale.com\", \"176.58.90.207\") for \"log.tailscale.com\" error: Get \"https://derp18c.tailscale.com/bootstrap-dns?q=log.tailscale.com\": dial tcp 176.58.90.207:443: connect: network is unreachable\n"}
May 05 12:36:34 ubuntu tailscaled[888]: ,{"logtail":{"client_time":"2026-05-05T19:13:33.370216216Z","proc_id":1828866248,"proc_seq":67},"text":"trying bootstrapDNS(\"derp18b.tailscale.com\", \"2a00:dd80:3e::363\") for \"log.tailscale.com\" ...\n"}
May 05 12:36:34 ubuntu tailscaled[888]: ,{"logtail":{"client_time":"2026-05-05T19:13:33.370366776Z","proc_id":1828866248,"proc_seq":68},"text":"bootstrapDNS(\"derp18b.tailscale.com\", \"2a00:dd80:3e::363\") for \"log.tailscale.com\" error: Get \"https://derp18b.tailscale.com/bootstrap-dns?q=log.tailscale.com\": dial tcp [2a00:dd80:3e::363]:443: connect: network is unreachable\n"}
May 05 12:36:34 ubuntu tailscaled[888]: ,{"logtail":{"client_time":"2026-05-05T19:13:33.370385912Z","proc_id":1828866248,"proc_seq":69},"text":"trying bootstrapDNS(\"derp22c.tailscale.com\", \"45.159.98.253\") for \"log.tailscale.com\" ...\n"}
May 05 12:36:34 ubuntu tailscaled[888]: ,{"logtail":{"client_time":"2026-05-05T19:13:33.370530872Z","proc_id":1828866248,"proc_seq":70},"text":"bootstrapDNS(\"derp22c.tailscale.com\", \"45.159.98.253\") for \"log.tailscale.com\" error: Get \"https://derp22c.tailscale.com/bootstrap-dns?q=log.tailscale.com\": dial tcp 45.159.98.253:443: connect: network is unreachable\n"}
May 05 12:36:34 ubuntu tailscaled[888]: ,{"logtail":{"client_time":"2026-05-05T19:13:33.370550872Z","proc_id":1828866248,"proc_seq":71},"text":"trying bootstrapDNS(\"derp10d.tailscale.com\", \"2607:f740:14::500\") for \"log.tailscale.com\" ...\n"}
May 05 12:36:34 ubuntu tailscaled[888]: ,{"logtail":{"client_time":"2026-05-05T19:13:33.370687288Z","proc_id":1828866248,"proc_seq":72},"text":"bootstrapDNS(\"derp10d.tailscale.com\", \"2607:f740:14::500\") for \"log.tailscale.com\" error: Get \"https://derp10d.tailscale.com/bootstrap-dns?q=log.tailscale.com\": dial tcp [2607:f740:14::500]:443: connect: network is unreachable\n"}
May 05 12:36:34 ubuntu tailscaled[888]: ,{"logtail":{"client_time":"2026-05-05T19:13:33.371035736Z","proc_id":1828866248,"proc_seq":73},"text":"trying bootstrapDNS(\"derp4j.tailscale.com\", \"185.40.234.176\") for \"log.tailscale.com\" ...\n"}
May 05 12:36:34 ubuntu tailscaled[888]: ,{"logtail":{"client_time":"2026-05-05T19:13:33.371183384Z","proc_id":1828866248,"proc_seq":74},"text":"bootstrapDNS(\"derp4j.tailscale.com\", \"185.40.234.176\") for \"log.tailscale.com\" error: Get \"https://derp4j.tailscale.com/bootstrap-dns?q=log.tailscale.com\": dial tcp 185.40.234.176:443: connect: network is unreachable\n"}
May 05 12:36:34 ubuntu tailscaled[888]: ,{"logtail":{"client_time":"2026-05-05T19:13:33.371204504Z","proc_id":1828866248,"proc_seq":75},"text":"trying bootstrapDNS(\"derp22c.tailscale.com\", \"2a00:dd80:40:100::3f\") for \"log.tailscale.com\" ...\n"}
May 05 12:36:34 ubuntu tailscaled[888]: ,{"logtail":{"client_time":"2026-05-05T19:13:33.371374616Z","proc_id":1828866248,"proc_seq":76},"text":"bootstrapDNS(\"derp22c.tailscale.com\", \"2a00:dd80:40:100::3f\") for \"log.tailscale.com\" error: Get \"https://derp22c.tailscale.com/bootstrap-dns?q=log.tailscale.com\": dial tcp [2a00:dd80:40:100::3f]:443: connect: network is unreachable\n"}
May 05 12:36:34 ubuntu tailscaled[888]: ,{"logtail":{"client_time":"2026-05-05T19:13:33.371393624Z","proc_id":1828866248,"proc_seq":77},"text":"trying bootstrapDNS(\"derp18d.tailscale.com\", \"176.58.90.104\") for \"log.tailscale.com\" ...\n"}
May 05 12:36:34 ubuntu tailscaled[888]: ,{"logtail":{"client_time":"2026-05-05T19:13:33.371514616Z","proc_id":1828866248,"proc_seq":78},"text":"bootstrapDNS(\"derp18d.tailscale.com\", \"176.58.90.104\") for \"log.tailscale.com\" error: Get \"https://derp18d.tailscale.com/bootstrap-dns?q=log.tailscale.com\": dial tcp 176.58.90.104:443: connect: network is unreachable\n"}
May 05 12:36:34 ubuntu tailscaled[888]: ,{"logtail":{"client_time":"2026-05-05T19:13:33.371532024Z","proc_id":1828866248,"proc_seq":79},"text":"trying bootstrapDNS(\"derp1c.tailscale.com\", \"2604:a880:800:10::7a0:e001\") for \"log.tailscale.com\" ...\n"}
May 05 12:36:34 ubuntu tailscaled[888]: ,{"logtail":{"client_time":"2026-05-05T19:13:33.37165708Z","proc_id":1828866248,"proc_seq":80},"text":"bootstrapDNS(\"derp1c.tailscale.com\", \"2604:a880:800:10::7a0:e001\") for \"log.tailscale.com\" error: Get \"https://derp1c.tailscale.com/bootstrap-dns?q=log.tailscale.com\": dial tcp [2604:a880:800:10::7a0:e001]:443: connect: network is unreachable\n"}
May 05 12:36:34 ubuntu tailscaled[888]: ,{"logtail":{"client_time":"2026-05-05T19:13:33.371675128Z","proc_id":1828866248,"proc_seq":81},"text":"trying bootstrapDNS(\"derp6.tailscale.com\", \"68.183.90.120\") for \"log.tailscale.com\" ...\n"}
May 05 12:36:34 ubuntu tailscaled[888]: ,{"logtail":{"client_time":"2026-05-05T19:13:33.371794296Z","proc_id":1828866248,"proc_seq":82},"text":"bootstrapDNS(\"derp6.tailscale.com\", \"68.183.90.120\") for \"log.tailscale.com\" error: Get \"https://derp6.tailscale.com/bootstrap-dns?q=log.tailscale.com\": dial tcp 68.183.90.120:443: connect: network is unreachable\n"}
May 05 12:36:34 ubuntu tailscaled[888]: ,{"logtail":{"client_time":"2026-05-05T19:13:33.375107416Z","proc_id":1828866248,"proc_seq":83},"text":"trying bootstrapDNS(\"derp11.tailscale.com\", \"2600:1f1e:ee4:5611:ec5c:1736:d43b:a454\") for \"log.tailscale.com\" ...\n"}
May 05 12:36:34 ubuntu tailscaled[888]: ,{"logtail":{"client_time":"2026-05-05T19:13:33.375407352Z","proc_id":1828866248,"proc_seq":84},"text":"bootstrapDNS(\"derp11.tailscale.com\", \"2600:1f1e:ee4:5611:ec5c:1736:d43b:a454\") for \"log.tailscale.com\" error: Get \"https://derp11.tailscale.com/bootstrap-dns?q=log.tailscale.com\": dial tcp [2600:1f1e:ee4:5611:ec5c:1736:d43b:a454]:443: connect: network is unreachable\n"}
May 05 12:36:34 ubuntu tailscaled[888]: ,{"logtail":{"client_time":"2026-05-05T19:13:33.898374744Z","proc_id":1828866248,"proc_seq":85},"text":"monitor: RTM_NEWROUTE: src=172.17.0.1/0, dst=172.17.0.1/32, gw=, outif=10, table=255\n"}
May 05 12:36:34 ubuntu tailscaled[888]: ,{"logtail":{"client_time":"2026-05-05T19:13:33.932001336Z","proc_id":1828866248,"proc_seq":86},"text":"monitor: RTM_NEWROUTE: src=172.17.0.1/0, dst=172.17.255.255/32, gw=, outif=10, table=255\n"}
May 05 12:36:34 ubuntu tailscaled[888]: ,{"logtail":{"client_time":"2026-05-05T19:13:33.932077304Z","proc_id":1828866248,"proc_seq":87},"text":"monitor: RTM_NEWROUTE: src=172.17.0.1/0, dst=172.17.0.0/16, gw=, outif=10, table=254\n"}
May 05 12:36:34 ubuntu tailscaled[888]: ,{"logtail":{"client_time":"2026-05-05T19:13:34.149391224Z","proc_id":1828866248,"proc_seq":88},"text":"control: setPaused(false)\n"}
May 05 12:36:34 ubuntu tailscaled[888]: ,{"logtail":{"client_time":"2026-05-05T19:13:34.14946508Z","proc_id":1828866248,"proc_seq":89},"v":1,"text":"control: authRoutine: loggedIn=false; wantLoggedIn=true\n"}
May 05 12:36:34 ubuntu tailscaled[888]: ,{"logtail":{"client_time":"2026-05-05T19:13:34.149520184Z","proc_id":1828866248,"proc_seq":90},"v":1,"text":"LinkChange: minor\n"}
May 05 12:36:34 ubuntu tailscaled[888]: ,{"logtail":{"client_time":"2026-05-05T19:13:34.149566936Z","proc_id":1828866248,"proc_seq":91},"text":"magicsock: SetNetworkUp(true)\n"}
May 05 12:36:34 ubuntu tailscaled[888]: ,{"logtail":{"client_time":"2026-05-05T19:13:34.149589656Z","proc_id":1828866248,"proc_seq":92},"v":1,"text":"control: direct.TryLogin(flags=0)\n"}
May 05 12:36:34 ubuntu tailscaled[888]: ,{"logtail":{"client_time":"2026-05-05T19:13:34.149654584Z","proc_id":1828866248,"proc_seq":93},"text":"health(warnable=network-status): ok\n"}
May 05 12:36:34 ubuntu tailscaled[888]: ,{"logtail":{"client_time":"2026-05-05T19:13:34.149843736Z","proc_id":1828866248,"proc_seq":94},"text":"control: doLogin(regen=false, hasUrl=false)\n"}
May 05 12:36:34 ubuntu tailscaled[888]: ,{"logtail":{"client_time":"2026-05-05T19:13:34.149927192Z","proc_id":1828866248,"proc_seq":95},"v":1,"text":"control: mapRoutine: loggedIn=false\n"}
May 05 12:36:34 ubuntu tailscaled[888]: ,{"logtail":{"client_time":"2026-05-05T19:13:34.1511038Z","proc_id":1828866248,"proc_seq":96},"text":"control: trying bootstrapDNS(\"derp22d.tailscale.com\", \"45.159.98.145\") for \"controlplane.tailscale.com\" ...\n"}
May 05 12:36:34 ubuntu tailscaled[888]: ,{"logtail":{"client_time":"2026-05-05T19:13:34.151303832Z","proc_id":1828866248,"proc_seq":97},"text":"control: bootstrapDNS(\"derp22d.tailscale.com\", \"45.159.98.145\") for \"controlplane.tailscale.com\" error: Get \"https://derp22d.tailscale.com/bootstrap-dns?q=controlplane.tailscale.com\": dial tcp 45.159.98.145:443: connect: network is unreachable\n"}
May 05 12:36:34 ubuntu tailscaled[888]: ,{"logtail":{"client_time":"2026-05-05T19:13:34.15132812Z","proc_id":1828866248,"proc_seq":98},"text":"control: trying bootstrapDNS(\"derp18b.tailscale.com\", \"2a00:dd80:3e::363\") for \"controlplane.tailscale.com\" ...\n"}
May 05 12:36:34 ubuntu tailscaled[888]: ,{"logtail":{"client_time":"2026-05-05T19:13:34.151485016Z","proc_id":1828866248,"proc_seq":99},"text":"control: bootstrapDNS(\"derp18b.tailscale.com\", \"2a00:dd80:3e::363\") for \"controlplane.tailscale.com\" error: Get \"https://derp18b.tailscale.com/bootstrap-dns?q=controlplane.tailscale.com\": dial tcp [2a00:dd80:3e::363]:443: connect: network is unreachable\n"}
May 05 12:36:34 ubuntu tailscaled[888]: ,{"logtail":{"client_time":"2026-05-05T19:13:34.151506968Z","proc_id":1828866248,"proc_seq":100},"text":"control: trying bootstrapDNS(\"derp25c.tailscale.com\", \"102.67.167.37\") for \"controlplane.tailscale.com\" ...\n"}
May 05 12:36:34 ubuntu tailscaled[888]: ,{"logtail":{"client_time":"2026-05-05T19:13:34.151599192Z","proc_id":1828866248,"proc_seq":101},"text":"control: bootstrapDNS(\"derp25c.tailscale.com\", \"102.67.167.37\") for \"controlplane.tailscale.com\" error: Get \"https://derp25c.tailscale.com/bootstrap-dns?q=controlplane.tailscale.com\": dial tcp 102.67.167.37:443: connect: network is unreachable\n"}
May 05 12:36:34 ubuntu tailscaled[888]: ,{"logtail":{"client_time":"2026-05-05T19:13:34.151624088Z","proc_id":1828866248,"proc_seq":102},"text":"control: trying bootstrapDNS(\"derp9b.tailscale.com\", \"2001:19f0:6401:eb5:5400:3ff:fe8d:6d9b\") for \"controlplane.tailscale.com\" ...\n"}
May 05 12:36:34 ubuntu tailscaled[888]: ,{"logtail":{"client_time":"2026-05-05T19:13:34.151744824Z","proc_id":1828866248,"proc_seq":103},"text":"control: bootstrapDNS(\"derp9b.tailscale.com\", \"2001:19f0:6401:eb5:5400:3ff:fe8d:6d9b\") for \"controlplane.tailscale.com\" error: Get \"https://derp9b.tailscale.com/bootstrap-dns?q=controlplane.tailscale.com\": dial tcp [2001:19f0:6401:eb5:5400:3ff:fe8d:6d9b]:443: connect: network is unreachable\n"}
May 05 12:36:34 ubuntu tailscaled[888]: ,{"logtail":{"client_time":"2026-05-05T19:13:34.151763832Z","proc_id":1828866248,"proc_seq":104},"text":"control: trying bootstrapDNS(\"derp7e.tailscale.com\", \"172.238.6.180\") for \"controlplane.tailscale.com\" ...\n"}
May 05 12:36:34 ubuntu tailscaled[888]: ,{"logtail":{"client_time":"2026-05-05T19:13:34.151773592Z","proc_id":1828866248,"proc_seq":105},"text":"[RATELIMIT] format(\"control: trying bootstrapDNS(%q, %q) for %q ...\")\n"}
May 05 12:36:34 ubuntu tailscaled[888]: ,{"logtail":{"client_time":"2026-05-05T19:13:34.15186284Z","proc_id":1828866248,"proc_seq":106},"text":"control: bootstrapDNS(\"derp7e.tailscale.com\", \"172.238.6.180\") for \"controlplane.tailscale.com\" error: Get \"https://derp7e.tailscale.com/bootstrap-dns?q=controlplane.tailscale.com\": dial tcp 172.238.6.180:443: connect: network is unreachable\n"}
May 05 12:36:34 ubuntu tailscaled[888]: ,{"logtail":{"client_time":"2026-05-05T19:13:34.151879416Z","proc_id":1828866248,"proc_seq":107},"text":"[RATELIMIT] format(\"control: bootstrapDNS(%q, %q) for %q error: %v\")\n"}
May 05 12:36:34 ubuntu tailscaled[888]: ,{"logtail":{"client_time":"2026-05-05T19:13:34.152673304Z","proc_id":1828866248,"proc_seq":108},"v":1,"text":"control: TryLogin: fetch control key: Get \"https://controlplane.tailscale.com/key?v=133\": failed to resolve \"controlplane.tailscale.com\": no DNS fallback candidates remain for \"controlplane.tailscale.com\"\n"}
May 05 12:36:34 ubuntu tailscaled[888]: ,{"logtail":{"client_time":"2026-05-05T19:13:34.15270924Z","proc_id":1828866248,"proc_seq":109},"v":1,"text":"control: sendStatus: authRoutine-report: loggedIn=false inMapPoll=false\n"}
May 05 12:36:34 ubuntu tailscaled[888]: ,{"logtail":{"client_time":"2026-05-05T19:13:34.152739512Z","proc_id":1828866248,"proc_seq":110},"v":1,"text":"control: authRoutine: backoff: 6 msec\n"}
May 05 12:36:34 ubuntu tailscaled[888]: ,{"logtail":{"client_time":"2026-05-05T19:13:34.152788696Z","proc_id":1828866248,"proc_seq":111},"text":"Received error: fetch control key: Get \"https://controlplane.tailscale.com/key?v=133\": failed to resolve \"controlplane.tailscale.com\": no DNS fallback candidates remain for \"controlplane.tailscale.com\"\n"}
May 05 12:36:34 ubuntu tailscaled[888]: ,{"logtail":{"client_time":"2026-05-05T19:13:34.152835Z","proc_id":1828866248,"proc_seq":112},"text":"health(warnable=login-state): error: You are logged out. The last login error was: fetch control key: Get \"https://controlplane.tailscale.com/key?v=133\": failed to resolve \"controlplane.tailscale.com\": no DNS fallback candidates remain for \"controlplane.tailscale.com\"\n"}
May 05 12:36:34 ubuntu tailscaled[888]: ,{"logtail":{"client_time":"2026-05-05T19:13:34.159287768Z","proc_id":1828866248,"proc_seq":113},"v":1,"text":"control: authRoutine: loggedIn=false; wantLoggedIn=true\n"}
May 05 12:36:34 ubuntu tailscaled[888]: ,{"logtail":{"client_time":"2026-05-05T19:13:34.1593406Z","proc_id":1828866248,"proc_seq":114},"v":1,"text":"control: direct.TryLogin(flags=0)\n"}
May 05 12:36:34 ubuntu tailscaled[888]: ,{"logtail":{"client_time":"2026-05-05T19:13:34.159389944Z","proc_id":1828866248,"proc_seq":115},"text":"control: doLogin(regen=false, hasUrl=false)\n"}
May 05 12:36:34 ubuntu tailscaled[888]: ,{"logtail":{"client_time":"2026-05-05T19:13:34.162101048Z","proc_id":1828866248,"proc_seq":116},"v":1,"text":"control: TryLogin: fetch control key: Get \"https://controlplane.tailscale.com/key?v=133\": failed to resolve \"controlplane.tailscale.com\": no DNS fallback candidates remain for \"controlplane.tailscale.com\"\n"}
May 05 12:36:34 ubuntu tailscaled[888]: ,{"logtail":{"client_time":"2026-05-05T19:13:34.16214716Z","proc_id":1828866248,"proc_seq":117},"v":1,"text":"control: sendStatus: authRoutine-report: loggedIn=false inMapPoll=false\n"}
May 05 12:36:34 ubuntu tailscaled[888]: ,{"logtail":{"client_time":"2026-05-05T19:13:34.162163Z","proc_id":1828866248,"proc_seq":118},"v":1,"text":"control: authRoutine: backoff: 40 msec\n"}
May 05 12:36:34 ubuntu tailscaled[888]: ,{"logtail":{"client_time":"2026-05-05T19:13:34.162228344Z","proc_id":1828866248,"proc_seq":119},"text":"Received error: fetch control key: Get \"https://controlplane.tailscale.com/key?v=133\": failed to resolve \"controlplane.tailscale.com\": no DNS fallback candidates remain for \"controlplane.tailscale.com\"\n"}
May 05 12:36:34 ubuntu tailscaled[888]: ,{"logtail":{"client_time":"2026-05-05T19:13:34.203392024Z","proc_id":1828866248,"proc_seq":120},"v":1,"text":"control: authRoutine: loggedIn=false; wantLoggedIn=true\n"}
May 05 12:36:34 ubuntu tailscaled[888]: ,{"logtail":{"client_time":"2026-05-05T19:13:34.203453624Z","proc_id":1828866248,"proc_seq":121},"v":1,"text":"control: direct.TryLogin(flags=0)\n"}
May 05 12:36:34 ubuntu tailscaled[888]: ,{"logtail":{"client_time":"2026-05-05T19:13:34.203501592Z","proc_id":1828866248,"proc_seq":122},"text":"control: doLogin(regen=false, hasUrl=false)\n"}
May 05 12:36:34 ubuntu tailscaled[888]: ,{"logtail":{"client_time":"2026-05-05T19:13:34.206443288Z","proc_id":1828866248,"proc_seq":123},"v":1,"text":"control: TryLogin: fetch control key: Get \"https://controlplane.tailscale.com/key?v=133\": failed to resolve \"controlplane.tailscale.com\": no DNS fallback candidates remain for \"controlplane.tailscale.com\"\n"}
May 05 12:36:34 ubuntu tailscaled[888]: ,{"logtail":{"client_time":"2026-05-05T19:13:34.206487992Z","proc_id":1828866248,"proc_seq":124},"v":1,"text":"control: sendStatus: authRoutine-report: loggedIn=false inMapPoll=false\n"}
May 05 12:36:34 ubuntu tailscaled[888]: ,{"logtail":{"client_time":"2026-05-05T19:13:34.206507864Z","proc_id":1828866248,"proc_seq":125},"v":1,"text":"control: authRoutine: backoff: 107 msec\n"}
May 05 12:36:34 ubuntu tailscaled[888]: ,{"logtail":{"client_time":"2026-05-05T19:13:34.20657692Z","proc_id":1828866248,"proc_seq":126},"text":"Received error: fetch control key: Get \"https://controlplane.tailscale.com/key?v=133\": failed to resolve \"controlplane.tailscale.com\": no DNS fallback candidates remain for \"controlplane.tailscale.com\"\n"}
May 05 12:36:34 ubuntu tailscaled[888]: ,{"logtail":{"client_time":"2026-05-05T19:13:34.31479196Z","proc_id":1828866248,"proc_seq":127},"v":1,"text":"control: authRoutine: loggedIn=false; wantLoggedIn=true\n"}
May 05 12:36:34 ubuntu tailscaled[888]: ,{"logtail":{"client_time":"2026-05-05T19:13:34.314894328Z","proc_id":1828866248,"proc_seq":128},"v":1,"text":"control: direct.TryLogin(flags=0)\n"}
May 05 12:36:34 ubuntu tailscaled[888]: ,{"logtail":{"client_time":"2026-05-05T19:13:34.314965784Z","proc_id":1828866248,"proc_seq":129},"text":"control: doLogin(regen=false, hasUrl=false)\n"}
May 05 12:36:34 ubuntu tailscaled[888]: ,{"logtail":{"client_time":"2026-05-05T19:13:34.317801048Z","proc_id":1828866248,"proc_seq":130},"v":1,"text":"control: TryLogin: fetch control key: Get \"https://controlplane.tailscale.com/key?v=133\": failed to resolve \"controlplane.tailscale.com\": no DNS fallback candidates remain for \"controlplane.tailscale.com\"\n"}
May 05 12:36:34 ubuntu tailscaled[888]: ,{"logtail":{"client_time":"2026-05-05T19:13:34.317831832Z","proc_id":1828866248,"proc_seq":131},"v":1,"text":"control: sendStatus: authRoutine-report: loggedIn=false inMapPoll=false\n"}
May 05 12:36:34 ubuntu tailscaled[888]: ,{"logtail":{"client_time":"2026-05-05T19:13:34.31785004Z","proc_id":1828866248,"proc_seq":132},"v":1,"text":"control: authRoutine: backoff: 106 msec\n"}
May 05 12:36:34 ubuntu tailscaled[888]: ,{"logtail":{"client_time":"2026-05-05T19:13:34.317912664Z","proc_id":1828866248,"proc_seq":133},"text":"Received error: fetch control key: Get \"https://controlplane.tailscale.com/key?v=133\": failed to resolve \"controlplane.tailscale.com\": no DNS fallback candidates remain for \"controlplane.tailscale.com\"\n"}
May 05 12:36:34 ubuntu tailscaled[888]: ,{"logtail":{"client_time":"2026-05-05T19:13:34.425127064Z","proc_id":1828866248,"proc_seq":134},"v":1,"text":"control: authRoutine: loggedIn=false; wantLoggedIn=true\n"}
May 05 12:36:34 ubuntu tailscaled[888]: ,{"logtail":{"client_time":"2026-05-05T19:13:34.425185432Z","proc_id":1828866248,"proc_seq":135},"v":1,"text":"[RATELIMIT] format(\"control: authRoutine: loggedIn=%v; wantLoggedIn=%v\")\n"}
May 05 12:36:34 ubuntu tailscaled[888]: ,{"logtail":{"client_time":"2026-05-05T19:13:34.425208824Z","proc_id":1828866248,"proc_seq":136},"v":1,"text":"control: direct.TryLogin(flags=0)\n"}
May 05 12:36:34 ubuntu tailscaled[888]: ,{"logtail":{"client_time":"2026-05-05T19:13:34.42521644Z","proc_id":1828866248,"proc_seq":137},"v":1,"text":"[RATELIMIT] format(\"control: direct.TryLogin(flags=%v)\")\n"}
May 05 12:36:34 ubuntu tailscaled[888]: ,{"logtail":{"client_time":"2026-05-05T19:13:34.425285016Z","proc_id":1828866248,"proc_seq":138},"text":"control: doLogin(regen=false, hasUrl=false)\n"}
May 05 12:36:34 ubuntu tailscaled[888]: ,{"logtail":{"client_time":"2026-05-05T19:13:34.425330296Z","proc_id":1828866248,"proc_seq":139},"text":"[RATELIMIT] format(\"control: doLogin(regen=%v, hasUrl=%v)\")\n"}
May 05 12:36:34 ubuntu tailscaled[888]: ,{"logtail":{"client_time":"2026-05-05T19:13:34.42799084Z","proc_id":1828866248,"proc_seq":140},"v":1,"text":"control: TryLogin: fetch control key: Get \"https://controlplane.tailscale.com/key?v=133\": failed to resolve \"controlplane.tailscale.com\": no DNS fallback candidates remain for \"controlplane.tailscale.com\"\n"}
May 05 12:36:34 ubuntu tailscaled[888]: ,{"logtail":{"client_time":"2026-05-05T19:13:34.428025944Z","proc_id":1828866248,"proc_seq":141},"v":1,"text":"[RATELIMIT] format(\"control: %s: %v\")\n"}
May 05 12:36:34 ubuntu tailscaled[888]: ,{"logtail":{"client_time":"2026-05-05T19:13:34.428038104Z","proc_id":1828866248,"proc_seq":142},"v":1,"text":"control: sendStatus: authRoutine-report: loggedIn=false inMapPoll=false\n"}
May 05 12:36:34 ubuntu tailscaled[888]: ,{"logtail":{"client_time":"2026-05-05T19:13:34.428044472Z","proc_id":1828866248,"proc_seq":143},"v":1,"text":"[RATELIMIT] format(\"control: sendStatus: %s: loggedIn=%v inMapPoll=%v\")\n"}
May 05 12:36:34 ubuntu tailscaled[888]: ,{"logtail":{"client_time":"2026-05-05T19:13:34.428060696Z","proc_id":1828866248,"proc_seq":144},"v":1,"text":"control: authRoutine: backoff: 203 msec\n"}
May 05 12:36:34 ubuntu tailscaled[888]: ,{"logtail":{"client_time":"2026-05-05T19:13:34.4280678Z","proc_id":1828866248,"proc_seq":145},"v":1,"text":"[RATELIMIT] format(\"control: %s: backoff: %d msec\")\n"}
May 05 12:36:34 ubuntu tailscaled[888]: ,{"logtail":{"client_time":"2026-05-05T19:13:34.428131416Z","proc_id":1828866248,"proc_seq":146},"text":"Received error: fetch control key: Get \"https://controlplane.tailscale.com/key?v=133\": failed to resolve \"controlplane.tailscale.com\": no DNS fallback candidates remain for \"controlplane.tailscale.com\"\n"}
May 05 12:36:34 ubuntu tailscaled[888]: ,{"logtail":{"client_time":"2026-05-05T19:13:34.42814556Z","proc_id":1828866248,"proc_seq":147},"text":"[RATELIMIT] format(\"Received error: %v\")\n"}
May 05 12:36:34 ubuntu tailscaled[888]: ,{"logtail":{"client_time":"2026-05-05T19:13:36.297321432Z","proc_id":1828866248,"proc_seq":148},"text":"monitor: RTM_DELROUTE: src=, dst=ff00::/8, gw=, outif=5, table=254\n"}
May 05 12:36:34 ubuntu tailscaled[888]: ,{"logtail":{"client_time":"2026-05-05T19:13:36.298566488Z","proc_id":1828866248,"proc_seq":149},"v":1,"text":"LinkChange: minor\n"}
May 05 12:36:34 ubuntu tailscaled[888]: ,{"logtail":{"client_time":"2026-05-05T19:13:36.300198392Z","proc_id":1828866248,"proc_seq":150},"text":"monitor: RTM_DELROUTE: src=, dst=ff00::/8, gw=, outif=5, table=254\n"}
May 05 12:36:34 ubuntu tailscaled[888]: ,{"logtail":{"client_time":"2026-05-05T19:13:37.30153484Z","proc_id":1828866248,"proc_seq":151},"v":1,"text":"LinkChange: minor\n"}
May 05 12:36:34 ubuntu tailscaled[888]: ,{"logtail":{"client_time":"2026-05-05T19:13:37.644422136Z","proc_id":1828866248,"proc_seq":152},"text":"monitor: RTM_DELROUTE: src=, dst=ff00::/8, gw=, outif=2, table=254\n"}
May 05 12:36:34 ubuntu tailscaled[888]: ,{"logtail":{"client_time":"2026-05-05T19:13:37.655493272Z","proc_id":1828866248,"proc_seq":153},"text":"monitor: RTM_NEWROUTE: src=10.110.132.84/0, dst=10.110.132.84/32, gw=, outif=2, table=255\n"}
May 05 12:36:34 ubuntu tailscaled[888]: ,{"logtail":{"client_time":"2026-05-05T19:13:37.655772024Z","proc_id":1828866248,"proc_seq":154},"text":"monitor: RTM_NEWROUTE: src=10.110.132.84/0, dst=10.110.135.255/32, gw=, outif=2, table=255\n"}
May 05 12:36:34 ubuntu tailscaled[888]: ,{"logtail":{"client_time":"2026-05-05T19:13:37.655943Z","proc_id":1828866248,"proc_seq":155},"text":"monitor: RTM_NEWROUTE: src=10.110.132.84/0, dst=10.110.128.0/21, gw=, outif=2, table=254\n"}
May 05 12:36:34 ubuntu dbus-daemon[760]: [system] Successfully activated service 'org.freedesktop.hostname1'
May 05 12:36:34 ubuntu systemd[1]: Started Hostname Service.
May 05 12:36:34 ubuntu tailscaled[888]: ,{"logtail":{"client_time":"2026-05-05T19:13:37.656048696Z","proc_id":1828866248,"proc_seq":156},"text":"monitor: RTM_NEWROUTE: src=, dst=, gw=10.110.128.1, outif=2, table=254\n"}
May 05 12:36:34 ubuntu tailscaled[888]: ,{"logtail":{"client_time":"2026-05-05T19:13:38.153205528Z","proc_id":1828866248,"proc_seq":157},"text":"health(warnable=warming-up): ok\n"}
May 05 12:36:34 ubuntu tailscaled[888]: ,{"logtail":{"client_time":"2026-05-05T19:13:38.302671576Z","proc_id":1828866248,"proc_seq":158},"text":"LinkChange: major, rebinding: old: interfaces.State{defaultRoute= ifs={docker0:[172.17.0.1/16]} v4=true v6=false} new: interfaces.State{defaultRoute=wlP1p1s0 ifs={docker0:[172.17.0.1/16] wlP1p1s0:[10.110.132.84/21 llu6]} v4=true v6=false}\n"}
May 05 12:36:34 ubuntu tailscaled[888]: ,{"logtail":{"client_time":"2026-05-05T19:13:38.302971032Z","proc_id":1828866248,"proc_seq":159},"text":"router: portUpdate(port=41641, network=udp6)\n"}
May 05 12:36:34 ubuntu tailscaled[888]: ,{"logtail":{"client_time":"2026-05-05T19:13:38.30303276Z","proc_id":1828866248,"proc_seq":160},"v":1,"text":"magicsock: peermtu: peer MTU status is false\n"}
May 05 12:36:34 ubuntu tailscaled[888]: ,{"logtail":{"client_time":"2026-05-05T19:13:38.3030782Z","proc_id":1828866248,"proc_seq":161},"text":"Rebind; defIf=\"wlP1p1s0\", ips=[10.110.132.84/21 fe80::5906:404e:916c:488e/64]\n"}
May 05 12:36:34 ubuntu tailscaled[888]: ,{"logtail":{"client_time":"2026-05-05T19:13:38.303103832Z","proc_id":1828866248,"proc_seq":162},"text":"magicsock: 0 active derp conns\n"}
May 05 12:36:34 ubuntu tailscaled[888]: ,{"logtail":{"client_time":"2026-05-05T19:13:38.303182424Z","proc_id":1828866248,"proc_seq":163},"text":"router: portUpdate(port=41641, network=udp4)\n"}
May 05 12:36:34 ubuntu tailscaled[888]: ,{"logtail":{"client_time":"2026-05-05T19:13:38.304668728Z","proc_id":1828866248,"proc_seq":164},"text":"monitor: gateway and self IP changed: gw=10.110.128.1 self=10.110.132.84\n"}
May 05 12:36:34 ubuntu tailscaled[888]: ,{"logtail":{"client_time":"2026-05-05T19:13:38.313878648Z","proc_id":1828866248,"proc_seq":165},"text":"monitor: RTM_NEWROUTE: src=192.168.13.10/0, dst=192.168.13.10/32, gw=, outif=5, table=255\n"}
May 05 12:36:34 ubuntu tailscaled[888]: ,{"logtail":{"client_time":"2026-05-05T19:13:38.313972792Z","proc_id":1828866248,"proc_seq":166},"text":"monitor: RTM_NEWROUTE: src=192.168.13.10/0, dst=192.168.13.255/32, gw=, outif=5, table=255\n"}
May 05 12:36:34 ubuntu tailscaled[888]: ,{"logtail":{"client_time":"2026-05-05T19:13:38.314357976Z","proc_id":1828866248,"proc_seq":167},"text":"monitor: RTM_NEWROUTE: src=192.168.13.10/0, dst=192.168.13.0/24, gw=, outif=5, table=254\n"}
May 05 12:36:34 ubuntu tailscaled[888]: ,{"logtail":{"client_time":"2026-05-05T19:13:38.314540248Z","proc_id":1828866248,"proc_seq":168},"text":"monitor: RTM_NEWROUTE: src=, dst=, gw=192.168.13.31, outif=5, table=254\n"}
May 05 12:36:34 ubuntu tailscaled[888]: ,{"logtail":{"client_time":"2026-05-05T19:13:39.305188952Z","proc_id":1828866248,"proc_seq":169},"text":"LinkChange: major, rebinding: old: interfaces.State{defaultRoute=wlP1p1s0 ifs={docker0:[172.17.0.1/16] wlP1p1s0:[10.110.132.84/21 llu6]} v4=true v6=false} new: interfaces.State{defaultRoute=eno1 ifs={docker0:[172.17.0.1/16] eno1:[192.168.13.10/24 llu6] wlP1p1s0:[10.110.132.84/21 llu6]} v4=true v6=false}\n"}
May 05 12:36:34 ubuntu tailscaled[888]: ,{"logtail":{"client_time":"2026-05-05T19:13:39.305617688Z","proc_id":1828866248,"proc_seq":170},"text":"router: portUpdate(port=41641, network=udp6)\n"}
May 05 12:36:34 ubuntu tailscaled[888]: ,{"logtail":{"client_time":"2026-05-05T19:13:39.305699384Z","proc_id":1828866248,"proc_seq":171},"v":1,"text":"magicsock: peermtu: peer MTU status is false\n"}
May 05 12:36:34 ubuntu tailscaled[888]: ,{"logtail":{"client_time":"2026-05-05T19:13:39.305770136Z","proc_id":1828866248,"proc_seq":172},"text":"Rebind; defIf=\"eno1\", ips=[192.168.13.10/24 fe80::a50b:2714:3865:7f72/64]\n"}
May 05 12:36:34 ubuntu tailscaled[888]: ,{"logtail":{"client_time":"2026-05-05T19:13:39.305814328Z","proc_id":1828866248,"proc_seq":173},"text":"magicsock: 0 active derp conns\n"}
May 05 12:36:34 ubuntu tailscaled[888]: ,{"logtail":{"client_time":"2026-05-05T19:13:39.305871512Z","proc_id":1828866248,"proc_seq":174},"text":"router: portUpdate(port=41641, network=udp4)\n"}
May 05 12:36:34 ubuntu tailscaled[888]: ,{"logtail":{"client_time":"2026-05-05T19:13:39.305952664Z","proc_id":1828866248,"proc_seq":175},"text":"[RATELIMIT] format(\"router: portUpdate(port=%v, network=%s)\")\n"}
May 05 12:36:34 ubuntu tailscaled[888]: ,{"logtail":{"client_time":"2026-05-05T19:13:39.307624152Z","proc_id":1828866248,"proc_seq":176},"text":"monitor: gateway and self IP changed: gw=192.168.13.31 self=192.168.13.10\n"}
May 05 12:36:34 ubuntu tailscaled[888]: ,{"logtail":{"client_time":"2026-05-05T19:13:40.267115352Z","proc_id":1828866248,"proc_seq":177},"text":"monitor: RTM_NEWROUTE: src=, dst=2620:df:8000:4781::/64, gw=, outif=2, table=254\n"}
May 05 12:36:34 ubuntu tailscaled[888]: ,{"logtail":{"client_time":"2026-05-05T19:13:40.267337272Z","proc_id":1828866248,"proc_seq":178},"text":"monitor: RTM_NEWROUTE: src=, dst=, gw=fe80::d6ad:71ff:fe6f:31fd, outif=2, table=254\n"}
May 05 12:36:34 ubuntu tailscaled[888]: ,{"logtail":{"client_time":"2026-05-05T19:13:41.361400216Z","proc_id":1828866248,"proc_seq":179},"text":"monitor: RTM_NEWROUTE: src=, dst=2620:df:8000:4781:0:2:a066:8205/128, gw=, outif=2, table=254\n"}
May 05 12:36:34 ubuntu tailscaled[888]: ,{"logtail":{"client_time":"2026-05-05T19:13:41.36294156Z","proc_id":1828866248,"proc_seq":180},"text":"LinkChange: major, rebinding: old: interfaces.State{defaultRoute=eno1 ifs={docker0:[172.17.0.1/16] eno1:[192.168.13.10/24 llu6] wlP1p1s0:[10.110.132.84/21 llu6]} v4=true v6=false} new: interfaces.State{defaultRoute=eno1 ifs={docker0:[172.17.0.1/16] eno1:[192.168.13.10/24 llu6] wlP1p1s0:[10.110.132.84/21 2620:df:8000:4781:0:2:a066:8205/128 llu6]} v4=true v6=true}\n"}
May 05 12:36:34 ubuntu tailscaled[888]: ,{"logtail":{"client_time":"2026-05-05T19:13:41.363334648Z","proc_id":1828866248,"proc_seq":181},"v":1,"text":"magicsock: peermtu: peer MTU status is false\n"}
May 05 12:36:34 ubuntu tailscaled[888]: ,{"logtail":{"client_time":"2026-05-05T19:13:41.363404824Z","proc_id":1828866248,"proc_seq":182},"text":"Rebind; defIf=\"eno1\", ips=[192.168.13.10/24 fe80::a50b:2714:3865:7f72/64]\n"}
May 05 12:36:34 ubuntu tailscaled[888]: ,{"logtail":{"client_time":"2026-05-05T19:13:41.363453848Z","proc_id":1828866248,"proc_seq":183},"text":"magicsock: 0 active derp conns\n"}
May 05 12:36:34 ubuntu tailscaled[888]: ,{"logtail":{"client_time":"2026-05-05T19:13:42.409400152Z","proc_id":1828866248,"proc_seq":184},"text":"monitor: RTM_NEWROUTE: src=, dst=2620:df:8000:4781:0:2:a066:8205/128, gw=, outif=2, table=254\n"}
May 05 12:36:34 ubuntu tailscaled[888]: ,{"logtail":{"client_time":"2026-05-05T19:13:43.206205688Z","proc_id":1828866248,"proc_seq":185},"text":"monitor: RTM_NEWROUTE: src=, dst=, gw=10.110.128.1, outif=2, table=254\n"}
May 05 12:36:34 ubuntu tailscaled[888]: ,{"logtail":{"client_time":"2026-05-05T19:13:43.206387448Z","proc_id":1828866248,"proc_seq":186},"text":"monitor: RTM_DELROUTE: src=, dst=, gw=10.110.128.1, outif=2, table=254\n"}
May 05 12:36:34 ubuntu tailscaled[888]: ,{"logtail":{"client_time":"2026-05-05T19:13:43.243935192Z","proc_id":1828866248,"proc_seq":187},"text":"control: control server key from https://controlplane.tailscale.com: ts2021=[fSeS+], legacy=[nlFWp]\n"}
May 05 12:36:34 ubuntu tailscaled[888]: ,{"logtail":{"client_time":"2026-05-05T19:13:43.244429272Z","proc_id":1828866248,"proc_seq":188},"text":"control: RegisterReq: onode= node=[mIemT] fup=false nks=false\n"}
May 05 12:36:34 ubuntu tailscaled[888]: ,{"logtail":{"client_time":"2026-05-05T19:13:43.244684824Z","proc_id":1828866248,"proc_seq":189},"v":1,"text":"control: creating new noise client\n"}
May 05 12:36:34 ubuntu tailscaled[888]: ,{"logtail":{"client_time":"2026-05-05T19:13:43.366807928Z","proc_id":1828866248,"proc_seq":190},"text":"LinkChange: major, rebinding: old: interfaces.State{defaultRoute=eno1 ifs={docker0:[172.17.0.1/16] eno1:[192.168.13.10/24 llu6] wlP1p1s0:[10.110.132.84/21 2620:df:8000:4781:0:2:a066:8205/128 llu6]} v4=true v6=true} new: interfaces.State{defaultRoute=wlP1p1s0 ifs={docker0:[172.17.0.1/16] eno1:[192.168.13.10/24 llu6] wlP1p1s0:[10.110.132.84/21 2620:df:8000:4781:0:2:a066:8205/128 llu6]} v4=true v6=true}\n"}
May 05 12:36:34 ubuntu tailscaled[888]: ,{"logtail":{"client_time":"2026-05-05T19:13:43.367335896Z","proc_id":1828866248,"proc_seq":191},"v":1,"text":"magicsock: peermtu: peer MTU status is false\n"}
May 05 12:36:34 ubuntu tailscaled[888]: ,{"logtail":{"client_time":"2026-05-05T19:13:43.367408472Z","proc_id":1828866248,"proc_seq":192},"text":"Rebind; defIf=\"wlP1p1s0\", ips=[10.110.132.84/21 2620:df:8000:4781:0:2:a066:8205/128 fe80::5906:404e:916c:488e/64]\n"}
May 05 12:36:34 ubuntu tailscaled[888]: ,{"logtail":{"client_time":"2026-05-05T19:13:43.367446488Z","proc_id":1828866248,"proc_seq":193},"text":"magicsock: 0 active derp conns\n"}
May 05 12:36:34 ubuntu tailscaled[888]: ,{"logtail":{"client_time":"2026-05-05T19:13:43.368984024Z","proc_id":1828866248,"proc_seq":194},"text":"monitor: gateway and self IP changed: gw=10.110.128.1 self=10.110.132.84\n"}
May 05 12:36:34 ubuntu tailscaled[888]: ,{"logtail":{"client_time":"2026-05-05T19:13:43.39425564Z","proc_id":1828866248,"proc_seq":195},"text":"monitor: RTM_NEWROUTE: src=, dst=, gw=fe80::d6ad:71ff:fe6f:31fd, outif=2, table=254\n"}
May 05 12:36:34 ubuntu tailscaled[888]: ,{"logtail":{"client_time":"2026-05-05T19:13:43.394460344Z","proc_id":1828866248,"proc_seq":196},"text":"monitor: RTM_DELROUTE: src=, dst=, gw=fe80::d6ad:71ff:fe6f:31fd, outif=2, table=254\n"}
May 05 12:36:34 ubuntu tailscaled[888]: ,{"logtail":{"client_time":"2026-05-05T19:13:43.701306488Z","proc_id":1828866248,"proc_seq":197},"text":"control: RegisterReq: got response; nodeKeyExpired=false, machineAuthorized=true; authURL=false\n"}
May 05 12:36:34 ubuntu tailscaled[888]: ,{"logtail":{"client_time":"2026-05-05T19:13:43.701370424Z","proc_id":1828866248,"proc_seq":198},"v":1,"text":"control: No AuthURL\n"}
May 05 12:36:34 ubuntu tailscaled[888]: ,{"logtail":{"client_time":"2026-05-05T19:13:43.701437272Z","proc_id":1828866248,"proc_seq":199},"v":1,"text":"control: restartMap: synced=false\n"}
May 05 12:36:34 ubuntu tailscaled[888]: ,{"logtail":{"client_time":"2026-05-05T19:13:43.701461976Z","proc_id":1828866248,"proc_seq":200},"v":1,"text":"control: authRoutine: loggedIn=true; goal=nil paused=false\n"}
May 05 12:36:34 ubuntu tailscaled[888]: ,{"logtail":{"client_time":"2026-05-05T19:13:43.701482232Z","proc_id":1828866248,"proc_seq":201},"v":1,"text":"control: mapRoutine: context done.\n"}
May 05 12:36:34 ubuntu tailscaled[888]: ,{"logtail":{"client_time":"2026-05-05T19:13:43.701507704Z","proc_id":1828866248,"proc_seq":202},"v":1,"text":"control: mapRoutine: loggedIn=true\n"}
May 05 12:36:34 ubuntu tailscaled[888]: ,{"logtail":{"client_time":"2026-05-05T19:13:43.70156028Z","proc_id":1828866248,"proc_seq":203},"text":"health(warnable=login-state): ok\n"}
May 05 12:36:34 ubuntu tailscaled[888]: ,{"logtail":{"client_time":"2026-05-05T19:13:43.701601336Z","proc_id":1828866248,"proc_seq":204},"v":1,"text":"control: PollNetMap: stream=false ep=[]\n"}
May 05 12:36:34 ubuntu tailscaled[888]: ,{"logtail":{"client_time":"2026-05-05T19:13:43.70174652Z","proc_id":1828866248,"proc_seq":205},"v":1,"text":"authReconfig: netmap not yet valid. Skipping.\n"}
May 05 12:36:34 ubuntu tailscaled[888]: ,{"logtail":{"client_time":"2026-05-05T19:13:43.701800408Z","proc_id":1828866248,"proc_seq":206},"v":1,"text":"control: PollNetMap: stream=true ep=[]\n"}
May 05 12:36:34 ubuntu systemd-resolved[690]: Switching to fallback DNS server 8.8.8.8.
May 05 12:36:34 ubuntu bluetoothd[759]: plugins/hostname.c:property_changed() static hostname: ubuntu
May 05 12:36:34 ubuntu tailscaled[888]: ,{"logtail":{"client_time":"2026-05-05T19:13:43.854792088Z","proc_id":1828866248,"proc_seq":207},"text":"health(warnable=not-in-map-poll): ok\n"}
May 05 12:36:34 ubuntu tailscaled[888]: ,{"logtail":{"client_time":"2026-05-05T19:13:43.854856856Z","proc_id":1828866248,"proc_seq":208},"v":1,"controltime":"2026-05-05T19:19:43.575239921Z"}
May 05 12:36:34 ubuntu tailscaled[888]: ,{"logtail":{"client_time":"2026-05-05T19:13:43.854934232Z","proc_id":1828866248,"proc_seq":209},"v":1,"text":"netmap: flagExpiredPeers: setting clock delta to 5m59.720319673s\n"}
May 05 12:36:34 ubuntu tailscaled[888]: ,{"logtail":{"client_time":"2026-05-05T19:13:43.856140728Z","proc_id":1828866248,"proc_seq":210},"text":"control: netmap: got new dial plan from control\n"}
May 05 12:36:34 ubuntu tailscaled[888]: ,{"logtail":{"client_time":"2026-05-05T19:13:43.856369784Z","proc_id":1828866248,"proc_seq":211},"v":1,"text":"control: new network map (periodic):\nnetmap: self: [mIemT] auth=machine-authorized u=autovehiclelab@gmail.com [100.93.121.3/32 fd7a:115c:a1e0::c536:7903/128]\n"}
May 05 12:36:34 ubuntu tailscaled[888]: ,{"logtail":{"client_time":"2026-05-05T19:13:43.8564102Z","proc_id":1828866248,"proc_seq":212},"v":1,"text":"control: mapRoutine: netmap received: loggedIn=true inMapPoll=true\n"}
May 05 12:36:34 ubuntu tailscaled[888]: ,{"logtail":{"client_time":"2026-05-05T19:13:43.85691964Z","proc_id":1828866248,"proc_seq":213},"v":2,"text":"netstack: registered IP 100.93.121.3/32\n"}
May 05 12:36:34 ubuntu tailscaled[888]: ,{"logtail":{"client_time":"2026-05-05T19:13:43.8569694Z","proc_id":1828866248,"proc_seq":214},"v":2,"text":"netstack: registered IP fd7a:115c:a1e0::c536:7903/128\n"}
May 05 12:36:34 ubuntu tailscaled[888]: ,{"logtail":{"client_time":"2026-05-05T19:13:43.857057688Z","proc_id":1828866248,"proc_seq":215},"v":1,"text":"magicsock: got updated network map; 7 peers\n"}
May 05 12:36:34 ubuntu tailscaled[888]: ,{"logtail":{"client_time":"2026-05-05T19:13:43.857290392Z","proc_id":1828866248,"proc_seq":216},"text":"active login: autovehiclelab@gmail.com\n"}
May 05 12:36:34 ubuntu tailscaled[888]: ,{"logtail":{"client_time":"2026-05-05T19:13:43.8576982Z","proc_id":1828866248,"proc_seq":217},"text":"serve: creating a new proxy handler for http://127.0.0.1:8090\n"}
May 05 12:36:34 ubuntu tailscaled[888]: ,{"logtail":{"client_time":"2026-05-05T19:13:43.857836952Z","proc_id":1828866248,"proc_seq":218},"v":1,"text":"netmap packet filter: 1 filters\n"}
May 05 12:36:34 ubuntu NetworkManager[761]: <info>  [1778009794.7573] hostname: hostname: using hostnamed
May 05 12:36:34 ubuntu bluetoothd[759]: plugins/hostname.c:property_changed() pretty hostname:
May 05 12:36:34 ubuntu tailscaled[888]: ,{"logtail":{"client_time":"2026-05-05T19:13:43.858219448Z","proc_id":1828866248,"proc_seq":219},"text":"netmap: suggested exit node: no preferred DERP, try again later\n"}
May 05 12:36:34 ubuntu tailscaled[888]: ,{"logtail":{"client_time":"2026-05-05T19:13:43.858266008Z","proc_id":1828866248,"proc_seq":220},"text":"offline auto-update: stopping update checks\n"}
May 05 12:36:34 ubuntu tailscaled[888]: ,{"logtail":{"client_time":"2026-05-05T19:13:43.85833132Z","proc_id":1828866248,"proc_seq":221},"text":"Switching ipn state NoState -> Starting (WantRunning=true, nm=true)\n"}
May 05 12:36:34 ubuntu tailscaled[888]: ,{"logtail":{"client_time":"2026-05-05T19:13:43.85871084Z","proc_id":1828866248,"proc_seq":222},"v":1,"text":"wgcfg: skipped expired peers from 1 nodes: sim-chair (nK1HYHjmkf11CNTRL)\n"}
May 05 12:36:34 ubuntu tailscaled[888]: ,{"logtail":{"client_time":"2026-05-05T19:13:43.859557016Z","proc_id":1828866248,"proc_seq":223},"text":"magicsock: SetPrivateKey called (init)\n"}
May 05 12:36:34 ubuntu tailscaled[888]: ,{"logtail":{"client_time":"2026-05-05T19:13:43.859597944Z","proc_id":1828866248,"proc_seq":224},"v":1,"text":"magicsock: peermtu: peer MTU status is false\n"}
May 05 12:36:34 ubuntu tailscaled[888]: ,{"logtail":{"client_time":"2026-05-05T19:13:43.859643192Z","proc_id":1828866248,"proc_seq":225},"text":"wgengine: Reconfig: configuring userspace WireGuard config (with 0/6 peers)\n"}
May 05 12:36:34 ubuntu tailscaled[888]: ,{"logtail":{"client_time":"2026-05-05T19:13:43.85971324Z","proc_id":1828866248,"proc_seq":226},"v":2,"text":"wg: UAPI: Updating private key\n"}
May 05 12:36:34 ubuntu tailscaled[888]: ,{"logtail":{"client_time":"2026-05-05T19:13:43.860332888Z","proc_id":1828866248,"proc_seq":227},"text":"wgengine: Reconfig: configuring router\n"}
May 05 12:36:34 ubuntu tailscaled[888]: ,{"logtail":{"client_time":"2026-05-05T19:13:43.86272364Z","proc_id":1828866248,"proc_seq":228},"v":1,"text":"control: successful lite map update in 161ms\n"}
May 05 12:36:34 ubuntu tailscaled[888]: ,{"logtail":{"client_time":"2026-05-05T19:13:43.863875384Z","proc_id":1828866248,"proc_seq":229},"v":1,"text":"serve-listener: backoff: 7 msec\n"}
May 05 12:36:34 ubuntu tailscaled[888]: ,{"logtail":{"client_time":"2026-05-05T19:13:43.863937784Z","proc_id":1828866248,"proc_seq":230},"v":1,"text":"serve-listener: backoff: 13 msec\n"}
May 05 12:36:34 ubuntu NetworkManager[761]: <info>  [1778009794.7573] hostname: static hostname changed from (none) to "ubuntu"
May 05 12:36:34 ubuntu bluetoothd[759]: plugins/hostname.c:update_name() name: ubuntu
May 05 12:36:34 ubuntu tailscaled[888]: ,{"logtail":{"client_time":"2026-05-05T19:13:43.871518648Z","proc_id":1828866248,"proc_seq":231},"v":1,"text":"serve-listener: backoff: 56 msec\n"}
May 05 12:36:34 ubuntu tailscaled[888]: ,{"logtail":{"client_time":"2026-05-05T19:13:43.878123448Z","proc_id":1828866248,"proc_seq":232},"v":1,"text":"serve-listener: backoff: 27 msec\n"}
May 05 12:36:34 ubuntu tailscaled[888]: ,{"logtail":{"client_time":"2026-05-05T19:13:43.905189304Z","proc_id":1828866248,"proc_seq":233},"v":1,"text":"monitor: RTM_NEWROUTE: src=, dst=100.77.68.83/32, gw=, outif=9, table=254\n"}
May 05 12:36:34 ubuntu tailscaled[888]: ,{"logtail":{"client_time":"2026-05-05T19:13:43.905616824Z","proc_id":1828866248,"proc_seq":234},"v":1,"text":"monitor: RTM_NEWROUTE: src=, dst=100.116.107.5/32, gw=, outif=9, table=254\n"}
May 05 12:36:34 ubuntu tailscaled[888]: ,{"logtail":{"client_time":"2026-05-05T19:13:43.905690936Z","proc_id":1828866248,"proc_seq":235},"v":1,"text":"serve-listener: backoff: 84 msec\n"}
May 05 12:36:34 ubuntu tailscaled[888]: ,{"logtail":{"client_time":"2026-05-05T19:13:43.905730968Z","proc_id":1828866248,"proc_seq":236},"v":1,"text":"[RATELIMIT] format(\"%s: backoff: %d msec\")\n"}
May 05 12:36:34 ubuntu tailscaled[888]: ,{"logtail":{"client_time":"2026-05-05T19:13:43.90575644Z","proc_id":1828866248,"proc_seq":237},"v":1,"text":"monitor: RTM_NEWROUTE: src=, dst=100.125.148.82/32, gw=, outif=9, table=254\n"}
May 05 12:36:34 ubuntu tailscaled[888]: ,{"logtail":{"client_time":"2026-05-05T19:13:43.905830968Z","proc_id":1828866248,"proc_seq":238},"v":1,"text":"monitor: RTM_NEWROUTE: src=, dst=100.126.2.127/32, gw=, outif=9, table=254\n"}
May 05 12:36:34 ubuntu tailscaled[888]: ,{"logtail":{"client_time":"2026-05-05T19:13:43.90595628Z","proc_id":1828866248,"proc_seq":239},"v":1,"text":"monitor: RTM_NEWROUTE: src=, dst=100.97.27.119/32, gw=, outif=9, table=254\n"}
May 05 12:36:34 ubuntu tailscaled[888]: ,{"logtail":{"client_time":"2026-05-05T19:13:43.906059768Z","proc_id":1828866248,"proc_seq":240},"v":1,"text":"monitor: RTM_NEWROUTE: src=, dst=100.100.111.58/32, gw=, outif=9, table=254\n"}
May 05 12:36:34 ubuntu tailscaled[888]: ,{"logtail":{"client_time":"2026-05-05T19:13:43.906175064Z","proc_id":1828866248,"proc_seq":241},"v":1,"text":"monitor: RTM_NEWROUTE: src=, dst=100.100.100.100/32, gw=, outif=9, table=254\n"}
May 05 12:36:34 ubuntu NetworkManager[761]: <info>  [1778009794.7577] dns-mgr[0xaaaae50722a0]: init: dns=systemd-resolved rc-manager=unmanaged (auto), plugin=systemd-resolved
May 05 12:36:34 ubuntu bluetoothd[759]: src/adapter.c:adapter_set_name() name: ubuntu
May 05 12:36:34 ubuntu tailscaled[888]: ,{"logtail":{"client_time":"2026-05-05T19:13:43.906608184Z","proc_id":1828866248,"proc_seq":242},"v":1,"text":"monitor: RTM_NEWROUTE: src=100.93.121.3/0, dst=100.93.121.3/32, gw=, outif=9, table=255\n"}
May 05 12:36:34 ubuntu tailscaled[888]: ,{"logtail":{"client_time":"2026-05-05T19:13:43.910291128Z","proc_id":1828866248,"proc_seq":243},"text":"router: enabling connmark-based rp_filter workaround\n"}
May 05 12:36:34 ubuntu tailscaled[888]: ,{"logtail":{"client_time":"2026-05-05T19:13:43.924263832Z","proc_id":1828866248,"proc_seq":244},"text":"router: warning: failed to add connmark rules (rp_filter workaround may not work): adding [-m conntrack --ctstate ESTABLISHED,RELATED -j CONNMARK --restore-mark --nfmask 0xff0000 --ctmask 0xff0000] in mangle/PREROUTING: running [/usr/sbin/iptables -t mangle -I PREROUTING 1 -m conntrack --ctstate ESTABLISHED,RELATED -j CONNMARK --restore-mark --nfmask 0xff0000 --ctmask 0xff0000 --wait]: exit status 2: iptables v1.8.7 (legacy): unknown option \"--restore-mark\"\nTry `iptables -h' or 'iptables --help' for more information.\n"}
May 05 12:36:34 ubuntu tailscaled[888]: ,{"logtail":{"client_time":"2026-05-05T19:13:43.924373528Z","proc_id":1828866248,"proc_seq":245},"v":1,"text":"authReconfig: ra=false dns=true 0x00: enabling connmark rules: adding [-m conntrack --ctstate ESTABLISHED,RELATED -j CONNMARK --restore-mark --nfmask 0xff0000 --ctmask 0xff0000] in mangle/PREROUTING: running [/usr/sbin/iptables -t mangle -I PREROUTING 1 -m conntrack --ctstate ESTABLISHED,RELATED -j CONNMARK --restore-mark --nfmask 0xff0000 --ctmask 0xff0000 --wait]: exit status 2: iptables v1.8.7 (legacy): unknown option \"--restore-mark\"\nTry `iptables -h' or 'iptables --help' for more information.\n"}
May 05 12:36:34 ubuntu tailscaled[888]: ,{"logtail":{"client_time":"2026-05-05T19:13:43.924388952Z","proc_id":1828866248,"proc_seq":246},"v":1,"text":"initPeerAPIListener: entered\n"}
May 05 12:36:34 ubuntu tailscaled[888]: ,{"logtail":{"client_time":"2026-05-05T19:13:43.924495416Z","proc_id":1828866248,"proc_seq":247},"text":"peerapi: serving on http://100.93.121.3:63476\n"}
May 05 12:36:34 ubuntu bluetoothd[759]: src/adapter.c:adapter_set_name() alias: ubuntu
May 05 12:36:34 ubuntu NetworkManager[761]: <info>  [1778009794.7588] rfkill0: found Wi-Fi radio killswitch (at /sys/devices/platform/bus@0/14100000.pcie/pci0001:00/0001:00:00.0/0001:01:00.0/ieee80211/phy0/rfkill0) (driver rtl88x2ce)
May 05 12:36:34 ubuntu tailscaled[888]: ,{"logtail":{"client_time":"2026-05-05T19:13:43.924661624Z","proc_id":1828866248,"proc_seq":248},"text":"peerapi: failed to do peerAPI listen, harmless (netstack available) but error was: listen tcp6 [fd7a:115c:a1e0::c536:7903]:0: bind: cannot assign requested address\n"}
May 05 12:36:34 ubuntu tailscaled[888]: ,{"logtail":{"client_time":"2026-05-05T19:13:43.924706616Z","proc_id":1828866248,"proc_seq":249},"text":"health(warnable=router): error: enabling connmark rules: adding [-m conntrack --ctstate ESTABLISHED,RELATED -j CONNMARK --restore-mark --nfmask 0xff0000 --ctmask 0xff0000] in mangle/PREROUTING: running [/usr/sbin/iptables -t mangle -I PREROUTING 1 -m conntrack --ctstate ESTABLISHED,RELATED -j CONNMARK --restore-mark --nfmask 0xff0000 --ctmask 0xff0000 --wait]: exit status 2: iptables v1.8.7 (legacy): unknown option \"--restore-mark\"\nTry `iptables -h' or 'iptables --help' for more information.\n"}
May 05 12:36:34 ubuntu tailscaled[888]: ,{"logtail":{"client_time":"2026-05-05T19:13:43.92482956Z","proc_id":1828866248,"proc_seq":250},"text":"peerapi: serving on http://[fd7a:115c:a1e0::c536:7903]:1\n"}
May 05 12:36:34 ubuntu tailscaled[888]: ,{"logtail":{"client_time":"2026-05-05T19:13:43.92517292Z","proc_id":1828866248,"proc_seq":251},"v":1,"text":"wgcfg: skipped expired peers from 1 nodes: sim-chair (nK1HYHjmkf11CNTRL)\n"}
May 05 12:36:34 ubuntu bluetoothd[759]: src/adapter.c:set_name() sending set local name command for index 0
May 05 12:36:34 ubuntu NetworkManager[761]: <info>  [1778009794.7591] manager[0xaaaae509a000]: rfkill: Wi-Fi hardware radio set enabled
May 05 12:36:34 ubuntu tailscaled[888]: ,{"logtail":{"client_time":"2026-05-05T19:13:43.925400856Z","proc_id":1828866248,"proc_seq":252},"v":1,"text":"control: HostInfo: {\"IPNVersion\":\"1.96.4-t8cf541dfd-g62bc84ce7\",\"BackendLogID\":\"139db83bfd772ae47e515f40dc09abd8bd00123393de9ba40f99148d4f8197a9\",\"OS\":\"linux\",\"OSVersion\":\"5.15.148-tegra\",\"Container\":false,\"Distro\":\"ubuntu\",\"DistroVersion\":\"22.04\",\"DistroCodeName\":\"jammy\",\"Desktop\":false,\"DeviceModel\":\"NVIDIA Jetson AGX Orin Developer Kit\",\"Hostname\":\"ubuntu\",\"AllowsUpdate\":true,\"Machine\":\"aarch64\",\"GoArch\":\"arm64\",\"GoArchVar\":\"v8.0\",\"GoVersion\":\"go1.26.1\",\"Services\":[{\"Proto\":\"peerapi4\",\"Port\":63476},{\"Proto\":\"peerapi6\",\"Port\":1},{\"Proto\":\"peerapi-dns-proxy\",\"Port\":1}],\"Userspace\":false,\"UserspaceRouter\":false,\"AppConnector\":false,\"TPM\":{\"Manufacturer\":\"MSFT\",\"Vendor\":\"SSE fTPM\",\"Model\":1,\"FirmwareVersion\":2312606173956690688,\"SpecRevision\":162,\"FamilyIndicator\":\"2.0\"},\"StateEncrypted\":false}\n"}
May 05 12:36:34 ubuntu tailscaled[888]: ,{"logtail":{"client_time":"2026-05-05T19:13:43.925473752Z","proc_id":1828866248,"proc_seq":253},"v":1,"text":"control: PollNetMap: stream=false ep=[]\n"}
May 05 12:36:34 ubuntu tailscaled[888]: ,{"logtail":{"client_time":"2026-05-05T19:13:43.928735032Z","proc_id":1828866248,"proc_seq":254},"text":"listening on 100.93.121.3:443\n"}
May 05 12:36:34 ubuntu tailscaled[888]: ,{"logtail":{"client_time":"2026-05-05T19:13:44.080782616Z","proc_id":1828866248,"proc_seq":255},"v":1,"text":"control: successful lite map update in 155ms\n"}
May 05 12:36:34 ubuntu bluetoothd[759]: plugins/hostname.c:property_changed() chassis:
May 05 12:36:34 ubuntu NetworkManager[761]: <info>  [1778009794.7591] manager[0xaaaae509a000]: rfkill: WWAN hardware radio set enabled
May 05 12:36:34 ubuntu tailscaled[888]: ,{"logtail":{"client_time":"2026-05-05T19:13:44.109053112Z","proc_id":1828866248,"proc_seq":256},"v":1,"text":"netcheck: report: udp=true v6=true mapvarydest=true portmap= v4a=134.71.249.251:47932 v6a=[2620:df:8000:4781:0:2:a066:8205]:41641 derp=17 derpdist=1v4:72ms,1v6:71ms,2v4:15ms,2v6:20ms,3v4:171ms,3v6:187ms,4v4:156ms,4v6:149ms,5v4:141ms,5v6:146ms,6v4:222ms,7v4:111ms,7v6:113ms,8v4:144ms,8v6:140ms,9v4:39ms,9v6:39ms,10v4:39ms,10v6:31ms,11v4:209ms,11v6:165ms,12v4:52ms,12v6:56ms,13v4:39ms,13v6:39ms,14v4:197ms,14v6:144ms,16v4:63ms,16v6:60ms,17v4:9ms,17v6:4ms,18v4:145ms,18v6:136ms,19v4:159ms,19v6:128ms,20v4:182ms,20v6:143ms,21v4:68ms,21v6:62ms,22v4:173ms,22v6:164ms,23v4:242ms,23v6:245ms,24v4:60ms,26v4:171ms,26v6:164ms,27v4:68ms,27v6:64ms,28v4:187ms,28v6:156ms\n"}
May 05 12:36:34 ubuntu tailscaled[888]: ,{"logtail":{"client_time":"2026-05-05T19:13:44.109231032Z","proc_id":1828866248,"proc_seq":257},"text":"magicsock: home DERP changing from derp-0 [0ms] to derp-17 [3ms]\n"}
May 05 12:36:34 ubuntu tailscaled[888]: ,{"logtail":{"client_time":"2026-05-05T19:13:44.109302296Z","proc_id":1828866248,"proc_seq":258},"text":"magicsock: home is now derp-17 (lax)\n"}
May 05 12:36:34 ubuntu tailscaled[888]: ,{"logtail":{"client_time":"2026-05-05T19:13:44.10940524Z","proc_id":1828866248,"proc_seq":259},"text":"magicsock: adding connection to derp-17 for home-keep-alive\n"}
May 05 12:36:34 ubuntu tailscaled[888]: ,{"logtail":{"client_time":"2026-05-05T19:13:44.109553208Z","proc_id":1828866248,"proc_seq":260},"text":"health(warnable=no-derp-home): ok\n"}
May 05 12:36:34 ubuntu tailscaled[888]: ,{"logtail":{"client_time":"2026-05-05T19:13:44.10974364Z","proc_id":1828866248,"proc_seq":261},"text":"magicsock: 1 active derp conns: derp-17=cr0s,wr0s\n"}
May 05 12:36:34 ubuntu tailscaled[888]: ,{"logtail":{"client_time":"2026-05-05T19:13:44.109882872Z","proc_id":1828866248,"proc_seq":262},"text":"derphttp.Client.Connect: connecting to derp-17 (lax)\n"}
May 05 12:36:34 ubuntu tailscaled[888]: ,{"logtail":{"client_time":"2026-05-05T19:13:44.11005308Z","proc_id":1828866248,"proc_seq":263},"text":"control: NetInfo: NetInfo{varies=true ipv6=true ipv6os=true udp=true icmpv4=false derp=#17 portmap= link=\"\" firewallmode=\"ipt-default\"}\n"}
May 05 12:36:34 ubuntu tailscaled[888]: ,{"logtail":{"client_time":"2026-05-05T19:13:44.110123288Z","proc_id":1828866248,"proc_seq":264},"v":1,"text":"control: PollNetMap: stream=false ep=[]\n"}
May 05 12:36:34 ubuntu tailscaled[888]: ,{"logtail":{"client_time":"2026-05-05T19:13:44.110405592Z","proc_id":1828866248,"proc_seq":265},"text":"magicsock: endpoints changed: 134.71.249.251:47932 (stun), [2620:df:8000:4781:0:2:a066:8205]:41641 (stun), 134.71.249.251:41641 (stun4localport), 10.110.132.84:41641 (local), 172.17.0.1:41641 (local), 192.168.13.10:41641 (local)\n"}
May 05 12:36:34 ubuntu tailscaled[888]: ,{"logtail":{"client_time":"2026-05-05T19:13:44.110493624Z","proc_id":1828866248,"proc_seq":266},"v":2,"text":"control: client.newEndpoints([{134.71.249.251:47932 stun} {[2620:df:8000:4781:0:2:a066:8205]:41641 stun} {134.71.249.251:41641 stun4localport} {10.110.132.84:41641 local} {172.17.0.1:41641 local} {192.168.13.10:41641 local}])\n"}
May 05 12:36:34 ubuntu tailscaled[888]: ,{"logtail":{"client_time":"2026-05-05T19:13:44.110598936Z","proc_id":1828866248,"proc_seq":267},"text":"Switching ipn state Starting -> Running (WantRunning=true, nm=true)\n"}
May 05 12:36:34 ubuntu tailscaled[888]: ,{"logtail":{"client_time":"2026-05-05T19:13:44.131540344Z","proc_id":1828866248,"proc_seq":268},"text":"magicsock: derp-17 connected; connGen=1\n"}
May 05 12:36:34 ubuntu tailscaled[888]: ,{"logtail":{"client_time":"2026-05-05T19:13:44.131675832Z","proc_id":1828866248,"proc_seq":269},"text":"health(warnable=no-derp-connection): ok\n"}
May 05 12:36:34 ubuntu tailscaled[888]: ,{"logtail":{"client_time":"2026-05-05T19:13:44.131752952Z","proc_id":1828866248,"proc_seq":270},"text":"[RATELIMIT] format(\"health(warnable=%s): ok\")\n"}
May 05 12:36:34 ubuntu tailscaled[888]: ,{"logtail":{"client_time":"2026-05-05T19:13:44.26105404Z","proc_id":1828866248,"proc_seq":271},"v":1,"text":"control: successful lite map update in 151ms\n"}
May 05 12:36:34 ubuntu tailscaled[888]: ,{"logtail":{"client_time":"2026-05-05T19:13:44.261178136Z","proc_id":1828866248,"proc_seq":272},"v":1,"text":"control: PollNetMap: stream=false ep=[134.71.249.251:47932 [2620:df:8000:4781:0:2:a066:8205]:41641 134.71.249.251:41641 10.110.132.84:41641 172.17.0.1:41641 192.168.13.10:41641]\n"}
May 05 12:36:34 ubuntu tailscaled[888]: ,{"logtail":{"client_time":"2026-05-05T19:13:44.261201752Z","proc_id":1828866248,"proc_seq":273},"v":1,"text":"[RATELIMIT] format(\"control: PollNetMap: stream=%v ep=%v\")\n"}
May 05 12:36:34 ubuntu tailscaled[888]: ,{"logtail":{"client_time":"2026-05-05T19:13:44.361466936Z","proc_id":1828866248,"proc_seq":274},"v":1,"text":"netcheck: report: udp=true v6=true mapvarydest=true portmap= v4a=134.71.249.251:47932 v6a=[2620:df:8000:4781:0:2:a066:8205]:41641 derp=17 derpdist=2v4:16ms,2v6:16ms,10v4:29ms,17v4:4ms,17v6:4ms\n"}
May 05 12:36:34 ubuntu tailscaled[888]: ,{"logtail":{"client_time":"2026-05-05T19:13:44.369182872Z","proc_id":1828866248,"proc_seq":275},"text":"LinkChange: major, rebinding: old: interfaces.State{defaultRoute=wlP1p1s0 ifs={docker0:[172.17.0.1/16] eno1:[192.168.13.10/24 llu6] wlP1p1s0:[10.110.132.84/21 2620:df:8000:4781:0:2:a066:8205/128 llu6]} v4=true v6=true} new: interfaces.State{defaultRoute=wlP1p1s0 ifs={docker0:[172.17.0.1/16] eno1:[192.168.13.10/24 llu6] tailscale0:[100.93.121.3/32 llu6] wlP1p1s0:[10.110.132.84/21 2620:df:8000:4781:0:2:a066:8205/128 llu6]} v4=true v6=true}\n"}
May 05 12:36:34 ubuntu tailscaled[888]: ,{"logtail":{"client_time":"2026-05-05T19:13:44.36935724Z","proc_id":1828866248,"proc_seq":276},"text":"dns: Set: {DefaultResolvers:[] Routes:{tail808f0a.ts.net.:[] ts.net.:[199.247.155.53 2620:111:8007::53]}+65arpa SearchDomains:[tail808f0a.ts.net.] Hosts:8}\n"}
May 05 12:36:34 ubuntu tailscaled[888]: ,{"logtail":{"client_time":"2026-05-05T19:13:44.369453112Z","proc_id":1828866248,"proc_seq":277},"text":"dns: Resolvercfg: {Routes:{ts.net.:[199.247.155.53 2620:111:8007::53]} Hosts:8 LocalDomains:[tail808f0a.ts.net.]+65arpa}\n"}
May 05 12:36:34 ubuntu tailscaled[888]: ,{"logtail":{"client_time":"2026-05-05T19:13:44.36949884Z","proc_id":1828866248,"proc_seq":278},"text":"dns: OScfg: {Nameservers:[100.100.100.100 fd7a:115c:a1e0::53] SearchDomains:[tail808f0a.ts.net.] MatchDomains:[tail808f0a.ts.net. ts.net.]+65arpa}\n"}
May 05 12:36:34 ubuntu tailscaled[888]: ,{"logtail":{"client_time":"2026-05-05T19:13:44.378702936Z","proc_id":1828866248,"proc_seq":279},"text":"wgengine: set DNS config again after major link change\n"}
May 05 12:36:34 ubuntu tailscaled[888]: ,{"logtail":{"client_time":"2026-05-05T19:13:44.3790934Z","proc_id":1828866248,"proc_seq":280},"v":1,"text":"magicsock: peermtu: peer MTU status is false\n"}
May 05 12:36:34 ubuntu tailscaled[888]: ,{"logtail":{"client_time":"2026-05-05T19:13:44.379130488Z","proc_id":1828866248,"proc_seq":281},"v":1,"text":"[RATELIMIT] format(\"magicsock: peermtu: peer MTU status is %v\")\n"}
May 05 12:36:34 ubuntu tailscaled[888]: ,{"logtail":{"client_time":"2026-05-05T19:13:44.379179Z","proc_id":1828866248,"proc_seq":282},"text":"Rebind; defIf=\"wlP1p1s0\", ips=[10.110.132.84/21 2620:df:8000:4781:0:2:a066:8205/128 fe80::5906:404e:916c:488e/64]\n"}
May 05 12:36:34 ubuntu tailscaled[888]: ,{"logtail":{"client_time":"2026-05-05T19:13:44.379232728Z","proc_id":1828866248,"proc_seq":283},"text":"magicsock: 1 active derp conns: derp-17=cr270ms,wr270ms\n"}
May 05 12:36:34 ubuntu tailscaled[888]: ,{"logtail":{"client_time":"2026-05-05T19:13:44.37925548Z","proc_id":1828866248,"proc_seq":284},"text":"[RATELIMIT] format(\"magicsock: %v active derp conns%s\")\n"}
May 05 12:36:34 ubuntu tailscaled[888]: ,{"logtail":{"client_time":"2026-05-05T19:13:44.384477688Z","proc_id":1828866248,"proc_seq":285},"text":"post-rebind ping of DERP region 17 okay\n"}
May 05 12:36:34 ubuntu tailscaled[888]: ,{"logtail":{"client_time":"2026-05-05T19:13:44.418186072Z","proc_id":1828866248,"proc_seq":286},"v":1,"text":"control: successful lite map update in 157ms\n"}
May 05 12:36:34 ubuntu tailscaled[888]: ,{"logtail":{"client_time":"2026-05-05T19:13:44.471150136Z","proc_id":1828866248,"proc_seq":287},"text":"wgengine: idle peer [uoByi] now active, reconfiguring WireGuard\n"}
May 05 12:36:34 ubuntu tailscaled[888]: ,{"logtail":{"client_time":"2026-05-05T19:13:44.471297816Z","proc_id":1828866248,"proc_seq":288},"text":"wgengine: Reconfig: configuring userspace WireGuard config (with 1/6 peers)\n"}
May 05 12:36:34 ubuntu tailscaled[888]: ,{"logtail":{"client_time":"2026-05-05T19:13:44.47160876Z","proc_id":1828866248,"proc_seq":289},"v":2,"text":"wg: [uoByi] - UAPI: Created\n"}
May 05 12:36:34 ubuntu tailscaled[888]: ,{"logtail":{"client_time":"2026-05-05T19:13:44.471643896Z","proc_id":1828866248,"proc_seq":290},"v":2,"text":"wg: [uoByi] - UAPI: Updating endpoint\n"}
May 05 12:36:34 ubuntu tailscaled[888]: ,{"logtail":{"client_time":"2026-05-05T19:13:44.471663832Z","proc_id":1828866248,"proc_seq":291},"v":2,"text":"wg: [uoByi] - UAPI: Removing all allowedips\n"}
May 05 12:36:34 ubuntu tailscaled[888]: ,{"logtail":{"client_time":"2026-05-05T19:13:44.471690552Z","proc_id":1828866248,"proc_seq":292},"v":2,"text":"wg: [uoByi] - Starting\n"}
May 05 12:36:34 ubuntu tailscaled[888]: ,{"logtail":{"client_time":"2026-05-05T19:13:44.472308504Z","proc_id":1828866248,"proc_seq":293},"v":2,"text":"wg: [uoByi] - Received handshake initiation\n"}
May 05 12:36:34 ubuntu tailscaled[888]: ,{"logtail":{"client_time":"2026-05-05T19:13:44.472361592Z","proc_id":1828866248,"proc_seq":294},"v":2,"text":"wg: [uoByi] - Sending handshake response\n"}
May 05 12:36:34 ubuntu tailscaled[888]: ,{"logtail":{"client_time":"2026-05-05T19:13:44.473670424Z","proc_id":1828866248,"proc_seq":295},"v":1,"text":"magicsock: derp route for [uoByi] set to derp-17 (shared home)\n"}
May 05 12:36:34 ubuntu tailscaled[888]: ,{"logtail":{"client_time":"2026-05-05T19:13:44.478665528Z","proc_id":1828866248,"proc_seq":296},"text":"magicsock: disco: node [uoByi] d:4a91a6f8b8fd6310 now using 10.110.181.193:41641 mtu=1360 tx=20fdaaa080bf\n"}
May 05 12:36:34 ubuntu tailscaled[888]: ,{"logtail":{"client_time":"2026-05-05T19:13:44.483371896Z","proc_id":1828866248,"proc_seq":297},"v":1,"text":"Accept: TCP{100.125.148.82:57114 > 100.93.121.3:8090} 60 tcp ok\n"}
May 05 12:36:34 ubuntu tailscaled[888]: ,{"logtail":{"client_time":"2026-05-05T19:13:44.483610872Z","proc_id":1828866248,"proc_seq":298},"v":1,"text":"Accept: TCP{100.93.121.3:8090 > 100.125.148.82:57114} 40 ok out\n"}
May 05 12:36:34 ubuntu tailscaled[888]: ,{"logtail":{"client_time":"2026-05-05T19:13:44.494825496Z","proc_id":1828866248,"proc_seq":299},"v":1,"text":"Accept: TCP{100.125.148.82:57122 > 100.93.121.3:8090} 60 tcp ok\n"}
May 05 12:36:34 ubuntu tailscaled[888]: ,{"logtail":{"client_time":"2026-05-05T19:13:44.631991512Z","proc_id":1828866248,"proc_seq":300},"v":1,"text":"netcheck: report: udp=true v6=true mapvarydest=true portmap= v4a=134.71.249.251:47932 v6a=[2620:df:8000:4781:0:2:a066:8205]:41641 derp=17 derpdist=2v4:14ms,2v6:14ms,10v4:28ms,17v4:5ms,17v6:5ms\n"}
May 05 12:36:34 ubuntu tailscaled[888]: ,{"logtail":{"client_time":"2026-05-05T19:13:53.913172408Z","proc_id":1828866248,"proc_seq":301},"metrics":"N2anetmon_link_change_eqS0204N24netmon_link_changeS0412N30netmon_link_change_majorS060aN20portmap_pcp_sentS0806N20portmap_pmp_sentS0a06N22portmap_upnp_sentS0c06N46tsdial_changedelta_no_default_routeS0e08N1enetcheck_reportS1006N28netcheck_report_fullS1202N2enetcheck_stun_send_ipv4S146eN2enetcheck_stun_send_ipv6S166aN2enetcheck_stun_recv_ipv4S186cN2enetcheck_stun_recv_ipv6S1a66N40controlclient_auto_status_queuedS1c18N4egauge_controlclient_map_requests_activeS1e02N34controlclient_map_requestsS200aN3econtrolclient_map_requests_liteS2208N3econtrolclient_map_requests_pollS2402N44controlclient_map_response_messageS2602N3ccontrolclient_map_response_mapS2802N20tstun_in_from_wgS2aa201N1etstun_out_to_wgS2cd201N28tstun_out_to_wg_dropS2e06N36tstun_out_to_wg_drop_filterS3004N40gauge_magicsock_netmap_num_peersS320eN3cgauge_magicsock_num_derp_connsS3402N2cmagicsock_rebind_callsS360aN2cmagicsock_restun_callsS3816N34magicsock_update_endpointsS3a14N34magicsock_send_derp_queuedS3c02N24magicsock_send_udpS3ea201N26magicsock_send_derpS4002N26magicsock_send_dataS42a401N30magicsock_recv_data_derpS4402N30magicsock_recv_data_ipv4S46a201N30magicsock_send_data_derpS4802N30magicsock_send_data_ipv4S4aa201N3cmagicsock_recv_data_bytes_derpS4ca802N3cmagicsock_recv_data_bytes_ipv4S4ec079N3cmagicsock_send_data_bytes_derpS50b801N3cmagicsock_send_data_bytes_ipv4S52a065N30magicsock_disco_send_udpS5418N30magicsock_disco_sent_udpS5618N32magicsock_disco_sent_pingS5810N32magicsock_disco_sent_pongS5a08N30magicsock_disco_recv_udpS5c10N32magicsock_disco_recv_derpS5e02N32magicsock_disco_recv_pingS6008N32magicsock_disco_recv_pongS6208N40magicsock_disco_recv_callmemaybeS6402N2cwgengine_major_changesS660aN2cwgengine_minor_changesS6808N1eprofiles_switchS6a02N28gauge_profiles_countS6c02N5agauge_dns_manager_linux_mode_systemd_resolvedS6e02","v":1,"text":"[RATELIMIT] format(\"%s: backoff: %d msec\") (11 dropped)\n"}
May 05 12:36:34 ubuntu tailscaled[888]: ,{"logtail":{"client_time":"2026-05-05T19:13:53.913463064Z","proc_id":1828866248,"proc_seq":302},"v":1,"text":"serve-listener: backoff: 2255 msec\n"}
May 05 12:36:34 ubuntu tailscaled[888]: ,{"logtail":{"client_time":"2026-05-05T19:13:54.631185464Z","proc_id":1828866248,"proc_seq":303},"v":1,"text":"Accept: TCP{100.125.148.82:35136 > 100.93.121.3:8090} 60 tcp ok\n"}
May 05 12:36:34 ubuntu tailscaled[888]: ,{"logtail":{"client_time":"2026-05-05T19:13:55.400792184Z","proc_id":1828866248,"proc_seq":304},"text":"monitor: RTM_NEWROUTE: src=, dst=, gw=192.168.13.31, outif=5, table=254\n"}
May 05 12:36:34 ubuntu tailscaled[888]: ,{"logtail":{"client_time":"2026-05-05T19:13:55.400943992Z","proc_id":1828866248,"proc_seq":305},"text":"monitor: RTM_DELROUTE: src=, dst=, gw=192.168.13.31, outif=5, table=254\n"}
May 05 12:36:34 ubuntu tailscaled[888]: ,{"logtail":{"client_time":"2026-05-05T19:13:55.40253644Z","proc_id":1828866248,"proc_seq":306},"text":"tsdial: closing system connection [2620:df:8000:4781:0:2:a066:8205]:44448->[2606:b740:49::105]:80 due to link change\n"}
May 05 12:36:34 ubuntu tailscaled[888]: ,{"logtail":{"client_time":"2026-05-05T19:13:55.402856568Z","proc_id":1828866248,"proc_seq":307},"v":1,"text":"[RATELIMIT] format(\"control: %s: backoff: %d msec\") (5 dropped)\n"}
May 05 12:36:34 ubuntu tailscaled[888]: ,{"logtail":{"client_time":"2026-05-05T19:13:55.402891096Z","proc_id":1828866248,"proc_seq":308},"v":1,"text":"control: mapRoutine: backoff: 10 msec\n"}
May 05 12:36:34 ubuntu tailscaled[888]: ,{"logtail":{"client_time":"2026-05-05T19:13:55.403030072Z","proc_id":1828866248,"proc_seq":309},"text":"LinkChange: major, rebinding: old: interfaces.State{defaultRoute=wlP1p1s0 ifs={docker0:[172.17.0.1/16] eno1:[192.168.13.10/24 llu6] tailscale0:[100.93.121.3/32 llu6] wlP1p1s0:[10.110.132.84/21 2620:df:8000:4781:0:2:a066:8205/128 llu6]} v4=true v6=true} new: interfaces.State{defaultRoute=eno1 ifs={docker0:[172.17.0.1/16] eno1:[192.168.13.10/24 llu6] tailscale0:[100.93.121.3/32 llu6] wlP1p1s0:[10.110.132.84/21 2620:df:8000:4781:0:2:a066:8205/128 llu6]} v4=true v6=true}\n"}
May 05 12:36:34 ubuntu tailscaled[888]: ,{"logtail":{"client_time":"2026-05-05T19:13:55.403210584Z","proc_id":1828866248,"proc_seq":310},"text":"dns: Set: {DefaultResolvers:[] Routes:{tail808f0a.ts.net.:[] ts.net.:[199.247.155.53 2620:111:8007::53]}+65arpa SearchDomains:[tail808f0a.ts.net.] Hosts:8}\n"}
May 05 12:36:34 ubuntu tailscaled[888]: ,{"logtail":{"client_time":"2026-05-05T19:13:55.403368504Z","proc_id":1828866248,"proc_seq":311},"text":"dns: Resolvercfg: {Routes:{ts.net.:[199.247.155.53 2620:111:8007::53]} Hosts:8 LocalDomains:[tail808f0a.ts.net.]+65arpa}\n"}
May 05 12:36:34 ubuntu tailscaled[888]: ,{"logtail":{"client_time":"2026-05-05T19:13:55.403416632Z","proc_id":1828866248,"proc_seq":312},"text":"dns: OScfg: {Nameservers:[100.100.100.100 fd7a:115c:a1e0::53] SearchDomains:[tail808f0a.ts.net.] MatchDomains:[tail808f0a.ts.net. ts.net.]+65arpa}\n"}
May 05 12:36:34 ubuntu tailscaled[888]: ,{"logtail":{"client_time":"2026-05-05T19:13:55.411812664Z","proc_id":1828866248,"proc_seq":313},"text":"wgengine: set DNS config again after major link change\n"}
May 05 12:36:34 ubuntu tailscaled[888]: ,{"logtail":{"client_time":"2026-05-05T19:13:55.41217308Z","proc_id":1828866248,"proc_seq":314},"text":"[RATELIMIT] format(\"router: portUpdate(port=%v, network=%s)\") (6 dropped)\n"}
May 05 12:36:34 ubuntu tailscaled[888]: ,{"logtail":{"client_time":"2026-05-05T19:13:55.41221772Z","proc_id":1828866248,"proc_seq":315},"text":"router: portUpdate(port=41641, network=udp6)\n"}
May 05 12:36:34 ubuntu tailscaled[888]: ,{"logtail":{"client_time":"2026-05-05T19:13:55.412272376Z","proc_id":1828866248,"proc_seq":316},"v":1,"text":"magicsock: peermtu: peer MTU status is false\n"}
May 05 12:36:34 ubuntu tailscaled[888]: ,{"logtail":{"client_time":"2026-05-05T19:13:55.41234188Z","proc_id":1828866248,"proc_seq":317},"text":"router: portUpdate(port=41641, network=udp4)\n"}
May 05 12:36:34 ubuntu tailscaled[888]: ,{"logtail":{"client_time":"2026-05-05T19:13:55.412408952Z","proc_id":1828866248,"proc_seq":318},"text":"Rebind; defIf=\"eno1\", ips=[192.168.13.10/24 fe80::a50b:2714:3865:7f72/64]\n"}
May 05 12:36:34 ubuntu tailscaled[888]: ,{"logtail":{"client_time":"2026-05-05T19:13:55.412488952Z","proc_id":1828866248,"proc_seq":319},"text":"magicsock: closing connection to derp-17 (rebind-default-route-change), age 11s\n"}
May 05 12:36:34 ubuntu bluetoothd[759]: src/adapter.c:local_name_changed_callback() Name: ubuntu
May 05 12:36:34 ubuntu tailscaled[888]: ,{"logtail":{"client_time":"2026-05-05T19:13:55.412551256Z","proc_id":1828866248,"proc_seq":320},"text":"magicsock: 0 active derp conns\n"}
May 05 12:36:34 ubuntu tailscaled[888]: ,{"logtail":{"client_time":"2026-05-05T19:13:55.412645112Z","proc_id":1828866248,"proc_seq":321},"text":"magicsock: adding connection to derp-17 for home-keep-alive\n"}
May 05 12:36:34 ubuntu tailscaled[888]: ,{"logtail":{"client_time":"2026-05-05T19:13:55.412872184Z","proc_id":1828866248,"proc_seq":322},"text":"magicsock: 1 active derp conns: derp-17=cr0s,wr0s\n"}
May 05 12:36:34 ubuntu tailscaled[888]: ,{"logtail":{"client_time":"2026-05-05T19:13:55.412919096Z","proc_id":1828866248,"proc_seq":323},"text":"[RATELIMIT] format(\"magicsock: %v active derp conns%s\")\n"}
May 05 12:36:34 ubuntu tailscaled[888]: ,{"logtail":{"client_time":"2026-05-05T19:13:55.413224408Z","proc_id":1828866248,"proc_seq":324},"text":"derphttp.Client.Recv: connecting to derp-17 (lax)\n"}
May 05 12:36:34 ubuntu tailscaled[888]: ,{"logtail":{"client_time":"2026-05-05T19:13:55.413557208Z","proc_id":1828866248,"proc_seq":325},"v":1,"text":"peer keys: [uoByi]\n"}
May 05 12:36:34 ubuntu tailscaled[888]: ,{"logtail":{"client_time":"2026-05-05T19:13:55.413667416Z","proc_id":1828866248,"proc_seq":326},"v":1,"text":"v1.96.4-t8cf541dfd-g62bc84ce7 peers: 9364/8548\n"}
May 05 12:36:34 ubuntu tailscaled[888]: ,{"logtail":{"client_time":"2026-05-05T19:13:55.413761176Z","proc_id":1828866248,"proc_seq":327},"text":"health(warnable=no-derp-connection): ok\n"}
May 05 12:36:34 ubuntu tailscaled[888]: ,{"logtail":{"client_time":"2026-05-05T19:13:55.413887768Z","proc_id":1828866248,"proc_seq":328},"v":1,"text":"[RATELIMIT] format(\"control: %s: %v\") (5 dropped)\n"}
May 05 12:36:34 ubuntu tailscaled[888]: ,{"logtail":{"client_time":"2026-05-05T19:13:55.413934328Z","proc_id":1828866248,"proc_seq":329},"v":1,"text":"control: PollNetMap: read tcp [2620:df:8000:4781:0:2:a066:8205]:44448->[2606:b740:49::105]:80: use of closed network connection\n"}
May 05 12:36:34 ubuntu tailscaled[888]: ,{"logtail":{"client_time":"2026-05-05T19:13:55.413971352Z","proc_id":1828866248,"proc_seq":330},"v":1,"text":"[RATELIMIT] format(\"control: sendStatus: %s: loggedIn=%v inMapPoll=%v\") (7 dropped)\n"}
May 05 12:36:34 ubuntu tailscaled[888]: ,{"logtail":{"client_time":"2026-05-05T19:13:55.413986296Z","proc_id":1828866248,"proc_seq":331},"v":1,"text":"control: sendStatus: mapRoutine1: loggedIn=true inMapPoll=false\n"}
May 05 12:36:34 ubuntu bluetoothd[759]: src/adapter.c:local_name_changed_callback() Short name:
May 05 12:36:34 ubuntu tailscaled[888]: ,{"logtail":{"client_time":"2026-05-05T19:13:55.414005944Z","proc_id":1828866248,"proc_seq":332},"v":1,"text":"control: mapRoutine: loggedIn=true\n"}
May 05 12:36:34 ubuntu tailscaled[888]: ,{"logtail":{"client_time":"2026-05-05T19:13:55.414089976Z","proc_id":1828866248,"proc_seq":333},"text":"health(warnable=no-derp-connection): ok\n"}
May 05 12:36:34 ubuntu tailscaled[888]: ,{"logtail":{"client_time":"2026-05-05T19:13:55.41418812Z","proc_id":1828866248,"proc_seq":334},"text":"monitor: gateway and self IP changed: gw=192.168.13.31 self=192.168.13.10\n"}
May 05 12:36:34 ubuntu tailscaled[888]: ,{"logtail":{"client_time":"2026-05-05T19:13:55.414231672Z","proc_id":1828866248,"proc_seq":335},"v":1,"text":"control: PollNetMap: stream=true ep=[134.71.249.251:47932 [2620:df:8000:4781:0:2:a066:8205]:41641 134.71.249.251:41641 10.110.132.84:41641 172.17.0.1:41641 192.168.13.10:41641]\n"}
May 05 12:36:34 ubuntu tailscaled[888]: ,{"logtail":{"client_time":"2026-05-05T19:13:55.414398584Z","proc_id":1828866248,"proc_seq":336},"text":"[RATELIMIT] format(\"Received error: %v\") (5 dropped)\n"}
May 05 12:36:34 ubuntu tailscaled[888]: ,{"logtail":{"client_time":"2026-05-05T19:13:55.414479384Z","proc_id":1828866248,"proc_seq":337},"text":"Received error: PollNetMap: read tcp [2620:df:8000:4781:0:2:a066:8205]:44448->[2606:b740:49::105]:80: use of closed network connection\n"}
May 05 12:36:34 ubuntu tailscaled[888]: ,{"logtail":{"client_time":"2026-05-05T19:13:55.414561752Z","proc_id":1828866248,"proc_seq":338},"text":"health(warnable=no-derp-connection): ok\n"}
May 05 12:36:34 ubuntu tailscaled[888]: ,{"logtail":{"client_time":"2026-05-05T19:13:55.414590136Z","proc_id":1828866248,"proc_seq":339},"text":"[RATELIMIT] format(\"health(warnable=%s): ok\")\n"}
May 05 12:36:34 ubuntu tailscaled[888]: ,{"logtail":{"client_time":"2026-05-05T19:13:55.415159768Z","proc_id":1828866248,"proc_seq":340},"v":2,"text":"control: controlhttp: waited 0.00 seconds, dialing \"controlplane.tailscale.com\" @ 2606:b740:49::109\n"}
May 05 12:36:34 ubuntu tailscaled[888]: ,{"logtail":{"client_time":"2026-05-05T19:13:55.415234776Z","proc_id":1828866248,"proc_seq":341},"text":"control: controlhttp: forcing port 443 dial due to recent noise dial\n"}
May 05 12:36:34 ubuntu tailscaled[888]: ,{"logtail":{"client_time":"2026-05-05T19:13:55.434495576Z","proc_id":1828866248,"proc_seq":342},"text":"magicsock: derp-17 connected; connGen=1\n"}
May 05 12:36:34 ubuntu bluetoothd[759]: src/adapter.c:local_name_changed_callback() Current alias: ubuntu
May 05 12:36:34 ubuntu tailscaled[888]: ,{"logtail":{"client_time":"2026-05-05T19:13:55.665428632Z","proc_id":1828866248,"proc_seq":343},"v":1,"text":"netcheck: report: udp=true v6=true mapvarydest=true portmap= v4a=166.170.48.3:13610 v6a=[2620:df:8000:4781:0:2:a066:8205]:41641 derp=17 derpdist=2v4:58ms,2v6:15ms,10v4:77ms,17v4:49ms,17v6:5ms\n"}
May 05 12:36:34 ubuntu tailscaled[888]: ,{"logtail":{"client_time":"2026-05-05T19:13:55.6666486Z","proc_id":1828866248,"proc_seq":344},"text":"magicsock: endpoints changed: 166.170.48.3:13610 (stun), [2620:df:8000:4781:0:2:a066:8205]:41641 (stun), 166.170.48.3:41641 (stun4localport), 134.71.249.251:41641 (stun4localport), 134.71.249.251:47932 (stun), 10.110.132.84:41641 (local), 172.17.0.1:41641 (local), 192.168.13.10:41641 (local)\n"}
May 05 12:36:34 ubuntu tailscaled[888]: ,{"logtail":{"client_time":"2026-05-05T19:13:55.66674316Z","proc_id":1828866248,"proc_seq":345},"v":2,"text":"control: client.newEndpoints([{166.170.48.3:13610 stun} {[2620:df:8000:4781:0:2:a066:8205]:41641 stun} {166.170.48.3:41641 stun4localport} {134.71.249.251:41641 stun4localport} {134.71.249.251:47932 stun} {10.110.132.84:41641 local} {172.17.0.1:41641 local} {192.168.13.10:41641 local}])\n"}
May 05 12:36:34 ubuntu tailscaled[888]: ,{"logtail":{"client_time":"2026-05-05T19:13:55.666855416Z","proc_id":1828866248,"proc_seq":346},"v":1,"text":"control: PollNetMap: stream=false ep=[166.170.48.3:13610 [2620:df:8000:4781:0:2:a066:8205]:41641 166.170.48.3:41641 134.71.249.251:41641 134.71.249.251:47932 10.110.132.84:41641 172.17.0.1:41641 192.168.13.10:41641]\n"}
May 05 12:36:34 ubuntu tailscaled[888]: ,{"logtail":{"client_time":"2026-05-05T19:13:55.666884952Z","proc_id":1828866248,"proc_seq":347},"v":1,"text":"[RATELIMIT] format(\"control: PollNetMap: stream=%v ep=%v\")\n"}
May 05 12:36:34 ubuntu tailscaled[888]: ,{"logtail":{"client_time":"2026-05-05T19:13:55.715612888Z","proc_id":1828866248,"proc_seq":348},"v":2,"text":"control: controlhttp: waited 0.30 seconds, dialing \"controlplane.tailscale.com\" @ 192.200.0.109\n"}
May 05 12:36:34 ubuntu tailscaled[888]: ,{"logtail":{"client_time":"2026-05-05T19:13:55.856682584Z","proc_id":1828866248,"proc_seq":349},"v":1,"text":"control: controlhttp: succeeded dialing \"controlplane.tailscale.com\" @ 2606:b740:49::109 from dial plan\n"}
May 05 12:36:34 ubuntu tailscaled[888]: ,{"logtail":{"client_time":"2026-05-05T19:13:56.006803768Z","proc_id":1828866248,"proc_seq":350},"v":1,"controltime":"2026-05-05T19:19:55.727265109Z"}
May 05 12:36:34 ubuntu tailscaled[888]: ,{"logtail":{"client_time":"2026-05-05T19:13:56.00690092Z","proc_id":1828866248,"proc_seq":351},"text":"control: netmap: got new dial plan from control\n"}
May 05 12:36:34 ubuntu tailscaled[888]: ,{"logtail":{"client_time":"2026-05-05T19:13:56.007003288Z","proc_id":1828866248,"proc_seq":352},"v":1,"text":"netmap: flagExpiredPeers: setting clock delta to 5m59.720276093s\n"}
May 05 12:36:34 ubuntu tailscaled[888]: ,{"logtail":{"client_time":"2026-05-05T19:13:56.007299224Z","proc_id":1828866248,"proc_seq":353},"v":1,"text":"control: new network map (periodic):\nnetmap: self: [mIemT] auth=machine-authorized u=autovehiclelab@gmail.com [100.93.121.3/32 fd7a:115c:a1e0::c536:7903/128]\n"}
May 05 12:36:34 ubuntu tailscaled[888]: ,{"logtail":{"client_time":"2026-05-05T19:13:56.007348632Z","proc_id":1828866248,"proc_seq":354},"v":1,"text":"control: mapRoutine: netmap received: loggedIn=true inMapPoll=true\n"}
May 05 12:36:34 ubuntu tailscaled[888]: ,{"logtail":{"client_time":"2026-05-05T19:13:56.007377784Z","proc_id":1828866248,"proc_seq":355},"v":1,"text":"control: sendStatus: mapRoutine-got-netmap: loggedIn=true inMapPoll=true\n"}
May 05 12:36:34 ubuntu tailscaled[888]: ,{"logtail":{"client_time":"2026-05-05T19:13:56.007908376Z","proc_id":1828866248,"proc_seq":356},"v":1,"text":"magicsock: got updated network map; 7 peers\n"}
May 05 12:36:34 ubuntu tailscaled[888]: ,{"logtail":{"client_time":"2026-05-05T19:13:56.008151928Z","proc_id":1828866248,"proc_seq":357},"v":1,"text":"netmap packet filter: 1 filters\n"}
May 05 12:36:34 ubuntu tailscaled[888]: ,{"logtail":{"client_time":"2026-05-05T19:13:56.00830028Z","proc_id":1828866248,"proc_seq":358},"v":1,"text":"netmap diff: (none)\n"}
May 05 12:36:34 ubuntu tailscaled[888]: ,{"logtail":{"client_time":"2026-05-05T19:13:56.008785688Z","proc_id":1828866248,"proc_seq":359},"text":"netmap: suggested exit node:  ()\n"}
May 05 12:36:34 ubuntu tailscaled[888]: ,{"logtail":{"client_time":"2026-05-05T19:13:56.009176792Z","proc_id":1828866248,"proc_seq":360},"v":1,"text":"wgcfg: skipped expired peers from 1 nodes: sim-chair (nK1HYHjmkf11CNTRL)\n"}
May 05 12:36:34 ubuntu tailscaled[888]: ,{"logtail":{"client_time":"2026-05-05T19:13:56.144927512Z","proc_id":1828866248,"proc_seq":361},"v":1,"text":"control: successful lite map update in 478ms\n"}
May 05 12:36:34 ubuntu tailscaled[888]: ,{"logtail":{"client_time":"2026-05-05T19:13:56.169232792Z","proc_id":1828866248,"proc_seq":362},"v":1,"text":"serve-listener: backoff: 3391 msec\n"}
May 05 12:36:34 ubuntu tailscaled[888]: ,{"logtail":{"client_time":"2026-05-05T19:13:56.16928796Z","proc_id":1828866248,"proc_seq":363},"v":1,"text":"[RATELIMIT] format(\"%s: backoff: %d msec\")\n"}
May 05 12:36:34 ubuntu tailscaled[888]: ,{"logtail":{"client_time":"2026-05-05T19:20:02.964954687Z","proc_id":1828866248,"proc_seq":364},"text":"LinkChange: major, rebinding: old: interfaces.State{defaultRoute=eno1 ifs={docker0:[172.17.0.1/16] eno1:[192.168.13.10/24 llu6] tailscale0:[100.93.121.3/32 llu6] wlP1p1s0:[10.110.132.84/21 2620:df:8000:4781:0:2:a066:8205/128 llu6]} v4=true v6=true} new: interfaces.State{defaultRoute=eno1 ifs={docker0:[172.17.0.1/16] eno1:[192.168.13.10/24 llu6] tailscale0:[100.93.121.3/32 llu6] wlP1p1s0:[10.110.132.84/21 2620:df:8000:4781:0:2:a066:8205/128 llu6]} v4=true v6=true}\n"}
May 05 12:36:34 ubuntu tailscaled[888]: ,{"logtail":{"client_time":"2026-05-05T19:20:02.965157439Z","proc_id":1828866248,"proc_seq":365},"text":"dns: Set: {DefaultResolvers:[] Routes:{tail808f0a.ts.net.:[] ts.net.:[199.247.155.53 2620:111:8007::53]}+65arpa SearchDomains:[tail808f0a.ts.net.] Hosts:8}\n"}
May 05 12:36:34 ubuntu tailscaled[888]: ,{"logtail":{"client_time":"2026-05-05T19:20:02.965255231Z","proc_id":1828866248,"proc_seq":366},"text":"dns: Resolvercfg: {Routes:{ts.net.:[199.247.155.53 2620:111:8007::53]} Hosts:8 LocalDomains:[tail808f0a.ts.net.]+65arpa}\n"}
May 05 12:36:34 ubuntu tailscaled[888]: ,{"logtail":{"client_time":"2026-05-05T19:20:02.965302975Z","proc_id":1828866248,"proc_seq":367},"text":"dns: OScfg: {Nameservers:[100.100.100.100 fd7a:115c:a1e0::53] SearchDomains:[tail808f0a.ts.net.] MatchDomains:[tail808f0a.ts.net. ts.net.]+65arpa}\n"}
May 05 12:36:34 ubuntu tailscaled[888]: ,{"logtail":{"client_time":"2026-05-05T19:20:02.972024479Z","proc_id":1828866248,"proc_seq":368},"text":"wgengine: set DNS config again after major link change\n"}
May 05 12:36:34 ubuntu NetworkManager[761]: <info>  [1778009794.7630] Loaded device plugin: NMWwanFactory (/usr/lib/aarch64-linux-gnu/NetworkManager/1.36.6/libnm-device-plugin-wwan.so)
May 05 12:36:34 ubuntu tailscaled[888]: ,{"logtail":{"client_time":"2026-05-05T19:20:02.972394655Z","proc_id":1828866248,"proc_seq":369},"text":"router: portUpdate(port=41641, network=udp6)\n"}
May 05 12:36:34 ubuntu tailscaled[888]: ,{"logtail":{"client_time":"2026-05-05T19:20:02.972491647Z","proc_id":1828866248,"proc_seq":370},"v":1,"text":"magicsock: peermtu: peer MTU status is false\n"}
May 05 12:36:34 ubuntu tailscaled[888]: ,{"logtail":{"client_time":"2026-05-05T19:20:02.972570719Z","proc_id":1828866248,"proc_seq":371},"text":"Rebind; defIf=\"eno1\", ips=[192.168.13.10/24 fe80::a50b:2714:3865:7f72/64]\n"}
May 05 12:36:34 ubuntu tailscaled[888]: ,{"logtail":{"client_time":"2026-05-05T19:20:02.972623231Z","proc_id":1828866248,"proc_seq":372},"text":"magicsock: closing connection to derp-17 (rebind-default-route-change), age 8s\n"}
May 05 12:36:34 ubuntu tailscaled[888]: ,{"logtail":{"client_time":"2026-05-05T19:20:02.972707615Z","proc_id":1828866248,"proc_seq":373},"text":"router: portUpdate(port=41641, network=udp4)\n"}
May 05 12:36:34 ubuntu tailscaled[888]: ,{"logtail":{"client_time":"2026-05-05T19:20:02.972807167Z","proc_id":1828866248,"proc_seq":374},"text":"magicsock: adding connection to derp-17 for home-keep-alive\n"}
May 05 12:36:34 ubuntu tailscaled[888]: ,{"logtail":{"client_time":"2026-05-05T19:20:02.973044735Z","proc_id":1828866248,"proc_seq":375},"text":"derphttp.Client.Recv: connecting to derp-17 (lax)\n"}
May 05 12:36:34 ubuntu tailscaled[888]: ,{"logtail":{"client_time":"2026-05-05T19:20:02.973175423Z","proc_id":1828866248,"proc_seq":376},"v":1,"text":"v1.96.4-t8cf541dfd-g62bc84ce7 peers: 15700/14356\n"}
May 05 12:36:34 ubuntu tailscaled[888]: ,{"logtail":{"client_time":"2026-05-05T19:20:02.998087423Z","proc_id":1828866248,"proc_seq":377},"text":"magicsock: derp-17 connected; connGen=1\n"}
May 05 12:36:34 ubuntu tailscaled[888]: ,{"logtail":{"client_time":"2026-05-05T19:20:03.224848223Z","proc_id":1828866248,"proc_seq":378},"v":1,"text":"netcheck: report: udp=true v6=true mapvarydest=true portmap= v4a=166.170.48.3:13610 v6a=[2620:df:8000:4781:0:2:a066:8205]:41641 derp=17 derpdist=2v4:43ms,2v6:17ms,10v4:66ms,17v4:39ms,17v6:4ms\n"}
May 05 12:36:34 ubuntu tailscaled[888]: ,{"logtail":{"client_time":"2026-05-05T19:20:04.604988831Z","proc_id":1828866248,"proc_seq":379},"v":1,"text":"Accept: TCP{100.125.148.82:32774 > 100.93.121.3:8090} 60 tcp ok\n"}
May 05 12:36:34 ubuntu tailscaled[888]: ,{"logtail":{"client_time":"2026-05-05T19:20:05.433858047Z","proc_id":1828866248,"proc_seq":380},"v":1,"text":"[RATELIMIT] format(\"%s: backoff: %d msec\") (3 dropped)\n"}
May 05 12:36:34 ubuntu tailscaled[888]: ,{"logtail":{"client_time":"2026-05-05T19:20:05.433933055Z","proc_id":1828866248,"proc_seq":381},"v":1,"text":"serve-listener: backoff: 4764 msec\n"}
May 05 12:36:34 ubuntu tailscaled[888]: ,{"logtail":{"client_time":"2026-05-05T19:20:10.198935391Z","proc_id":1828866248,"proc_seq":382},"metrics":"I0202I0404N36netmon_link_change_timejumpS7002I0604I0804I0a04I0c04N30tsdial_linkchange_closesS7202I1004I1414I160aI1814I1a0aI1c04I2004I2202I2402I2602I2802I2a9a02I2cca02I2e16I3016I3604I3804I3a04I3c8402I3e1eI40fc01I429a02I44a601I469a02I48fc01I4a1eI4cc07cI4ec0d301I50c09d01I52e012I5446N32magicsock_disco_send_derpS7408I5646N32magicsock_disco_sent_derpS7608I5832I5a14N40magicsock_disco_sent_callmemaybeS7808I5c14I5e02I6014I6402N3cderp_home_no_change_no_controlS7a02I6604","v":1,"text":"serve-listener: backoff: 4123 msec\n"}
May 05 12:36:34 ubuntu tailscaled[888]: ,{"logtail":{"client_time":"2026-05-05T19:20:14.323270079Z","proc_id":1828866248,"proc_seq":383},"v":1,"text":"serve-listener: backoff: 2547 msec\n"}
May 05 12:36:34 ubuntu tailscaled[888]: ,{"logtail":{"client_time":"2026-05-05T19:20:14.411186303Z","proc_id":1828866248,"proc_seq":384},"v":1,"text":"Accept: TCP{100.125.148.82:40528 > 100.93.121.3:8090} 60 tcp ok\n"}
May 05 12:36:34 ubuntu tailscaled[888]: ,{"logtail":{"client_time":"2026-05-05T19:20:16.872133407Z","proc_id":1828866248,"proc_seq":385},"v":1,"text":"serve-listener: backoff: 4205 msec\n"}
May 05 12:36:34 ubuntu tailscaled[888]: ,{"logtail":{"client_time":"2026-05-05T19:20:16.872257183Z","proc_id":1828866248,"proc_seq":386},"v":1,"text":"[RATELIMIT] format(\"%s: backoff: %d msec\")\n"}
May 05 12:36:34 ubuntu tailscaled[888]: ,{"logtail":{"client_time":"2026-05-05T19:20:24.394784927Z","proc_id":1828866248,"proc_seq":387},"v":1,"text":"[RATELIMIT] format(\"%s: backoff: %d msec\") (1 dropped)\n"}
May 05 12:36:34 ubuntu tailscaled[888]: ,{"logtail":{"client_time":"2026-05-05T19:20:24.394883487Z","proc_id":1828866248,"proc_seq":388},"v":1,"text":"serve-listener: backoff: 9336 msec\n"}
May 05 12:36:34 ubuntu tailscaled[888]: ,{"logtail":{"client_time":"2026-05-05T19:20:24.568428415Z","proc_id":1828866248,"proc_seq":389},"v":1,"text":"Accept: TCP{100.125.148.82:38124 > 100.93.121.3:8090} 60 tcp ok\n"}
May 05 12:36:34 ubuntu tailscaled[888]: ,{"logtail":{"client_time":"2026-05-05T19:20:28.255467551Z","proc_id":1828866248,"proc_seq":390},"metrics":"I0802I0a02I0c02I1002I140aI1604I180aI1a04I2ab802I2cc202I3802I3a02I3cba02I40b802I42b802I44b802I46b802I48b802I4c80ea01I4e80ea01I5080c301I542cI7402I562cI7602I581eI5a0eI7802I5c0eI5e04I600eI6404","v":1,"text":"netcheck: report: udp=true v6=true mapvarydest=true portmap= v4a=166.170.48.3:13610 v6a=[2620:df:8000:4781:0:2:a066:8205]:41641 derp=17 derpdist=2v4:45ms,2v6:16ms,10v4:67ms,17v4:38ms,17v6:5ms\n"}
May 05 12:36:34 ubuntu tailscaled[888]: ,{"logtail":{"client_time":"2026-05-05T19:20:33.732159489Z","proc_id":1828866248,"proc_seq":391},"v":1,"text":"serve-listener: backoff: 5421 msec\n"}
May 05 12:36:34 ubuntu tailscaled[888]: ,{"logtail":{"client_time":"2026-05-05T19:20:34.375920163Z","proc_id":1828866248,"proc_seq":392},"v":1,"text":"Accept: TCP{100.125.148.82:39072 > 100.93.121.3:8090} 60 tcp ok\n"}
May 05 12:36:34 ubuntu tailscaled[888]: ,{"logtail":{"client_time":"2026-05-05T19:20:39.154254764Z","proc_id":1828866248,"proc_seq":393},"v":1,"text":"serve-listener: backoff: 9733 msec\n"}
May 05 12:36:34 ubuntu tailscaled[888]: ,{"logtail":{"client_time":"2026-05-05T19:20:44.424078998Z","proc_id":1828866248,"proc_seq":394},"metrics":"I2602N48controlclient_map_response_keepaliveS7c02I2a8a02I2c8c02I2e02I3002I3c9002I408802I428802I448802I468a02I488802I4c80c601I4ec0c701I5080a501I5462I7408I5662I7608I5850I5a12I7808I5c12I5e08I6012I6408","v":1,"text":"Accept: TCP{100.125.148.82:47682 > 100.93.121.3:8090} 60 tcp ok\n"}
May 05 12:36:34 ubuntu tailscaled[888]: ,{"logtail":{"client_time":"2026-05-05T19:20:45.09071606Z","proc_id":1828866248,"proc_seq":395},"v":1,"text":"v1.96.4-t8cf541dfd-g62bc84ce7 peers: 49684/45508\n"}
May 05 12:36:34 ubuntu tailscaled[888]: ,{"logtail":{"client_time":"2026-05-05T19:20:48.888501278Z","proc_id":1828866248,"proc_seq":396},"v":1,"text":"serve-listener: backoff: 6792 msec\n"}
May 05 12:36:34 ubuntu tailscaled[888]: ,{"logtail":{"client_time":"2026-05-05T19:20:53.434118947Z","proc_id":1828866248,"proc_seq":397},"v":1,"text":"netcheck: report: udp=true v6=true mapvarydest=true portmap= v4a=166.170.48.3:25578 v6a=[2620:df:8000:4781:0:2:a066:8205]:41641 derp=17 derpdist=2v4:47ms,2v6:104ms,10v4:72ms,17v4:48ms,17v6:98ms\n"}
May 05 12:36:34 ubuntu tailscaled[888]: ,{"logtail":{"client_time":"2026-05-05T19:20:53.435375373Z","proc_id":1828866248,"proc_seq":398},"text":"magicsock: endpoints changed: 166.170.48.3:25578 (stun), [2620:df:8000:4781:0:2:a066:8205]:41641 (stun), 166.170.48.3:41641 (stun4localport), 166.170.48.3:13610 (stun), 134.71.249.251:41641 (stun4localport), 134.71.249.251:47932 (stun), 10.110.132.84:41641 (local), 172.17.0.1:41641 (local), 192.168.13.10:41641 (local)\n"}
May 05 12:36:34 ubuntu tailscaled[888]: ,{"logtail":{"client_time":"2026-05-05T19:20:53.435452922Z","proc_id":1828866248,"proc_seq":399},"v":1,"text":"v1.96.4-t8cf541dfd-g62bc84ce7 peers: 54004/49468\n"}
May 05 12:36:34 ubuntu tailscaled[888]: ,{"logtail":{"client_time":"2026-05-05T19:20:53.435515723Z","proc_id":1828866248,"proc_seq":400},"v":2,"text":"control: client.newEndpoints([{166.170.48.3:25578 stun} {[2620:df:8000:4781:0:2:a066:8205]:41641 stun} {166.170.48.3:41641 stun4localport} {166.170.48.3:13610 stun} {134.71.249.251:41641 stun4localport} {134.71.249.251:47932 stun} {10.110.132.84:41641 local} {172.17.0.1:41641 local} {192.168.13.10:41641 local}])\n"}
May 05 12:36:34 ubuntu tailscaled[888]: ,{"logtail":{"client_time":"2026-05-05T19:20:53.435677155Z","proc_id":1828866248,"proc_seq":401},"v":1,"text":"control: PollNetMap: stream=false ep=[166.170.48.3:25578 [2620:df:8000:4781:0:2:a066:8205]:41641 166.170.48.3:41641 166.170.48.3:13610 134.71.249.251:41641 134.71.249.251:47932 10.110.132.84:41641 172.17.0.1:41641 192.168.13.10:41641]\n"}
May 05 12:36:34 ubuntu tailscaled[888]: ,{"logtail":{"client_time":"2026-05-05T19:20:53.685197575Z","proc_id":1828866248,"proc_seq":402},"v":1,"text":"control: successful lite map update in 250ms\n"}
May 05 12:36:34 ubuntu tailscaled[888]: ,{"logtail":{"client_time":"2026-05-05T19:20:54.462914175Z","proc_id":1828866248,"proc_seq":403},"v":1,"text":"Accept: TCP{100.125.148.82:59108 > 100.93.121.3:8090} 60 tcp ok\n"}
May 05 12:36:34 ubuntu NetworkManager[761]: <info>  [1778009794.7641] Loaded device plugin: NMBluezManager (/usr/lib/aarch64-linux-gnu/NetworkManager/1.36.6/libnm-device-plugin-bluetooth.so)
May 05 12:36:34 ubuntu tailscaled[888]: ,{"logtail":{"client_time":"2026-05-05T19:20:54.558750588Z","proc_id":1828866248,"proc_seq":404},"text":"monitor: RTM_NEWROUTE: src=, dst=fdc4:f2f8:3477:4b16::/64, gw=, outif=2, table=254\n"}
May 05 12:36:34 ubuntu tailscaled[888]: ,{"logtail":{"client_time":"2026-05-05T19:20:54.558859843Z","proc_id":1828866248,"proc_seq":405},"text":"monitor: RTM_NEWROUTE: src=, dst=fd53:9433:fe45::/64, gw=fe80::c45:8503:620e:d9da, outif=2, table=254\n"}
May 05 12:36:34 ubuntu tailscaled[888]: ,{"logtail":{"client_time":"2026-05-05T19:20:54.559433374Z","proc_id":1828866248,"proc_seq":406},"text":"LinkChange: major, rebinding: old: interfaces.State{defaultRoute=eno1 ifs={docker0:[172.17.0.1/16] eno1:[192.168.13.10/24 llu6] tailscale0:[100.93.121.3/32 llu6] wlP1p1s0:[10.110.132.84/21 2620:df:8000:4781:0:2:a066:8205/128 llu6]} v4=true v6=true} new: interfaces.State{defaultRoute=eno1 ifs={docker0:[172.17.0.1/16] eno1:[192.168.13.10/24 llu6] tailscale0:[100.93.121.3/32 llu6] wlP1p1s0:[10.110.132.84/21 2620:df:8000:4781:0:2:a066:8205/128 fdc4:f2f8:3477:4b16:1191:a77d:76bb:c6fd/64 fdc4:f2f8:3477:4b16:674c:b457:cb60:ff45/64 llu6]} v4=true v6=true}\n"}
May 05 12:36:34 ubuntu tailscaled[888]: ,{"logtail":{"client_time":"2026-05-05T19:20:54.559594585Z","proc_id":1828866248,"proc_seq":407},"text":"dns: Set: {DefaultResolvers:[] Routes:{tail808f0a.ts.net.:[] ts.net.:[199.247.155.53 2620:111:8007::53]}+65arpa SearchDomains:[tail808f0a.ts.net.] Hosts:8}\n"}
May 05 12:36:34 ubuntu tailscaled[888]: ,{"logtail":{"client_time":"2026-05-05T19:20:54.5596841Z","proc_id":1828866248,"proc_seq":408},"text":"dns: Resolvercfg: {Routes:{ts.net.:[199.247.155.53 2620:111:8007::53]} Hosts:8 LocalDomains:[tail808f0a.ts.net.]+65arpa}\n"}
May 05 12:36:34 ubuntu tailscaled[888]: ,{"logtail":{"client_time":"2026-05-05T19:20:54.559726395Z","proc_id":1828866248,"proc_seq":409},"text":"dns: OScfg: {Nameservers:[100.100.100.100 fd7a:115c:a1e0::53] SearchDomains:[tail808f0a.ts.net.] MatchDomains:[tail808f0a.ts.net. ts.net.]+65arpa}\n"}
May 05 12:36:34 ubuntu tailscaled[888]: ,{"logtail":{"client_time":"2026-05-05T19:20:54.567620536Z","proc_id":1828866248,"proc_seq":410},"text":"wgengine: set DNS config again after major link change\n"}
May 05 12:36:34 ubuntu NetworkManager[761]: <info>  [1778009794.7655] Loaded device plugin: NMTeamFactory (/usr/lib/aarch64-linux-gnu/NetworkManager/1.36.6/libnm-device-plugin-team.so)
May 05 12:36:34 ubuntu tailscaled[888]: ,{"logtail":{"client_time":"2026-05-05T19:20:54.568028153Z","proc_id":1828866248,"proc_seq":411},"text":"router: portUpdate(port=41641, network=udp6)\n"}
May 05 12:36:34 ubuntu tailscaled[888]: ,{"logtail":{"client_time":"2026-05-05T19:20:54.5681034Z","proc_id":1828866248,"proc_seq":412},"v":1,"text":"magicsock: peermtu: peer MTU status is false\n"}
May 05 12:36:34 ubuntu tailscaled[888]: ,{"logtail":{"client_time":"2026-05-05T19:20:54.568175415Z","proc_id":1828866248,"proc_seq":413},"text":"Rebind; defIf=\"eno1\", ips=[192.168.13.10/24 fe80::a50b:2714:3865:7f72/64]\n"}
May 05 12:36:34 ubuntu tailscaled[888]: ,{"logtail":{"client_time":"2026-05-05T19:20:54.568258308Z","proc_id":1828866248,"proc_seq":414},"text":"magicsock: closing connection to derp-17 (rebind-default-route-change), age 52s\n"}
May 05 12:36:34 ubuntu tailscaled[888]: ,{"logtail":{"client_time":"2026-05-05T19:20:54.568308377Z","proc_id":1828866248,"proc_seq":415},"text":"[RATELIMIT] format(\"magicsock: %v active derp conns%s\") (2 dropped)\n"}
May 05 12:36:34 ubuntu tailscaled[888]: ,{"logtail":{"client_time":"2026-05-05T19:20:54.568332435Z","proc_id":1828866248,"proc_seq":416},"text":"magicsock: 0 active derp conns\n"}
May 05 12:36:34 ubuntu tailscaled[888]: ,{"logtail":{"client_time":"2026-05-05T19:20:54.568372394Z","proc_id":1828866248,"proc_seq":417},"text":"router: portUpdate(port=41641, network=udp4)\n"}
May 05 12:36:34 ubuntu tailscaled[888]: ,{"logtail":{"client_time":"2026-05-05T19:20:54.568592215Z","proc_id":1828866248,"proc_seq":418},"text":"magicsock: adding connection to derp-17 for home-keep-alive\n"}
May 05 12:36:34 ubuntu tailscaled[888]: ,{"logtail":{"client_time":"2026-05-05T19:20:54.568724216Z","proc_id":1828866248,"proc_seq":419},"text":"magicsock: 1 active derp conns: derp-17=cr0s,wr0s\n"}
May 05 12:36:34 ubuntu tailscaled[888]: ,{"logtail":{"client_time":"2026-05-05T19:20:54.568839806Z","proc_id":1828866248,"proc_seq":420},"v":1,"text":"v1.96.4-t8cf541dfd-g62bc84ce7 peers: 54292/49732\n"}
May 05 12:36:34 ubuntu tailscaled[888]: ,{"logtail":{"client_time":"2026-05-05T19:20:54.569025555Z","proc_id":1828866248,"proc_seq":421},"text":"derphttp.Client.Recv: connecting to derp-17 (lax)\n"}
May 05 12:36:34 ubuntu tailscaled[888]: ,{"logtail":{"client_time":"2026-05-05T19:20:54.821130252Z","proc_id":1828866248,"proc_seq":422},"v":1,"text":"netcheck: report: udp=true v6=true mapvarydest=true portmap= v4a=166.170.48.3:13610 v6a=[2620:df:8000:4781:0:2:a066:8205]:41641 derp=17 derpdist=2v4:58ms,2v6:94ms,10v4:78ms,17v4:57ms,17v6:83ms\n"}
May 05 12:36:34 ubuntu tailscaled[888]: ,{"logtail":{"client_time":"2026-05-05T19:20:54.842312614Z","proc_id":1828866248,"proc_seq":423},"text":"magicsock: derp-17 connected; connGen=1\n"}
May 05 12:36:34 ubuntu tailscaled[888]: ,{"logtail":{"client_time":"2026-05-05T19:20:54.842426379Z","proc_id":1828866248,"proc_seq":424},"text":"[RATELIMIT] format(\"health(warnable=%s): ok\") (3 dropped)\n"}
May 05 12:36:34 ubuntu tailscaled[888]: ,{"logtail":{"client_time":"2026-05-05T19:20:54.842493116Z","proc_id":1828866248,"proc_seq":425},"text":"health(warnable=no-derp-connection): ok\n"}
May 05 12:36:34 ubuntu tailscaled[888]: ,{"logtail":{"client_time":"2026-05-05T19:20:55.681175443Z","proc_id":1828866248,"proc_seq":426},"v":1,"text":"serve-listener: backoff: 5121 msec\n"}
May 05 12:36:34 ubuntu tailscaled[888]: ,{"logtail":{"client_time":"2026-05-05T19:20:55.888866576Z","proc_id":1828866248,"proc_seq":427},"text":"monitor: RTM_NEWROUTE: src=, dst=fdc4:f2f8:3477:4b16:674c:b457:cb60:ff45/128, gw=, outif=2, table=254\n"}
May 05 12:36:34 ubuntu tailscaled[888]: ,{"logtail":{"client_time":"2026-05-05T19:20:56.144441605Z","proc_id":1828866248,"proc_seq":428},"text":"monitor: RTM_NEWROUTE: src=, dst=fdc4:f2f8:3477:4b16:1191:a77d:76bb:c6fd/128, gw=, outif=2, table=254\n"}
May 05 12:36:34 ubuntu tailscaled[888]: ,{"logtail":{"client_time":"2026-05-05T19:21:00.803088488Z","proc_id":1828866248,"proc_seq":429},"metrics":"I0204I0402I0602I0804I0a04I0c04I1004I1412I1610I1812I1a0eI2002I2202I2a9201I2caa01I2e0eI300eI3602I3804I3a04I3c9c01I409401I429401I448c01I469201I489401I4c8069I4ec06dI50c05cI544eI7408I564eI7608I583cI5a12I7808I5c12I5e04I6012I6404I6602","v":1,"text":"serve-listener: backoff: 11770 msec\n"}
May 05 12:36:34 ubuntu tailscaled[888]: ,{"logtail":{"client_time":"2026-05-05T19:21:04.378427983Z","proc_id":1828866248,"proc_seq":430},"v":1,"text":"Accept: TCP{100.125.148.82:35916 > 100.93.121.3:8090} 60 tcp ok\n"}
May 05 12:36:34 ubuntu NetworkManager[761]: <info>  [1778009794.7660] Loaded device plugin: NMAtmManager (/usr/lib/aarch64-linux-gnu/NetworkManager/1.36.6/libnm-device-plugin-adsl.so)
May 05 12:36:34 ubuntu tailscaled[888]: ,{"logtail":{"client_time":"2026-05-05T19:21:12.574881133Z","proc_id":1828866248,"proc_seq":431},"v":1,"text":"serve-listener: backoff: 8766 msec\n"}
May 05 12:36:34 ubuntu tailscaled[888]: ,{"logtail":{"client_time":"2026-05-05T19:21:14.988584083Z","proc_id":1828866248,"proc_seq":432},"v":1,"text":"Accept: TCP{100.125.148.82:33836 > 100.93.121.3:8090} 60 tcp ok\n"}
May 05 12:36:34 ubuntu tailscaled[888]: ,{"logtail":{"client_time":"2026-05-05T19:21:15.293888556Z","proc_id":1828866248,"proc_seq":433},"v":1,"text":"netcheck: report: udp=true v6=true mapvarydest=true portmap= v4a=166.170.48.3:13610 v6a=[2620:df:8000:4781:0:2:a066:8205]:41641 derp=17 derpdist=2v4:52ms,2v6:88ms,10v4:62ms,17v4:44ms,17v6:77ms\n"}
May 05 12:36:34 ubuntu tailscaled[888]: ,{"logtail":{"client_time":"2026-05-05T19:21:21.34245088Z","proc_id":1828866248,"proc_seq":434},"metrics":"I0802I0a02I0c02I1002I1406I1608I1806I1a08I2ad601I2cde01I2e06I3006I3802I3a02I3cde01I40d601I42d601I44d401I46d601I48d601I4c809f01I4ec0a001I50e08501I544aI7408I564aI7608I5832I5a18I7808I5c18I5e02I6018I6402","v":1,"text":"serve-listener: backoff: 7591 msec\n"}
May 05 12:36:34 ubuntu tailscaled[888]: ,{"logtail":{"client_time":"2026-05-05T19:21:24.683104441Z","proc_id":1828866248,"proc_seq":435},"v":1,"text":"Accept: TCP{100.125.148.82:47792 > 100.93.121.3:8090} 60 tcp ok\n"}
May 05 12:36:34 ubuntu tailscaled[888]: ,{"logtail":{"client_time":"2026-05-05T19:21:28.934896349Z","proc_id":1828866248,"proc_seq":436},"v":1,"text":"serve-listener: backoff: 10546 msec\n"}
May 05 12:36:34 ubuntu tailscaled[888]: ,{"logtail":{"client_time":"2026-05-05T19:21:34.322362902Z","proc_id":1828866248,"proc_seq":437},"v":1,"text":"Accept: TCP{100.125.148.82:46834 > 100.93.121.3:8090} 60 tcp ok\n"}
May 05 12:36:34 ubuntu tailscaled[888]: ,{"logtail":{"client_time":"2026-05-05T19:21:37.018612569Z","proc_id":1828866248,"proc_seq":438},"metrics":"I0802I0a02I0c02I1002I1406I1608I1806I1a08I2602I7c02I2ac401I2cc401I3802I3a02I3cca01I40c401I42c401I44c401I46c401I48c401I4c809301I4e809301I50c07aI544cI7406I564cI7606I583cI5a10I7806I5c10I5e06I6010I6406","v":1,"text":"netcheck: report: udp=true v6=true mapvarydest=true portmap= v4a=166.170.48.3:13610 v6a=[2620:df:8000:4781:0:2:a066:8205]:41641 derp=17 derpdist=2v4:48ms,2v6:89ms,10v4:64ms,17v4:38ms,17v6:79ms\n"}
May 05 12:36:34 ubuntu tailscaled[888]: ,{"logtail":{"client_time":"2026-05-05T19:21:39.482646951Z","proc_id":1828866248,"proc_seq":439},"v":1,"text":"serve-listener: backoff: 16872 msec\n"}
May 05 12:36:34 ubuntu tailscaled[888]: ,{"logtail":{"client_time":"2026-05-05T19:21:44.448312434Z","proc_id":1828866248,"proc_seq":440},"v":1,"text":"Accept: TCP{100.125.148.82:37872 > 100.93.121.3:8090} 60 tcp ok\n"}
May 05 12:36:34 ubuntu tailscaled[888]: ,{"logtail":{"client_time":"2026-05-05T19:21:44.448658697Z","proc_id":1828866248,"proc_seq":441},"v":2,"text":"wg: [uoByi] - Received handshake initiation\n"}
May 05 12:36:34 ubuntu tailscaled[888]: ,{"logtail":{"client_time":"2026-05-05T19:21:44.448714769Z","proc_id":1828866248,"proc_seq":442},"v":2,"text":"wg: [uoByi] - Sending handshake response\n"}
May 05 12:36:34 ubuntu tailscaled[888]: ,{"logtail":{"client_time":"2026-05-05T19:21:44.515869189Z","proc_id":1828866248,"proc_seq":443},"v":2,"text":"wg: [uoByi] - ConsumeMessageInitiation: handshake replay @ 2026-05-05 12:21:44.452984832 -0700 PDT\n"}
May 05 12:36:34 ubuntu tailscaled[888]: ,{"logtail":{"client_time":"2026-05-05T19:21:44.515932722Z","proc_id":1828866248,"proc_seq":444},"v":2,"text":"wg: Received invalid initiation message from ba80728b7359a546fbcb6ea9c2205964f4d78d8d1e05f8cc2d535776ff3d9451\n"}
May 05 12:36:34 ubuntu tailscaled[888]: ,{"logtail":{"client_time":"2026-05-05T19:21:44.517615396Z","proc_id":1828866248,"proc_seq":445},"v":2,"text":"wg: [uoByi] - Receiving keepalive packet\n"}
May 05 12:36:34 ubuntu tailscaled[888]: ,{"logtail":{"client_time":"2026-05-05T19:21:45.292304772Z","proc_id":1828866248,"proc_seq":446},"v":1,"text":"v1.96.4-t8cf541dfd-g62bc84ce7 peers: 81256/74384\n"}
May 05 12:36:34 ubuntu tailscaled[888]: ,{"logtail":{"client_time":"2026-05-05T19:21:54.305644767Z","proc_id":1828866248,"proc_seq":447},"metrics":"I2a8802I2c8e02I2e02I3002I3c8e02I408802I428802I448c02I468a02I488802I4ce8c801I4ea8c701I5098a501I543aI7406I563aI7606I5828I5a12I7806I5c12I5e02I6012I6402","v":1,"text":"Accept: TCP{100.125.148.82:48478 > 100.93.121.3:8090} 60 tcp ok\n"}
May 05 12:36:34 ubuntu tailscaled[888]: ,{"logtail":{"client_time":"2026-05-05T19:21:56.356017173Z","proc_id":1828866248,"proc_seq":448},"v":1,"text":"serve-listener: backoff: 16308 msec\n"}
May 05 12:36:34 ubuntu tailscaled[888]: ,{"logtail":{"client_time":"2026-05-05T19:22:00.133530981Z","proc_id":1828866248,"proc_seq":449},"v":1,"text":"netcheck: report: udp=true v6=true mapvarydest=true portmap= v4a=166.170.48.3:13610 v6a=[2620:df:8000:4781:0:2:a066:8205]:41641 derp=17 derpdist=2v4:155ms,2v6:18ms,10v4:200ms,17v4:148ms,17v6:7ms\n"}
May 05 12:36:34 ubuntu tailscaled[888]: ,{"logtail":{"client_time":"2026-05-05T19:22:04.425831281Z","proc_id":1828866248,"proc_seq":450},"v":1,"text":"Accept: TCP{100.125.148.82:32948 > 100.93.121.3:8090} 60 tcp ok\n"}
May 05 12:36:34 ubuntu tailscaled[888]: ,{"logtail":{"client_time":"2026-05-05T19:22:12.665910159Z","proc_id":1828866248,"proc_seq":451},"metrics":"I0802I0a02I0c02I1002I140cI1604I180cI1a04I2aba02I2cc002I3802I3a02I3cc202I40bc02I42bc02I44bc02I46ba02I48bc02I4c80ed01I4ec0eb01I50c0c501I544cI7406I564cI7606I583aI5a12I7806I5c12I5e08I6012I6408","v":1,"text":"serve-listener: backoff: 14554 msec\n"}
May 05 12:36:34 ubuntu tailscaled[888]: ,{"logtail":{"client_time":"2026-05-05T19:22:14.309456952Z","proc_id":1828866248,"proc_seq":452},"v":1,"text":"Accept: TCP{100.125.148.82:41212 > 100.93.121.3:8090} 60 tcp ok\n"}
May 05 12:36:34 ubuntu tailscaled[888]: ,{"logtail":{"client_time":"2026-05-05T19:22:20.900040075Z","proc_id":1828866248,"proc_seq":453},"v":1,"text":"netcheck: report: udp=true v6=true mapvarydest=true portmap= v4a=166.170.48.3:13610 v6a=[2620:df:8000:4781:0:2:a066:8205]:41641 derp=17 derpdist=2v4:62ms,2v6:21ms,10v4:94ms,17v4:66ms,17v6:12ms\n"}
May 05 12:36:34 ubuntu tailscaled[888]: ,{"logtail":{"client_time":"2026-05-05T19:22:24.476040001Z","proc_id":1828866248,"proc_seq":454},"v":1,"text":"Accept: TCP{100.125.148.82:52620 > 100.93.121.3:8090} 60 tcp ok\n"}
May 05 12:36:34 ubuntu tailscaled[888]: ,{"logtail":{"client_time":"2026-05-05T19:22:27.220928872Z","proc_id":1828866248,"proc_seq":455},"v":1,"text":"serve-listener: backoff: 15995 msec\n"}
May 05 12:36:34 ubuntu tailscaled[888]: ,{"logtail":{"client_time":"2026-05-05T19:22:34.33115353Z","proc_id":1828866248,"proc_seq":456},"metrics":"I0802I0a02I0c02I1002I140aI1606I180aI1a06I2602I7c02I2ae802I2ce602I3802I3a02I3cec02I40e602I42e602I44e602I46e802I48e602I4cc08c02I4e808e02I50e0df01I544cI7406I564cI7606I5838I5a14I7806I5c14I5e08I6014I6408","v":1,"text":"Accept: TCP{100.125.148.82:42262 > 100.93.121.3:8090} 60 tcp ok\n"}
May 05 12:36:34 ubuntu NetworkManager[761]: <info>  [1778009794.7668] Loaded device plugin: NMWifiFactory (/usr/lib/aarch64-linux-gnu/NetworkManager/1.36.6/libnm-device-plugin-wifi.so)
May 05 12:36:34 ubuntu tailscaled[888]: ,{"logtail":{"client_time":"2026-05-05T19:22:43.217533841Z","proc_id":1828866248,"proc_seq":457},"v":1,"text":"serve-listener: backoff: 8886 msec\n"}
May 05 12:36:34 ubuntu tailscaled[888]: ,{"logtail":{"client_time":"2026-05-05T19:22:44.451483643Z","proc_id":1828866248,"proc_seq":458},"v":1,"text":"Accept: TCP{100.125.148.82:53492 > 100.93.121.3:8090} 60 tcp ok\n"}
May 05 12:36:34 ubuntu tailscaled[888]: ,{"logtail":{"client_time":"2026-05-05T19:22:46.199377776Z","proc_id":1828866248,"proc_seq":459},"v":1,"text":"v1.96.4-t8cf541dfd-g62bc84ce7 peers: 130696/119704\n"}
May 05 12:36:34 ubuntu tailscaled[888]: ,{"logtail":{"client_time":"2026-05-05T19:22:46.714971103Z","proc_id":1828866248,"proc_seq":460},"v":1,"text":"netcheck: report: udp=true v6=true mapvarydest=true portmap= v4a=166.170.48.3:13610 v6a=[2620:df:8000:4781:0:2:a066:8205]:41641 derp=17 derpdist=2v4:59ms,2v6:30ms,10v4:91ms,17v4:60ms,17v6:23ms\n"}
May 05 12:36:34 ubuntu tailscaled[888]: ,{"logtail":{"client_time":"2026-05-05T19:22:52.105191945Z","proc_id":1828866248,"proc_seq":461},"metrics":"I0802I0a02I0c02I1002I140aI1608I180aI1a08I2aae02I2cb002I3802I3a02I3cb602I40b002I42b002I44b002I46ae02I48b002I4c80e401I4ec0e201I5080be01I5442I7406I5642I7606I5830I5a12I7806I5c12I5e06I6012I6406","v":1,"text":"serve-listener: backoff: 12417 msec\n"}
May 05 12:36:34 ubuntu tailscaled[888]: ,{"logtail":{"client_time":"2026-05-05T19:22:54.330998906Z","proc_id":1828866248,"proc_seq":462},"v":1,"text":"Accept: TCP{100.125.148.82:39650 > 100.93.121.3:8090} 60 tcp ok\n"}
May 05 12:36:34 ubuntu tailscaled[888]: ,{"logtail":{"client_time":"2026-05-05T19:23:04.491146417Z","proc_id":1828866248,"proc_seq":463},"v":1,"text":"Accept: TCP{100.125.148.82:40298 > 100.93.121.3:8090} 60 tcp ok\n"}
May 05 12:36:34 ubuntu tailscaled[888]: ,{"logtail":{"client_time":"2026-05-05T19:23:04.524156957Z","proc_id":1828866248,"proc_seq":464},"v":1,"text":"serve-listener: backoff: 14616 msec\n"}
May 05 12:36:34 ubuntu systemd[1]: mnt-l4t\x2ddevmode\x2d771.mount: Deactivated successfully.
May 05 12:36:34 ubuntu dbus-daemon[760]: [system] Activating via systemd: service name='org.freedesktop.nm_dispatcher' unit='dbus-org.freedesktop.nm-dispatcher.service' requested by ':1.2' (uid=0 pid=761 comm="/usr/sbin/NetworkManager --no-daemon " label="kernel")
May 05 12:36:34 ubuntu tailscaled[888]: ,{"logtail":{"client_time":"2026-05-05T19:23:10.70598373Z","proc_id":1828866248,"proc_seq":465},"metrics":"I0802I0a02I0c02I1002I140aI1604I180aI1a04I2abe02I2cbe02I3802I3a02I3cc602I40be02I42be02I44be02I46be02I48be02I4cc0ee01I4ec0ee01I50e0c601I5454I7408I5654I7608I5840I5a14I7808I5c14I5e08I6014I6408","v":1,"text":"netcheck: report: udp=true v6=true mapvarydest=true portmap= v4a=166.170.48.3:13610 v6a=[2620:df:8000:4781:0:2:a066:8205]:41641 derp=17 derpdist=2v4:50ms,2v6:22ms,10v4:90ms,17v4:43ms,17v6:13ms\n"}
May 05 12:36:34 ubuntu tailscaled[888]: ,{"logtail":{"client_time":"2026-05-05T19:23:14.300386678Z","proc_id":1828866248,"proc_seq":466},"v":1,"text":"Accept: TCP{100.125.148.82:59164 > 100.93.121.3:8090} 60 tcp ok\n"}
May 05 12:36:34 ubuntu tailscaled[888]: ,{"logtail":{"client_time":"2026-05-05T19:23:19.14141129Z","proc_id":1828866248,"proc_seq":467},"v":1,"text":"serve-listener: backoff: 13257 msec\n"}
May 05 12:36:34 ubuntu tailscaled[888]: ,{"logtail":{"client_time":"2026-05-05T19:23:24.533946821Z","proc_id":1828866248,"proc_seq":468},"v":1,"text":"Accept: TCP{100.125.148.82:60608 > 100.93.121.3:8090} 60 tcp ok\n"}
May 05 12:36:34 ubuntu tailscaled[888]: ,{"logtail":{"client_time":"2026-05-05T19:23:32.399563801Z","proc_id":1828866248,"proc_seq":469},"metrics":"I2602I7c02I2af402I2cf402I3cfa02I40f402I42f402I44f402I46f202I48f402I4c809702I4ec09502I50c0e801I544cI7406I564cI7606I5838I5a14I7806I5c14I5e08I6014I6408","v":1,"text":"serve-listener: backoff: 9798 msec\n"}
May 05 12:36:34 ubuntu tailscaled[888]: ,{"logtail":{"client_time":"2026-05-05T19:23:34.161480377Z","proc_id":1828866248,"proc_seq":470},"v":1,"text":"netcheck: report: udp=true v6=true mapvarydest=true portmap= v4a=166.170.48.3:57281 v6a=[2620:df:8000:4781:0:2:a066:8205]:41641 derp=17 derpdist=2v4:50ms,2v6:18ms,10v4:88ms,17v4:50ms,17v6:9ms\n"}
May 05 12:36:34 ubuntu NetworkManager[761]: <info>  [1778009794.7672] manager: rfkill: Wi-Fi enabled by radio killswitch; enabled by state file
May 05 12:36:34 ubuntu tailscaled[888]: ,{"logtail":{"client_time":"2026-05-05T19:23:34.162830137Z","proc_id":1828866248,"proc_seq":471},"text":"magicsock: endpoints changed: 166.170.48.3:57281 (stun), [2620:df:8000:4781:0:2:a066:8205]:41641 (stun), 166.170.48.3:41641 (stun4localport), 134.71.249.251:41641 (stun4localport), 134.71.249.251:47932 (stun), 166.170.48.3:25578 (stun), 166.170.48.3:13610 (stun), 10.110.132.84:41641 (local), 172.17.0.1:41641 (local), 192.168.13.10:41641 (local)\n"}
May 05 12:36:34 ubuntu tailscaled[888]: ,{"logtail":{"client_time":"2026-05-05T19:23:34.162948454Z","proc_id":1828866248,"proc_seq":472},"v":1,"text":"v1.96.4-t8cf541dfd-g62bc84ce7 peers: 170152/155872\n"}
May 05 12:36:34 ubuntu tailscaled[888]: ,{"logtail":{"client_time":"2026-05-05T19:23:34.163011342Z","proc_id":1828866248,"proc_seq":473},"v":2,"text":"control: client.newEndpoints([{166.170.48.3:57281 stun} {[2620:df:8000:4781:0:2:a066:8205]:41641 stun} {166.170.48.3:41641 stun4localport} {134.71.249.251:41641 stun4localport} {134.71.249.251:47932 stun} {166.170.48.3:25578 stun} {166.170.48.3:13610 stun} {10.110.132.84:41641 local} {172.17.0.1:41641 local} {192.168.13.10:41641 local}])\n"}
May 05 12:36:34 ubuntu tailscaled[888]: ,{"logtail":{"client_time":"2026-05-05T19:23:34.163171713Z","proc_id":1828866248,"proc_seq":474},"v":1,"text":"control: PollNetMap: stream=false ep=[166.170.48.3:57281 [2620:df:8000:4781:0:2:a066:8205]:41641 166.170.48.3:41641 134.71.249.251:41641 134.71.249.251:47932 166.170.48.3:25578 166.170.48.3:13610 10.110.132.84:41641 172.17.0.1:41641 192.168.13.10:41641]\n"}
May 05 12:36:34 ubuntu tailscaled[888]: ,{"logtail":{"client_time":"2026-05-05T19:23:34.317462862Z","proc_id":1828866248,"proc_seq":475},"v":1,"text":"control: successful lite map update in 154ms\n"}
May 05 12:36:34 ubuntu tailscaled[888]: ,{"logtail":{"client_time":"2026-05-05T19:23:34.404381781Z","proc_id":1828866248,"proc_seq":476},"v":1,"text":"Accept: TCP{100.125.148.82:53114 > 100.93.121.3:8090} 60 tcp ok\n"}
May 05 12:36:34 ubuntu tailscaled[888]: ,{"logtail":{"client_time":"2026-05-05T19:23:42.199224231Z","proc_id":1828866248,"proc_seq":477},"v":1,"text":"serve-listener: backoff: 12891 msec\n"}
May 05 12:36:34 ubuntu NetworkManager[761]: <info>  [1778009794.7673] manager: rfkill: WWAN enabled by radio killswitch; enabled by state file
May 05 12:36:34 ubuntu tailscaled[888]: ,{"logtail":{"client_time":"2026-05-05T19:23:44.565852096Z","proc_id":1828866248,"proc_seq":478},"v":1,"text":"Accept: TCP{100.125.148.82:49290 > 100.93.121.3:8090} 60 tcp ok\n"}
May 05 12:36:34 ubuntu tailscaled[888]: ,{"logtail":{"client_time":"2026-05-05T19:23:44.566096367Z","proc_id":1828866248,"proc_seq":479},"v":2,"text":"wg: [uoByi] - Received handshake initiation\n"}
May 05 12:36:34 ubuntu tailscaled[888]: ,{"logtail":{"client_time":"2026-05-05T19:23:44.566151826Z","proc_id":1828866248,"proc_seq":480},"v":2,"text":"wg: [uoByi] - Sending handshake response\n"}
May 05 12:36:34 ubuntu tailscaled[888]: ,{"logtail":{"client_time":"2026-05-05T19:23:44.567399196Z","proc_id":1828866248,"proc_seq":481},"v":2,"text":"wg: [uoByi] - ConsumeMessageInitiation: handshake replay @ 2026-05-05 12:23:44.536870912 -0700 PDT\n"}
May 05 12:36:34 ubuntu tailscaled[888]: ,{"logtail":{"client_time":"2026-05-05T19:23:44.567429981Z","proc_id":1828866248,"proc_seq":482},"v":2,"text":"wg: Received invalid initiation message from ba80728b7359a546fbcb6ea9c2205964f4d78d8d1e05f8cc2d535776ff3d9451\n"}
May 05 12:36:34 ubuntu tailscaled[888]: ,{"logtail":{"client_time":"2026-05-05T19:23:44.577106201Z","proc_id":1828866248,"proc_seq":483},"v":2,"text":"wg: [uoByi] - Receiving keepalive packet\n"}
May 05 12:36:34 ubuntu tailscaled[888]: ,{"logtail":{"client_time":"2026-05-05T19:23:47.365485864Z","proc_id":1828866248,"proc_seq":484},"v":1,"text":"v1.96.4-t8cf541dfd-g62bc84ce7 peers: 180988/165740\n"}
May 05 12:36:34 ubuntu tailscaled[888]: ,{"logtail":{"client_time":"2026-05-05T19:23:54.370366721Z","proc_id":1828866248,"proc_seq":485},"metrics":"I0802I0a02I0c02I1002I140aI1604I180aI1a04I2002I2202I2af602I2cf402I3802I3a02I3cfc02I40f602I42f602I44f802I46f802I48f602I4ce89902I4ee89902I50f8e901I544cI7406I564cI7606I5838I5a14I7806I5c14I5e08I6014I6408","v":1,"text":"Accept: TCP{100.125.148.82:36632 > 100.93.121.3:8090} 60 tcp ok\n"}
May 05 12:36:34 ubuntu tailscaled[888]: ,{"logtail":{"client_time":"2026-05-05T19:23:55.091525911Z","proc_id":1828866248,"proc_seq":486},"v":1,"text":"serve-listener: backoff: 25990 msec\n"}
May 05 12:36:34 ubuntu NetworkManager[761]: <info>  [1778009794.7674] manager: Networking is enabled by state file
May 05 12:36:34 ubuntu tailscaled[888]: ,{"logtail":{"client_time":"2026-05-05T19:24:00.217012526Z","proc_id":1828866248,"proc_seq":487},"v":1,"text":"netcheck: report: udp=true v6=true mapvarydest=true portmap= v4a=166.170.48.3:13610 v6a=[2620:df:8000:4781:0:2:a066:8205]:41641 derp=17 derpdist=2v4:54ms,2v6:14ms,10v4:87ms,17v4:46ms,17v6:5ms\n"}
May 05 12:36:34 ubuntu tailscaled[888]: ,{"logtail":{"client_time":"2026-05-05T19:24:04.53271067Z","proc_id":1828866248,"proc_seq":488},"v":1,"text":"Accept: TCP{100.125.148.82:53894 > 100.93.121.3:8090} 60 tcp ok\n"}
May 05 12:36:34 ubuntu tailscaled[888]: ,{"logtail":{"client_time":"2026-05-05T19:24:14.389813194Z","proc_id":1828866248,"proc_seq":489},"metrics":"I0802I0a02I0c02I1002I140aI1604I180aI1a04I2602I7c02I2acc02I2c8403I2e2eI302eI3802I3a02I3cce02I40cc02I42cc02I44cc02I46cc02I48cc02I4c80f901I4e80f901I50c0cf01I5436I7402I5636I7602I5828I5a0eI7802I5c0eI5e08I600eI6408","v":1,"text":"Accept: TCP{100.125.148.82:45396 > 100.93.121.3:8090} 60 tcp ok\n"}
May 05 12:36:34 ubuntu tailscaled[888]: ,{"logtail":{"client_time":"2026-05-05T19:24:21.034714406Z","proc_id":1828866248,"proc_seq":490},"v":1,"text":"netcheck: report: udp=true v6=true mapvarydest=true portmap= v4a=166.170.48.3:13610 v6a=[2620:df:8000:4781:0:2:a066:8205]:41641 derp=17 derpdist=2v4:50ms,2v6:11ms,10v4:77ms,17v4:49ms,17v6:4ms\n"}
May 05 12:36:34 ubuntu tailscaled[888]: ,{"logtail":{"client_time":"2026-05-05T19:24:21.081996292Z","proc_id":1828866248,"proc_seq":491},"v":1,"text":"serve-listener: backoff: 22097 msec\n"}
May 05 12:36:34 ubuntu tailscaled[888]: ,{"logtail":{"client_time":"2026-05-05T19:24:24.547980531Z","proc_id":1828866248,"proc_seq":492},"v":1,"text":"Accept: TCP{100.125.148.82:56288 > 100.93.121.3:8090} 60 tcp ok\n"}
May 05 12:36:34 ubuntu tailscaled[888]: ,{"logtail":{"client_time":"2026-05-05T19:24:34.356387398Z","proc_id":1828866248,"proc_seq":493},"metrics":"I0802I0a02I0c02I1002I140aI1604I180aI1a04I2ad602I2cf202I2e1cI301cI3802I3a02I3cde02I40d602I42d602I44d602I46d402I48d602I4cc08002I4e80ff01I50e0d501I544eI7408I564eI7608I5838I5a16I7808I5c16I5e06I6016I6406","v":1,"text":"Accept: TCP{100.125.148.82:49264 > 100.93.121.3:8090} 60 tcp ok\n"}
May 05 12:36:34 ubuntu NetworkManager[761]: <info>  [1778009794.7681] settings: Loaded settings plugin: ifupdown ("/usr/lib/aarch64-linux-gnu/NetworkManager/1.36.6/libnm-settings-plugin-ifupdown.so")
May 05 12:36:34 ubuntu tailscaled[888]: ,{"logtail":{"client_time":"2026-05-05T19:24:42.091339334Z","proc_id":1828866248,"proc_seq":494},"v":1,"text":"netcheck: report: udp=true v6=true mapvarydest=true portmap= v4a=166.170.48.3:13610 v6a=[2620:df:8000:4781:0:2:a066:8205]:41641 derp=17 derpdist=2v4:56ms,2v6:12ms,10v4:82ms,17v4:54ms,17v6:3ms\n"}
May 05 12:36:34 ubuntu tailscaled[888]: ,{"logtail":{"client_time":"2026-05-05T19:24:43.180052206Z","proc_id":1828866248,"proc_seq":495},"v":1,"text":"serve-listener: backoff: 17076 msec\n"}
May 05 12:36:34 ubuntu tailscaled[888]: ,{"logtail":{"client_time":"2026-05-05T19:24:44.515571354Z","proc_id":1828866248,"proc_seq":496},"v":1,"text":"Accept: TCP{100.125.148.82:46208 > 100.93.121.3:8090} 60 tcp ok\n"}
May 05 12:36:34 ubuntu tailscaled[888]: ,{"logtail":{"client_time":"2026-05-05T19:24:48.369787009Z","proc_id":1828866248,"proc_seq":497},"v":1,"text":"v1.96.4-t8cf541dfd-g62bc84ce7 peers: 230620/211236\n"}
May 05 12:36:34 ubuntu tailscaled[888]: ,{"logtail":{"client_time":"2026-05-05T19:24:54.414683688Z","proc_id":1828866248,"proc_seq":498},"metrics":"I0802I0a02I0c02I1002I140aI1604I180aI1a04I2ad602I2cf202I2e1cI301cI3802I3a02I3cdc02I40d602I42d602I44d802I46d402I48d602I4c808202I4e80ff01I50e0d501I544cI7406I564cI7606I5838I5a14I7806I5c14I5e08I6014I6408","v":1,"text":"Accept: TCP{100.125.148.82:47600 > 100.93.121.3:8090} 60 tcp ok\n"}
May 05 12:36:34 ubuntu tailscaled[888]: ,{"logtail":{"client_time":"2026-05-05T19:25:00.257349268Z","proc_id":1828866248,"proc_seq":499},"v":1,"text":"serve-listener: backoff: 14643 msec\n"}
May 05 12:36:34 ubuntu tailscaled[888]: ,{"logtail":{"client_time":"2026-05-05T19:25:04.481288877Z","proc_id":1828866248,"proc_seq":500},"v":1,"text":"Accept: TCP{100.125.148.82:49900 > 100.93.121.3:8090} 60 tcp ok\n"}
May 05 12:36:34 ubuntu NetworkManager[761]: <info>  [1778009794.7682] settings: Loaded settings plugin: keyfile (internal)
May 05 12:36:34 ubuntu tailscaled[888]: ,{"logtail":{"client_time":"2026-05-05T19:25:06.621811959Z","proc_id":1828866248,"proc_seq":501},"v":1,"text":"netcheck: report: udp=true v6=true mapvarydest=true portmap= v4a=166.170.48.3:13610 v6a=[2620:df:8000:4781:0:2:a066:8205]:41641 derp=17 derpdist=1v4:107ms,1v6:69ms,2v4:57ms,2v6:19ms,3v4:240ms,3v6:182ms,4v4:186ms,4v6:141ms,5v6:145ms,7v4:208ms,7v6:106ms,8v4:176ms,8v6:131ms,9v4:85ms,9v6:31ms,10v4:85ms,10v6:29ms,11v6:165ms,12v4:98ms,12v6:49ms,13v4:87ms,13v6:31ms,14v4:187ms,14v6:136ms,16v4:105ms,16v6:57ms,17v4:46ms,17v6:4ms,18v4:179ms,18v6:132ms,19v4:183ms,19v6:126ms,20v4:201ms,20v6:141ms,21v4:105ms,21v6:59ms,22v4:202ms,22v6:151ms,23v6:232ms,24v4:98ms,25v6:246ms,26v4:213ms,26v6:151ms,27v4:105ms,27v6:57ms,28v4:205ms,28v6:154ms\n"}
May 05 12:36:34 ubuntu tailscaled[888]: ,{"logtail":{"client_time":"2026-05-05T19:25:06.62322315Z","proc_id":1828866248,"proc_seq":502},"text":"magicsock: endpoints changed: 166.170.48.3:13610 (stun), [2620:df:8000:4781:0:2:a066:8205]:41641 (stun), 166.170.48.3:41641 (stun4localport), 166.170.48.3:25578 (stun), 166.170.48.3:57281 (stun), 10.110.132.84:41641 (local), 172.17.0.1:41641 (local), 192.168.13.10:41641 (local)\n"}
May 05 12:36:34 ubuntu tailscaled[888]: ,{"logtail":{"client_time":"2026-05-05T19:25:06.623303176Z","proc_id":1828866248,"proc_seq":503},"v":1,"text":"peer keys: [uoByi]\n"}
May 05 12:36:34 ubuntu tailscaled[888]: ,{"logtail":{"client_time":"2026-05-05T19:25:06.623331846Z","proc_id":1828866248,"proc_seq":504},"v":1,"text":"v1.96.4-t8cf541dfd-g62bc84ce7 peers: 245884/225228\n"}
May 05 12:36:34 ubuntu tailscaled[888]: ,{"logtail":{"client_time":"2026-05-05T19:25:06.623387585Z","proc_id":1828866248,"proc_seq":505},"v":2,"text":"control: client.newEndpoints([{166.170.48.3:13610 stun} {[2620:df:8000:4781:0:2:a066:8205]:41641 stun} {166.170.48.3:41641 stun4localport} {166.170.48.3:25578 stun} {166.170.48.3:57281 stun} {10.110.132.84:41641 local} {172.17.0.1:41641 local} {192.168.13.10:41641 local}])\n"}
May 05 12:36:34 ubuntu NetworkManager[761]: <info>  [1778009794.7682] ifupdown: management mode: unmanaged
May 05 12:36:34 ubuntu tailscaled[888]: ,{"logtail":{"client_time":"2026-05-05T19:25:06.623551957Z","proc_id":1828866248,"proc_seq":506},"v":1,"text":"control: PollNetMap: stream=false ep=[166.170.48.3:13610 [2620:df:8000:4781:0:2:a066:8205]:41641 166.170.48.3:41641 166.170.48.3:25578 166.170.48.3:57281 10.110.132.84:41641 172.17.0.1:41641 192.168.13.10:41641]\n"}
May 05 12:36:34 ubuntu tailscaled[888]: ,{"logtail":{"client_time":"2026-05-05T19:25:06.804301715Z","proc_id":1828866248,"proc_seq":507},"v":1,"text":"control: successful lite map update in 181ms\n"}
May 05 12:36:34 ubuntu tailscaled[888]: ,{"logtail":{"client_time":"2026-05-05T19:25:14.307215755Z","proc_id":1828866248,"proc_seq":508},"metrics":"I0802I0a02I0c02I1002I1202I1462I1662I1862I1a60I2002I2202I2602I7c02I2ad802I2cf202I2e1aI301aI3802I3a02I3cde02I40d802I42d802I44d602I46da02I48d802I4cc08002I4ec08302I5080d701I544aI7406I564aI7606I5838I5a12I7806I5c12I5e08I6012I6408","v":1,"text":"Accept: TCP{100.125.148.82:53548 > 100.93.121.3:8090} 60 tcp ok\n"}
May 05 12:36:34 ubuntu tailscaled[888]: ,{"logtail":{"client_time":"2026-05-05T19:25:14.90102063Z","proc_id":1828866248,"proc_seq":509},"v":1,"text":"serve-listener: backoff: 24579 msec\n"}
May 05 12:36:34 ubuntu tailscaled[888]: ,{"logtail":{"client_time":"2026-05-05T19:25:24.45012351Z","proc_id":1828866248,"proc_seq":510},"v":1,"text":"Accept: TCP{100.125.148.82:43812 > 100.93.121.3:8090} 60 tcp ok\n"}
May 05 12:36:34 ubuntu tailscaled[888]: ,{"logtail":{"client_time":"2026-05-05T19:25:28.201615249Z","proc_id":1828866248,"proc_seq":511},"v":1,"text":"netcheck: report: udp=true v6=true mapvarydest=true portmap= v4a=166.170.48.3:13610 v6a=[2620:df:8000:4781:0:2:a066:8205]:41641 derp=17 derpdist=2v4:74ms,2v6:12ms,10v4:102ms,17v4:76ms,17v6:5ms\n"}
May 05 12:36:34 ubuntu tailscaled[888]: ,{"logtail":{"client_time":"2026-05-05T19:25:34.338798829Z","proc_id":1828866248,"proc_seq":512},"metrics":"I0802I0a02I0c02I1002I140aI1604I180aI1a04I2aca02I2ce402I2e1aI301aI3802I3a02I3cce02I40ca02I42ca02I44ca02I46ca02I48ca02I4cc0f701I4ec0f701I50a0ce01I543aI7404I563aI7604I5828I5a12I7804I5c12I5e06I6012I6406","v":1,"text":"Accept: TCP{100.125.148.82:50028 > 100.93.121.3:8090} 60 tcp ok\n"}
May 05 12:36:34 ubuntu NetworkManager[761]: <info>  [1778009794.7683] ifupdown: interfaces file /etc/network/interfaces doesn't exist
May 05 12:36:34 ubuntu tailscaled[888]: ,{"logtail":{"client_time":"2026-05-05T19:25:39.481481766Z","proc_id":1828866248,"proc_seq":513},"v":1,"text":"serve-listener: backoff: 35438 msec\n"}
May 05 12:36:34 ubuntu tailscaled[888]: ,{"logtail":{"client_time":"2026-05-05T19:25:44.498265205Z","proc_id":1828866248,"proc_seq":514},"v":1,"text":"Accept: TCP{100.125.148.82:35454 > 100.93.121.3:8090} 60 tcp ok\n"}
May 05 12:36:34 ubuntu tailscaled[888]: ,{"logtail":{"client_time":"2026-05-05T19:25:44.847204612Z","proc_id":1828866248,"proc_seq":515},"v":2,"text":"wg: [uoByi] - Received handshake initiation\n"}
May 05 12:36:34 ubuntu tailscaled[888]: ,{"logtail":{"client_time":"2026-05-05T19:25:44.84728989Z","proc_id":1828866248,"proc_seq":516},"v":2,"text":"wg: [uoByi] - Sending handshake response\n"}
May 05 12:36:34 ubuntu tailscaled[888]: ,{"logtail":{"client_time":"2026-05-05T19:25:44.849313529Z","proc_id":1828866248,"proc_seq":517},"v":2,"text":"wg: [uoByi] - ConsumeMessageInitiation: handshake replay @ 2026-05-05 12:25:44.822083584 -0700 PDT\n"}
May 05 12:36:34 ubuntu tailscaled[888]: ,{"logtail":{"client_time":"2026-05-05T19:25:44.849375543Z","proc_id":1828866248,"proc_seq":518},"v":2,"text":"wg: Received invalid initiation message from ba80728b7359a546fbcb6ea9c2205964f4d78d8d1e05f8cc2d535776ff3d9451\n"}
May 05 12:36:34 ubuntu tailscaled[888]: ,{"logtail":{"client_time":"2026-05-05T19:25:44.854153237Z","proc_id":1828866248,"proc_seq":519},"v":2,"text":"wg: [uoByi] - Receiving keepalive packet\n"}
May 05 12:36:34 ubuntu tailscaled[888]: ,{"logtail":{"client_time":"2026-05-05T19:25:49.400613059Z","proc_id":1828866248,"proc_seq":520},"metrics":"I2a8202I2c9802I2e14I3014I3c8a02I408402I428602I448602I468602I488402I4ca8c401I4ea8c401I50d8a201I5440I7406I5640I7606I5830I5a10I7806I5c10I5e06I6010I6406","v":1,"text":"v1.96.4-t8cf541dfd-g62bc84ce7 peers: 280528/256832\n"}
May 05 12:36:34 ubuntu tailscaled[888]: ,{"logtail":{"client_time":"2026-05-05T19:25:49.883072683Z","proc_id":1828866248,"proc_seq":521},"v":1,"text":"netcheck: report: udp=true v6=true mapvarydest=true portmap= v4a=166.170.48.3:13610 v6a=[2620:df:8000:4781:0:2:a066:8205]:41641 derp=17 derpdist=2v4:44ms,2v6:11ms,10v4:62ms,17v4:33ms,17v6:3ms\n"}
May 05 12:36:34 ubuntu tailscaled[888]: ,{"logtail":{"client_time":"2026-05-05T19:25:54.304017779Z","proc_id":1828866248,"proc_seq":522},"v":1,"text":"Accept: TCP{100.125.148.82:42884 > 100.93.121.3:8090} 60 tcp ok\n"}
May 05 12:36:34 ubuntu tailscaled[888]: ,{"logtail":{"client_time":"2026-05-05T19:26:04.558729747Z","proc_id":1828866248,"proc_seq":523},"metrics":"I0802I0a02I0c02I1002I140aI1604I180aI1a04I2602I7c02I2a8202I2c9402I2e14I3014I3802I3a02I3c8802I408202I428002I448202I468202I488202I4cc0c101I4ec0c101I50a0a101I5438I7406I5638I7606I5828I5a10I7806I5c10I5e04I6010I6404","v":1,"text":"Accept: TCP{100.125.148.82:44150 > 100.93.121.3:8090} 60 tcp ok\n"}
May 05 12:36:34 ubuntu tailscaled[888]: ,{"logtail":{"client_time":"2026-05-05T19:26:12.907245339Z","proc_id":1828866248,"proc_seq":524},"v":1,"text":"netcheck: report: udp=true v6=true mapvarydest=true portmap= v4a=166.170.48.3:57281 v6a=[2620:df:8000:4781:0:2:a066:8205]:41641 derp=17 derpdist=2v4:47ms,2v6:12ms,10v4:57ms,17v4:33ms,17v6:3ms\n"}
May 05 12:36:34 ubuntu tailscaled[888]: ,{"logtail":{"client_time":"2026-05-05T19:26:12.908527967Z","proc_id":1828866248,"proc_seq":525},"text":"magicsock: endpoints changed: 166.170.48.3:57281 (stun), [2620:df:8000:4781:0:2:a066:8205]:41641 (stun), 166.170.48.3:41641 (stun4localport), 166.170.48.3:13610 (stun), 10.110.132.84:41641 (local), 172.17.0.1:41641 (local), 192.168.13.10:41641 (local)\n"}
May 05 12:36:34 ubuntu tailscaled[888]: ,{"logtail":{"client_time":"2026-05-05T19:26:12.908610656Z","proc_id":1828866248,"proc_seq":526},"v":1,"text":"v1.96.4-t8cf541dfd-g62bc84ce7 peers: 299344/274168\n"}
May 05 12:36:34 ubuntu tailscaled[888]: ,{"logtail":{"client_time":"2026-05-05T19:26:12.908667136Z","proc_id":1828866248,"proc_seq":527},"v":2,"text":"control: client.newEndpoints([{166.170.48.3:57281 stun} {[2620:df:8000:4781:0:2:a066:8205]:41641 stun} {166.170.48.3:41641 stun4localport} {166.170.48.3:13610 stun} {10.110.132.84:41641 local} {172.17.0.1:41641 local} {192.168.13.10:41641 local}])\n"}
May 05 12:36:34 ubuntu tailscaled[888]: ,{"logtail":{"client_time":"2026-05-05T19:26:12.908825568Z","proc_id":1828866248,"proc_seq":528},"v":1,"text":"control: PollNetMap: stream=false ep=[166.170.48.3:57281 [2620:df:8000:4781:0:2:a066:8205]:41641 166.170.48.3:41641 166.170.48.3:13610 10.110.132.84:41641 172.17.0.1:41641 192.168.13.10:41641]\n"}
May 05 12:36:34 ubuntu tailscaled[888]: ,{"logtail":{"client_time":"2026-05-05T19:26:13.692035046Z","proc_id":1828866248,"proc_seq":529},"v":1,"text":"control: successful lite map update in 783ms\n"}
May 05 12:36:34 ubuntu tailscaled[888]: ,{"logtail":{"client_time":"2026-05-05T19:26:14.304324026Z","proc_id":1828866248,"proc_seq":530},"v":1,"text":"Accept: TCP{100.125.148.82:55470 > 100.93.121.3:8090} 60 tcp ok\n"}
May 05 12:36:34 ubuntu tailscaled[888]: ,{"logtail":{"client_time":"2026-05-05T19:26:14.921710831Z","proc_id":1828866248,"proc_seq":531},"v":1,"text":"serve-listener: backoff: 21609 msec\n"}
May 05 12:36:34 ubuntu tailscaled[888]: ,{"logtail":{"client_time":"2026-05-05T19:26:24.462530921Z","proc_id":1828866248,"proc_seq":532},"metrics":"I0802I0a02I0c02I1002I140aI1604I180aI1a04I2002I2202I2acc02I2ce802I2e1cI301cI3802I3a02I3cd202I40cc02I42cc02I44cc02I46cc02I48cc02I4c80f901I4e80f901I50c0cf01I5444I7406I5644I7606I5830I5a14I7806I5c14I5e06I6014I6406","v":1,"text":"Accept: TCP{100.125.148.82:48808 > 100.93.121.3:8090} 60 tcp ok\n"}
May 05 12:36:34 ubuntu tailscaled[888]: ,{"logtail":{"client_time":"2026-05-05T19:26:34.309137632Z","proc_id":1828866248,"proc_seq":533},"v":1,"text":"Accept: TCP{100.125.148.82:38668 > 100.93.121.3:8090} 60 tcp ok\n"}
May 05 12:36:34 ubuntu tailscaled[888]: ,{"logtail":{"client_time":"2026-05-05T19:26:34.848509708Z","proc_id":1828866248,"proc_seq":534},"v":1,"text":"netcheck: report: udp=true v6=true mapvarydest=true portmap= v4a=166.170.48.3:13610 v6a=[2620:df:8000:4781:0:2:a066:8205]:41641 derp=17 derpdist=2v4:48ms,2v6:14ms,10v4:74ms,17v4:38ms,17v6:5ms\n"}
May 05 12:36:34 ubuntu tailscaled[888]: ,{"logtail":{"client_time":"2026-05-05T19:26:36.531285527Z","proc_id":1828866248,"proc_seq":535},"v":1,"text":"serve-listener: backoff: 28249 msec\n"}
May 05 12:36:34 ubuntu tailscaled[888]: ,{"logtail":{"client_time":"2026-05-05T19:26:44.430196603Z","proc_id":1828866248,"proc_seq":536},"metrics":"I0802I0a02I0c02I1002I140aI1606I180aI1a06I2ad602I2cf002I2e1aI301aI3802I3a02I3cda02I40d602I42d602I44d802I46d602I48d602I4c808202I4ec08002I50e0d501I5440I7404I5640I7604I5830I5a10I7804I5c10I5e08I6010I6408","v":1,"text":"Accept: TCP{100.125.148.82:41530 > 100.93.121.3:8090} 60 tcp ok\n"}
May 05 12:36:34 ubuntu tailscaled[888]: ,{"logtail":{"client_time":"2026-05-05T19:26:50.440395489Z","proc_id":1828866248,"proc_seq":537},"v":1,"text":"v1.96.4-t8cf541dfd-g62bc84ce7 peers: 330064/302328\n"}
May 05 12:36:34 ubuntu tailscaled[888]: ,{"logtail":{"client_time":"2026-05-05T19:26:54.563297925Z","proc_id":1828866248,"proc_seq":538},"v":1,"text":"Accept: TCP{100.125.148.82:47040 > 100.93.121.3:8090} 60 tcp ok\n"}
May 05 12:36:34 ubuntu tailscaled[888]: ,{"logtail":{"client_time":"2026-05-05T19:26:59.670519861Z","proc_id":1828866248,"proc_seq":539},"metrics":"I0802I0a02I0c02I1002I140aI1604I180aI1a04I2602I7c02I2a8002I2c9802I2e16I3016I3802I3a02I3c8602I408202I428202I448002I46fe01I488202I4c80c001I4ec0be01I50a0a101I5436I7404I5636I7604I5828I5a0eI7804I5c0eI5e06I600eI6406","v":1,"text":"netcheck: report: udp=true v6=true mapvarydest=true portmap= v4a=166.170.48.3:13610 v6a=[2620:df:8000:4781:0:2:a066:8205]:41641 derp=17 derpdist=2v4:40ms,2v6:11ms,10v4:63ms,17v4:36ms,17v6:3ms\n"}
May 05 12:36:34 ubuntu tailscaled[888]: ,{"logtail":{"client_time":"2026-05-05T19:27:04.372583865Z","proc_id":1828866248,"proc_seq":540},"v":1,"text":"Accept: TCP{100.125.148.82:43884 > 100.93.121.3:8090} 60 tcp ok\n"}
May 05 12:36:34 ubuntu tailscaled[888]: ,{"logtail":{"client_time":"2026-05-05T19:27:04.781852636Z","proc_id":1828866248,"proc_seq":541},"v":1,"text":"serve-listener: backoff: 32833 msec\n"}
May 05 12:36:34 ubuntu tailscaled[888]: ,{"logtail":{"client_time":"2026-05-05T19:27:14.52970135Z","proc_id":1828866248,"proc_seq":542},"v":1,"text":"Accept: TCP{100.125.148.82:49604 > 100.93.121.3:8090} 60 tcp ok\n"}
May 05 12:36:34 ubuntu tailscaled[888]: ,{"logtail":{"client_time":"2026-05-05T19:27:22.256515393Z","proc_id":1828866248,"proc_seq":543},"metrics":"I0802I0a02I0c02I1002I140aI1604I180aI1a04I2a8403I2ca003I2e1cI301cI3802I3a02I3c8c03I408403I428403I448403I468403I488403I4c80a302I4e80a302I50c0f201I5458I7408I5658I7608I5840I5a18I7808I5c18I5e08I6018I6408","v":1,"text":"netcheck: report: udp=true v6=true mapvarydest=true portmap= v4a=166.170.48.3:13610 v6a=[2620:df:8000:4781:0:2:a066:8205]:41641 derp=17 derpdist=2v4:59ms,2v6:11ms,10v4:85ms,17v4:49ms,17v6:3ms\n"}
May 05 12:36:34 ubuntu systemd[1]: Starting Network Manager Script Dispatcher Service...
May 05 12:36:34 ubuntu tailscaled[888]: ,{"logtail":{"client_time":"2026-05-05T19:27:24.432099627Z","proc_id":1828866248,"proc_seq":544},"v":1,"text":"Accept: TCP{100.125.148.82:36372 > 100.93.121.3:8090} 60 tcp ok\n"}
May 05 12:36:34 ubuntu tailscaled[888]: ,{"logtail":{"client_time":"2026-05-05T19:27:34.494488018Z","proc_id":1828866248,"proc_seq":545},"v":1,"text":"Accept: TCP{100.125.148.82:39036 > 100.93.121.3:8090} 60 tcp ok\n"}
May 05 12:36:34 ubuntu tailscaled[888]: ,{"logtail":{"client_time":"2026-05-05T19:27:37.616902538Z","proc_id":1828866248,"proc_seq":546},"metrics":"I2a8402I2c9802I2e14I3014I3c8602I408402I428402I448402I468402I488402I4c80c301I4e80c301I50c0a201I542cI7402I562cI7602I5820I5a0cI7802I5c0cI5e06I600cI6406","v":1,"text":"serve-listener: backoff: 23591 msec\n"}
May 05 12:36:34 ubuntu tailscaled[888]: ,{"logtail":{"client_time":"2026-05-05T19:27:44.305010013Z","proc_id":1828866248,"proc_seq":547},"v":1,"text":"Accept: TCP{100.125.148.82:54142 > 100.93.121.3:8090} 60 tcp ok\n"}
May 05 12:36:34 ubuntu tailscaled[888]: ,{"logtail":{"client_time":"2026-05-05T19:27:45.005099982Z","proc_id":1828866248,"proc_seq":548},"v":2,"text":"wg: [uoByi] - Received handshake initiation\n"}
May 05 12:36:34 ubuntu tailscaled[888]: ,{"logtail":{"client_time":"2026-05-05T19:27:45.005175185Z","proc_id":1828866248,"proc_seq":549},"v":2,"text":"wg: [uoByi] - Sending handshake response\n"}
May 05 12:36:34 ubuntu tailscaled[888]: ,{"logtail":{"client_time":"2026-05-05T19:27:45.006699239Z","proc_id":1828866248,"proc_seq":550},"v":2,"text":"wg: [uoByi] - ConsumeMessageInitiation: handshake replay @ 2026-05-05 12:27:44.973078528 -0700 PDT\n"}
May 05 12:36:34 ubuntu tailscaled[888]: ,{"logtail":{"client_time":"2026-05-05T19:27:45.006751785Z","proc_id":1828866248,"proc_seq":551},"v":2,"text":"wg: Received invalid initiation message from ba80728b7359a546fbcb6ea9c2205964f4d78d8d1e05f8cc2d535776ff3d9451\n"}
May 05 12:36:34 ubuntu tailscaled[888]: ,{"logtail":{"client_time":"2026-05-05T19:27:45.012648635Z","proc_id":1828866248,"proc_seq":552},"v":2,"text":"wg: [uoByi] - Receiving keepalive packet\n"}
May 05 12:36:34 ubuntu tailscaled[888]: ,{"logtail":{"client_time":"2026-05-05T19:27:47.357769842Z","proc_id":1828866248,"proc_seq":553},"v":1,"text":"netcheck: report: udp=true v6=true mapvarydest=true portmap= v4a=166.170.48.3:13610 v6a=[2620:df:8000:4781:0:2:a066:8205]:41641 derp=17 derpdist=2v4:43ms,2v6:11ms,10v4:84ms,17v4:44ms,17v6:3ms\n"}
May 05 12:36:34 ubuntu tailscaled[888]: ,{"logtail":{"client_time":"2026-05-05T19:27:51.308817242Z","proc_id":1828866248,"proc_seq":554},"v":1,"text":"v1.96.4-t8cf541dfd-g62bc84ce7 peers: 380068/348100\n"}
May 05 12:36:34 ubuntu tailscaled[888]: ,{"logtail":{"client_time":"2026-05-05T19:27:54.462752177Z","proc_id":1828866248,"proc_seq":555},"metrics":"I0802I0a02I0c02I1002I140aI1604I180aI1a04I2602I7c02I2aa202I2cb802I2e18I3018I3802I3a02I3ca802I40a202I42a202I44a402I46a602I48a202I4ce8da01I4ea8dc01I50b8b501I543aI7406I563aI7606I5828I5a12I7806I5c12I5e04I6012I6404","v":1,"text":"Accept: TCP{100.125.148.82:57062 > 100.93.121.3:8090} 60 tcp ok\n"}
May 05 12:36:34 ubuntu tailscaled[888]: ,{"logtail":{"client_time":"2026-05-05T19:28:01.209086783Z","proc_id":1828866248,"proc_seq":556},"v":1,"text":"serve-listener: backoff: 39221 msec\n"}
May 05 12:36:34 ubuntu tailscaled[888]: ,{"logtail":{"client_time":"2026-05-05T19:28:04.306345204Z","proc_id":1828866248,"proc_seq":557},"v":1,"text":"Accept: TCP{100.125.148.82:42160 > 100.93.121.3:8090} 60 tcp ok\n"}
May 05 12:36:34 ubuntu tailscaled[888]: ,{"logtail":{"client_time":"2026-05-05T19:28:10.050856067Z","proc_id":1828866248,"proc_seq":558},"metrics":"I0802I0a02I0c02I1002I140aI1608I180aI1a08I2a8c02I2ca202I2e14I3014I3802I3a02I3c8e02I408e02I428e02I448e02I468c02I488e02I4cc0ca01I4e80c901I50e0a801I5422I5622I5818I5a0aI5c0aI5e06I600aI6406","v":1,"text":"netcheck: report: udp=true v6=true mapvarydest=true portmap= v4a=166.170.48.3:57281 v6a=[2620:df:8000:4781:0:2:a066:8205]:41641 derp=17 derpdist=2v4:41ms,2v6:14ms,10v4:86ms,17v4:50ms,17v6:5ms\n"}
May 05 12:36:34 ubuntu tailscaled[888]: ,{"logtail":{"client_time":"2026-05-05T19:28:14.425862026Z","proc_id":1828866248,"proc_seq":559},"v":1,"text":"Accept: TCP{100.125.148.82:59746 > 100.93.121.3:8090} 60 tcp ok\n"}
May 05 12:36:34 ubuntu tailscaled[888]: ,{"logtail":{"client_time":"2026-05-05T19:28:24.583007826Z","proc_id":1828866248,"proc_seq":560},"v":1,"text":"Accept: TCP{100.125.148.82:44284 > 100.93.121.3:8090} 60 tcp ok\n"}
May 05 12:36:34 ubuntu tailscaled[888]: ,{"logtail":{"client_time":"2026-05-05T19:28:30.933454791Z","proc_id":1828866248,"proc_seq":561},"metrics":"I0802I0a02I0c02I1002I140aI1604I180aI1a04I2ae202I2c8803I2e1cI301cI3802I3a02I3ce602I40e202I42e202I44e202I46e202I48e202I4cc08902I4ec08902I50a0dd01I5442I7404I5642I7604I5830I5a12I7804I5c12I5e08I6012I6408","v":1,"text":"netcheck: report: udp=true v6=true mapvarydest=true portmap= v4a=166.170.48.3:13610 v6a=[2620:df:8000:4781:0:2:a066:8205]:41641 derp=17 derpdist=2v4:47ms,2v6:11ms,10v4:70ms,17v4:40ms,17v6:3ms\n"}
May 05 12:36:34 ubuntu tailscaled[888]: ,{"logtail":{"client_time":"2026-05-05T19:28:34.390597269Z","proc_id":1828866248,"proc_seq":562},"v":1,"text":"Accept: TCP{100.125.148.82:39158 > 100.93.121.3:8090} 60 tcp ok\n"}
May 05 12:36:34 ubuntu tailscaled[888]: ,{"logtail":{"client_time":"2026-05-05T19:28:40.432279902Z","proc_id":1828866248,"proc_seq":563},"v":1,"text":"serve-listener: backoff: 19037 msec\n"}
May 05 12:36:34 ubuntu tailscaled[888]: ,{"logtail":{"client_time":"2026-05-05T19:28:44.544115245Z","proc_id":1828866248,"proc_seq":564},"v":1,"text":"Accept: TCP{100.125.148.82:48594 > 100.93.121.3:8090} 60 tcp ok\n"}
May 05 12:36:34 ubuntu tailscaled[888]: ,{"logtail":{"client_time":"2026-05-05T19:28:52.250945974Z","proc_id":1828866248,"proc_seq":565},"metrics":"I2602I7c02I2aee02I2c8a03I2e1cI301cI3cf602I40ee02I42ee02I44ee02I46f002I48ee02I4cc09202I4e809402I50e0e401I5460I7408I5660I7608I584aI5a16I7808I5c16I5e08I6016I6408","v":1,"text":"v1.96.4-t8cf541dfd-g62bc84ce7 peers: 430180/394036\n"}
May 05 12:36:34 ubuntu tailscaled[888]: ,{"logtail":{"client_time":"2026-05-05T19:28:54.35377336Z","proc_id":1828866248,"proc_seq":566},"v":1,"text":"Accept: TCP{100.125.148.82:58582 > 100.93.121.3:8090} 60 tcp ok\n"}
May 05 12:36:34 ubuntu tailscaled[888]: ,{"logtail":{"client_time":"2026-05-05T19:28:54.438676149Z","proc_id":1828866248,"proc_seq":567},"v":1,"text":"netcheck: report: udp=true v6=true mapvarydest=true portmap= v4a=166.170.48.3:57281 v6a=[2620:df:8000:4781:0:2:a066:8205]:41641 derp=17 derpdist=2v4:53ms,2v6:14ms,10v4:69ms,17v4:52ms,17v6:3ms\n"}
May 05 12:36:34 ubuntu tailscaled[888]: ,{"logtail":{"client_time":"2026-05-05T19:28:59.470693806Z","proc_id":1828866248,"proc_seq":568},"v":1,"text":"serve-listener: backoff: 30846 msec\n"}
May 05 12:36:34 ubuntu tailscaled[888]: ,{"logtail":{"client_time":"2026-05-05T19:29:04.306482031Z","proc_id":1828866248,"proc_seq":569},"v":1,"text":"Accept: TCP{100.125.148.82:47642 > 100.93.121.3:8090} 60 tcp ok\n"}
May 05 12:36:34 ubuntu tailscaled[888]: ,{"logtail":{"client_time":"2026-05-05T19:29:14.321120842Z","proc_id":1828866248,"proc_seq":570},"metrics":"I0802I0a02I0c02I1002I140aI1604I180aI1a04I2af602I2c9403I2e20I3020I3802I3a02I3cfe02I40f402I42f402I44f602I46f202I48f402I4cc09802I4ec09502I50c0e801I5468I740aI5668I760aI5850I5a18I780aI5c18I5e06I6018I6406","v":1,"text":"Accept: TCP{100.125.148.82:47166 > 100.93.121.3:8090} 60 tcp ok\n"}
May 05 12:36:34 ubuntu tailscaled[888]: ,{"logtail":{"client_time":"2026-05-05T19:29:18.67836495Z","proc_id":1828866248,"proc_seq":571},"v":1,"text":"netcheck: report: udp=true v6=true mapvarydest=true portmap= v4a=166.170.48.3:13610 v6a=[2620:df:8000:4781:0:2:a066:8205]:41641 derp=17 derpdist=2v4:63ms,2v6:13ms,10v4:83ms,17v4:55ms,17v6:4ms\n"}
May 05 12:36:34 ubuntu tailscaled[888]: ,{"logtail":{"client_time":"2026-05-05T19:29:24.594223276Z","proc_id":1828866248,"proc_seq":572},"v":1,"text":"Accept: TCP{100.125.148.82:42456 > 100.93.121.3:8090} 60 tcp ok\n"}
May 05 12:36:34 ubuntu tailscaled[888]: ,{"logtail":{"client_time":"2026-05-05T19:29:30.318236334Z","proc_id":1828866248,"proc_seq":573},"metrics":"I0802I0a02I0c02I1002I140aI1604I180aI1a04I2a9802I2cb002I2e16I3016I3802I3a02I3ca002I409a02I429a02I449802I469802I489a02I4c80d201I4e80d201I50a0b001I544eI7406I564eI7606I583cI5a12I7806I5c12I5e06I6012I6406","v":1,"text":"serve-listener: backoff: 26404 msec\n"}
May 05 12:36:34 ubuntu tailscaled[888]: ,{"logtail":{"client_time":"2026-05-05T19:29:34.40142513Z","proc_id":1828866248,"proc_seq":574},"v":1,"text":"Accept: TCP{100.125.148.82:35270 > 100.93.121.3:8090} 60 tcp ok\n"}
May 05 12:36:34 ubuntu tailscaled[888]: ,{"logtail":{"client_time":"2026-05-05T19:29:42.468754585Z","proc_id":1828866248,"proc_seq":575},"v":1,"text":"netcheck: report: udp=true v6=true mapvarydest=true portmap= v4a=166.170.48.3:57281 v6a=[2620:df:8000:4781:0:2:a066:8205]:41641 derp=17 derpdist=2v4:54ms,2v6:13ms,10v4:78ms,17v4:46ms,17v6:5ms\n"}
May 05 12:36:34 ubuntu tailscaled[888]: ,{"logtail":{"client_time":"2026-05-05T19:29:44.591795779Z","proc_id":1828866248,"proc_seq":576},"v":1,"text":"Accept: TCP{100.125.148.82:41772 > 100.93.121.3:8090} 60 tcp ok\n"}
May 05 12:36:34 ubuntu tailscaled[888]: ,{"logtail":{"client_time":"2026-05-05T19:29:45.326609079Z","proc_id":1828866248,"proc_seq":577},"metrics":"I0802I0a02I0c02I1002I140aI1604I180aI1a04I2602I7c02I2afe01I2c9202I2e14I3014I3802I3a02I3c8202I40fe01I42fe01I448002I468002I48fe01I4ce8c001I4ee8c001I50e09e01I5436I7404I5636I7604I5828I5a0eI7804I5c0eI5e04I600eI6404","v":2,"text":"wg: [uoByi] - Received handshake initiation\n"}
May 05 12:36:34 ubuntu tailscaled[888]: ,{"logtail":{"client_time":"2026-05-05T19:29:45.326795435Z","proc_id":1828866248,"proc_seq":578},"v":2,"text":"wg: [uoByi] - Sending handshake response\n"}
May 05 12:36:34 ubuntu tailscaled[888]: ,{"logtail":{"client_time":"2026-05-05T19:29:45.326865734Z","proc_id":1828866248,"proc_seq":579},"v":2,"text":"wg: [uoByi] - Received handshake initiation\n"}
May 05 12:36:34 ubuntu tailscaled[888]: ,{"logtail":{"client_time":"2026-05-05T19:29:45.328031481Z","proc_id":1828866248,"proc_seq":580},"v":2,"text":"wg: [uoByi] - Sending handshake response\n"}
May 05 12:36:34 ubuntu tailscaled[888]: ,{"logtail":{"client_time":"2026-05-05T19:29:45.328108276Z","proc_id":1828866248,"proc_seq":581},"text":"wg: [uoByi] - Failed to create response message: handshake initiation must be consumed first\n"}
May 05 12:36:34 ubuntu tailscaled[888]: ,{"logtail":{"client_time":"2026-05-05T19:29:45.336760696Z","proc_id":1828866248,"proc_seq":582},"v":2,"text":"wg: [uoByi] - Receiving keepalive packet\n"}
May 05 12:36:34 ubuntu tailscaled[888]: ,{"logtail":{"client_time":"2026-05-05T19:29:53.409671778Z","proc_id":1828866248,"proc_seq":583},"v":1,"text":"v1.96.4-t8cf541dfd-g62bc84ce7 peers: 480140/439632\n"}
May 05 12:36:34 ubuntu tailscaled[888]: ,{"logtail":{"client_time":"2026-05-05T19:29:54.459885532Z","proc_id":1828866248,"proc_seq":584},"v":1,"text":"Accept: TCP{100.125.148.82:45074 > 100.93.121.3:8090} 60 tcp ok\n"}
May 05 12:36:34 ubuntu tailscaled[888]: ,{"logtail":{"client_time":"2026-05-05T19:29:56.723712709Z","proc_id":1828866248,"proc_seq":585},"v":1,"text":"serve-listener: backoff: 24566 msec\n"}
May 05 12:36:34 ubuntu tailscaled[888]: ,{"logtail":{"client_time":"2026-05-05T19:30:04.303002004Z","proc_id":1828866248,"proc_seq":586},"metrics":"I2abe02I2cd402I2e18I3018I3cc402I40be02I42be02I44c002I46c002I48be02I4c80ef01I4e80ef01I50f8c601I544eI7406I564eI7606I583cI5a12I7806I5c12I5e06I6012I6406","v":1,"text":"Accept: TCP{100.125.148.82:45152 > 100.93.121.3:8090} 60 tcp ok\n"}
May 05 12:36:34 ubuntu tailscaled[888]: ,{"logtail":{"client_time":"2026-05-05T19:30:05.333721948Z","proc_id":1828866248,"proc_seq":587},"v":1,"text":"netcheck: report: udp=true v6=true mapvarydest=true portmap= v4a=166.170.48.3:13610 v6a=[2620:df:8000:4781:0:2:a066:8205]:41641 derp=17 derpdist=2v4:49ms,2v6:13ms,10v4:77ms,17v4:41ms,17v6:5ms\n"}
May 05 12:36:34 ubuntu tailscaled[888]: ,{"logtail":{"client_time":"2026-05-05T19:30:14.427143696Z","proc_id":1828866248,"proc_seq":588},"v":1,"text":"Accept: TCP{100.125.148.82:48946 > 100.93.121.3:8090} 60 tcp ok\n"}
May 05 12:36:34 ubuntu tailscaled[888]: ,{"logtail":{"client_time":"2026-05-05T19:30:21.291325762Z","proc_id":1828866248,"proc_seq":589},"metrics":"I0802I0a02I0c02I1002I140aI1604I180aI1a04I2aa002I2cba02I2e18I3018I3802I3a02I3ca602I40a202I42a202I44a002I46a002I48a202I4c80d801I4e80d801I50a0b501I544cI7404I564cI7604I583cI5a10I7804I5c10I5e08I6010I6408","v":1,"text":"serve-listener: backoff: 33830 msec\n"}
May 05 12:36:34 ubuntu tailscaled[888]: ,{"logtail":{"client_time":"2026-05-05T19:30:24.585000729Z","proc_id":1828866248,"proc_seq":590},"v":1,"text":"Accept: TCP{100.125.148.82:56128 > 100.93.121.3:8090} 60 tcp ok\n"}
May 05 12:36:34 ubuntu NetworkManager[761]: <info>  [1778009794.7728] dhcp-init: Using DHCP client 'internal'
May 05 12:36:34 ubuntu tailscaled[888]: ,{"logtail":{"client_time":"2026-05-05T19:30:28.090040429Z","proc_id":1828866248,"proc_seq":591},"v":1,"text":"netcheck: report: udp=true v6=true mapvarydest=true portmap= v4a=166.170.48.3:13610 v6a=[2620:df:8000:4781:0:2:a066:8205]:41641 derp=17 derpdist=1v4:138ms,1v6:71ms,2v4:62ms,2v6:14ms,3v4:245ms,3v6:183ms,4v4:200ms,4v6:143ms,5v6:146ms,7v4:220ms,7v6:108ms,8v4:192ms,8v6:133ms,9v4:92ms,9v6:33ms,10v4:74ms,10v6:32ms,11v6:168ms,12v4:103ms,12v6:52ms,13v4:93ms,13v6:32ms,14v4:199ms,14v6:137ms,16v4:138ms,16v6:65ms,17v4:55ms,17v6:6ms,18v4:196ms,18v6:133ms,19v6:129ms,20v4:208ms,20v6:144ms,21v4:138ms,21v6:65ms,22v4:218ms,22v6:155ms,23v6:233ms,24v4:95ms,26v4:210ms,26v6:155ms,27v4:138ms,27v6:66ms,28v4:220ms,28v6:155ms\n"}
May 05 12:36:34 ubuntu tailscaled[888]: ,{"logtail":{"client_time":"2026-05-05T19:30:34.392306477Z","proc_id":1828866248,"proc_seq":592},"v":1,"text":"Accept: TCP{100.125.148.82:45340 > 100.93.121.3:8090} 60 tcp ok\n"}
May 05 12:36:34 ubuntu tailscaled[888]: ,{"logtail":{"client_time":"2026-05-05T19:30:44.549751041Z","proc_id":1828866248,"proc_seq":593},"metrics":"I0802I0a02I0c02I1002I1202I1462I1662I1862I1a60I2602I7c02I2a8e03I2caa03I2e1eI301eI3802I3a02I3c8e03I408c03I428c03I448c03I468e03I488c03I4c80a902I4ec0aa02I50c0f701I5442I7402I5642I7602I5832I5a10I7802I5c10I5e08I6010I6408","v":1,"text":"Accept: TCP{100.125.148.82:46862 > 100.93.121.3:8090} 60 tcp ok\n"}
May 05 12:36:34 ubuntu tailscaled[888]: ,{"logtail":{"client_time":"2026-05-05T19:30:51.498232563Z","proc_id":1828866248,"proc_seq":594},"v":1,"text":"netcheck: report: udp=true v6=true mapvarydest=true portmap= v4a=166.170.48.3:13610 v6a=[2620:df:8000:4781:0:2:a066:8205]:41641 derp=17 derpdist=2v4:54ms,2v6:14ms,10v4:203ms,17v4:41ms,17v6:5ms\n"}
May 05 12:36:34 ubuntu tailscaled[888]: ,{"logtail":{"client_time":"2026-05-05T19:30:54.357683007Z","proc_id":1828866248,"proc_seq":595},"v":1,"text":"peer keys: [uoByi]\n"}
May 05 12:36:34 ubuntu tailscaled[888]: ,{"logtail":{"client_time":"2026-05-05T19:30:54.357823098Z","proc_id":1828866248,"proc_seq":596},"v":1,"text":"v1.96.4-t8cf541dfd-g62bc84ce7 peers: 530252/485568\n"}
May 05 12:36:34 ubuntu NetworkManager[761]: <info>  [1778009794.7729] device (lo): carrier: link connected
May 05 12:36:34 ubuntu tailscaled[888]: ,{"logtail":{"client_time":"2026-05-05T19:30:54.357890776Z","proc_id":1828866248,"proc_seq":597},"v":1,"text":"Accept: TCP{100.125.148.82:56888 > 100.93.121.3:8090} 60 tcp ok\n"}
May 05 12:36:34 ubuntu tailscaled[888]: ,{"logtail":{"client_time":"2026-05-05T19:30:55.123052743Z","proc_id":1828866248,"proc_seq":598},"v":1,"text":"serve-listener: backoff: 21824 msec\n"}
May 05 12:36:34 ubuntu tailscaled[888]: ,{"logtail":{"client_time":"2026-05-05T19:31:04.538849752Z","proc_id":1828866248,"proc_seq":599},"metrics":"I0802I0a02I0c02I1002I140aI1604I180aI1a04I2ad602I2cf002I2e1aI301aI3802I3a02I3cda02I40d602I42d602I44d802I46d602I48d602I4c808202I4ec08002I50e0d501I544eI7404I564eI7604I583cI5a12I7804I5c12I5e08I6012I6408","v":1,"text":"Accept: TCP{100.125.148.82:49704 > 100.93.121.3:8090} 60 tcp ok\n"}
May 05 12:36:34 ubuntu tailscaled[888]: ,{"logtail":{"client_time":"2026-05-05T19:31:13.485616629Z","proc_id":1828866248,"proc_seq":600},"v":1,"text":"netcheck: report: udp=true v6=true mapvarydest=true portmap= v4a=166.170.48.3:13610 v6a=[2620:df:8000:4781:0:2:a066:8205]:41641 derp=17 derpdist=2v4:54ms,2v6:17ms,10v4:81ms,17v4:49ms,17v6:5ms\n"}
May 05 12:36:34 ubuntu tailscaled[888]: ,{"logtail":{"client_time":"2026-05-05T19:31:14.344463785Z","proc_id":1828866248,"proc_seq":601},"v":1,"text":"Accept: TCP{100.125.148.82:59936 > 100.93.121.3:8090} 60 tcp ok\n"}
May 05 12:36:34 ubuntu tailscaled[888]: ,{"logtail":{"client_time":"2026-05-05T19:31:16.948294149Z","proc_id":1828866248,"proc_seq":602},"v":1,"text":"serve-listener: backoff: 16777 msec\n"}
May 05 12:36:34 ubuntu tailscaled[888]: ,{"logtail":{"client_time":"2026-05-05T19:31:24.501509315Z","proc_id":1828866248,"proc_seq":603},"metrics":"I0802I0a02I0c02I1002I140aI1606I180aI1a06I2602I7c02I2ad602I2cf202I2e1cI301cI3802I3a02I3cde02I40d602I42d602I44d402I46d602I48d602I4c80ff01I4ec08002I50e0d501I5466I7408I5666I7608I5850I5a16I7808I5c16I5e08I6016I6408","v":1,"text":"Accept: TCP{100.125.148.82:56638 > 100.93.121.3:8090} 60 tcp ok\n"}
May 05 12:36:34 ubuntu tailscaled[888]: ,{"logtail":{"client_time":"2026-05-05T19:31:33.726564268Z","proc_id":1828866248,"proc_seq":604},"v":1,"text":"serve-listener: backoff: 34278 msec\n"}
May 05 12:36:34 ubuntu NetworkManager[761]: <info>  [1778009794.7731] manager: (lo): new Generic device (/org/freedesktop/NetworkManager/Devices/1)
May 05 12:36:34 ubuntu tailscaled[888]: ,{"logtail":{"client_time":"2026-05-05T19:31:34.311002904Z","proc_id":1828866248,"proc_seq":605},"v":1,"text":"Accept: TCP{100.125.148.82:45542 > 100.93.121.3:8090} 60 tcp ok\n"}
May 05 12:36:34 ubuntu tailscaled[888]: ,{"logtail":{"client_time":"2026-05-05T19:31:36.468883686Z","proc_id":1828866248,"proc_seq":606},"v":1,"text":"netcheck: report: udp=true v6=true mapvarydest=true portmap= v4a=166.170.48.3:13610 v6a=[2620:df:8000:4781:0:2:a066:8205]:41641 derp=17 derpdist=2v4:51ms,2v6:14ms,10v4:74ms,17v4:41ms,17v6:5ms\n"}
May 05 12:36:34 ubuntu tailscaled[888]: ,{"logtail":{"client_time":"2026-05-05T19:31:44.467223745Z","proc_id":1828866248,"proc_seq":607},"metrics":"I0802I0a02I0c02I1002I140aI1604I180aI1a04I2ad602I2cf002I2e1aI301aI3802I3a02I3cda02I40d602I42d602I44d602I46d602I48d602I4cc08002I4ec08002I50e0d501I5442I7404I5642I7604I5832I5a10I7804I5c10I5e06I6010I6406","v":1,"text":"Accept: TCP{100.125.148.82:38354 > 100.93.121.3:8090} 60 tcp ok\n"}
May 05 12:36:34 ubuntu tailscaled[888]: ,{"logtail":{"client_time":"2026-05-05T19:31:45.522525706Z","proc_id":1828866248,"proc_seq":608},"v":2,"text":"wg: [uoByi] - Received handshake initiation\n"}
May 05 12:36:34 ubuntu tailscaled[888]: ,{"logtail":{"client_time":"2026-05-05T19:31:45.522618824Z","proc_id":1828866248,"proc_seq":609},"v":2,"text":"wg: [uoByi] - Sending handshake response\n"}
May 05 12:36:34 ubuntu tailscaled[888]: ,{"logtail":{"client_time":"2026-05-05T19:31:45.524109269Z","proc_id":1828866248,"proc_seq":610},"v":2,"text":"wg: [uoByi] - ConsumeMessageInitiation: handshake replay @ 2026-05-05 12:31:45.50331648 -0700 PDT\n"}
May 05 12:36:34 ubuntu tailscaled[888]: ,{"logtail":{"client_time":"2026-05-05T19:31:45.524177524Z","proc_id":1828866248,"proc_seq":611},"v":2,"text":"wg: Received invalid initiation message from ba80728b7359a546fbcb6ea9c2205964f4d78d8d1e05f8cc2d535776ff3d9451\n"}
May 05 12:36:34 ubuntu tailscaled[888]: ,{"logtail":{"client_time":"2026-05-05T19:31:45.548939857Z","proc_id":1828866248,"proc_seq":612},"v":2,"text":"wg: [uoByi] - Receiving keepalive packet\n"}
May 05 12:36:34 ubuntu tailscaled[888]: ,{"logtail":{"client_time":"2026-05-05T19:31:54.29986736Z","proc_id":1828866248,"proc_seq":613},"v":1,"text":"Accept: TCP{100.125.148.82:46294 > 100.93.121.3:8090} 60 tcp ok\n"}
May 05 12:36:34 ubuntu tailscaled[888]: ,{"logtail":{"client_time":"2026-05-05T19:31:55.325193905Z","proc_id":1828866248,"proc_seq":614},"v":1,"text":"v1.96.4-t8cf541dfd-g62bc84ce7 peers: 580544/531604\n"}
May 05 12:36:34 ubuntu tailscaled[888]: ,{"logtail":{"client_time":"2026-05-05T19:32:01.548002831Z","proc_id":1828866248,"proc_seq":615},"metrics":"I0802I0a02I0c02I1002I140aI1604I180aI1a04I2aa402I2cbc02I2e16I3016I3802I3a02I3cb002I40a802I42a802I44aa02I46a802I48a802I4ca8df01I4ee8dd01I5098b901I545aI7408I565aI7608I5846I5a14I7808I5c14I5e06I6014I6406","v":1,"text":"netcheck: report: udp=true v6=true mapvarydest=true portmap= v4a=166.170.48.3:57281 v6a=[2620:df:8000:4781:0:2:a066:8205]:41641 derp=17 derpdist=2v4:51ms,2v6:11ms,10v4:69ms,17v4:41ms,17v6:3ms\n"}
May 05 12:36:34 ubuntu tailscaled[888]: ,{"logtail":{"client_time":"2026-05-05T19:32:04.433778209Z","proc_id":1828866248,"proc_seq":616},"v":1,"text":"Accept: TCP{100.125.148.82:59706 > 100.93.121.3:8090} 60 tcp ok\n"}
May 05 12:36:34 ubuntu tailscaled[888]: ,{"logtail":{"client_time":"2026-05-05T19:32:08.005828504Z","proc_id":1828866248,"proc_seq":617},"v":1,"text":"serve-listener: backoff: 25973 msec\n"}
May 05 12:36:34 ubuntu tailscaled[888]: ,{"logtail":{"client_time":"2026-05-05T19:32:14.590572678Z","proc_id":1828866248,"proc_seq":618},"v":1,"text":"Accept: TCP{100.125.148.82:58476 > 100.93.121.3:8090} 60 tcp ok\n"}
May 05 12:36:34 ubuntu tailscaled[888]: ,{"logtail":{"client_time":"2026-05-05T19:32:23.817941851Z","proc_id":1828866248,"proc_seq":619},"metrics":"I0802I0a02I0c02I1002I140aI1604I180aI1a04I2602I7c02I2a8003I2ca003I2e20I3020I3802I3a02I3c8603I408003I428003I448003I468003I488003I4c80a002I4e80a002I5080f001I545aI7406I565aI7606I5846I5a14I7806I5c14I5e08I6014I6408","v":1,"text":"netcheck: report: udp=true v6=true mapvarydest=true portmap= v4a=166.170.48.3:13610 v6a=[2620:df:8000:4781:0:2:a066:8205]:41641 derp=17 derpdist=2v4:44ms,2v6:12ms,10v4:79ms,17v4:40ms,17v6:3ms\n"}
May 05 12:36:34 ubuntu tailscaled[888]: ,{"logtail":{"client_time":"2026-05-05T19:32:24.395105078Z","proc_id":1828866248,"proc_seq":620},"v":1,"text":"Accept: TCP{100.125.148.82:56734 > 100.93.121.3:8090} 60 tcp ok\n"}
May 05 12:36:34 ubuntu tailscaled[888]: ,{"logtail":{"client_time":"2026-05-05T19:32:33.980039742Z","proc_id":1828866248,"proc_seq":621},"v":1,"text":"serve-listener: backoff: 42083 msec\n"}
May 05 12:36:34 ubuntu tailscaled[888]: ,{"logtail":{"client_time":"2026-05-05T19:32:34.303253292Z","proc_id":1828866248,"proc_seq":622},"v":1,"text":"Accept: TCP{100.125.148.82:34616 > 100.93.121.3:8090} 60 tcp ok\n"}
May 05 12:36:34 ubuntu tailscaled[888]: ,{"logtail":{"client_time":"2026-05-05T19:32:44.355058336Z","proc_id":1828866248,"proc_seq":623},"metrics":"I2ade02I2cf602I2e1aI301aI3ce402I40dc02I42dc02I44dc02I46de02I48dc02I4c808502I4ec08602I50c0d901I5466I7408I5666I7608I5850I5a16I7808I5c16I5e08I6016I6408","v":1,"text":"Accept: TCP{100.125.148.82:55380 > 100.93.121.3:8090} 60 tcp ok\n"}
May 05 12:36:34 ubuntu tailscaled[888]: ,{"logtail":{"client_time":"2026-05-05T19:32:45.540122021Z","proc_id":1828866248,"proc_seq":624},"v":1,"text":"netcheck: report: udp=true v6=true mapvarydest=true portmap= v4a=166.170.48.3:13610 v6a=[2620:df:8000:4781:0:2:a066:8205]:41641 derp=17 derpdist=2v4:54ms,2v6:13ms,10v4:62ms,17v4:48ms,17v6:5ms\n"}
May 05 12:36:34 ubuntu tailscaled[888]: ,{"logtail":{"client_time":"2026-05-05T19:32:54.510732614Z","proc_id":1828866248,"proc_seq":625},"v":1,"text":"Accept: TCP{100.125.148.82:53814 > 100.93.121.3:8090} 60 tcp ok\n"}
May 05 12:36:34 ubuntu tailscaled[888]: ,{"logtail":{"client_time":"2026-05-05T19:32:56.264399767Z","proc_id":1828866248,"proc_seq":626},"v":1,"text":"v1.96.4-t8cf541dfd-g62bc84ce7 peers: 630656/577540\n"}
May 05 12:36:34 ubuntu tailscaled[888]: ,{"logtail":{"client_time":"2026-05-05T19:33:04.314613565Z","proc_id":1828866248,"proc_seq":627},"metrics":"I0802I0a02I0c02I1002I140aI1606I180aI1a06I2602I7c02I2ad602I2cf002I2e1aI301aI3802I3a02I3cdc02I40d602I42d602I44d602I46d602I48d602I4cc08002I4ec08002I50e0d501I545aI7406I565aI7606I5846I5a14I7806I5c14I5e08I6014I6408","v":1,"text":"Accept: TCP{100.125.148.82:51748 > 100.93.121.3:8090} 60 tcp ok\n"}
May 05 12:36:34 ubuntu tailscaled[888]: ,{"logtail":{"client_time":"2026-05-05T19:33:06.123407833Z","proc_id":1828866248,"proc_seq":628},"v":1,"text":"netcheck: report: udp=true v6=true mapvarydest=true portmap= v4a=166.170.48.3:25578 v6a=[2620:df:8000:4781:0:2:a066:8205]:41641 derp=17 derpdist=2v4:61ms,2v6:11ms,10v4:62ms,17v4:55ms,17v6:3ms\n"}
May 05 12:36:34 ubuntu NetworkManager[761]: <info>  [1778009794.7742] manager: (can0): new Generic device (/org/freedesktop/NetworkManager/Devices/2)
May 05 12:36:34 ubuntu tailscaled[888]: ,{"logtail":{"client_time":"2026-05-05T19:33:06.124734589Z","proc_id":1828866248,"proc_seq":629},"text":"magicsock: endpoints changed: 166.170.48.3:25578 (stun), [2620:df:8000:4781:0:2:a066:8205]:41641 (stun), 166.170.48.3:41641 (stun4localport), 166.170.48.3:57281 (stun), 166.170.48.3:13610 (stun), 10.110.132.84:41641 (local), 172.17.0.1:41641 (local), 192.168.13.10:41641 (local)\n"}
May 05 12:36:34 ubuntu tailscaled[888]: ,{"logtail":{"client_time":"2026-05-05T19:33:06.124818654Z","proc_id":1828866248,"proc_seq":630},"v":1,"text":"v1.96.4-t8cf541dfd-g62bc84ce7 peers: 639008/585196\n"}
May 05 12:36:34 ubuntu tailscaled[888]: ,{"logtail":{"client_time":"2026-05-05T19:33:06.124876478Z","proc_id":1828866248,"proc_seq":631},"v":2,"text":"control: client.newEndpoints([{166.170.48.3:25578 stun} {[2620:df:8000:4781:0:2:a066:8205]:41641 stun} {166.170.48.3:41641 stun4localport} {166.170.48.3:57281 stun} {166.170.48.3:13610 stun} {10.110.132.84:41641 local} {172.17.0.1:41641 local} {192.168.13.10:41641 local}])\n"}
May 05 12:36:34 ubuntu tailscaled[888]: ,{"logtail":{"client_time":"2026-05-05T19:33:06.125036318Z","proc_id":1828866248,"proc_seq":632},"v":1,"text":"control: PollNetMap: stream=false ep=[166.170.48.3:25578 [2620:df:8000:4781:0:2:a066:8205]:41641 166.170.48.3:41641 166.170.48.3:57281 166.170.48.3:13610 10.110.132.84:41641 172.17.0.1:41641 192.168.13.10:41641]\n"}
May 05 12:36:34 ubuntu tailscaled[888]: ,{"logtail":{"client_time":"2026-05-05T19:33:10.527597263Z","proc_id":1828866248,"proc_seq":633},"v":1,"text":"control: successful lite map update in 4.403s\n"}
May 05 12:36:34 ubuntu tailscaled[888]: ,{"logtail":{"client_time":"2026-05-05T19:33:14.473458429Z","proc_id":1828866248,"proc_seq":634},"v":1,"text":"Accept: TCP{100.125.148.82:47960 > 100.93.121.3:8090} 60 tcp ok\n"}
May 05 12:36:34 ubuntu tailscaled[888]: ,{"logtail":{"client_time":"2026-05-05T19:33:16.064449745Z","proc_id":1828866248,"proc_seq":635},"v":1,"text":"serve-listener: backoff: 16451 msec\n"}
May 05 12:36:34 ubuntu tailscaled[888]: ,{"logtail":{"client_time":"2026-05-05T19:33:24.310735718Z","proc_id":1828866248,"proc_seq":636},"metrics":"I0802I0a02I0c02I1002I140aI1604I180aI1a04I2002I2202I2ada02I2cfe02I2e1cI301cI3802I3a02I3cde02I40da02I42da02I44dc02I46da02I48da02I4c808502I4ec08302I50a0d801I544eI7404I564eI7604I583cI5a12I7804I5c12I5e08I6012I6408","v":1,"text":"Accept: TCP{100.125.148.82:53744 > 100.93.121.3:8090} 60 tcp ok\n"}
May 05 12:36:34 ubuntu tailscaled[888]: ,{"logtail":{"client_time":"2026-05-05T19:33:30.807149915Z","proc_id":1828866248,"proc_seq":637},"v":1,"text":"netcheck: report: udp=true v6=true mapvarydest=true portmap= v4a=166.170.48.3:57281 v6a=[2620:df:8000:4781:0:2:a066:8205]:41641 derp=17 derpdist=2v4:61ms,2v6:11ms,10v4:103ms,17v4:57ms,17v6:3ms\n"}
May 05 12:36:34 ubuntu tailscaled[888]: ,{"logtail":{"client_time":"2026-05-05T19:33:32.516005128Z","proc_id":1828866248,"proc_seq":638},"v":1,"text":"serve-listener: backoff: 39782 msec\n"}
May 05 12:36:34 ubuntu tailscaled[888]: ,{"logtail":{"client_time":"2026-05-05T19:33:34.434601028Z","proc_id":1828866248,"proc_seq":639},"v":1,"text":"Accept: TCP{100.125.148.82:60748 > 100.93.121.3:8090} 60 tcp ok\n"}
May 05 12:36:34 ubuntu tailscaled[888]: ,{"logtail":{"client_time":"2026-05-05T19:33:44.319881847Z","proc_id":1828866248,"proc_seq":640},"metrics":"I0802I0a02I0c02I1002I140aI1604I180aI1a04I2ad202I2cee02I2e1aI301aI3802I3a02I3cd602I40d202I42d202I44d002I46d202I48d202I4c80fc01I4ec0fd01I50a0d301I5442I7404I5642I7604I5832I5a10I7804I5c10I5e06I6010I6406","v":1,"text":"Accept: TCP{100.125.148.82:38052 > 100.93.121.3:8090} 60 tcp ok\n"}
May 05 12:36:34 ubuntu tailscaled[888]: ,{"logtail":{"client_time":"2026-05-05T19:33:45.644794018Z","proc_id":1828866248,"proc_seq":641},"v":2,"text":"wg: [uoByi] - Received handshake initiation\n"}
May 05 12:36:34 ubuntu tailscaled[888]: ,{"logtail":{"client_time":"2026-05-05T19:33:45.644887459Z","proc_id":1828866248,"proc_seq":642},"v":2,"text":"wg: [uoByi] - Sending handshake response\n"}
May 05 12:36:34 ubuntu tailscaled[888]: ,{"logtail":{"client_time":"2026-05-05T19:33:45.646169645Z","proc_id":1828866248,"proc_seq":643},"v":2,"text":"wg: [uoByi] - ConsumeMessageInitiation: handshake replay @ 2026-05-05 12:33:45.637534208 -0700 PDT\n"}
May 05 12:36:34 ubuntu tailscaled[888]: ,{"logtail":{"client_time":"2026-05-05T19:33:45.646206157Z","proc_id":1828866248,"proc_seq":644},"v":2,"text":"wg: Received invalid initiation message from ba80728b7359a546fbcb6ea9c2205964f4d78d8d1e05f8cc2d535776ff3d9451\n"}
May 05 12:36:34 ubuntu tailscaled[888]: ,{"logtail":{"client_time":"2026-05-05T19:33:45.654923152Z","proc_id":1828866248,"proc_seq":645},"v":2,"text":"wg: [uoByi] - Receiving keepalive packet\n"}
May 05 12:36:34 ubuntu tailscaled[888]: ,{"logtail":{"client_time":"2026-05-05T19:33:51.759758834Z","proc_id":1828866248,"proc_seq":646},"v":1,"text":"netcheck: report: udp=true v6=true mapvarydest=true portmap= v4a=166.170.48.3:25578 v6a=[2620:df:8000:4781:0:2:a066:8205]:41641 derp=17 derpdist=2v4:371ms,2v6:13ms,10v4:430ms,17v4:366ms,17v6:4ms\n"}
May 05 12:36:34 ubuntu tailscaled[888]: ,{"logtail":{"client_time":"2026-05-05T19:33:54.405055068Z","proc_id":1828866248,"proc_seq":647},"v":1,"text":"Accept: TCP{100.125.148.82:48610 > 100.93.121.3:8090} 60 tcp ok\n"}
May 05 12:36:34 ubuntu tailscaled[888]: ,{"logtail":{"client_time":"2026-05-05T19:33:57.209794784Z","proc_id":1828866248,"proc_seq":648},"v":1,"text":"v1.96.4-t8cf541dfd-g62bc84ce7 peers: 681044/623576\n"}
May 05 12:36:34 ubuntu tailscaled[888]: ,{"logtail":{"client_time":"2026-05-05T19:34:04.56236385Z","proc_id":1828866248,"proc_seq":649},"metrics":"I0802I0a02I0c02I1002I140eI1604I180eI1a04I2602I7c02I2adc02I2cf602I2e1aI301aI3802I3a02I3ce202I40de02I42de02I44e202I46de02I48de02I4ca88902I4ea88602I50f8da01I5436I7404I5636I7604I5824I5a12I7804I5c12I5e04I6012I6404","v":1,"text":"Accept: TCP{100.125.148.82:38622 > 100.93.121.3:8090} 60 tcp ok\n"}
May 05 12:36:34 ubuntu tailscaled[888]: ,{"logtail":{"client_time":"2026-05-05T19:34:12.299808496Z","proc_id":1828866248,"proc_seq":650},"v":1,"text":"serve-listener: backoff: 41759 msec\n"}
May 05 12:36:34 ubuntu tailscaled[888]: ,{"logtail":{"client_time":"2026-05-05T19:34:14.369252765Z","proc_id":1828866248,"proc_seq":651},"v":1,"text":"Accept: TCP{100.125.148.82:51258 > 100.93.121.3:8090} 60 tcp ok\n"}
May 05 12:36:34 ubuntu tailscaled[888]: ,{"logtail":{"client_time":"2026-05-05T19:34:15.837321357Z","proc_id":1828866248,"proc_seq":652},"v":1,"text":"netcheck: report: udp=true v6=true mapvarydest=true portmap= v4a=166.170.48.3:13610 v6a=[2620:df:8000:4781:0:2:a066:8205]:41641 derp=17 derpdist=2v4:150ms,2v6:11ms,10v4:166ms,17v4:55ms,17v6:4ms\n"}
May 05 12:36:34 ubuntu tailscaled[888]: ,{"logtail":{"client_time":"2026-05-05T19:34:24.526263687Z","proc_id":1828866248,"proc_seq":653},"metrics":"I0802I0a02I0c02I1002I140cI1604I180cI1a04I2ad602I2cf202I2e1cI301cI3802I3a02I3cda02I40d602I42d602I44d402I46d802I48d602I4c80ff01I4e808202I50e0d501I5442I7404I5642I7604I5830I5a12I7804I5c12I5e08I6012I6408","v":1,"text":"Accept: TCP{100.125.148.82:53678 > 100.93.121.3:8090} 60 tcp ok\n"}
May 05 12:36:34 ubuntu tailscaled[888]: ,{"logtail":{"client_time":"2026-05-05T19:34:34.335523395Z","proc_id":1828866248,"proc_seq":654},"v":1,"text":"Accept: TCP{100.125.148.82:49076 > 100.93.121.3:8090} 60 tcp ok\n"}
May 05 12:36:34 ubuntu tailscaled[888]: ,{"logtail":{"client_time":"2026-05-05T19:34:38.885940765Z","proc_id":1828866248,"proc_seq":655},"v":1,"text":"netcheck: report: udp=true v6=true mapvarydest=true portmap= v4a=166.170.48.3:13610 v6a=[2620:df:8000:4781:0:2:a066:8205]:41641 derp=17 derpdist=2v4:49ms,2v6:12ms,10v4:67ms,17v4:40ms,17v6:3ms\n"}
May 05 12:36:34 ubuntu tailscaled[888]: ,{"logtail":{"client_time":"2026-05-05T19:34:44.495275563Z","proc_id":1828866248,"proc_seq":656},"metrics":"I0802I0a02I0c02I1002I140aI1604I180aI1a04I2ad602I2cf002I2e1aI301aI3802I3a02I3cdc02I40d602I42d602I44d602I46d602I48d602I4cc08002I4ec08002I50e0d501I544aI7406I564aI7606I5838I5a12I7806I5c12I5e08I6012I6408","v":1,"text":"Accept: TCP{100.125.148.82:37894 > 100.93.121.3:8090} 60 tcp ok\n"}
May 05 12:36:34 ubuntu tailscaled[888]: ,{"logtail":{"client_time":"2026-05-05T19:34:54.059959822Z","proc_id":1828866248,"proc_seq":657},"v":1,"text":"serve-listener: backoff: 27921 msec\n"}
May 05 12:36:34 ubuntu tailscaled[888]: ,{"logtail":{"client_time":"2026-05-05T19:34:54.303350166Z","proc_id":1828866248,"proc_seq":658},"v":1,"text":"Accept: TCP{100.125.148.82:57334 > 100.93.121.3:8090} 60 tcp ok\n"}
May 05 12:36:34 ubuntu NetworkManager[761]: <info>  [1778009794.7751] manager: (can1): new Generic device (/org/freedesktop/NetworkManager/Devices/3)
May 05 12:36:34 ubuntu tailscaled[888]: ,{"logtail":{"client_time":"2026-05-05T19:34:58.15338527Z","proc_id":1828866248,"proc_seq":659},"v":1,"text":"v1.96.4-t8cf541dfd-g62bc84ce7 peers: 731060/669512\n"}
May 05 12:36:34 ubuntu tailscaled[888]: ,{"logtail":{"client_time":"2026-05-05T19:35:01.250414881Z","proc_id":1828866248,"proc_seq":660},"metrics":"I0802I0a02I0c02I1002I140aI1604I180aI1a04I2602I7c02I2a9e02I2cb602I2e16I3016I3802I3a02I3ca402I40a002I42a002I44a002I469e02I48a002I4c80d801I4ec0d601I5080b401I5430I7404I5630I7604I5820I5a10I7804I5c10I5e04I6010I6404","v":1,"text":"netcheck: report: udp=true v6=true mapvarydest=true portmap= v4a=166.170.48.3:13610 v6a=[2620:df:8000:4781:0:2:a066:8205]:41641 derp=17 derpdist=2v4:51ms,2v6:11ms,10v4:68ms,17v4:37ms,17v6:3ms\n"}
May 05 12:36:34 ubuntu tailscaled[888]: ,{"logtail":{"client_time":"2026-05-05T19:35:04.46061671Z","proc_id":1828866248,"proc_seq":661},"v":1,"text":"Accept: TCP{100.125.148.82:48376 > 100.93.121.3:8090} 60 tcp ok\n"}
May 05 12:36:34 ubuntu tailscaled[888]: ,{"logtail":{"client_time":"2026-05-05T19:35:14.617507738Z","proc_id":1828866248,"proc_seq":662},"v":1,"text":"Accept: TCP{100.125.148.82:36326 > 100.93.121.3:8090} 60 tcp ok\n"}
May 05 12:36:34 ubuntu tailscaled[888]: ,{"logtail":{"client_time":"2026-05-05T19:35:21.982314387Z","proc_id":1828866248,"proc_seq":663},"metrics":"I2ae402I2c8003I2e1cI301cI3cea02I40e402I42e402I44e402I46e402I48e402I4c808b02I4e808b02I50c0de01I5444I7406I5644I7606I5830I5a14I7806I5c14I5e06I6014I6406","v":1,"text":"serve-listener: backoff: 27897 msec\n"}
May 05 12:36:34 ubuntu tailscaled[888]: ,{"logtail":{"client_time":"2026-05-05T19:35:23.538290178Z","proc_id":1828866248,"proc_seq":664},"v":1,"text":"netcheck: report: udp=true v6=true mapvarydest=true portmap= v4a=166.170.48.3:57281 v6a=[2620:df:8000:4781:0:2:a066:8205]:41641 derp=17 derpdist=2v4:50ms,2v6:13ms,10v4:83ms,17v4:50ms,17v6:5ms\n"}
May 05 12:36:34 ubuntu tailscaled[888]: ,{"logtail":{"client_time":"2026-05-05T19:35:24.425805046Z","proc_id":1828866248,"proc_seq":665},"v":1,"text":"Accept: TCP{100.125.148.82:36306 > 100.93.121.3:8090} 60 tcp ok\n"}
May 05 12:36:34 ubuntu tailscaled[888]: ,{"logtail":{"client_time":"2026-05-05T19:35:34.587545561Z","proc_id":1828866248,"proc_seq":666},"v":1,"text":"Accept: TCP{100.125.148.82:48544 > 100.93.121.3:8090} 60 tcp ok\n"}
May 05 12:36:34 ubuntu tailscaled[888]: ,{"logtail":{"client_time":"2026-05-05T19:35:44.393486784Z","proc_id":1828866248,"proc_seq":667},"metrics":"I0802I0a02I0c02I1002I140aI1606I180aI1a06I2a8003I2c9c03I2e1eI301eI3802I3a02I3c8403I40fe02I42fe02I44fe02I468003I48fe02I4cc09e02I4e80a002I50e0ee01I544cI7406I564cI7606I5838I5a14I7806I5c14I5e08I6014I6408","v":1,"text":"Accept: TCP{100.125.148.82:39978 > 100.93.121.3:8090} 60 tcp ok\n"}
May 05 12:36:34 ubuntu tailscaled[888]: ,{"logtail":{"client_time":"2026-05-05T19:35:45.794973238Z","proc_id":1828866248,"proc_seq":668},"v":2,"text":"wg: [uoByi] - Received handshake initiation\n"}
May 05 12:36:34 ubuntu tailscaled[888]: ,{"logtail":{"client_time":"2026-05-05T19:35:45.795073528Z","proc_id":1828866248,"proc_seq":669},"v":2,"text":"wg: [uoByi] - Sending handshake response\n"}
May 05 12:36:34 ubuntu tailscaled[888]: ,{"logtail":{"client_time":"2026-05-05T19:35:45.796505646Z","proc_id":1828866248,"proc_seq":670},"v":2,"text":"wg: [uoByi] - ConsumeMessageInitiation: handshake replay @ 2026-05-05 12:35:45.788529152 -0700 PDT\n"}
May 05 12:36:34 ubuntu tailscaled[888]: ,{"logtail":{"client_time":"2026-05-05T19:35:45.796566575Z","proc_id":1828866248,"proc_seq":671},"v":2,"text":"wg: Received invalid initiation message from ba80728b7359a546fbcb6ea9c2205964f4d78d8d1e05f8cc2d535776ff3d9451\n"}
May 05 12:36:34 ubuntu tailscaled[888]: ,{"logtail":{"client_time":"2026-05-05T19:35:45.802026949Z","proc_id":1828866248,"proc_seq":672},"v":2,"text":"wg: [uoByi] - Receiving keepalive packet\n"}
May 05 12:36:34 ubuntu tailscaled[888]: ,{"logtail":{"client_time":"2026-05-05T19:35:47.815912536Z","proc_id":1828866248,"proc_seq":673},"v":1,"text":"netcheck: report: udp=true v4=false v6=true mapvarydest= portmap= v6a=[2620:df:8000:4781:0:2:a066:8205]:41641 derp=17 derpdist=1v6:70ms,2v6:15ms,3v6:182ms,4v6:144ms,5v6:146ms,7v6:109ms,8v6:133ms,9v6:34ms,10v6:33ms,11v6:167ms,12v6:51ms,13v6:33ms,14v6:139ms,16v6:60ms,17v6:4ms,18v6:134ms,19v6:129ms,20v6:141ms,21v6:60ms,22v6:155ms,23v6:234ms,25v6:248ms,26v6:155ms,27v6:60ms,28v6:155ms\n"}
May 05 12:36:34 ubuntu tailscaled[888]: ,{"logtail":{"client_time":"2026-05-05T19:35:47.816438657Z","proc_id":1828866248,"proc_seq":674},"text":"control: NetInfo: NetInfo{varies= ipv6=true ipv6os=true udp=true icmpv4=false derp=#17 portmap= link=\"\" firewallmode=\"ipt-default\"}\n"}
May 05 12:36:34 ubuntu tailscaled[888]: ,{"logtail":{"client_time":"2026-05-05T19:35:47.816582915Z","proc_id":1828866248,"proc_seq":675},"v":1,"text":"control: PollNetMap: stream=false ep=[166.170.48.3:25578 [2620:df:8000:4781:0:2:a066:8205]:41641 166.170.48.3:41641 166.170.48.3:57281 166.170.48.3:13610 10.110.132.84:41641 172.17.0.1:41641 192.168.13.10:41641]\n"}
May 05 12:36:34 ubuntu tailscaled[888]: ,{"logtail":{"client_time":"2026-05-05T19:35:48.232860573Z","proc_id":1828866248,"proc_seq":676},"v":1,"text":"control: successful lite map update in 416ms\n"}
May 05 12:36:34 ubuntu tailscaled[888]: ,{"logtail":{"client_time":"2026-05-05T19:35:49.881025371Z","proc_id":1828866248,"proc_seq":677},"v":1,"text":"serve-listener: backoff: 32409 msec\n"}
May 05 12:36:34 ubuntu tailscaled[888]: ,{"logtail":{"client_time":"2026-05-05T19:35:54.553881602Z","proc_id":1828866248,"proc_seq":678},"v":1,"text":"Accept: TCP{100.125.148.82:34308 > 100.93.121.3:8090} 60 tcp ok\n"}
May 05 12:36:34 ubuntu tailscaled[888]: ,{"logtail":{"client_time":"2026-05-05T19:35:59.106335736Z","proc_id":1828866248,"proc_seq":679},"v":1,"text":"peer keys: [uoByi]\n"}
May 05 12:36:34 ubuntu tailscaled[888]: ,{"logtail":{"client_time":"2026-05-05T19:35:59.106483162Z","proc_id":1828866248,"proc_seq":680},"v":1,"text":"v1.96.4-t8cf541dfd-g62bc84ce7 peers: 781352/715548\n"}
May 05 12:36:34 ubuntu tailscaled[888]: ,{"logtail":{"client_time":"2026-05-05T19:36:04.35901707Z","proc_id":1828866248,"proc_seq":681},"metrics":"I0802I0a02I0c02I1002I1202I14a801I1666I18a801I1a60I2002I2202I2602I7c02I2ad602I2cf002I2e1aI301aI3802I3a02I3cde02I40d802I42d802I44dc02I46da02I48d802I4ce88402I4ea88302I5098d701I544cI7406I564cI7606I5838I5a14I7806I5c14I5e08I6014I6408","v":1,"text":"Accept: TCP{100.125.148.82:44698 > 100.93.121.3:8090} 60 tcp ok\n"}
May 05 12:36:34 ubuntu tailscaled[888]: ,{"logtail":{"client_time":"2026-05-05T19:36:12.585387784Z","proc_id":1828866248,"proc_seq":682},"v":1,"text":"netcheck: report: udp=true v4=false v6=true mapvarydest= portmap= v6a=[2620:df:8000:4781:0:2:a066:8205]:41641 derp=17 derpdist=2v6:13ms,10v6:31ms,17v6:5ms\n"}
May 05 12:36:34 ubuntu tailscaled[888]: ,{"logtail":{"client_time":"2026-05-05T19:36:14.518979768Z","proc_id":1828866248,"proc_seq":683},"v":1,"text":"Accept: TCP{100.125.148.82:41534 > 100.93.121.3:8090} 60 tcp ok\n"}
May 05 12:36:34 ubuntu tailscaled[888]: ,{"logtail":{"client_time":"2026-05-05T19:36:22.290862808Z","proc_id":1828866248,"proc_seq":684},"metrics":"I0802I0a02I0c02I1002I140eI1608I180eI1a08I2ab602I2cd002I2e18I3018I3802I3a02I3cbc02I40b802I42b802I44b602I46b602I48b802I4cc0e801I4ec0e801I5080c301I5440I7404I5640I7604I5830I5a10I7804I5c10I5e08I6010I6408","v":1,"text":"serve-listener: backoff: 37796 msec\n"}
May 05 12:36:34 ubuntu tailscaled[888]: ,{"logtail":{"client_time":"2026-05-05T19:36:24.328019996Z","proc_id":1828866248,"proc_seq":685},"v":1,"text":"Accept: TCP{100.125.148.82:52290 > 100.93.121.3:8090} 60 tcp ok\n"}
May 05 12:36:34 ubuntu tailscaled[888]: ,{"logtail":{"client_time":"2026-05-05T19:36:34.484721011Z","proc_id":1828866248,"proc_seq":686},"v":1,"text":"Accept: TCP{100.125.148.82:33774 > 100.93.121.3:8090} 60 tcp ok\n"}
May 05 12:36:34 ubuntu tailscaled[888]: ,{"logtail":{"client_time":"2026-05-05T19:36:34.804895694Z","proc_id":1828866248,"proc_seq":687},"v":1,"text":"netcheck: report: udp=true v6=true mapvarydest=true portmap= v4a=166.170.48.3:55761 v6a=[2620:df:8000:4781:0:2:a066:8205]:41641 derp=17 derpdist=2v4:202ms,2v6:36ms,10v4:218ms,10v6:53ms,17v4:50ms,17v6:27ms\n"}
May 05 12:36:34 ubuntu tailscaled[888]: ,{"logtail":{"client_time":"2026-05-05T19:36:34.805408549Z","proc_id":1828866248,"proc_seq":688},"text":"control: NetInfo: NetInfo{varies=true ipv6=true ipv6os=true udp=true icmpv4=false derp=#17 portmap= link=\"\" firewallmode=\"ipt-default\"}\n"}
May 05 12:36:34 ubuntu tailscaled[888]: ,{"logtail":{"client_time":"2026-05-05T19:36:34.805593314Z","proc_id":1828866248,"proc_seq":689},"v":1,"text":"control: PollNetMap: stream=false ep=[166.170.48.3:25578 [2620:df:8000:4781:0:2:a066:8205]:41641 166.170.48.3:41641 166.170.48.3:57281 166.170.48.3:13610 10.110.132.84:41641 172.17.0.1:41641 192.168.13.10:41641]\n"}
May 05 12:36:34 ubuntu tailscaled[888]: ,{"logtail":{"client_time":"2026-05-05T19:36:34.806351445Z","proc_id":1828866248,"proc_seq":690},"text":"magicsock: endpoints changed: 166.170.48.3:55761 (stun), 166.170.48.3:13610 (stun), [2620:df:8000:4781:0:2:a066:8205]:41641 (stun), 166.170.48.3:41641 (stun4localport), 166.170.48.3:25578 (stun), 166.170.48.3:57281 (stun), 10.110.132.84:41641 (local), 172.17.0.1:41641 (local), 192.168.13.10:41641 (local)\n"}
May 05 12:36:34 ubuntu tailscaled[888]: ,{"logtail":{"client_time":"2026-05-05T19:36:34.806438419Z","proc_id":1828866248,"proc_seq":691},"v":1,"text":"v1.96.4-t8cf541dfd-g62bc84ce7 peers: 810728/742476\n"}
May 05 12:36:34 ubuntu tailscaled[888]: ,{"logtail":{"client_time":"2026-05-05T19:36:34.806497554Z","proc_id":1828866248,"proc_seq":692},"v":2,"text":"control: client.newEndpoints([{166.170.48.3:55761 stun} {166.170.48.3:13610 stun} {[2620:df:8000:4781:0:2:a066:8205]:41641 stun} {166.170.48.3:41641 stun4localport} {166.170.48.3:25578 stun} {166.170.48.3:57281 stun} {10.110.132.84:41641 local} {172.17.0.1:41641 local} {192.168.13.10:41641 local}])\n"}
May 05 12:36:34 ubuntu tailscaled[888]: ,{"logtail":{"client_time":"2026-05-05T19:36:35.764846125Z","proc_id":1828866248,"proc_seq":693},"v":1,"text":"control: successful lite map update in 959ms\n"}
May 05 12:36:34 ubuntu tailscaled[888]: ,{"logtail":{"client_time":"2026-05-05T19:36:35.764980203Z","proc_id":1828866248,"proc_seq":694},"v":1,"text":"control: PollNetMap: stream=false ep=[166.170.48.3:55761 166.170.48.3:13610 [2620:df:8000:4781:0:2:a066:8205]:41641 166.170.48.3:41641 166.170.48.3:25578 166.170.48.3:57281 10.110.132.84:41641 172.17.0.1:41641 192.168.13.10:41641]\n"}
May 05 12:36:34 ubuntu tailscaled[888]: ,{"logtail":{"client_time":"2026-05-05T19:36:35.960332624Z","proc_id":1828866248,"proc_seq":695},"v":1,"text":"control: successful lite map update in 195ms\n"}
May 05 12:36:34 ubuntu tailscaled[888]: ,{"logtail":{"client_time":"2026-05-05T19:36:44.354292782Z","proc_id":1828866248,"proc_seq":696},"metrics":"I0802I0a02I0c02I1002I140eI160aI180eI1a0aI2004I2204I2af802I2c9403I2e1eI301eI3802I3a02I3cfe02I40f602I42f602I44f602I46f802I48f602I4cc09802I4e809a02I50e0e901I5456I7408I5656I7608I5840I5a16I7808I5c16I5e08I6016I6408","v":1,"text":"Accept: TCP{100.125.148.82:50146 > 100.93.121.3:8090} 60 tcp ok\n"}
May 05 12:36:34 ubuntu tailscaled[888]: ,{"logtail":{"client_time":"2026-05-05T19:36:54.449780931Z","proc_id":1828866248,"proc_seq":697},"v":1,"text":"Accept: TCP{100.125.148.82:45268 > 100.93.121.3:8090} 60 tcp ok\n"}
May 05 12:36:34 ubuntu tailscaled[888]: ,{"logtail":{"client_time":"2026-05-05T19:36:55.352566216Z","proc_id":1828866248,"proc_seq":698},"v":1,"text":"netcheck: report: udp=true v6=true mapvarydest=true portmap= v4a=166.170.48.3:13610 v6a=[2620:df:8000:4781:0:2:a066:8205]:41641 derp=17 derpdist=2v4:40ms,2v6:87ms,10v4:76ms,17v4:36ms,17v6:79ms\n"}
May 05 12:36:34 ubuntu tailscaled[888]: ,{"logtail":{"client_time":"2026-05-05T19:36:59.830642348Z","proc_id":1828866248,"proc_seq":699},"metrics":"I0802I0a02I0c02I1002I140aI1608I180aI1a08I2602I7c02I2a8402I2c9c02I2e16I3016I3802I3a02I3c8a02I408602I428602I448602I468402I488602I4cc0c401I4e80c301I50e0a301I5436I7404I5636I7604I5828I5a0eI7804I5c0eI5e06I600eI6406","v":1,"text":"v1.96.4-t8cf541dfd-g62bc84ce7 peers: 831176/761220\n"}
May 05 12:36:34 ubuntu tailscaled[888]: ,{"logtail":{"client_time":"2026-05-05T19:37:00.088467831Z","proc_id":1828866248,"proc_seq":700},"v":1,"text":"serve-listener: backoff: 28703 msec\n"}
May 05 12:36:34 ubuntu tailscaled[888]: ,{"logtail":{"client_time":"2026-05-05T19:37:04.373306298Z","proc_id":1828866248,"proc_seq":701},"v":1,"text":"Accept: TCP{100.125.148.82:35396 > 100.93.121.3:8090} 60 tcp ok\n"}
May 05 12:36:34 ubuntu tailscaled[888]: ,{"logtail":{"client_time":"2026-05-05T19:37:14.533353237Z","proc_id":1828866248,"proc_seq":702},"v":1,"text":"Accept: TCP{100.125.148.82:33132 > 100.93.121.3:8090} 60 tcp ok\n"}
May 05 12:36:34 ubuntu tailscaled[888]: ,{"logtail":{"client_time":"2026-05-05T19:37:21.521139865Z","proc_id":1828866248,"proc_seq":703},"metrics":"I0802I0a02I0c02I1002I1408I1604I1808I1a04I2aee02I2c8a03I2e1cI301cI3802I3a02I3cf602I40ee02I42ee02I44ee02I46ee02I48ee02I4cc09202I4ec09202I50e0e401I5458I7408I5658I7608I5840I5a18I7808I5c18I5e08I6018I6408","v":1,"text":"netcheck: report: udp=true v6=true mapvarydest=true portmap= v4a=166.170.48.3:13610 v6a=[2620:df:8000:4781:0:2:a066:8205]:41641 derp=17 derpdist=2v4:34ms,2v6:18ms,10v4:62ms,17v4:34ms,17v6:10ms\n"}
May 05 12:36:34 ubuntu tailscaled[888]: ,{"logtail":{"client_time":"2026-05-05T19:37:24.343868925Z","proc_id":1828866248,"proc_seq":704},"v":1,"text":"Accept: TCP{100.125.148.82:49372 > 100.93.121.3:8090} 60 tcp ok\n"}
May 05 12:36:34 ubuntu tailscaled[888]: ,{"logtail":{"client_time":"2026-05-05T19:37:28.792878474Z","proc_id":1828866248,"proc_seq":705},"v":1,"text":"serve-listener: backoff: 40764 msec\n"}
May 05 12:36:34 ubuntu tailscaled[888]: ,{"logtail":{"client_time":"2026-05-05T19:37:34.500935016Z","proc_id":1828866248,"proc_seq":706},"v":1,"text":"Accept: TCP{100.125.148.82:54368 > 100.93.121.3:8090} 60 tcp ok\n"}
May 05 12:36:34 ubuntu tailscaled[888]: ,{"logtail":{"client_time":"2026-05-05T19:37:44.309659808Z","proc_id":1828866248,"proc_seq":707},"metrics":"I2602I7c02I2a8803I2ca403I2e1eI301eI3c8e03I408603I428603I448603I468803I488603I4cc0a402I4e80a602I50e0f301I5456I7408I5656I7608I5840I5a16I7808I5c16I5e08I6016I6408","v":1,"text":"Accept: TCP{100.125.148.82:50442 > 100.93.121.3:8090} 60 tcp ok\n"}
May 05 12:36:34 ubuntu tailscaled[888]: ,{"logtail":{"client_time":"2026-05-05T19:37:45.99892729Z","proc_id":1828866248,"proc_seq":708},"v":1,"text":"netcheck: report: udp=true v6=true mapvarydest=true portmap= v4a=166.170.48.3:13610 v6a=[2620:df:8000:4781:0:2:a066:8205]:41641 derp=17 derpdist=2v4:44ms,2v6:20ms,10v4:67ms,17v4:33ms,17v6:11ms\n"}
May 05 12:36:34 ubuntu tailscaled[888]: ,{"logtail":{"client_time":"2026-05-05T19:37:46.061138891Z","proc_id":1828866248,"proc_seq":709},"v":2,"text":"wg: [uoByi] - Received handshake initiation\n"}
May 05 12:36:34 ubuntu tailscaled[888]: ,{"logtail":{"client_time":"2026-05-05T19:37:46.061217771Z","proc_id":1828866248,"proc_seq":710},"v":2,"text":"wg: [uoByi] - Sending handshake response\n"}
May 05 12:36:34 ubuntu tailscaled[888]: ,{"logtail":{"client_time":"2026-05-05T19:37:46.064927305Z","proc_id":1828866248,"proc_seq":711},"v":2,"text":"wg: [uoByi] - ConsumeMessageInitiation: handshake replay @ 2026-05-05 12:37:46.050331648 -0700 PDT\n"}
May 05 12:36:34 ubuntu tailscaled[888]: ,{"logtail":{"client_time":"2026-05-05T19:37:46.064981897Z","proc_id":1828866248,"proc_seq":712},"v":2,"text":"wg: Received invalid initiation message from ba80728b7359a546fbcb6ea9c2205964f4d78d8d1e05f8cc2d535776ff3d9451\n"}
May 05 12:36:34 ubuntu tailscaled[888]: ,{"logtail":{"client_time":"2026-05-05T19:37:46.070378809Z","proc_id":1828866248,"proc_seq":713},"v":2,"text":"wg: [uoByi] - Receiving keepalive packet\n"}
May 05 12:36:34 ubuntu tailscaled[888]: ,{"logtail":{"client_time":"2026-05-05T19:37:54.469727159Z","proc_id":1828866248,"proc_seq":714},"v":1,"text":"Accept: TCP{100.125.148.82:42378 > 100.93.121.3:8090} 60 tcp ok\n"}
May 05 12:36:34 ubuntu NetworkManager[761]: <info>  [1778009794.7766] manager: (eno1): new Ethernet device (/org/freedesktop/NetworkManager/Devices/4)
May 05 12:36:34 ubuntu tailscaled[888]: ,{"logtail":{"client_time":"2026-05-05T19:38:00.772400568Z","proc_id":1828866248,"proc_seq":715},"metrics":"I0802I0a02I0c02I1002I140aI1606I180aI1a06I2a9802I2cb002I2e16I3016I3802I3a02I3ca402I409c02I429c02I449e02I469e02I489c02I4ca8d601I4ea8d601I50d8b101I5454I7408I5654I7608I5840I5a14I7808I5c14I5e08I6014I6408","v":1,"text":"v1.96.4-t8cf541dfd-g62bc84ce7 peers: 881180/806992\n"}
May 05 12:36:34 ubuntu tailscaled[888]: ,{"logtail":{"client_time":"2026-05-05T19:38:04.309588129Z","proc_id":1828866248,"proc_seq":716},"v":1,"text":"Accept: TCP{100.125.148.82:56702 > 100.93.121.3:8090} 60 tcp ok\n"}
May 05 12:36:34 ubuntu tailscaled[888]: ,{"logtail":{"client_time":"2026-05-05T19:38:06.961536581Z","proc_id":1828866248,"proc_seq":717},"v":1,"text":"netcheck: report: udp=true v6=true mapvarydest=true portmap= v4a=166.170.48.3:13610 v6a=[2620:df:8000:4781:0:2:a066:8205]:41641 derp=17 derpdist=2v4:487ms,2v6:12ms,10v4:489ms,17v4:473ms,17v6:3ms\n"}
May 05 12:36:34 ubuntu tailscaled[888]: ,{"logtail":{"client_time":"2026-05-05T19:38:09.558058972Z","proc_id":1828866248,"proc_seq":718},"v":1,"text":"serve-listener: backoff: 22059 msec\n"}
May 05 12:36:34 ubuntu tailscaled[888]: ,{"logtail":{"client_time":"2026-05-05T19:38:14.434941624Z","proc_id":1828866248,"proc_seq":719},"v":1,"text":"Accept: TCP{100.125.148.82:57512 > 100.93.121.3:8090} 60 tcp ok\n"}
May 05 12:36:34 ubuntu tailscaled[888]: ,{"logtail":{"client_time":"2026-05-05T19:38:24.593928688Z","proc_id":1828866248,"proc_seq":720},"metrics":"I0802I0a02I0c02I1002I140eI1604I180eI1a04I2a9a03I2cc003I2e20I3020I3802I3a02I3ca003I409803I429803I449803I469803I489803I4c80b202I4e80b202I5080ff01I5458I7408I5658I7608I5840I5a18I7808I5c18I5e08I6018I6408","v":1,"text":"Accept: TCP{100.125.148.82:35812 > 100.93.121.3:8090} 60 tcp ok\n"}
May 05 12:36:34 ubuntu tailscaled[888]: ,{"logtail":{"client_time":"2026-05-05T19:38:29.862270429Z","proc_id":1828866248,"proc_seq":721},"v":1,"text":"netcheck: report: udp=true v6=true mapvarydest=true portmap= v4a=166.170.48.3:57281 v6a=[2620:df:8000:4781:0:2:a066:8205]:41641 derp=17 derpdist=2v4:61ms,2v6:18ms,10v4:90ms,17v4:54ms,17v6:9ms\n"}
May 05 12:36:34 ubuntu tailscaled[888]: ,{"logtail":{"client_time":"2026-05-05T19:38:31.618766076Z","proc_id":1828866248,"proc_seq":722},"v":1,"text":"serve-listener: backoff: 31981 msec\n"}
May 05 12:36:34 ubuntu tailscaled[888]: ,{"logtail":{"client_time":"2026-05-05T19:38:34.402458588Z","proc_id":1828866248,"proc_seq":723},"v":1,"text":"Accept: TCP{100.125.148.82:43400 > 100.93.121.3:8090} 60 tcp ok\n"}
May 05 12:36:34 ubuntu tailscaled[888]: ,{"logtail":{"client_time":"2026-05-05T19:38:44.556243496Z","proc_id":1828866248,"proc_seq":724},"metrics":"I0802I0a02I0c02I1002I140aI1608I180aI1a08I2602I7c02I2ad602I2cf202I2e1aI301aI3802I3a02I3cde02I40d602I42d602I44d602I46d602I48d602I4cc08002I4ec08002I50e0d501I5454I7408I5654I7608I5840I5a14I7808I5c14I5e08I6014I6408","v":1,"text":"Accept: TCP{100.125.148.82:46996 > 100.93.121.3:8090} 60 tcp ok\n"}
May 05 12:36:34 ubuntu tailscaled[888]: ,{"logtail":{"client_time":"2026-05-05T19:38:51.727075547Z","proc_id":1828866248,"proc_seq":725},"v":1,"text":"netcheck: report: udp=true v6=true mapvarydest=true portmap= v4a=166.170.48.3:13610 v6a=[2620:df:8000:4781:0:2:a066:8205]:41641 derp=17 derpdist=2v4:158ms,2v6:17ms,10v4:179ms,17v4:84ms,17v6:9ms\n"}
May 05 12:36:34 ubuntu tailscaled[888]: ,{"logtail":{"client_time":"2026-05-05T19:38:54.36726281Z","proc_id":1828866248,"proc_seq":726},"v":1,"text":"Accept: TCP{100.125.148.82:36058 > 100.93.121.3:8090} 60 tcp ok\n"}
May 05 12:36:34 ubuntu tailscaled[888]: ,{"logtail":{"client_time":"2026-05-05T19:39:01.723060707Z","proc_id":1828866248,"proc_seq":727},"metrics":"I0802I0a02I0c02I1002I140cI1604I180cI1a04I2aa402I2cbc02I2e16I3016I3802I3a02I3cac02I40a602I42a602I44a602I46a602I48a602I4cc0dc01I4ec0dc01I50e0b701I5442I7406I5642I7606I5830I5a12I7806I5c12I5e06I6012I6406","v":1,"text":"v1.96.4-t8cf541dfd-g62bc84ce7 peers: 931292/852928\n"}
May 05 12:36:34 ubuntu tailscaled[888]: ,{"logtail":{"client_time":"2026-05-05T19:39:03.600373306Z","proc_id":1828866248,"proc_seq":728},"v":1,"text":"serve-listener: backoff: 37849 msec\n"}
May 05 12:36:34 ubuntu tailscaled[888]: ,{"logtail":{"client_time":"2026-05-05T19:39:04.525970596Z","proc_id":1828866248,"proc_seq":729},"v":1,"text":"Accept: TCP{100.125.148.82:55706 > 100.93.121.3:8090} 60 tcp ok\n"}
May 05 12:36:34 ubuntu tailscaled[888]: ,{"logtail":{"client_time":"2026-05-05T19:39:13.33120909Z","proc_id":1828866248,"proc_seq":730},"v":1,"text":"netcheck: report: udp=true v6=true mapvarydest=true portmap= v4a=166.170.48.3:13610 v6a=[2620:df:8000:4781:0:2:a066:8205]:41641 derp=17 derpdist=2v4:44ms,2v6:19ms,10v4:67ms,17v4:32ms,17v6:10ms\n"}
May 05 12:36:34 ubuntu tailscaled[888]: ,{"logtail":{"client_time":"2026-05-05T19:39:13.332564159Z","proc_id":1828866248,"proc_seq":731},"text":"magicsock: endpoints changed: 166.170.48.3:13610 (stun), [2620:df:8000:4781:0:2:a066:8205]:41641 (stun), 166.170.48.3:41641 (stun4localport), 166.170.48.3:55761 (stun), 166.170.48.3:57281 (stun), 10.110.132.84:41641 (local), 172.17.0.1:41641 (local), 192.168.13.10:41641 (local)\n"}
May 05 12:36:34 ubuntu tailscaled[888]: ,{"logtail":{"client_time":"2026-05-05T19:39:13.332642783Z","proc_id":1828866248,"proc_seq":732},"v":1,"text":"v1.96.4-t8cf541dfd-g62bc84ce7 peers: 941084/861904\n"}
May 05 12:36:34 ubuntu tailscaled[888]: ,{"logtail":{"client_time":"2026-05-05T19:39:13.332696863Z","proc_id":1828866248,"proc_seq":733},"v":2,"text":"control: client.newEndpoints([{166.170.48.3:13610 stun} {[2620:df:8000:4781:0:2:a066:8205]:41641 stun} {166.170.48.3:41641 stun4localport} {166.170.48.3:55761 stun} {166.170.48.3:57281 stun} {10.110.132.84:41641 local} {172.17.0.1:41641 local} {192.168.13.10:41641 local}])\n"}
May 05 12:36:34 ubuntu tailscaled[888]: ,{"logtail":{"client_time":"2026-05-05T19:39:13.332848959Z","proc_id":1828866248,"proc_seq":734},"v":1,"text":"control: PollNetMap: stream=false ep=[166.170.48.3:13610 [2620:df:8000:4781:0:2:a066:8205]:41641 166.170.48.3:41641 166.170.48.3:55761 166.170.48.3:57281 10.110.132.84:41641 172.17.0.1:41641 192.168.13.10:41641]\n"}
May 05 12:36:34 ubuntu tailscaled[888]: ,{"logtail":{"client_time":"2026-05-05T19:39:13.489631974Z","proc_id":1828866248,"proc_seq":735},"v":1,"text":"control: successful lite map update in 157ms\n"}
May 05 12:36:34 ubuntu tailscaled[888]: ,{"logtail":{"client_time":"2026-05-05T19:39:14.349068812Z","proc_id":1828866248,"proc_seq":736},"v":1,"text":"Accept: TCP{100.125.148.82:50774 > 100.93.121.3:8090} 60 tcp ok\n"}
May 05 12:36:34 ubuntu tailscaled[888]: ,{"logtail":{"client_time":"2026-05-05T19:39:24.508496808Z","proc_id":1828866248,"proc_seq":737},"metrics":"I0802I0a02I0c02I1002I140aI1604I180aI1a04I2002I2202I2a8803I2ca803I2e22I3022I3802I3a02I3c8e03I408603I428603I448603I468603I488603I4cc0a402I4ec0a402I50e0f301I5460I7408I5660I7608I5848I5a18I7808I5c18I5e0aI6018I640a","v":1,"text":"Accept: TCP{100.125.148.82:37786 > 100.93.121.3:8090} 60 tcp ok\n"}
May 05 12:36:34 ubuntu tailscaled[888]: ,{"logtail":{"client_time":"2026-05-05T19:39:34.31440691Z","proc_id":1828866248,"proc_seq":738},"v":1,"text":"Accept: TCP{100.125.148.82:58996 > 100.93.121.3:8090} 60 tcp ok\n"}
May 05 12:36:34 ubuntu tailscaled[888]: ,{"logtail":{"client_time":"2026-05-05T19:39:37.042504694Z","proc_id":1828866248,"proc_seq":739},"v":1,"text":"netcheck: report: udp=true v6=true mapvarydest=true portmap= v4a=166.170.48.3:25578 v6a=[2620:df:8000:4781:0:2:a066:8205]:41641 derp=17 derpdist=2v4:58ms,2v6:16ms,10v4:81ms,17v4:55ms,17v6:8ms\n"}
May 05 12:36:34 ubuntu tailscaled[888]: ,{"logtail":{"client_time":"2026-05-05T19:39:37.04385103Z","proc_id":1828866248,"proc_seq":740},"text":"magicsock: endpoints changed: 166.170.48.3:25578 (stun), [2620:df:8000:4781:0:2:a066:8205]:41641 (stun), 166.170.48.3:41641 (stun4localport), 166.170.48.3:55761 (stun), 166.170.48.3:57281 (stun), 166.170.48.3:13610 (stun), 10.110.132.84:41641 (local), 172.17.0.1:41641 (local), 192.168.13.10:41641 (local)\n"}
May 05 12:36:34 ubuntu tailscaled[888]: ,{"logtail":{"client_time":"2026-05-05T19:39:37.04392927Z","proc_id":1828866248,"proc_seq":741},"v":1,"text":"v1.96.4-t8cf541dfd-g62bc84ce7 peers: 960380/879592\n"}
May 05 12:36:34 ubuntu tailscaled[888]: ,{"logtail":{"client_time":"2026-05-05T19:39:37.043988054Z","proc_id":1828866248,"proc_seq":742},"v":2,"text":"control: client.newEndpoints([{166.170.48.3:25578 stun} {[2620:df:8000:4781:0:2:a066:8205]:41641 stun} {166.170.48.3:41641 stun4localport} {166.170.48.3:55761 stun} {166.170.48.3:57281 stun} {166.170.48.3:13610 stun} {10.110.132.84:41641 local} {172.17.0.1:41641 local} {192.168.13.10:41641 local}])\n"}
May 05 12:36:34 ubuntu tailscaled[888]: ,{"logtail":{"client_time":"2026-05-05T19:39:37.04414655Z","proc_id":1828866248,"proc_seq":743},"v":1,"text":"control: PollNetMap: stream=false ep=[166.170.48.3:25578 [2620:df:8000:4781:0:2:a066:8205]:41641 166.170.48.3:41641 166.170.48.3:55761 166.170.48.3:57281 166.170.48.3:13610 10.110.132.84:41641 172.17.0.1:41641 192.168.13.10:41641]\n"}
May 05 12:36:34 ubuntu tailscaled[888]: ,{"logtail":{"client_time":"2026-05-05T19:39:37.216365246Z","proc_id":1828866248,"proc_seq":744},"v":1,"text":"control: successful lite map update in 172ms\n"}
May 05 12:36:34 ubuntu tailscaled[888]: ,{"logtail":{"client_time":"2026-05-05T19:39:41.45070243Z","proc_id":1828866248,"proc_seq":745},"metrics":"I0802I0a02I0c02I1002I140aI1604I180aI1a04I2002I2202I2602I7c02I2aa402I2cbc02I2e16I3016I3802I3a02I3cac02I40a602I42a602I44a602I46a402I48a602I4cc0dc01I4e80db01I50e0b701I5440I7406I5640I7606I5830I5a10I7806I5c10I5e06I6010I6406","v":1,"text":"serve-listener: backoff: 30512 msec\n"}
May 05 12:36:34 ubuntu tailscaled[888]: ,{"logtail":{"client_time":"2026-05-05T19:39:44.473362Z","proc_id":1828866248,"proc_seq":746},"v":1,"text":"Accept: TCP{100.125.148.82:55290 > 100.93.121.3:8090} 60 tcp ok\n"}
May 05 12:36:34 ubuntu tailscaled[888]: ,{"logtail":{"client_time":"2026-05-05T19:39:46.225590863Z","proc_id":1828866248,"proc_seq":747},"v":2,"text":"wg: [uoByi] - Received handshake initiation\n"}
May 05 12:36:34 ubuntu tailscaled[888]: ,{"logtail":{"client_time":"2026-05-05T19:39:46.225680527Z","proc_id":1828866248,"proc_seq":748},"v":2,"text":"wg: [uoByi] - Sending handshake response\n"}
May 05 12:36:34 ubuntu tailscaled[888]: ,{"logtail":{"client_time":"2026-05-05T19:39:46.231298995Z","proc_id":1828866248,"proc_seq":749},"v":2,"text":"wg: [uoByi] - ConsumeMessageInitiation: handshake replay @ 2026-05-05 12:39:46.218103808 -0700 PDT\n"}
May 05 12:36:34 ubuntu tailscaled[888]: ,{"logtail":{"client_time":"2026-05-05T19:39:46.231372467Z","proc_id":1828866248,"proc_seq":750},"v":2,"text":"wg: Received invalid initiation message from ba80728b7359a546fbcb6ea9c2205964f4d78d8d1e05f8cc2d535776ff3d9451\n"}
May 05 12:36:34 ubuntu tailscaled[888]: ,{"logtail":{"client_time":"2026-05-05T19:39:46.237963895Z","proc_id":1828866248,"proc_seq":751},"v":2,"text":"wg: [uoByi] - Receiving keepalive packet\n"}
May 05 12:36:34 ubuntu tailscaled[888]: ,{"logtail":{"client_time":"2026-05-05T19:39:54.299238627Z","proc_id":1828866248,"proc_seq":752},"v":1,"text":"Accept: TCP{100.125.148.82:42574 > 100.93.121.3:8090} 60 tcp ok\n"}
May 05 12:36:34 ubuntu tailscaled[888]: ,{"logtail":{"client_time":"2026-05-05T19:40:00.016265524Z","proc_id":1828866248,"proc_seq":753},"metrics":"I0802I0a02I0c02I1002I140aI1604I180aI1a04I2abe02I2cd802I2e1aI301aI3802I3a02I3cc402I40c002I42c002I44c202I46c202I48c002I4ca8f101I4ea8f101I5098c801I5438I7404I5638I7604I5828I5a10I7804I5c10I5e06I6010I6406","v":1,"text":"netcheck: report: udp=true v6=true mapvarydest=true portmap= v4a=166.170.48.3:57281 v6a=[2620:df:8000:4781:0:2:a066:8205]:41641 derp=17 derpdist=2v4:44ms,2v6:15ms,10v4:83ms,17v4:43ms,17v6:7ms\n"}
May 05 12:36:34 ubuntu tailscaled[888]: ,{"logtail":{"client_time":"2026-05-05T19:40:02.688635461Z","proc_id":1828866248,"proc_seq":754},"v":1,"text":"v1.96.4-t8cf541dfd-g62bc84ce7 peers: 981584/898964\n"}
May 05 12:36:34 ubuntu tailscaled[888]: ,{"logtail":{"client_time":"2026-05-05T19:40:04.43705362Z","proc_id":1828866248,"proc_seq":755},"v":1,"text":"Accept: TCP{100.125.148.82:56520 > 100.93.121.3:8090} 60 tcp ok\n"}
May 05 12:36:34 ubuntu tailscaled[888]: ,{"logtail":{"client_time":"2026-05-05T19:40:11.963664574Z","proc_id":1828866248,"proc_seq":756},"v":1,"text":"serve-listener: backoff: 21060 msec\n"}
May 05 12:36:34 ubuntu tailscaled[888]: ,{"logtail":{"client_time":"2026-05-05T19:40:14.31255824Z","proc_id":1828866248,"proc_seq":757},"v":1,"text":"Accept: TCP{100.125.148.82:45652 > 100.93.121.3:8090} 60 tcp ok\n"}
May 05 12:36:34 ubuntu tailscaled[888]: ,{"logtail":{"client_time":"2026-05-05T19:40:24.405140411Z","proc_id":1828866248,"proc_seq":758},"metrics":"I2602I7c02I2aa003I2cbe03I2e20I3020I3ca603I409e03I429e03I449e03I46a003I489e03I4cc0b602I4e80b802I50e08202I545aI7408I565aI7608I5840I5a1aI7808I5c1aI5e08I601aI6408","v":1,"text":"Accept: TCP{100.125.148.82:57632 > 100.93.121.3:8090} 60 tcp ok\n"}
May 05 12:36:34 ubuntu tailscaled[888]: ,{"logtail":{"client_time":"2026-05-05T19:40:24.961639843Z","proc_id":1828866248,"proc_seq":759},"v":1,"text":"netcheck: report: udp=true v6=true mapvarydest=true portmap= v4a=166.170.48.3:13610 v6a=[2620:df:8000:4781:0:2:a066:8205]:41641 derp=17 derpdist=2v4:74ms,2v6:12ms,10v4:92ms,17v4:65ms,17v6:4ms\n"}
May 05 12:36:34 ubuntu tailscaled[888]: ,{"logtail":{"client_time":"2026-05-05T19:40:33.02455614Z","proc_id":1828866248,"proc_seq":760},"v":1,"text":"serve-listener: backoff: 41853 msec\n"}
May 05 12:36:34 ubuntu tailscaled[888]: ,{"logtail":{"client_time":"2026-05-05T19:40:34.56708358Z","proc_id":1828866248,"proc_seq":761},"v":1,"text":"Accept: TCP{100.125.148.82:57754 > 100.93.121.3:8090} 60 tcp ok\n"}
May 05 12:36:34 ubuntu tailscaled[888]: ,{"logtail":{"client_time":"2026-05-05T19:40:44.373811373Z","proc_id":1828866248,"proc_seq":762},"metrics":"I0802I0a02I0c02I1002I140aI1604I180aI1a04I2ad802I2cf202I2e1aI301aI3802I3a02I3cde02I40d802I42d802I44d802I46d802I48d802I4c808202I4e808202I5080d701I544eI7406I564eI7606I583cI5a12I7806I5c12I5e08I6012I6408","v":1,"text":"Accept: TCP{100.125.148.82:36116 > 100.93.121.3:8090} 60 tcp ok\n"}
May 05 12:36:34 ubuntu tailscaled[888]: ,{"logtail":{"client_time":"2026-05-05T19:40:47.614333952Z","proc_id":1828866248,"proc_seq":763},"v":1,"text":"netcheck: report: udp=true v6=true mapvarydest=true portmap= v4a=166.170.48.3:13610 v6a=[2620:df:8000:4781:0:2:a066:8205]:41641 derp=17 derpdist=2v4:49ms,2v6:12ms,10v4:68ms,17v4:53ms,17v6:4ms\n"}
May 05 12:36:34 ubuntu tailscaled[888]: ,{"logtail":{"client_time":"2026-05-05T19:40:54.617351985Z","proc_id":1828866248,"proc_seq":764},"v":1,"text":"Accept: TCP{100.125.148.82:52474 > 100.93.121.3:8090} 60 tcp ok\n"}
May 05 12:36:34 ubuntu tailscaled[888]: ,{"logtail":{"client_time":"2026-05-05T19:41:03.641609228Z","proc_id":1828866248,"proc_seq":765},"metrics":"I0802I0a02I0c02I1002I140aI1604I180aI1a04I2ac802I2ce402I2e1aI301aI3802I3a02I3ccc02I40ca02I42ca02I44cc02I46c802I48ca02I4c80f901I4e80f601I50a0ce01I5442I7402I5642I7602I5832I5a10I7802I5c10I5e08I6010I6408","v":1,"text":"peer keys: [uoByi]\n"}
May 05 12:36:34 ubuntu tailscaled[888]: ,{"logtail":{"client_time":"2026-05-05T19:41:03.641794445Z","proc_id":1828866248,"proc_seq":766},"v":1,"text":"v1.96.4-t8cf541dfd-g62bc84ce7 peers: 1031792/944988\n"}
May 05 12:36:34 ubuntu tailscaled[888]: ,{"logtail":{"client_time":"2026-05-05T19:41:04.33959188Z","proc_id":1828866248,"proc_seq":767},"v":1,"text":"Accept: TCP{100.125.148.82:42500 > 100.93.121.3:8090} 60 tcp ok\n"}
May 05 12:36:34 ubuntu NetworkManager[761]: <info>  [1778009794.7784] settings: (eno1): created default wired connection 'Wired connection 1'
May 05 12:36:34 ubuntu tailscaled[888]: ,{"logtail":{"client_time":"2026-05-05T19:41:10.345818804Z","proc_id":1828866248,"proc_seq":768},"v":1,"text":"netcheck: report: udp=true v6=true mapvarydest=true portmap= v4a=166.170.48.3:13610 v6a=[2620:df:8000:4781:0:2:a066:8205]:41641 derp=17 derpdist=1v4:110ms,1v6:70ms,2v4:53ms,2v6:14ms,3v4:235ms,3v6:183ms,4v4:191ms,4v6:144ms,5v6:148ms,7v4:203ms,7v6:108ms,8v4:180ms,8v6:132ms,9v4:57ms,9v6:32ms,10v4:69ms,10v6:31ms,11v6:167ms,12v4:93ms,12v6:51ms,13v4:81ms,13v6:32ms,14v4:183ms,14v6:140ms,16v4:100ms,16v6:58ms,17v4:28ms,17v6:6ms,18v4:189ms,18v6:134ms,19v4:187ms,19v6:130ms,20v4:208ms,20v6:144ms,21v4:105ms,21v6:63ms,22v4:212ms,22v6:155ms,24v4:95ms,26v4:206ms,26v6:154ms,27v4:106ms,27v6:59ms,28v4:209ms,28v6:155ms\n"}
May 05 12:36:34 ubuntu tailscaled[888]: ,{"logtail":{"client_time":"2026-05-05T19:41:14.496804804Z","proc_id":1828866248,"proc_seq":769},"v":1,"text":"Accept: TCP{100.125.148.82:53688 > 100.93.121.3:8090} 60 tcp ok\n"}
May 05 12:36:34 ubuntu tailscaled[888]: ,{"logtail":{"client_time":"2026-05-05T19:41:14.879111945Z","proc_id":1828866248,"proc_seq":770},"v":1,"text":"serve-listener: backoff: 21848 msec\n"}
May 05 12:36:34 ubuntu tailscaled[888]: ,{"logtail":{"client_time":"2026-05-05T19:41:24.303514223Z","proc_id":1828866248,"proc_seq":771},"metrics":"I0802I0a02I0c02I1002I1202I1462I1662I1860I1a60I2602I7c02I2ae402I2cfe02I2e1cI301cI3802I3a02I3cea02I40e202I42e202I44e202I46e402I48e202I4cc08902I4e808b02I50a0dd01I5466I7408I5666I7608I5850I5a16I7808I5c16I5e08I6016I6408","v":1,"text":"Accept: TCP{100.125.148.82:33428 > 100.93.121.3:8090} 60 tcp ok\n"}
May 05 12:36:34 ubuntu tailscaled[888]: ,{"logtail":{"client_time":"2026-05-05T19:41:33.795624995Z","proc_id":1828866248,"proc_seq":772},"v":1,"text":"netcheck: report: udp=true v6=true mapvarydest=true portmap= v4a=166.170.48.3:13610 v6a=[2620:df:8000:4781:0:2:a066:8205]:41641 derp=17 derpdist=2v4:46ms,2v6:13ms,10v4:67ms,17v4:37ms,17v6:5ms\n"}
May 05 12:36:34 ubuntu tailscaled[888]: ,{"logtail":{"client_time":"2026-05-05T19:41:34.462572953Z","proc_id":1828866248,"proc_seq":773},"v":1,"text":"Accept: TCP{100.125.148.82:35834 > 100.93.121.3:8090} 60 tcp ok\n"}
May 05 12:36:34 ubuntu NetworkManager[761]: <info>  [1778009794.7785] device (eno1): state change: unmanaged -> unavailable (reason 'managed', sys-iface-state: 'external')
May 05 12:36:34 ubuntu tailscaled[888]: ,{"logtail":{"client_time":"2026-05-05T19:41:36.727969584Z","proc_id":1828866248,"proc_seq":774},"v":1,"text":"serve-listener: backoff: 32550 msec\n"}
May 05 12:36:34 ubuntu tailscaled[888]: ,{"logtail":{"client_time":"2026-05-05T19:41:44.306420833Z","proc_id":1828866248,"proc_seq":775},"metrics":"I0802I0a02I0c02I1002I140aI1604I180aI1a04I2ada02I2cf402I2e1aI301aI3802I3a02I3cdc02I40da02I42da02I44da02I46da02I48da02I4cc08302I4ec08302I50a0d801I5436I7402I5636I7602I5828I5a0eI7802I5c0eI5e06I600eI6406","v":1,"text":"Accept: TCP{100.125.148.82:37610 > 100.93.121.3:8090} 60 tcp ok\n"}
May 05 12:36:34 ubuntu tailscaled[888]: ,{"logtail":{"client_time":"2026-05-05T19:41:46.372329296Z","proc_id":1828866248,"proc_seq":776},"v":2,"text":"wg: [uoByi] - Received handshake initiation\n"}
May 05 12:36:34 ubuntu tailscaled[888]: ,{"logtail":{"client_time":"2026-05-05T19:41:46.3724228Z","proc_id":1828866248,"proc_seq":777},"v":2,"text":"wg: [uoByi] - Sending handshake response\n"}
May 05 12:36:34 ubuntu tailscaled[888]: ,{"logtail":{"client_time":"2026-05-05T19:41:46.376135209Z","proc_id":1828866248,"proc_seq":778},"v":2,"text":"wg: [uoByi] - ConsumeMessageInitiation: handshake replay @ 2026-05-05 12:41:46.369098752 -0700 PDT\n"}
May 05 12:36:34 ubuntu tailscaled[888]: ,{"logtail":{"client_time":"2026-05-05T19:41:46.376179849Z","proc_id":1828866248,"proc_seq":779},"v":2,"text":"wg: Received invalid initiation message from ba80728b7359a546fbcb6ea9c2205964f4d78d8d1e05f8cc2d535776ff3d9451\n"}
May 05 12:36:34 ubuntu tailscaled[888]: ,{"logtail":{"client_time":"2026-05-05T19:41:46.37898438Z","proc_id":1828866248,"proc_seq":780},"v":2,"text":"wg: [uoByi] - Receiving keepalive packet\n"}
May 05 12:36:34 ubuntu tailscaled[888]: ,{"logtail":{"client_time":"2026-05-05T19:41:54.431678939Z","proc_id":1828866248,"proc_seq":781},"v":1,"text":"Accept: TCP{100.125.148.82:42594 > 100.93.121.3:8090} 60 tcp ok\n"}
May 05 12:36:34 ubuntu tailscaled[888]: ,{"logtail":{"client_time":"2026-05-05T19:41:55.685969927Z","proc_id":1828866248,"proc_seq":782},"v":1,"text":"netcheck: report: udp=true v6=true mapvarydest=true portmap= v4a=166.170.48.3:57281 v6a=[2620:df:8000:4781:0:2:a066:8205]:41641 derp=17 derpdist=2v4:46ms,2v6:12ms,10v4:65ms,17v4:38ms,17v6:5ms\n"}
May 05 12:36:34 ubuntu tailscaled[888]: ,{"logtail":{"client_time":"2026-05-05T19:41:55.687295633Z","proc_id":1828866248,"proc_seq":783},"text":"magicsock: endpoints changed: 166.170.48.3:57281 (stun), [2620:df:8000:4781:0:2:a066:8205]:41641 (stun), 166.170.48.3:41641 (stun4localport), 166.170.48.3:25578 (stun), 166.170.48.3:13610 (stun), 10.110.132.84:41641 (local), 172.17.0.1:41641 (local), 192.168.13.10:41641 (local)\n"}
May 05 12:36:34 ubuntu tailscaled[888]: ,{"logtail":{"client_time":"2026-05-05T19:41:55.687378321Z","proc_id":1828866248,"proc_seq":784},"v":1,"text":"v1.96.4-t8cf541dfd-g62bc84ce7 peers: 1074884/984424\n"}
May 05 12:36:34 ubuntu tailscaled[888]: ,{"logtail":{"client_time":"2026-05-05T19:41:55.687480658Z","proc_id":1828866248,"proc_seq":785},"v":2,"text":"control: client.newEndpoints([{166.170.48.3:57281 stun} {[2620:df:8000:4781:0:2:a066:8205]:41641 stun} {166.170.48.3:41641 stun4localport} {166.170.48.3:25578 stun} {166.170.48.3:13610 stun} {10.110.132.84:41641 local} {172.17.0.1:41641 local} {192.168.13.10:41641 local}])\n"}
May 05 12:36:34 ubuntu tailscaled[888]: ,{"logtail":{"client_time":"2026-05-05T19:41:55.687642067Z","proc_id":1828866248,"proc_seq":786},"v":1,"text":"control: PollNetMap: stream=false ep=[166.170.48.3:57281 [2620:df:8000:4781:0:2:a066:8205]:41641 166.170.48.3:41641 166.170.48.3:25578 166.170.48.3:13610 10.110.132.84:41641 172.17.0.1:41641 192.168.13.10:41641]\n"}
May 05 12:36:34 ubuntu tailscaled[888]: ,{"logtail":{"client_time":"2026-05-05T19:41:55.851916012Z","proc_id":1828866248,"proc_seq":787},"v":1,"text":"control: successful lite map update in 164ms\n"}
May 05 12:36:34 ubuntu tailscaled[888]: ,{"logtail":{"client_time":"2026-05-05T19:42:04.590866337Z","proc_id":1828866248,"proc_seq":788},"metrics":"I0802I0a02I0c02I1002I140aI1604I180aI1a04I2002I2202I2ad802I2cf202I2e1aI301aI3802I3a02I3cde02I40da02I42da02I44dc02I46dc02I48da02I4ce88402I4ee88402I50b8d801I544eI7404I564eI7604I583cI5a12I7804I5c12I5e08I6012I6408","v":1,"text":"v1.96.4-t8cf541dfd-g62bc84ce7 peers: 1082084/991024\n"}
May 05 12:36:34 ubuntu tailscaled[888]: ,{"logtail":{"client_time":"2026-05-05T19:42:04.591115203Z","proc_id":1828866248,"proc_seq":789},"v":1,"text":"Accept: TCP{100.125.148.82:45688 > 100.93.121.3:8090} 60 tcp ok\n"}
May 05 12:36:34 ubuntu dbus-daemon[760]: [system] Successfully activated service 'org.freedesktop.nm_dispatcher'
May 05 12:36:34 ubuntu systemd[1]: Started Network Manager Script Dispatcher Service.
May 05 12:36:34 ubuntu tailscaled[888]: ,{"logtail":{"client_time":"2026-05-05T19:42:09.280038777Z","proc_id":1828866248,"proc_seq":790},"v":1,"text":"serve-listener: backoff: 27062 msec\n"}
May 05 12:36:34 ubuntu tailscaled[888]: ,{"logtail":{"client_time":"2026-05-05T19:42:14.39844844Z","proc_id":1828866248,"proc_seq":791},"v":1,"text":"Accept: TCP{100.125.148.82:35926 > 100.93.121.3:8090} 60 tcp ok\n"}
May 05 12:36:34 ubuntu tailscaled[888]: ,{"logtail":{"client_time":"2026-05-05T19:42:19.729424656Z","proc_id":1828866248,"proc_seq":792},"metrics":"I0802I0a02I0c02I1002I140aI1606I180aI1a06I2602I7c02I2a8602I2c9c02I2e14I3014I3802I3a02I3c8a02I408802I428802I448602I468602I488802I4cc0c401I4ec0c401I5080a501I5434I7402I5634I7602I5828I5a0cI7802I5c0cI5e06I600cI6406","v":1,"text":"netcheck: report: udp=true v6=true mapvarydest=true portmap= v4a=166.170.48.3:13610 v6a=[2620:df:8000:4781:0:2:a066:8205]:41641 derp=17 derpdist=2v4:52ms,2v6:13ms,10v4:71ms,17v4:42ms,17v6:5ms\n"}
May 05 12:36:34 ubuntu tailscaled[888]: ,{"logtail":{"client_time":"2026-05-05T19:42:24.556021264Z","proc_id":1828866248,"proc_seq":793},"v":1,"text":"Accept: TCP{100.125.148.82:36152 > 100.93.121.3:8090} 60 tcp ok\n"}
May 05 12:36:34 ubuntu tailscaled[888]: ,{"logtail":{"client_time":"2026-05-05T19:42:34.363097209Z","proc_id":1828866248,"proc_seq":794},"v":1,"text":"Accept: TCP{100.125.148.82:42546 > 100.93.121.3:8090} 60 tcp ok\n"}
May 05 12:36:34 ubuntu tailscaled[888]: ,{"logtail":{"client_time":"2026-05-05T19:42:36.343538345Z","proc_id":1828866248,"proc_seq":795},"metrics":"I2a9a02I2cb202I2e18I3018I3c9e02I409a02I429a02I449a02I469a02I489a02I4cc0d301I4ec0d301I50a0b001I5442I7404I5642I7604I5832I5a10I7804I5c10I5e06I6010I6406","v":1,"text":"serve-listener: backoff: 15298 msec\n"}
May 05 12:36:34 ubuntu tailscaled[888]: ,{"logtail":{"client_time":"2026-05-05T19:42:40.090633474Z","proc_id":1828866248,"proc_seq":796},"v":1,"text":"netcheck: report: udp=true v6=true mapvarydest=true portmap= v4a=166.170.48.3:29072 v6a=[2620:df:8000:4781:0:2:a066:8205]:41641 derp=17 derpdist=2v4:253ms,2v6:11ms,10v4:289ms,17v4:95ms,17v6:3ms\n"}
May 05 12:36:34 ubuntu tailscaled[888]: ,{"logtail":{"client_time":"2026-05-05T19:42:40.091893421Z","proc_id":1828866248,"proc_seq":797},"text":"magicsock: endpoints changed: 166.170.48.3:29072 (stun), 166.170.48.3:13610 (stun), [2620:df:8000:4781:0:2:a066:8205]:41641 (stun), 166.170.48.3:41641 (stun4localport), 166.170.48.3:25578 (stun), 166.170.48.3:57281 (stun), 10.110.132.84:41641 (local), 172.17.0.1:41641 (local), 192.168.13.10:41641 (local)\n"}
May 05 12:36:34 ubuntu tailscaled[888]: ,{"logtail":{"client_time":"2026-05-05T19:42:40.091968334Z","proc_id":1828866248,"proc_seq":798},"v":1,"text":"v1.96.4-t8cf541dfd-g62bc84ce7 peers: 1111460/1017952\n"}
May 05 12:36:34 ubuntu tailscaled[888]: ,{"logtail":{"client_time":"2026-05-05T19:42:40.092027182Z","proc_id":1828866248,"proc_seq":799},"v":2,"text":"control: client.newEndpoints([{166.170.48.3:29072 stun} {166.170.48.3:13610 stun} {[2620:df:8000:4781:0:2:a066:8205]:41641 stun} {166.170.48.3:41641 stun4localport} {166.170.48.3:25578 stun} {166.170.48.3:57281 stun} {10.110.132.84:41641 local} {172.17.0.1:41641 local} {192.168.13.10:41641 local}])\n"}
May 05 12:36:34 ubuntu tailscaled[888]: ,{"logtail":{"client_time":"2026-05-05T19:42:40.092188272Z","proc_id":1828866248,"proc_seq":800},"v":1,"text":"control: PollNetMap: stream=false ep=[166.170.48.3:29072 166.170.48.3:13610 [2620:df:8000:4781:0:2:a066:8205]:41641 166.170.48.3:41641 166.170.48.3:25578 166.170.48.3:57281 10.110.132.84:41641 172.17.0.1:41641 192.168.13.10:41641]\n"}
May 05 12:36:34 ubuntu tailscaled[888]: ,{"logtail":{"client_time":"2026-05-05T19:42:40.252415046Z","proc_id":1828866248,"proc_seq":801},"v":1,"text":"control: successful lite map update in 160ms\n"}
May 05 12:36:34 ubuntu tailscaled[888]: ,{"logtail":{"client_time":"2026-05-05T19:42:44.522651038Z","proc_id":1828866248,"proc_seq":802},"v":1,"text":"Accept: TCP{100.125.148.82:58214 > 100.93.121.3:8090} 60 tcp ok\n"}
May 05 12:36:34 ubuntu tailscaled[888]: ,{"logtail":{"client_time":"2026-05-05T19:42:51.642899065Z","proc_id":1828866248,"proc_seq":803},"metrics":"I0802I0a02I0c02I1002I140eI1604I180eI1a04I2002I2202I2a8802I2c9c02I2e14I3014I3802I3a02I3c8e02I408802I428802I448802I468602I488802I4c80c601I4ec0c401I5080a501I544cI7406I564cI7606I583cI5a10I7806I5c10I5e06I6010I6406","v":1,"text":"serve-listener: backoff: 17754 msec\n"}
May 05 12:36:34 ubuntu tailscaled[888]: ,{"logtail":{"client_time":"2026-05-05T19:42:54.328647993Z","proc_id":1828866248,"proc_seq":804},"v":1,"text":"Accept: TCP{100.125.148.82:39572 > 100.93.121.3:8090} 60 tcp ok\n"}
May 05 12:36:34 ubuntu tailscaled[888]: ,{"logtail":{"client_time":"2026-05-05T19:43:01.361514959Z","proc_id":1828866248,"proc_seq":805},"v":1,"text":"netcheck: report: udp=true v6=true mapvarydest=true portmap= v4a=166.170.48.3:13610 v6a=[2620:df:8000:4781:0:2:a066:8205]:41641 derp=17 derpdist=2v4:70ms,2v6:13ms,10v4:84ms,17v4:58ms,17v6:4ms\n"}
May 05 12:36:34 ubuntu tailscaled[888]: ,{"logtail":{"client_time":"2026-05-05T19:43:04.488728328Z","proc_id":1828866248,"proc_seq":806},"v":1,"text":"Accept: TCP{100.125.148.82:47214 > 100.93.121.3:8090} 60 tcp ok\n"}
May 05 12:36:34 ubuntu tailscaled[888]: ,{"logtail":{"client_time":"2026-05-05T19:43:05.544055612Z","proc_id":1828866248,"proc_seq":807},"v":1,"text":"v1.96.4-t8cf541dfd-g62bc84ce7 peers: 1132292/1036960\n"}
May 05 12:36:34 ubuntu tailscaled[888]: ,{"logtail":{"client_time":"2026-05-05T19:43:09.398481364Z","proc_id":1828866248,"proc_seq":808},"metrics":"I0802I0a02I0c02I1002I140aI1606I180aI1a06I2602I7c02I2aae02I2cc602I2e18I3018I3802I3a02I3cb402I40ae02I42ae02I44ae02I46ae02I48ae02I4cc0e201I4ec0e201I50e0bc01I5458I7406I5658I7606I5846I5a12I7806I5c12I5e08I6012I6408","v":1,"text":"serve-listener: backoff: 22650 msec\n"}
May 05 12:36:34 ubuntu tailscaled[888]: ,dns: [resolved-ping=yes rc=resolved resolved=file nm=yes nm-resolved=no resolv-conf-mode=foreign ret=systemd-resolved]
May 05 12:36:34 ubuntu tailscaled[888]: dns: using "systemd-resolved" mode
May 05 12:36:34 ubuntu tailscaled[888]: creating dns cleanup: route ip+net: no such network interface
May 05 12:36:34 ubuntu tailscaled[888]: logtail: dial "log.tailscale.com:443" failed: dial tcp: lookup log.tailscale.com on 127.0.0.53:53: server misbehaving (in 1ms), trying bootstrap...
May 05 12:36:34 ubuntu tailscaled[888]: trying bootstrapDNS("derp12b.tailscale.com", "45.63.71.144") for "log.tailscale.com" ...
May 05 12:36:34 ubuntu tailscaled[888]: bootstrapDNS("derp12b.tailscale.com", "45.63.71.144") for "log.tailscale.com" error: Get "https://derp12b.tailscale.com/bootstrap-dns?q=log.tailscale.com": dial tcp 45.63.71.144:443: connect: network is unreachable
May 05 12:36:34 ubuntu tailscaled[888]: trying bootstrapDNS("derp2f.tailscale.com", "2607:f740:0:3f::f4") for "log.tailscale.com" ...
May 05 12:36:34 ubuntu tailscaled[888]: bootstrapDNS("derp2f.tailscale.com", "2607:f740:0:3f::f4") for "log.tailscale.com" error: Get "https://derp2f.tailscale.com/bootstrap-dns?q=log.tailscale.com": dial tcp [2607:f740:0:3f::f4]:443: connect: network is unreachable
May 05 12:36:34 ubuntu tailscaled[888]: trying bootstrapDNS("derp2e.tailscale.com", "192.73.252.134") for "log.tailscale.com" ...
May 05 12:36:34 ubuntu tailscaled[888]: bootstrapDNS("derp2e.tailscale.com", "192.73.252.134") for "log.tailscale.com" error: Get "https://derp2e.tailscale.com/bootstrap-dns?q=log.tailscale.com": dial tcp 192.73.252.134:443: connect: network is unreachable
May 05 12:36:34 ubuntu tailscaled[888]: trying bootstrapDNS("derp11.tailscale.com", "2600:1f1e:ee4:5611:ec5c:1736:d43b:a454") for "log.tailscale.com" ...
May 05 12:36:34 ubuntu tailscaled[888]: bootstrapDNS("derp11.tailscale.com", "2600:1f1e:ee4:5611:ec5c:1736:d43b:a454") for "log.tailscale.com" error: Get "https://derp11.tailscale.com/bootstrap-dns?q=log.tailscale.com": dial tcp [2600:1f1e:ee4:5611:ec5c:1736:d43b:a454]:443: connect: network is unreachable
May 05 12:36:34 ubuntu tailscaled[888]: trying bootstrapDNS("derp8c.tailscale.com", "206.189.16.32") for "log.tailscale.com" ...
May 05 12:36:34 ubuntu tailscaled[888]: bootstrapDNS("derp8c.tailscale.com", "206.189.16.32") for "log.tailscale.com" error: Get "https://derp8c.tailscale.com/bootstrap-dns?q=log.tailscale.com": dial tcp 206.189.16.32:443: connect: network is unreachable
May 05 12:36:34 ubuntu tailscaled[888]: trying bootstrapDNS("derp12b.tailscale.com", "2001:19f0:5c01:48a:5400:3ff:fe8d:cb5f") for "log.tailscale.com" ...
May 05 12:36:34 ubuntu tailscaled[888]: bootstrapDNS("derp12b.tailscale.com", "2001:19f0:5c01:48a:5400:3ff:fe8d:cb5f") for "log.tailscale.com" error: Get "https://derp12b.tailscale.com/bootstrap-dns?q=log.tailscale.com": dial tcp [2001:19f0:5c01:48a:5400:3ff:fe8d:cb5f]:443: connect: network is unreachable
May 05 12:36:34 ubuntu tailscaled[888]: trying bootstrapDNS("derp2f.tailscale.com", "208.111.34.178") for "log.tailscale.com" ...
May 05 12:36:34 ubuntu tailscaled[888]: bootstrapDNS("derp2f.tailscale.com", "208.111.34.178") for "log.tailscale.com" error: Get "https://derp2f.tailscale.com/bootstrap-dns?q=log.tailscale.com": dial tcp 208.111.34.178:443: connect: network is unreachable
May 05 12:36:34 ubuntu tailscaled[888]: trying bootstrapDNS("derp5.tailscale.com", "2001:19f0:5801:10b7:5400:2ff:feaa:284c") for "log.tailscale.com" ...
May 05 12:36:34 ubuntu tailscaled[888]: bootstrapDNS("derp5.tailscale.com", "2001:19f0:5801:10b7:5400:2ff:feaa:284c") for "log.tailscale.com" error: Get "https://derp5.tailscale.com/bootstrap-dns?q=log.tailscale.com": dial tcp [2001:19f0:5801:10b7:5400:2ff:feaa:284c]:443: connect: network is unreachable
May 05 12:36:34 ubuntu tailscaled[888]: trying bootstrapDNS("derp8c.tailscale.com", "206.189.16.32") for "log.tailscale.com" ...
May 05 12:36:34 ubuntu tailscaled[888]: bootstrapDNS("derp8c.tailscale.com", "206.189.16.32") for "log.tailscale.com" error: Get "https://derp8c.tailscale.com/bootstrap-dns?q=log.tailscale.com": dial tcp 206.189.16.32:443: connect: network is unreachable
May 05 12:36:34 ubuntu tailscaled[888]: trying bootstrapDNS("derp12.tailscale.com", "2001:19f0:5c01:289:5400:3ff:fe8d:cb5e") for "log.tailscale.com" ...
May 05 12:36:34 ubuntu tailscaled[888]: bootstrapDNS("derp12.tailscale.com", "2001:19f0:5c01:289:5400:3ff:fe8d:cb5e") for "log.tailscale.com" error: Get "https://derp12.tailscale.com/bootstrap-dns?q=log.tailscale.com": dial tcp [2001:19f0:5c01:289:5400:3ff:fe8d:cb5e]:443: connect: network is unreachable
May 05 12:36:34 ubuntu tailscaled[888]: trying bootstrapDNS("derp4d.tailscale.com", "134.122.94.167") for "log.tailscale.com" ...
May 05 12:36:34 ubuntu tailscaled[888]: bootstrapDNS("derp4d.tailscale.com", "134.122.94.167") for "log.tailscale.com" error: Get "https://derp4d.tailscale.com/bootstrap-dns?q=log.tailscale.com": dial tcp 134.122.94.167:443: connect: network is unreachable
May 05 12:36:34 ubuntu tailscaled[888]: trying bootstrapDNS("derp4d.tailscale.com", "2a03:b0c0:3:d0::1501:b001") for "log.tailscale.com" ...
May 05 12:36:34 ubuntu tailscaled[888]: bootstrapDNS("derp4d.tailscale.com", "2a03:b0c0:3:d0::1501:b001") for "log.tailscale.com" error: Get "https://derp4d.tailscale.com/bootstrap-dns?q=log.tailscale.com": dial tcp [2a03:b0c0:3:d0::1501:b001]:443: connect: network is unreachable
May 05 12:36:34 ubuntu tailscaled[888]: logtail: upload: log upload of 24632 bytes compressed failed: Post "https://log.tailscale.com/c/tailnode.log.tailscale.io/f8f1ec74b503f0100fb12713999568343aa613e5358a814cc7e8c8bb6f245967": failed to resolve "log.tailscale.com": no DNS fallback candidates remain for "log.tailscale.com"
May 05 12:36:34 ubuntu dbus-daemon[760]: [system] Activating via systemd: service name='org.freedesktop.network1' unit='dbus-org.freedesktop.network1.service' requested by ':1.11' (uid=0 pid=961 comm="/usr/bin/networkctl list --no-pager --no-legend " label="kernel")
May 05 12:36:34 ubuntu dbus-daemon[760]: [system] Activation via systemd failed for unit 'dbus-org.freedesktop.network1.service': Unit dbus-org.freedesktop.network1.service not found.
May 05 12:36:34 ubuntu networkd-dispatcher[961]: WARNING: systemd-networkd is not running, output will be incomplete.
May 05 12:36:34 ubuntu nv.sh[939]: The user `gdm' is already a member of `video'.
May 05 12:36:34 ubuntu kernel: Mass Storage Function, version: 2009/09/11
May 05 12:36:34 ubuntu kernel: LUN: removable file: (no medium)
May 05 12:36:34 ubuntu kernel: using random self ethernet address
May 05 12:36:34 ubuntu kernel: using random host ethernet address
May 05 12:36:34 ubuntu systemd[1]: nv.service: Deactivated successfully.
May 05 12:36:34 ubuntu systemd[1]: Finished NVIDIA specific script.
May 05 12:36:34 ubuntu systemd[1]: Started Display Low memory warning.
May 05 12:36:34 ubuntu systemd[1]: Starting nvpmodel service...
May 05 12:36:34 ubuntu systemd[1]: Started ramoops module.
May 05 12:36:34 ubuntu systemd[1]: Finished Save/Restore Sound Card State.
May 05 12:36:34 ubuntu systemd[1]: nvmemwarning.service: Deactivated successfully.
May 05 12:36:34 ubuntu systemd[1]: Reached target Sound Card.
May 05 12:36:34 ubuntu systemd[1]: nvramoopsconfig.service: Deactivated successfully.
May 05 12:36:34 ubuntu kernel: pstore: Using crash dump compression: deflate
May 05 12:36:34 ubuntu kernel: printk: console [ramoops-1]: printing thread started
May 05 12:36:34 ubuntu kernel: printk: console [ramoops-1] enabled
May 05 12:36:34 ubuntu kernel: pstore: Registered ramoops as persistent store backend
May 05 12:36:34 ubuntu kernel: ramoops: using 0x200000@0x102cdf0000, ecc: 0
May 05 12:36:35 ubuntu kernel: IRQ238: set affinity failed(-22).
May 05 12:36:35 ubuntu kernel: IRQ273: set affinity failed(-22).
May 05 12:36:35 ubuntu kernel: psci: CPU8 killed (polled 0 ms)
May 05 12:36:35 ubuntu kernel: IRQ238: set affinity failed(-22).
May 05 12:36:35 ubuntu kernel: IRQ273: set affinity failed(-22).
May 05 12:36:35 ubuntu kernel: psci: CPU9 killed (polled 0 ms)
May 05 12:36:35 ubuntu kernel: IRQ238: set affinity failed(-22).
May 05 12:36:35 ubuntu kernel: IRQ273: set affinity failed(-22).
May 05 12:36:35 ubuntu kernel: psci: CPU10 killed (polled 0 ms)
May 05 12:36:35 ubuntu kernel: irq: IRQ308: trimming hierarchy from :bus@0:interrupt-controller@f400000-1
May 05 12:36:35 ubuntu kernel: hwmon hwmon8: temp1_input not attached to any thermal zone
May 05 12:36:35 ubuntu kernel: IRQ238: set affinity failed(-22).
May 05 12:36:35 ubuntu kernel: IRQ273: set affinity failed(-22).
May 05 12:36:35 ubuntu kernel: psci: CPU11 killed (polled 4 ms)
May 05 12:36:35 ubuntu avahi-daemon[758]: Server startup complete. Host name is ubuntu.local. Local service cookie is 3206700728.
May 05 12:36:35 ubuntu kernel: nvgpu: 17000000.gpu                  gk20a_scale_init:541  [INFO]  enabled scaling for GPU
May 05 12:36:36 ubuntu kernel: bridge: filtering via arp/ip/ip6tables is no longer available by default. Update your scripts to load br_netfilter if you need this.
May 05 12:36:36 ubuntu kernel: Aquantia AQR113C 6800000.ethernet:00: No AQR phy_mode setting in DT
May 05 12:36:36 ubuntu NetworkManager[761]: <info>  [1778009796.0810] device (wlP1p1s0): driver supports Access Point (AP) mode
May 05 12:36:36 ubuntu systemd[1]: Started Tailscale node agent.
May 05 12:36:36 ubuntu tailscaled[888]: wgengine.NewUserspaceEngine(tun "tailscale0") ...
May 05 12:36:36 ubuntu NetworkManager[761]: <info>  [1778009796.0820] manager: (wlP1p1s0): new 802.11 Wi-Fi device (/org/freedesktop/NetworkManager/Devices/5)
May 05 12:36:36 ubuntu NetworkManager[761]: <info>  [1778009796.0825] device (wlP1p1s0): state change: unmanaged -> unavailable (reason 'managed', sys-iface-state: 'external')
May 05 12:36:36 ubuntu networkd-dispatcher[769]: ERROR:Unknown state for interface NetworkctlListState(idx=1, name='lo', type='loopback', operational='n/a', administrative='unmanaged'): n/a
May 05 12:36:36 ubuntu networkd-dispatcher[769]: Traceback (most recent call last):
May 05 12:36:36 ubuntu networkd-dispatcher[769]:   File "/usr/bin/networkd-dispatcher", line 298, in trigger_all
May 05 12:36:36 ubuntu networkd-dispatcher[769]:     self.handle_state(iface_name,
May 05 12:36:36 ubuntu networkd-dispatcher[769]:   File "/usr/bin/networkd-dispatcher", line 348, in handle_state
May 05 12:36:36 ubuntu networkd-dispatcher[769]:     raise UnknownState(operational_state)
May 05 12:36:36 ubuntu networkd-dispatcher[769]: UnknownState: n/a
May 05 12:36:36 ubuntu networkd-dispatcher[769]: ERROR:Unknown state for interface NetworkctlListState(idx=2, name='wlP1p1s0', type='wlan', operational='n/a', administrative='unmanaged'): n/a
May 05 12:36:36 ubuntu networkd-dispatcher[769]: Traceback (most recent call last):
May 05 12:36:36 ubuntu networkd-dispatcher[769]:   File "/usr/bin/networkd-dispatcher", line 298, in trigger_all
May 05 12:36:36 ubuntu networkd-dispatcher[769]:     self.handle_state(iface_name,
May 05 12:36:36 ubuntu networkd-dispatcher[769]:   File "/usr/bin/networkd-dispatcher", line 348, in handle_state
May 05 12:36:36 ubuntu networkd-dispatcher[769]:     raise UnknownState(operational_state)
May 05 12:36:36 ubuntu networkd-dispatcher[769]: UnknownState: n/a
May 05 12:36:36 ubuntu networkd-dispatcher[769]: ERROR:Unknown state for interface NetworkctlListState(idx=3, name='can0', type='can', operational='n/a', administrative='unmanaged'): n/a
May 05 12:36:36 ubuntu networkd-dispatcher[769]: Traceback (most recent call last):
May 05 12:36:36 ubuntu networkd-dispatcher[769]:   File "/usr/bin/networkd-dispatcher", line 298, in trigger_all
May 05 12:36:36 ubuntu networkd-dispatcher[769]:     self.handle_state(iface_name,
May 05 12:36:36 ubuntu networkd-dispatcher[769]:   File "/usr/bin/networkd-dispatcher", line 348, in handle_state
May 05 12:36:36 ubuntu networkd-dispatcher[769]:     raise UnknownState(operational_state)
May 05 12:36:36 ubuntu networkd-dispatcher[769]: UnknownState: n/a
May 05 12:36:36 ubuntu networkd-dispatcher[769]: ERROR:Unknown state for interface NetworkctlListState(idx=4, name='can1', type='can', operational='n/a', administrative='unmanaged'): n/a
May 05 12:36:36 ubuntu networkd-dispatcher[769]: Traceback (most recent call last):
May 05 12:36:36 ubuntu networkd-dispatcher[769]:   File "/usr/bin/networkd-dispatcher", line 298, in trigger_all
May 05 12:36:36 ubuntu networkd-dispatcher[769]:     self.handle_state(iface_name,
May 05 12:36:36 ubuntu networkd-dispatcher[769]:   File "/usr/bin/networkd-dispatcher", line 348, in handle_state
May 05 12:36:36 ubuntu networkd-dispatcher[769]:     raise UnknownState(operational_state)
May 05 12:36:36 ubuntu networkd-dispatcher[769]: UnknownState: n/a
May 05 12:36:36 ubuntu networkd-dispatcher[769]: ERROR:Unknown state for interface NetworkctlListState(idx=5, name='eno1', type='ether', operational='n/a', administrative='unmanaged'): n/a
May 05 12:36:36 ubuntu networkd-dispatcher[769]: Traceback (most recent call last):
May 05 12:36:36 ubuntu networkd-dispatcher[769]:   File "/usr/bin/networkd-dispatcher", line 298, in trigger_all
May 05 12:36:36 ubuntu networkd-dispatcher[769]:     self.handle_state(iface_name,
May 05 12:36:36 ubuntu networkd-dispatcher[769]:   File "/usr/bin/networkd-dispatcher", line 348, in handle_state
May 05 12:36:36 ubuntu networkd-dispatcher[769]:     raise UnknownState(operational_state)
May 05 12:36:36 ubuntu networkd-dispatcher[769]: UnknownState: n/a
May 05 12:36:36 ubuntu systemd[1]: Started Dispatcher daemon for systemd-networkd.
May 05 12:36:36 ubuntu tailscaled[888]: router: error querying IP rules (does kernel have IP_MULTIPLE_TABLES?): operation not supported
May 05 12:36:36 ubuntu tailscaled[888]: router: warning: running without policy routing
May 05 12:36:36 ubuntu systemd-udevd[439]: Using default interface naming scheme 'v249'.
May 05 12:36:36 ubuntu kernel: usb0: HOST MAC 3e:b4:1e:79:5e:d0
May 05 12:36:36 ubuntu kernel: usb0: MAC 3e:b4:1e:79:5e:d1
May 05 12:36:36 ubuntu kernel: usb1: HOST MAC 3e:b4:1e:79:5e:d2
May 05 12:36:36 ubuntu kernel: usb1: MAC 3e:b4:1e:79:5e:d3
May 05 12:36:36 ubuntu NetworkManager[761]: <info>  [1778009796.4382] failed to open /run/network/ifstate
May 05 12:36:36 ubuntu NetworkManager[761]: <info>  [1778009796.4391] manager: kernel firmware directory '/lib/firmware' changed
May 05 12:36:36 ubuntu NetworkManager[761]: <info>  [1778009796.4428] manager: (l4tbr0): new Bridge device (/org/freedesktop/NetworkManager/Devices/6)
May 05 12:36:36 ubuntu NetworkManager[761]: <info>  [1778009796.4447] manager: (tailscale0): new Tun device (/org/freedesktop/NetworkManager/Devices/7)
May 05 12:36:36 ubuntu NetworkManager[761]: <info>  [1778009796.4465] manager: (usb0): new Ethernet device (/org/freedesktop/NetworkManager/Devices/8)
May 05 12:36:36 ubuntu NetworkManager[761]: <info>  [1778009796.4478] manager: (usb1): new Ethernet device (/org/freedesktop/NetworkManager/Devices/9)
May 05 12:36:36 ubuntu tailscaled[888]: dns: [resolved-ping=yes rc=resolved resolved=file nm=yes nm-resolved=yes nm-safe=no resolv-conf-mode=foreign ret=systemd-resolved]
May 05 12:36:36 ubuntu tailscaled[888]: dns: using "systemd-resolved" mode
May 05 12:36:36 ubuntu tailscaled[888]: dns: using *dns.resolvedManager
May 05 12:36:36 ubuntu tailscaled[888]: link state: interfaces.State{defaultRoute= ifs={} v4=false v6=false}
May 05 12:36:36 ubuntu tailscaled[888]: router: portUpdate(port=41641, network=udp6)
May 05 12:36:36 ubuntu tailscaled[888]: router: using firewall mode pref
May 05 12:36:36 ubuntu tailscaled[888]: magicsock: disco key = d:d2087bdb2d56a32e
May 05 12:36:36 ubuntu tailscaled[888]: magicsock: SetNetworkUp(false)
May 05 12:36:36 ubuntu tailscaled[888]: Creating WireGuard device...
May 05 12:36:36 ubuntu tailscaled[888]: Bringing WireGuard device up...
May 05 12:36:36 ubuntu tailscaled[888]: external route: up
May 05 12:36:36 ubuntu tailscaled[888]: Bringing router up...
May 05 12:36:36 ubuntu tailscaled[888]: router: default choosing iptables
May 05 12:36:36 ubuntu tailscaled[888]: router: disabling tunneled IPv6 due to system IPv6 config: kernel doesn't support IPv6 policy routing: querying IPv6 policy routing rules: operation not supported
May 05 12:36:36 ubuntu tailscaled[888]: router: portUpdate(port=41641, network=udp4)
May 05 12:36:36 ubuntu tailscaled[888]: Clearing router settings...
May 05 12:36:36 ubuntu tailscaled[888]: Starting network monitor...
May 05 12:36:36 ubuntu tailscaled[888]: Engine created.
May 05 12:36:36 ubuntu tailscaled[888]: LinkChange: all links down; pausing: old: interfaces.State{defaultRoute= ifs={} v4=false v6=false} new: interfaces.State{defaultRoute= ifs={} v4=false v6=false}
May 05 12:36:36 ubuntu tailscaled[888]: pm: using backend prefs for "profile-04d4": Prefs{ra=false dns=true want=true routes=[] statefulFiltering=false nf=on update=on Persist{o=, n=[mIemT] u="autovehiclelab@gmail.com" ak=-}}
May 05 12:36:36 ubuntu tailscaled[888]: envknob: PORT="41641"
May 05 12:36:36 ubuntu tailscaled[888]: logpolicy: using $STATE_DIRECTORY, "/var/lib/tailscale"
May 05 12:36:36 ubuntu tailscaled[888]: linkChange: in state NoState; PAC or proxyConfig changed; updating routes
May 05 12:36:36 ubuntu tailscaled[888]: got LocalBackend in 385ms
May 05 12:36:36 ubuntu tailscaled[888]: Start
May 05 12:36:36 ubuntu tailscaled[888]: offline auto-update: starting update checks
May 05 12:36:36 ubuntu tailscaled[888]: ipnext: active extensions: clientupdate, relayserver, taildrop, conn25, portlist, posture
May 05 12:36:36 ubuntu tailscaled[888]: Backend: logs: be:139db83bfd772ae47e515f40dc09abd8bd00123393de9ba40f99148d4f8197a9 fe:
May 05 12:36:36 ubuntu tailscaled[888]: control: client.Login(0)
May 05 12:36:36 ubuntu tailscaled[888]: control: setPaused(true)
May 05 12:36:36 ubuntu tailscaled[888]: control: updateRoutine: awaiting unpause
May 05 12:36:36 ubuntu tailscaled[888]: control: authRoutine: awaiting unpause
May 05 12:36:36 ubuntu tailscaled[888]: control: mapRoutine: awaiting unpause
May 05 12:36:36 ubuntu tailscaled[888]: health(warnable=warming-up): error: Tailscale is starting. Please wait.
May 05 12:36:36 ubuntu kernel: tegra-xudc 3550000.usb: EP 0 (type: ctrl, dir: out) enabled
May 05 12:36:36 ubuntu NetworkManager[761]: <info>  [1778009796.5401] device (wlP1p1s0): supplicant interface state: internal-starting -> disconnected
May 05 12:36:36 ubuntu NetworkManager[761]: <info>  [1778009796.5404] Wi-Fi P2P device controlled by interface wlP1p1s0 created
May 05 12:36:36 ubuntu NetworkManager[761]: <info>  [1778009796.5410] manager: (p2p-dev-wlP1p1s0): new 802.11 Wi-Fi P2P device (/org/freedesktop/NetworkManager/Devices/10)
May 05 12:36:36 ubuntu NetworkManager[761]: <info>  [1778009796.5415] device (p2p-dev-wlP1p1s0): state change: unmanaged -> unavailable (reason 'managed', sys-iface-state: 'external')
May 05 12:36:36 ubuntu NetworkManager[761]: <info>  [1778009796.5425] device (wlP1p1s0): state change: unavailable -> disconnected (reason 'supplicant-available', sys-iface-state: 'managed')
May 05 12:36:36 ubuntu NetworkManager[761]: <info>  [1778009796.5437] device (p2p-dev-wlP1p1s0): state change: unavailable -> disconnected (reason 'none', sys-iface-state: 'managed')
May 05 12:36:36 ubuntu systemd[1]: nvpmodel.service: Deactivated successfully.
May 05 12:36:36 ubuntu systemd[1]: Finished nvpmodel service.
May 05 12:36:36 ubuntu systemd[1]: Reached target Network.
May 05 12:36:36 ubuntu systemd[1]: Reached target Network is Online.
May 05 12:36:36 ubuntu systemd[1]: Started Download data for packages that failed at package install time.
May 05 12:36:36 ubuntu systemd[1]: Started Check to see whether there is a new version of Ubuntu available.
May 05 12:36:36 ubuntu systemd[1]: Reached target Timer Units.
May 05 12:36:36 ubuntu kernel: l4tbr0: port 1(usb0) entered blocking state
May 05 12:36:36 ubuntu kernel: l4tbr0: port 1(usb0) entered disabled state
May 05 12:36:36 ubuntu kernel: device usb0 entered promiscuous mode
May 05 12:36:36 ubuntu systemd[1]: Starting containerd container runtime...
May 05 12:36:36 ubuntu systemd[1]: Started Argus daemon.
May 05 12:36:36 ubuntu systemd[1]: Starting ZED-X Daemon service...
May 05 12:36:36 ubuntu systemd[1]: Starting Connect NVMe-oF subsystems automatically during boot...
May 05 12:36:36 ubuntu systemd[1]: Starting PHS daemon...
May 05 12:36:36 ubuntu kernel: l4tbr0: port 2(usb1) entered blocking state
May 05 12:36:36 ubuntu kernel: l4tbr0: port 2(usb1) entered disabled state
May 05 12:36:36 ubuntu kernel: device usb1 entered promiscuous mode
May 05 12:36:36 ubuntu systemd[1]: Started NVS-SERVICE Embedded Sensor HAL Daemon.
May 05 12:36:36 ubuntu nv-l4t-usb-device-mode-start.sh[771]: /
May 05 12:36:36 ubuntu systemd[1]: Started ZRAM configuration.
May 05 12:36:36 ubuntu nvs-service[1130]: NVSensor daemon listening for clients to connect...
May 05 12:36:36 ubuntu systemd[1]: Starting OpenVPN service...
May 05 12:36:36 ubuntu kernel: loop13: detected capacity change from 0 to 32768
May 05 12:36:36 ubuntu systemd[1]: Starting OpenBSD Secure Shell server...
May 05 12:36:36 ubuntu systemd[1]: Condition check resulted in Ubuntu Pro Background Auto Attach being skipped.
May 05 12:36:36 ubuntu systemd[1]: Finished OpenVPN service.
May 05 12:36:36 ubuntu systemd[1]: nvmf-autoconnect.service: Deactivated successfully.
May 05 12:36:36 ubuntu systemd[1]: Finished Connect NVMe-oF subsystems automatically during boot.
May 05 12:36:36 ubuntu systemd[1]: Reached target Preparation for Remote File Systems.
May 05 12:36:36 ubuntu systemd[1]: Reached target Remote File Systems.
May 05 12:36:36 ubuntu systemd[1]: Starting LSB: automatic crash report generation...
May 05 12:36:36 ubuntu systemd[1]: Started Regular background program processing daemon.
May 05 12:36:36 ubuntu systemd[1]: Starting Tool to automatically collect and submit kernel crash signatures...
May 05 12:36:36 ubuntu cron[1178]: (CRON) INFO (pidfile fd = 3)
May 05 12:36:36 ubuntu systemd[1]: Starting LSB: Load kernel image with kexec...
May 05 12:36:36 ubuntu cron[1178]: (CRON) INFO (Running @reboot jobs)
May 05 12:36:36 ubuntu systemd[1]: Starting Permit User Sessions...
May 05 12:36:36 ubuntu systemd[1]: Finished Permit User Sessions.
May 05 12:36:36 ubuntu sshd[1202]: Server listening on 0.0.0.0 port 22.
May 05 12:36:36 ubuntu kernel: zram: Added device: zram0
May 05 12:36:36 ubuntu kernel: zram: Added device: zram1
May 05 12:36:36 ubuntu kernel: zram: Added device: zram2
May 05 12:36:36 ubuntu sshd[1202]: Server listening on :: port 22.
May 05 12:36:36 ubuntu kernel: zram: Added device: zram3
May 05 12:36:36 ubuntu systemd[1]: Starting Hold until boot process finishes up...
May 05 12:36:36 ubuntu kernel: zram: Added device: zram4
May 05 12:36:36 ubuntu systemd[1]: Starting Terminate Plymouth Boot Screen...
May 05 12:36:36 ubuntu systemd[1]: Started OpenBSD Secure Shell server.
May 05 12:36:36 ubuntu kernel: zram: Added device: zram5
May 05 12:36:36 ubuntu systemd[1]: kerneloops.service: Found left-over process 1215 (kerneloops) in control group while starting unit. Ignoring.
May 05 12:36:36 ubuntu systemd[1]: This usually indicates unclean termination of a previous run, or service implementation deficiencies.
May 05 12:36:36 ubuntu systemd[1]: Finished Hold until boot process finishes up.
May 05 12:36:36 ubuntu kernel: zram: Added device: zram6
May 05 12:36:36 ubuntu kernel: zram: Added device: zram7
May 05 12:36:36 ubuntu systemd[1]: Finished Terminate Plymouth Boot Screen.
May 05 12:36:36 ubuntu apport[1169]:  * Starting automatic crash report generation: apport
May 05 12:36:36 ubuntu kernel: zram0: detected capacity change from 0 to 8043400
May 05 12:36:36 ubuntu systemd[1]: Started Tool to automatically collect and submit kernel crash signatures.
May 05 12:36:36 ubuntu systemd[1]: Started LSB: Load kernel image with kexec.
May 05 12:36:36 ubuntu containerd[1155]: time="2026-05-05T12:36:36.805978592-07:00" level=info msg="starting containerd" revision=301b2dac98f15c27117da5c8af12118a041a31d9 version=v2.2.2
May 05 12:36:36 ubuntu systemd[1]: Stopping Argus daemon...
May 05 12:36:36 ubuntu nvzramconfig.sh[1251]: Setting up swapspace version 1, size = 3.8 GiB (4118216704 bytes)
May 05 12:36:36 ubuntu nvzramconfig.sh[1251]: no label, UUID=7676dddf-bb6e-4842-8618-958065e2b40c
May 05 12:36:36 ubuntu apport[1169]:    ...done.
May 05 12:36:36 ubuntu nvargus-daemon[1123]: === NVIDIA Libargus Camera Service (0.99.33)=== Listening for connections...
May 05 12:36:36 ubuntu systemd[1]: Started NoMachine Server daemon.
May 05 12:36:36 ubuntu systemd[1]: Started Serial Getty on ttyAMA0.
May 05 12:36:36 ubuntu kernel: Adding 4021696k swap on /dev/zram0.  Priority:5 extents:1 across:4021696k SS
May 05 12:36:36 ubuntu systemd[1]: Started Serial Getty on ttyGS0.
May 05 12:36:36 ubuntu containerd[1155]: time="2026-05-05T12:36:36.817186112-07:00" level=info msg="loading plugin" id=io.containerd.content.v1.content type=io.containerd.content.v1
May 05 12:36:36 ubuntu containerd[1155]: time="2026-05-05T12:36:36.817317664-07:00" level=info msg="loading plugin" id=io.containerd.image-verifier.v1.bindir type=io.containerd.image-verifier.v1
May 05 12:36:36 ubuntu containerd[1155]: time="2026-05-05T12:36:36.817366208-07:00" level=info msg="loading plugin" id=io.containerd.internal.v1.opt type=io.containerd.internal.v1
May 05 12:36:36 ubuntu containerd[1155]: time="2026-05-05T12:36:36.817793120-07:00" level=info msg="loading plugin" id=io.containerd.warning.v1.deprecations type=io.containerd.warning.v1
May 05 12:36:36 ubuntu containerd[1155]: time="2026-05-05T12:36:36.817828128-07:00" level=info msg="loading plugin" id=io.containerd.mount-handler.v1.erofs type=io.containerd.mount-handler.v1
May 05 12:36:36 ubuntu containerd[1155]: time="2026-05-05T12:36:36.817850912-07:00" level=info msg="loading plugin" id=io.containerd.snapshotter.v1.blockfile type=io.containerd.snapshotter.v1
May 05 12:36:36 ubuntu containerd[1155]: time="2026-05-05T12:36:36.818240288-07:00" level=info msg="skip loading plugin" error="no scratch file generator: skip plugin" id=io.containerd.snapshotter.v1.blockfile type=io.containerd.snapshotter.v1
May 05 12:36:36 ubuntu containerd[1155]: time="2026-05-05T12:36:36.818289888-07:00" level=info msg="loading plugin" id=io.containerd.snapshotter.v1.btrfs type=io.containerd.snapshotter.v1
May 05 12:36:36 ubuntu containerd[1155]: time="2026-05-05T12:36:36.818679040-07:00" level=info msg="skip loading plugin" error="path /var/lib/containerd/io.containerd.snapshotter.v1.btrfs (ext4) must be a btrfs filesystem to be used with the btrfs snapshotter: skip plugin" id=io.containerd.snapshotter.v1.btrfs type=io.containerd.snapshotter.v1
May 05 12:36:36 ubuntu containerd[1155]: time="2026-05-05T12:36:36.818714784-07:00" level=info msg="loading plugin" id=io.containerd.snapshotter.v1.devmapper type=io.containerd.snapshotter.v1
May 05 12:36:36 ubuntu containerd[1155]: time="2026-05-05T12:36:36.818742304-07:00" level=info msg="skip loading plugin" error="devmapper not configured: skip plugin" id=io.containerd.snapshotter.v1.devmapper type=io.containerd.snapshotter.v1
May 05 12:36:36 ubuntu containerd[1155]: time="2026-05-05T12:36:36.818760960-07:00" level=info msg="loading plugin" id=io.containerd.snapshotter.v1.erofs type=io.containerd.snapshotter.v1
May 05 12:36:36 ubuntu systemd[1]: Started Serial Getty on ttyTCU0.
May 05 12:36:36 ubuntu containerd[1155]: time="2026-05-05T12:36:36.819490944-07:00" level=info msg="skip loading plugin" error="EROFS unsupported, please `modprobe erofs`: skip plugin" id=io.containerd.snapshotter.v1.erofs type=io.containerd.snapshotter.v1
May 05 12:36:36 ubuntu containerd[1155]: time="2026-05-05T12:36:36.819525952-07:00" level=info msg="loading plugin" id=io.containerd.snapshotter.v1.native type=io.containerd.snapshotter.v1
May 05 12:36:36 ubuntu containerd[1155]: time="2026-05-05T12:36:36.819774560-07:00" level=info msg="loading plugin" id=io.containerd.snapshotter.v1.overlayfs type=io.containerd.snapshotter.v1
May 05 12:36:36 ubuntu kernel: zram1: detected capacity change from 0 to 8043400
May 05 12:36:36 ubuntu systemd[1]: Starting Set console scheme...
May 05 12:36:36 ubuntu nvzramconfig.sh[1272]: Setting up swapspace version 1, size = 3.8 GiB (4118216704 bytes)
May 05 12:36:36 ubuntu nvzramconfig.sh[1272]: no label, UUID=61a7380d-4796-4c2d-a5e0-0a473f45e215
May 05 12:36:36 ubuntu containerd[1155]: time="2026-05-05T12:36:36.824281856-07:00" level=info msg="loading plugin" id=io.containerd.snapshotter.v1.zfs type=io.containerd.snapshotter.v1
May 05 12:36:36 ubuntu containerd[1155]: time="2026-05-05T12:36:36.824398752-07:00" level=info msg="skip loading plugin" error="lstat /var/lib/containerd/io.containerd.snapshotter.v1.zfs: no such file or directory: skip plugin" id=io.containerd.snapshotter.v1.zfs type=io.containerd.snapshotter.v1
May 05 12:36:36 ubuntu containerd[1155]: time="2026-05-05T12:36:36.824422528-07:00" level=info msg="loading plugin" id=io.containerd.event.v1.exchange type=io.containerd.event.v1
May 05 12:36:36 ubuntu containerd[1155]: time="2026-05-05T12:36:36.825182176-07:00" level=info msg="loading plugin" id=io.containerd.monitor.task.v1.cgroups type=io.containerd.monitor.task.v1
May 05 12:36:36 ubuntu kernel: overlayfs: idmapped layers are currently not supported
May 05 12:36:36 ubuntu containerd[1155]: time="2026-05-05T12:36:36.826117792-07:00" level=info msg="loading plugin" id=io.containerd.metadata.v1.bolt type=io.containerd.metadata.v1
May 05 12:36:36 ubuntu containerd[1155]: time="2026-05-05T12:36:36.826199904-07:00" level=info msg="metadata content store policy set" policy=shared
May 05 12:36:36 ubuntu kernel: Adding 4021696k swap on /dev/zram1.  Priority:5 extents:1 across:4021696k SS
May 05 12:36:36 ubuntu systemd[1]: nvargus-daemon.service: Deactivated successfully.
May 05 12:36:36 ubuntu systemd[1]: Stopped Argus daemon.
May 05 12:36:36 ubuntu containerd[1155]: time="2026-05-05T12:36:36.833279424-07:00" level=info msg="loading plugin" id=io.containerd.gc.v1.scheduler type=io.containerd.gc.v1
May 05 12:36:36 ubuntu containerd[1155]: time="2026-05-05T12:36:36.833524992-07:00" level=info msg="loading plugin" id=io.containerd.nri.v1.nri type=io.containerd.nri.v1
May 05 12:36:36 ubuntu containerd[1155]: time="2026-05-05T12:36:36.833616640-07:00" level=info msg="built-in NRI default validator is disabled"
May 05 12:36:36 ubuntu containerd[1155]: time="2026-05-05T12:36:36.833634624-07:00" level=info msg="runtime interface created"
May 05 12:36:36 ubuntu containerd[1155]: time="2026-05-05T12:36:36.833643072-07:00" level=info msg="created NRI interface"
May 05 12:36:36 ubuntu containerd[1155]: time="2026-05-05T12:36:36.833824928-07:00" level=info msg="loading plugin" id=io.containerd.differ.v1.erofs type=io.containerd.differ.v1
May 05 12:36:36 ubuntu kernel: zram2: detected capacity change from 0 to 8043400
May 05 12:36:36 ubuntu systemd[1]: Started LSB: automatic crash report generation.
May 05 12:36:36 ubuntu containerd[1155]: time="2026-05-05T12:36:36.834351744-07:00" level=info msg="skip loading plugin" error="failed to check mkfs.erofs availability: failed to run mkfs.erofs --help: exec: \"mkfs.erofs\": executable file not found in $PATH: skip plugin" id=io.containerd.differ.v1.erofs type=io.containerd.differ.v1
May 05 12:36:36 ubuntu containerd[1155]: time="2026-05-05T12:36:36.834433600-07:00" level=info msg="loading plugin" id=io.containerd.differ.v1.walking type=io.containerd.differ.v1
May 05 12:36:36 ubuntu containerd[1155]: time="2026-05-05T12:36:36.834469120-07:00" level=info msg="loading plugin" id=io.containerd.lease.v1.manager type=io.containerd.lease.v1
May 05 12:36:36 ubuntu containerd[1155]: time="2026-05-05T12:36:36.834601504-07:00" level=info msg="loading plugin" id=io.containerd.mount-manager.v1.bolt type=io.containerd.mount-manager.v1
May 05 12:36:36 ubuntu containerd[1155]: time="2026-05-05T12:36:36.834896992-07:00" level=info msg="loading plugin" id=io.containerd.service.v1.containers-service type=io.containerd.service.v1
May 05 12:36:36 ubuntu containerd[1155]: time="2026-05-05T12:36:36.834947520-07:00" level=info msg="loading plugin" id=io.containerd.service.v1.content-service type=io.containerd.service.v1
May 05 12:36:36 ubuntu containerd[1155]: time="2026-05-05T12:36:36.834974880-07:00" level=info msg="loading plugin" id=io.containerd.service.v1.diff-service type=io.containerd.service.v1
May 05 12:36:36 ubuntu containerd[1155]: time="2026-05-05T12:36:36.834994848-07:00" level=info msg="loading plugin" id=io.containerd.service.v1.images-service type=io.containerd.service.v1
May 05 12:36:36 ubuntu containerd[1155]: time="2026-05-05T12:36:36.835032384-07:00" level=info msg="loading plugin" id=io.containerd.service.v1.introspection-service type=io.containerd.service.v1
May 05 12:36:36 ubuntu containerd[1155]: time="2026-05-05T12:36:36.835060864-07:00" level=info msg="loading plugin" id=io.containerd.service.v1.namespaces-service type=io.containerd.service.v1
May 05 12:36:36 ubuntu containerd[1155]: time="2026-05-05T12:36:36.835078112-07:00" level=info msg="loading plugin" id=io.containerd.service.v1.snapshots-service type=io.containerd.service.v1
May 05 12:36:36 ubuntu systemd[1]: Finished Set console scheme.
May 05 12:36:36 ubuntu containerd[1155]: time="2026-05-05T12:36:36.835116032-07:00" level=info msg="loading plugin" id=io.containerd.shim.v1.manager type=io.containerd.shim.v1
May 05 12:36:36 ubuntu containerd[1155]: time="2026-05-05T12:36:36.835137408-07:00" level=info msg="loading plugin" id=io.containerd.runtime.v2.task type=io.containerd.runtime.v2
May 05 12:36:36 ubuntu containerd[1155]: time="2026-05-05T12:36:36.835302048-07:00" level=info msg="loading plugin" id=io.containerd.service.v1.tasks-service type=io.containerd.service.v1
May 05 12:36:36 ubuntu containerd[1155]: time="2026-05-05T12:36:36.835479040-07:00" level=info msg="loading plugin" id=io.containerd.grpc.v1.containers type=io.containerd.grpc.v1
May 05 12:36:36 ubuntu containerd[1155]: time="2026-05-05T12:36:36.835515328-07:00" level=info msg="loading plugin" id=io.containerd.grpc.v1.content type=io.containerd.grpc.v1
May 05 12:36:36 ubuntu containerd[1155]: time="2026-05-05T12:36:36.835654848-07:00" level=info msg="loading plugin" id=io.containerd.grpc.v1.diff type=io.containerd.grpc.v1
May 05 12:36:36 ubuntu containerd[1155]: time="2026-05-05T12:36:36.835687264-07:00" level=info msg="loading plugin" id=io.containerd.grpc.v1.events type=io.containerd.grpc.v1
May 05 12:36:36 ubuntu containerd[1155]: time="2026-05-05T12:36:36.835726240-07:00" level=info msg="loading plugin" id=io.containerd.grpc.v1.images type=io.containerd.grpc.v1
May 05 12:36:36 ubuntu containerd[1155]: time="2026-05-05T12:36:36.835761952-07:00" level=info msg="loading plugin" id=io.containerd.grpc.v1.introspection type=io.containerd.grpc.v1
May 05 12:36:36 ubuntu containerd[1155]: time="2026-05-05T12:36:36.835800384-07:00" level=info msg="loading plugin" id=io.containerd.grpc.v1.leases type=io.containerd.grpc.v1
May 05 12:36:36 ubuntu containerd[1155]: time="2026-05-05T12:36:36.835821632-07:00" level=info msg="loading plugin" id=io.containerd.grpc.v1.mounts type=io.containerd.grpc.v1
May 05 12:36:36 ubuntu containerd[1155]: time="2026-05-05T12:36:36.835837920-07:00" level=info msg="loading plugin" id=io.containerd.grpc.v1.namespaces type=io.containerd.grpc.v1
May 05 12:36:36 ubuntu containerd[1155]: time="2026-05-05T12:36:36.835877440-07:00" level=info msg="loading plugin" id=io.containerd.sandbox.store.v1.local type=io.containerd.sandbox.store.v1
May 05 12:36:36 ubuntu containerd[1155]: time="2026-05-05T12:36:36.835897120-07:00" level=info msg="loading plugin" id=io.containerd.transfer.v1.local type=io.containerd.transfer.v1
May 05 12:36:36 ubuntu containerd[1155]: time="2026-05-05T12:36:36.835972288-07:00" level=info msg="loading plugin" id=io.containerd.cri.v1.images type=io.containerd.cri.v1
May 05 12:36:36 ubuntu containerd[1155]: time="2026-05-05T12:36:36.836062080-07:00" level=info msg="Get image filesystem path \"/var/lib/containerd/io.containerd.snapshotter.v1.overlayfs\" for snapshotter \"overlayfs\""
May 05 12:36:36 ubuntu containerd[1155]: time="2026-05-05T12:36:36.836101152-07:00" level=info msg="Start snapshots syncer"
May 05 12:36:36 ubuntu containerd[1155]: time="2026-05-05T12:36:36.836155872-07:00" level=info msg="loading plugin" id=io.containerd.cri.v1.runtime type=io.containerd.cri.v1
May 05 12:36:36 ubuntu containerd[1155]: time="2026-05-05T12:36:36.836910368-07:00" level=info msg="starting cri plugin" config="{\"containerd\":{\"defaultRuntimeName\":\"runc\",\"runtimes\":{\"runc\":{\"runtimeType\":\"io.containerd.runc.v2\",\"runtimePath\":\"\",\"PodAnnotations\":null,\"ContainerAnnotations\":null,\"options\":{\"BinaryName\":\"\",\"CriuImagePath\":\"\",\"CriuWorkPath\":\"\",\"IoGid\":0,\"IoUid\":0,\"NoNewKeyring\":false,\"Root\":\"\",\"ShimCgroup\":\"\",\"SystemdCgroup\":false},\"privileged_without_host_devices\":false,\"privileged_without_host_devices_all_devices_allowed\":false,\"cgroupWritable\":false,\"baseRuntimeSpec\":\"\",\"cniConfDir\":\"\",\"cniMaxConfNum\":0,\"snapshotter\":\"\",\"sandboxer\":\"podsandbox\",\"io_type\":\"\"}},\"ignoreBlockIONotEnabledErrors\":false,\"ignoreRdtNotEnabledErrors\":false},\"cni\":{\"binDir\":\"\",\"binDirs\":[\"/opt/cni/bin\"],\"confDir\":\"/etc/cni/net.d\",\"maxConfNum\":1,\"setupSerially\":false,\"confTemplate\":\"\",\"ipPref\":\"\",\"useInternalLoopback\":false},\"enableSelinux\":false,\"selinuxCategoryRange\":1024,\"maxContainerLogLineSize\":16384,\"disableApparmor\":false,\"restrictOOMScoreAdj\":false,\"disableProcMount\":false,\"unsetSeccompProfile\":\"\",\"tolerateMissingHugetlbController\":true,\"disableHugetlbController\":true,\"device_ownership_from_security_context\":false,\"ignoreImageDefinedVolumes\":false,\"netnsMountsUnderStateDir\":false,\"enableUnprivilegedPorts\":true,\"enableUnprivilegedICMP\":true,\"enableCDI\":true,\"cdiSpecDirs\":[\"/etc/cdi\",\"/var/run/cdi\"],\"drainExecSyncIOTimeout\":\"0s\",\"ignoreDeprecationWarnings\":null,\"containerdRootDir\":\"/var/lib/containerd\",\"containerdEndpoint\":\"/run/containerd/containerd.sock\",\"rootDir\":\"/var/lib/containerd/io.containerd.grpc.v1.cri\",\"stateDir\":\"/run/containerd/io.containerd.grpc.v1.cri\"}"
May 05 12:36:36 ubuntu nvzramconfig.sh[1284]: Setting up swapspace version 1, size = 3.8 GiB (4118216704 bytes)
May 05 12:36:36 ubuntu nvzramconfig.sh[1284]: no label, UUID=11b2032a-483d-4504-948c-cc8251decf04
May 05 12:36:36 ubuntu systemd[1]: Created slice Slice /system/getty.
May 05 12:36:36 ubuntu containerd[1155]: time="2026-05-05T12:36:36.837005056-07:00" level=info msg="loading plugin" id=io.containerd.podsandbox.controller.v1.podsandbox type=io.containerd.podsandbox.controller.v1
May 05 12:36:36 ubuntu containerd[1155]: time="2026-05-05T12:36:36.837190240-07:00" level=info msg="loading plugin" id=io.containerd.sandbox.controller.v1.shim type=io.containerd.sandbox.controller.v1
May 05 12:36:36 ubuntu containerd[1155]: time="2026-05-05T12:36:36.837371136-07:00" level=info msg="loading plugin" id=io.containerd.grpc.v1.sandbox-controllers type=io.containerd.grpc.v1
May 05 12:36:36 ubuntu containerd[1155]: time="2026-05-05T12:36:36.837489184-07:00" level=info msg="loading plugin" id=io.containerd.grpc.v1.sandboxes type=io.containerd.grpc.v1
May 05 12:36:36 ubuntu containerd[1155]: time="2026-05-05T12:36:36.837519424-07:00" level=info msg="loading plugin" id=io.containerd.grpc.v1.snapshots type=io.containerd.grpc.v1
May 05 12:36:36 ubuntu containerd[1155]: time="2026-05-05T12:36:36.837554304-07:00" level=info msg="loading plugin" id=io.containerd.streaming.v1.manager type=io.containerd.streaming.v1
May 05 12:36:36 ubuntu containerd[1155]: time="2026-05-05T12:36:36.837575648-07:00" level=info msg="loading plugin" id=io.containerd.grpc.v1.streaming type=io.containerd.grpc.v1
May 05 12:36:36 ubuntu containerd[1155]: time="2026-05-05T12:36:36.837602112-07:00" level=info msg="loading plugin" id=io.containerd.grpc.v1.tasks type=io.containerd.grpc.v1
May 05 12:36:36 ubuntu containerd[1155]: time="2026-05-05T12:36:36.837642432-07:00" level=info msg="loading plugin" id=io.containerd.grpc.v1.transfer type=io.containerd.grpc.v1
May 05 12:36:36 ubuntu containerd[1155]: time="2026-05-05T12:36:36.837665376-07:00" level=info msg="loading plugin" id=io.containerd.grpc.v1.version type=io.containerd.grpc.v1
May 05 12:36:36 ubuntu containerd[1155]: time="2026-05-05T12:36:36.837701952-07:00" level=info msg="loading plugin" id=io.containerd.monitor.container.v1.restart type=io.containerd.monitor.container.v1
May 05 12:36:36 ubuntu containerd[1155]: time="2026-05-05T12:36:36.838894112-07:00" level=info msg="loading plugin" id=io.containerd.tracing.processor.v1.otlp type=io.containerd.tracing.processor.v1
May 05 12:36:36 ubuntu containerd[1155]: time="2026-05-05T12:36:36.838960288-07:00" level=info msg="skip loading plugin" error="skip plugin: tracing endpoint not configured" id=io.containerd.tracing.processor.v1.otlp type=io.containerd.tracing.processor.v1
May 05 12:36:36 ubuntu containerd[1155]: time="2026-05-05T12:36:36.838980992-07:00" level=info msg="loading plugin" id=io.containerd.internal.v1.tracing type=io.containerd.internal.v1
May 05 12:36:36 ubuntu containerd[1155]: time="2026-05-05T12:36:36.839016064-07:00" level=info msg="skip loading plugin" error="skip plugin: tracing endpoint not configured" id=io.containerd.internal.v1.tracing type=io.containerd.internal.v1
May 05 12:36:36 ubuntu containerd[1155]: time="2026-05-05T12:36:36.839032384-07:00" level=info msg="loading plugin" id=io.containerd.ttrpc.v1.otelttrpc type=io.containerd.ttrpc.v1
May 05 12:36:36 ubuntu containerd[1155]: time="2026-05-05T12:36:36.839058624-07:00" level=info msg="loading plugin" id=io.containerd.grpc.v1.healthcheck type=io.containerd.grpc.v1
May 05 12:36:36 ubuntu systemd[1]: Started Getty on tty1.
May 05 12:36:36 ubuntu containerd[1155]: time="2026-05-05T12:36:36.839485952-07:00" level=info msg=serving... address=/run/containerd/containerd.sock.ttrpc
May 05 12:36:36 ubuntu containerd[1155]: time="2026-05-05T12:36:36.839567872-07:00" level=info msg=serving... address=/run/containerd/containerd.sock
May 05 12:36:36 ubuntu containerd[1155]: time="2026-05-05T12:36:36.839671616-07:00" level=info msg="containerd successfully booted in 0.036821s"
May 05 12:36:36 ubuntu systemd[1]: Reached target Login Prompts.
May 05 12:36:36 ubuntu kernel: Adding 4021696k swap on /dev/zram2.  Priority:5 extents:1 across:4021696k SS
May 05 12:36:36 ubuntu systemd[1]: Started Argus daemon.
May 05 12:36:36 ubuntu systemd[1]: Started UART on ttyTHS0.
May 05 12:36:36 ubuntu kernel: zram3: detected capacity change from 0 to 8043400
May 05 12:36:36 ubuntu systemd[1]: Starting Configure bootloader service...
May 05 12:36:36 ubuntu nvzramconfig.sh[1303]: Setting up swapspace version 1, size = 3.8 GiB (4118216704 bytes)
May 05 12:36:36 ubuntu nvzramconfig.sh[1303]: no label, UUID=482e06b3-810c-4d8d-ba92-d63bf67354f1
May 05 12:36:36 ubuntu systemd[1]: Started containerd container runtime.
May 05 12:36:36 ubuntu systemd[1]: Starting Docker Application Container Engine...
May 05 12:36:36 ubuntu kernel: Adding 4021696k swap on /dev/zram3.  Priority:5 extents:1 across:4021696k SS
May 05 12:36:36 ubuntu systemd[1]: nvgetty.service: Deactivated successfully.
May 05 12:36:36 ubuntu kernel: zram4: detected capacity change from 0 to 8043400
May 05 12:36:36 ubuntu nvzramconfig.sh[1329]: Setting up swapspace version 1, size = 3.8 GiB (4118216704 bytes)
May 05 12:36:36 ubuntu nvzramconfig.sh[1329]: no label, UUID=1a41f878-74c3-46ea-a25e-4cef25a38f88
May 05 12:36:36 ubuntu kernel: Adding 4021696k swap on /dev/zram4.  Priority:5 extents:1 across:4021696k SS
May 05 12:36:36 ubuntu kernel: zram5: detected capacity change from 0 to 8043400
May 05 12:36:36 ubuntu kernel: sl_max96712 9-0029: Driver Version : v1.4.0
May 05 12:36:36 ubuntu nvzramconfig.sh[1352]: Setting up swapspace version 1, size = 3.8 GiB (4118216704 bytes)
May 05 12:36:36 ubuntu nvzramconfig.sh[1352]: no label, UUID=3f4db616-c1fe-4150-bd09-240198924073
May 05 12:36:36 ubuntu kernel: Adding 4021696k swap on /dev/zram5.  Priority:5 extents:1 across:4021696k SS
May 05 12:36:36 ubuntu systemd[1]: Started PHS daemon.
May 05 12:36:36 ubuntu kernel: zram6: detected capacity change from 0 to 8043400
May 05 12:36:36 ubuntu nvzramconfig.sh[1373]: Setting up swapspace version 1, size = 3.8 GiB (4118216704 bytes)
May 05 12:36:36 ubuntu nvzramconfig.sh[1373]: no label, UUID=e51b3650-b129-447a-a746-89d84abb9c78
May 05 12:36:36 ubuntu kernel: Adding 4021696k swap on /dev/zram6.  Priority:5 extents:1 across:4021696k SS
May 05 12:36:36 ubuntu kernel: zram7: detected capacity change from 0 to 8043400
May 05 12:36:36 ubuntu nvzramconfig.sh[1383]: Setting up swapspace version 1, size = 3.8 GiB (4118216704 bytes)
May 05 12:36:36 ubuntu nvzramconfig.sh[1383]: no label, UUID=670da14e-d6b5-4dd0-bc7e-6aa7913691b0
May 05 12:36:36 ubuntu kernel: Adding 4021696k swap on /dev/zram7.  Priority:5 extents:1 across:4021696k SS
May 05 12:36:36 ubuntu systemd[1]: nvzramconfig.service: Deactivated successfully.
May 05 12:36:36 ubuntu nv-l4t-bootloader-config.sh[1386]: Restore link: APP to /dev/nvme0n1p1
May 05 12:36:36 ubuntu nv-l4t-bootloader-config.sh[1386]: Restore link: A_kernel to /dev/nvme0n1p2
May 05 12:36:36 ubuntu nv-l4t-bootloader-config.sh[1386]: Restore link: A_kernel-dtb to /dev/nvme0n1p3
May 05 12:36:36 ubuntu nv-l4t-bootloader-config.sh[1386]: Restore link: A_reserved_on_user to /dev/nvme0n1p4
May 05 12:36:36 ubuntu nv-l4t-bootloader-config.sh[1386]: Restore link: B_kernel to /dev/nvme0n1p5
May 05 12:36:36 ubuntu dockerd[1322]: time="2026-05-05T12:36:36.975089088-07:00" level=info msg="Starting up"
May 05 12:36:36 ubuntu dockerd[1322]: time="2026-05-05T12:36:36.975988768-07:00" level=info msg="OTEL tracing is not configured, using no-op tracer provider"
May 05 12:36:36 ubuntu nv-l4t-bootloader-config.sh[1386]: Restore link: B_kernel-dtb to /dev/nvme0n1p6
May 05 12:36:36 ubuntu dockerd[1322]: time="2026-05-05T12:36:36.978238752-07:00" level=info msg="CDI directory does not exist, skipping" dir=/var/run/cdi
May 05 12:36:36 ubuntu dockerd[1322]: time="2026-05-05T12:36:36.979360288-07:00" level=info msg="detected 127.0.0.53 nameserver, assuming systemd-resolved, so using resolv.conf: /run/systemd/resolve/resolv.conf"
May 05 12:36:36 ubuntu nv-l4t-bootloader-config.sh[1386]: Restore link: B_reserved_on_user to /dev/nvme0n1p7
May 05 12:36:36 ubuntu nv-l4t-bootloader-config.sh[1386]: Restore link: recovery to /dev/nvme0n1p8
May 05 12:36:37 ubuntu kernel: sl_max96712 9-0029: slow_reset_Dser: Setup Deser as 2 lanes output
May 05 12:36:37 ubuntu nv-l4t-bootloader-config.sh[1386]: Restore link: recovery-dtb to /dev/nvme0n1p9
May 05 12:36:37 ubuntu nv-l4t-bootloader-config.sh[1386]: Restore link: recovery_alt to /dev/nvme0n1p11
May 05 12:36:37 ubuntu dockerd[1322]: time="2026-05-05T12:36:37.021267936-07:00" level=info msg="Creating a containerd client" address=/run/containerd/containerd.sock timeout=1m0s
May 05 12:36:37 ubuntu dockerd[1322]: time="2026-05-05T12:36:37.025647328-07:00" level=info msg="Loading containers: start."
May 05 12:36:37 ubuntu dockerd[1322]: time="2026-05-05T12:36:37.025866592-07:00" level=info msg="NRI is disabled"
May 05 12:36:37 ubuntu dockerd[1322]: time="2026-05-05T12:36:37.025883712-07:00" level=info msg="Starting daemon with containerd snapshotter integration enabled"
May 05 12:36:37 ubuntu nv-l4t-bootloader-config.sh[1386]: Restore link: recovery-dtb_alt to /dev/nvme0n1p12
May 05 12:36:37 ubuntu dockerd[1322]: time="2026-05-05T12:36:37.030747424-07:00" level=info msg="Restoring containers: start."
May 05 12:36:37 ubuntu nv-l4t-bootloader-config.sh[1386]: Restore link: esp_alt to /dev/nvme0n1p13
May 05 12:36:37 ubuntu nv-l4t-bootloader-config.sh[1386]: Restore link: UDA to /dev/nvme0n1p14
May 05 12:36:37 ubuntu nv-l4t-bootloader-config.sh[1386]: Restore link: reserved to /dev/nvme0n1p15
May 05 12:36:37 ubuntu dockerd[1322]: time="2026-05-05T12:36:37.066321120-07:00" level=info msg="Deleting nftables IPv4 rules" error="exit status 1" output="Error: Could not process rule: No such file or directory\ndelete table ip docker-bridges"
May 05 12:36:37 ubuntu dockerd[1322]: time="2026-05-05T12:36:37.106540576-07:00" level=info msg="Deleting nftables IPv6 rules" error="exit status 1" output="Error: Could not process rule: No such file or directory\ndelete table ip6 docker-bridges"
May 05 12:36:37 ubuntu nv-l4t-bootloader-config.sh[1307]: 3701--0005--1--jetson-agx-orin-devkit-
May 05 12:36:37 ubuntu nv-l4t-bootloader-config.sh[1702]: TNSPEC 3701-501-0005-G.0-1-1-jetson-agx-orin-devkit-
May 05 12:36:37 ubuntu nv-l4t-bootloader-config.sh[1702]: COMPATIBLE_SPEC 3701--0005--1--jetson-agx-orin-devkit-
May 05 12:36:37 ubuntu nv-l4t-bootloader-config.sh[1702]: TEGRA_BOOT_STORAGE nvme0n1
May 05 12:36:37 ubuntu nv-l4t-bootloader-config.sh[1702]: TEGRA_CHIPID 0x23
May 05 12:36:37 ubuntu nv-l4t-bootloader-config.sh[1702]: TEGRA_OTA_BOOT_DEVICE /dev/mtdblock0
May 05 12:36:37 ubuntu nv-l4t-bootloader-config.sh[1702]: TEGRA_OTA_GPT_DEVICE /dev/mtdblock0
May 05 12:36:37 ubuntu nv-l4t-bootloader-config.sh[1307]: Info: Write TegraPlatformCompatSpec with 3701--0005--1--jetson-agx-orin-devkit-.
May 05 12:36:37 ubuntu nv-l4t-bootloader-config.sh[1307]: Info: The esp is already mounted to /boot/efi.
May 05 12:36:37 ubuntu nv-l4t-bootloader-config.sh[1307]: Info: Verifying bootloader and rootfs status.
May 05 12:36:37 ubuntu nv-l4t-bootloader-config.sh[1716]: Info: variable BootChainFwStatus is not found.
May 05 12:36:37 ubuntu systemd[1]: nv-l4t-bootloader-config.service: Deactivated successfully.
May 05 12:36:37 ubuntu systemd[1]: Finished Configure bootloader service.
May 05 12:36:37 ubuntu nv-l4t-usb-device-mode-start.sh[1483]: /sys/devices/platform/bus@0/3520000.padctl/usb2-0/usb_role/usb2-0-role-switch
May 05 12:36:37 ubuntu systemd[1]: Finished Configure USB flashing port for device mode.
May 05 12:36:37 ubuntu dockerd[1322]: time="2026-05-05T12:36:37.249719872-07:00" level=warning msg="Could not load necessary modules for IPSEC rules: protocol not supported"
May 05 12:36:37 ubuntu tailscaled[888]: monitor: RTM_NEWROUTE: src=172.17.0.1/0, dst=172.17.0.1/32, gw=, outif=10, table=255
May 05 12:36:37 ubuntu NetworkManager[761]: <info>  [1778009797.2519] manager: (docker0): new Bridge device (/org/freedesktop/NetworkManager/Devices/11)
May 05 12:36:37 ubuntu avahi-daemon[758]: Joining mDNS multicast group on interface docker0.IPv4 with address 172.17.0.1.
May 05 12:36:37 ubuntu avahi-daemon[758]: New relevant interface docker0.IPv4 for mDNS.
May 05 12:36:37 ubuntu tailscaled[888]: monitor: RTM_NEWROUTE: src=172.17.0.1/0, dst=172.17.255.255/32, gw=, outif=10, table=255
May 05 12:36:37 ubuntu tailscaled[888]: monitor: RTM_NEWROUTE: src=172.17.0.1/0, dst=172.17.0.0/16, gw=, outif=10, table=254
May 05 12:36:37 ubuntu avahi-daemon[758]: Registering new address record for 172.17.0.1 on docker0.IPv4.
May 05 12:36:37 ubuntu NetworkManager[761]: <info>  [1778009797.2880] device (docker0): state change: unmanaged -> unavailable (reason 'connection-assumed', sys-iface-state: 'external')
May 05 12:36:37 ubuntu NetworkManager[761]: <info>  [1778009797.2886] device (docker0): state change: unavailable -> disconnected (reason 'connection-assumed', sys-iface-state: 'external')
May 05 12:36:37 ubuntu NetworkManager[761]: <info>  [1778009797.2895] device (docker0): Activation: starting connection 'docker0' (521c4b2a-3478-4603-b5dc-b5f67048d3b8)
May 05 12:36:37 ubuntu NetworkManager[761]: <info>  [1778009797.2900] device (docker0): state change: disconnected -> prepare (reason 'none', sys-iface-state: 'external')
May 05 12:36:37 ubuntu NetworkManager[761]: <info>  [1778009797.2902] device (docker0): state change: prepare -> config (reason 'none', sys-iface-state: 'external')
May 05 12:36:37 ubuntu NetworkManager[761]: <info>  [1778009797.2904] device (docker0): state change: config -> ip-config (reason 'none', sys-iface-state: 'external')
May 05 12:36:37 ubuntu NetworkManager[761]: <info>  [1778009797.2906] device (docker0): state change: ip-config -> ip-check (reason 'none', sys-iface-state: 'external')
May 05 12:36:37 ubuntu NetworkManager[761]: <info>  [1778009797.2927] device (docker0): state change: ip-check -> secondaries (reason 'none', sys-iface-state: 'external')
May 05 12:36:37 ubuntu NetworkManager[761]: <info>  [1778009797.2929] device (docker0): state change: secondaries -> activated (reason 'none', sys-iface-state: 'external')
May 05 12:36:37 ubuntu NetworkManager[761]: <info>  [1778009797.2932] manager: NetworkManager state is now CONNECTED_LOCAL
May 05 12:36:37 ubuntu NetworkManager[761]: <info>  [1778009797.2935] device (docker0): Activation: successful, device activated.
May 05 12:36:37 ubuntu dockerd[1322]: time="2026-05-05T12:36:37.342309824-07:00" level=info msg="Loading containers: done."
May 05 12:36:37 ubuntu dockerd[1322]: time="2026-05-05T12:36:37.352439648-07:00" level=info msg="Docker daemon" commit=daa0cb7 containerd-snapshotter=true storage-driver=overlayfs version=29.4.0
May 05 12:36:37 ubuntu dockerd[1322]: time="2026-05-05T12:36:37.352692416-07:00" level=info msg="Initializing buildkit"
May 05 12:36:37 ubuntu dockerd[1322]: time="2026-05-05T12:36:37.364784096-07:00" level=info msg="Completed buildkit initialization"
May 05 12:36:37 ubuntu dockerd[1322]: time="2026-05-05T12:36:37.373022944-07:00" level=info msg="Daemon has completed initialization"
May 05 12:36:37 ubuntu dockerd[1322]: time="2026-05-05T12:36:37.373124448-07:00" level=info msg="API listen on /run/docker.sock"
May 05 12:36:37 ubuntu tailscaled[888]: control: setPaused(false)
May 05 12:36:37 ubuntu tailscaled[888]: health(warnable=network-status): ok
May 05 12:36:37 ubuntu tailscaled[888]: control: doLogin(regen=false, hasUrl=false)
May 05 12:36:37 ubuntu tailscaled[888]: magicsock: SetNetworkUp(true)
May 05 12:36:37 ubuntu tailscaled[888]: control: trying bootstrapDNS("derp26b.tailscale.com", "167.235.72.200") for "controlplane.tailscale.com" ...
May 05 12:36:37 ubuntu tailscaled[888]: control: bootstrapDNS("derp26b.tailscale.com", "167.235.72.200") for "controlplane.tailscale.com" error: Get "https://derp26b.tailscale.com/bootstrap-dns?q=controlplane.tailscale.com": dial tcp 167.235.72.200:443: connect: network is unreachable
May 05 12:36:37 ubuntu tailscaled[888]: control: trying bootstrapDNS("derp17c.tailscale.com", "2607:f740:c::10") for "controlplane.tailscale.com" ...
May 05 12:36:37 ubuntu tailscaled[888]: control: bootstrapDNS("derp17c.tailscale.com", "2607:f740:c::10") for "controlplane.tailscale.com" error: Get "https://derp17c.tailscale.com/bootstrap-dns?q=controlplane.tailscale.com": dial tcp [2607:f740:c::10]:443: connect: network is unreachable
May 05 12:36:37 ubuntu tailscaled[888]: control: trying bootstrapDNS("derp17c.tailscale.com", "208.111.40.12") for "controlplane.tailscale.com" ...
May 05 12:36:37 ubuntu tailscaled[888]: control: bootstrapDNS("derp17c.tailscale.com", "208.111.40.12") for "controlplane.tailscale.com" error: Get "https://derp17c.tailscale.com/bootstrap-dns?q=controlplane.tailscale.com": dial tcp 208.111.40.12:443: connect: network is unreachable
May 05 12:36:37 ubuntu tailscaled[888]: control: trying bootstrapDNS("derp7e.tailscale.com", "2600:3c18::2000:60ff:fe0f:6e83") for "controlplane.tailscale.com" ...
May 05 12:36:37 ubuntu tailscaled[888]: control: bootstrapDNS("derp7e.tailscale.com", "2600:3c18::2000:60ff:fe0f:6e83") for "controlplane.tailscale.com" error: Get "https://derp7e.tailscale.com/bootstrap-dns?q=controlplane.tailscale.com": dial tcp [2600:3c18::2000:60ff:fe0f:6e83]:443: connect: network is unreachable
May 05 12:36:37 ubuntu tailscaled[888]: control: trying bootstrapDNS("derp16b.tailscale.com", "192.73.243.135") for "controlplane.tailscale.com" ...
May 05 12:36:37 ubuntu tailscaled[888]: [RATELIMIT] format("control: trying bootstrapDNS(%q, %q) for %q ...")
May 05 12:36:37 ubuntu tailscaled[888]: control: bootstrapDNS("derp16b.tailscale.com", "192.73.243.135") for "controlplane.tailscale.com" error: Get "https://derp16b.tailscale.com/bootstrap-dns?q=controlplane.tailscale.com": dial tcp 192.73.243.135:443: connect: network is unreachable
May 05 12:36:37 ubuntu tailscaled[888]: [RATELIMIT] format("control: bootstrapDNS(%q, %q) for %q error: %v")
May 05 12:36:37 ubuntu tailscaled[888]: health(warnable=login-state): error: You are logged out. The last login error was: fetch control key: Get "https://controlplane.tailscale.com/key?v=133": failed to resolve "controlplane.tailscale.com": no DNS fallback candidates remain for "controlplane.tailscale.com"
May 05 12:36:37 ubuntu tailscaled[888]: Received error: fetch control key: Get "https://controlplane.tailscale.com/key?v=133": failed to resolve "controlplane.tailscale.com": no DNS fallback candidates remain for "controlplane.tailscale.com"
May 05 12:36:37 ubuntu tailscaled[888]: control: doLogin(regen=false, hasUrl=false)
May 05 12:36:37 ubuntu tailscaled[888]: Received error: fetch control key: Get "https://controlplane.tailscale.com/key?v=133": failed to resolve "controlplane.tailscale.com": no DNS fallback candidates remain for "controlplane.tailscale.com"
May 05 12:36:37 ubuntu tailscaled[888]: control: doLogin(regen=false, hasUrl=false)
May 05 12:36:37 ubuntu tailscaled[888]: Received error: fetch control key: Get "https://controlplane.tailscale.com/key?v=133": failed to resolve "controlplane.tailscale.com": no DNS fallback candidates remain for "controlplane.tailscale.com"
May 05 12:36:37 ubuntu tailscaled[888]: control: doLogin(regen=false, hasUrl=false)
May 05 12:36:37 ubuntu tailscaled[888]: Received error: fetch control key: Get "https://controlplane.tailscale.com/key?v=133": failed to resolve "controlplane.tailscale.com": no DNS fallback candidates remain for "controlplane.tailscale.com"
May 05 12:36:37 ubuntu tailscaled[888]: control: doLogin(regen=false, hasUrl=false)
May 05 12:36:37 ubuntu tailscaled[888]: [RATELIMIT] format("control: doLogin(regen=%v, hasUrl=%v)")
May 05 12:36:37 ubuntu tailscaled[888]: Received error: fetch control key: Get "https://controlplane.tailscale.com/key?v=133": failed to resolve "controlplane.tailscale.com": no DNS fallback candidates remain for "controlplane.tailscale.com"
May 05 12:36:37 ubuntu tailscaled[888]: [RATELIMIT] format("Received error: %v")
May 05 12:36:37 ubuntu snapd[803]: overlord.go:309: Acquiring state lock file
May 05 12:36:37 ubuntu snapd[803]: overlord.go:314: Acquired state lock file
May 05 12:36:37 ubuntu snapd[803]: daemon.go:276: started snapd/2.75.2 (series 16; classic; devmode) ubuntu/22.04 (arm64) linux/5.15.148-tegra.
May 05 12:36:37 ubuntu kernel: loop14: detected capacity change from 0 to 8
May 05 12:36:38 ubuntu snapd[803]: daemon.go:370: adjusting startup timeout by 1m15s (pessimistic estimate of 30s plus 5s per snap)
May 05 12:36:38 ubuntu snapd[803]: backends.go:70: AppArmor status: apparmor not enabled
May 05 12:36:38 ubuntu snapd[803]: standby.go:95: will consider standby after: 5s
May 05 12:36:38 ubuntu dbus-daemon[760]: [system] Activating via systemd: service name='org.freedesktop.timedate1' unit='dbus-org.freedesktop.timedate1.service' requested by ':1.16' (uid=0 pid=803 comm="/snap/snapd/current/usr/lib/snapd/snapd " label="kernel")
May 05 12:36:38 ubuntu kernel: sl_max96712 9-0029: sl_max96712_gmsl_pipeline_setup: Active GMSL ports : 0
May 05 12:36:38 ubuntu systemd[1]: Started Docker Application Container Engine.
May 05 12:36:38 ubuntu systemd[1]: Started Snap Daemon.
May 05 12:36:38 ubuntu systemd[1]: systemd-rfkill.service: Deactivated successfully.
May 05 12:36:38 ubuntu systemd[1]: Starting Time & Date Service...
May 05 12:36:38 ubuntu dbus-daemon[760]: [system] Successfully activated service 'org.freedesktop.timedate1'
May 05 12:36:38 ubuntu systemd[1]: Started Time & Date Service.
May 05 12:36:38 ubuntu systemd[1]: Finished Wait until snapd is fully seeded.
May 05 12:36:38 ubuntu systemd[1]: Condition check resulted in Auto import assertions from block devices being skipped.
May 05 12:36:38 ubuntu snapd[803]: snapmgr.go:1661: performing periodic snap downloads cache cleanup
May 05 12:36:38 ubuntu snapd[803]: cache.go:243: removed 0 entries/    0 from downloads cache
May 05 12:36:38 ubuntu kernel: sl_max96712 9-0029: sl_max96712_gmsl_pipeline_setup: No camera connected to GMSL port 0
May 05 12:36:39 ubuntu kernel: sl_max96712 9-0029: sl_max96712_gmsl_pipeline_setup: No camera connected to GMSL port 1
May 05 12:36:39 ubuntu snapd[803]: hotplug.go:206: hotplug device add event ignored, enable experimental.hotplug
May 05 12:36:39 ubuntu snapd[803]: hotplug.go:206: hotplug device add event ignored, enable experimental.hotplug
May 05 12:36:39 ubuntu NetworkManager[761]: <info>  [1778009799.8106] device (eno1): carrier: link connected
May 05 12:36:39 ubuntu NetworkManager[761]: <info>  [1778009799.8133] device (eno1): state change: unavailable -> disconnected (reason 'carrier-changed', sys-iface-state: 'managed')
May 05 12:36:39 ubuntu kernel: nvethernet 6800000.ethernet: [xpcs_lane_bring_up][477][type:0x4][loga-0x0] PCS block lock SUCCESS
May 05 12:36:39 ubuntu kernel: IPv6: ADDRCONF(NETDEV_CHANGE): eno1: link becomes ready
May 05 12:36:39 ubuntu kernel: nvethernet 6800000.ethernet eno1: Link is Up - 1Gbps/Full - flow control off
May 05 12:36:39 ubuntu tailscaled[888]: monitor: RTM_DELROUTE: src=, dst=ff00::/8, gw=, outif=5, table=254
May 05 12:36:39 ubuntu NetworkManager[761]: <info>  [1778009799.8148] policy: auto-activating connection 'Wired connection 1' (8fe30f9d-ce7e-3b6d-ad0a-35e214391db0)
May 05 12:36:39 ubuntu NetworkManager[761]: <info>  [1778009799.8158] device (eno1): Activation: starting connection 'Wired connection 1' (8fe30f9d-ce7e-3b6d-ad0a-35e214391db0)
May 05 12:36:39 ubuntu NetworkManager[761]: <info>  [1778009799.8160] device (eno1): state change: disconnected -> prepare (reason 'none', sys-iface-state: 'managed')
May 05 12:36:39 ubuntu systemd[1]: dmesg.service: Deactivated successfully.
May 05 12:36:39 ubuntu NetworkManager[761]: <info>  [1778009799.8165] manager: NetworkManager state is now CONNECTING
May 05 12:36:39 ubuntu NetworkManager[761]: <info>  [1778009799.8168] device (eno1): state change: prepare -> config (reason 'none', sys-iface-state: 'managed')
May 05 12:36:39 ubuntu NetworkManager[761]: <info>  [1778009799.8181] device (eno1): state change: config -> ip-config (reason 'none', sys-iface-state: 'managed')
May 05 12:36:39 ubuntu tailscaled[888]: monitor: RTM_DELROUTE: src=, dst=ff00::/8, gw=, outif=5, table=254
May 05 12:36:39 ubuntu NetworkManager[761]: <info>  [1778009799.8192] dhcp4 (eno1): activation: beginning transaction (timeout in 45 seconds)
May 05 12:36:39 ubuntu avahi-daemon[758]: Joining mDNS multicast group on interface eno1.IPv6 with address fe80::a50b:2714:3865:7f72.
May 05 12:36:39 ubuntu avahi-daemon[758]: New relevant interface eno1.IPv6 for mDNS.
May 05 12:36:39 ubuntu avahi-daemon[758]: Registering new address record for fe80::a50b:2714:3865:7f72 on eno1.*.
May 05 12:36:39 ubuntu kernel: sl_max96712 9-0029: sl_max96712_gmsl_pipeline_setup: No camera connected to GMSL port 2
May 05 12:36:40 ubuntu kernel: sl_max96712 9-0029: sl_max96712_gmsl_pipeline_setup: No camera connected to GMSL port 3
May 05 12:36:40 ubuntu wpa_supplicant[817]: wlP1p1s0: CTRL-EVENT-REGDOM-CHANGE init=DRIVER type=WORLD
May 05 12:36:40 ubuntu NetworkManager[761]: <info>  [1778009800.4725] policy: auto-activating connection 'eduroam [ae99509b]' (ae99509b-b0a1-4ef9-815d-1f8a0a0998b4)
May 05 12:36:40 ubuntu NetworkManager[761]: <info>  [1778009800.4739] device (wlP1p1s0): Activation: starting connection 'eduroam [ae99509b]' (ae99509b-b0a1-4ef9-815d-1f8a0a0998b4)
May 05 12:36:40 ubuntu NetworkManager[761]: <info>  [1778009800.4742] device (wlP1p1s0): state change: disconnected -> prepare (reason 'none', sys-iface-state: 'managed')
May 05 12:36:40 ubuntu NetworkManager[761]: <info>  [1778009800.4751] device (wlP1p1s0): state change: prepare -> config (reason 'none', sys-iface-state: 'managed')
May 05 12:36:40 ubuntu NetworkManager[761]: <info>  [1778009800.4758] device (wlP1p1s0): Activation: (wifi) access point 'eduroam [ae99509b]' has security, but secrets are required.
May 05 12:36:40 ubuntu NetworkManager[761]: <info>  [1778009800.4758] device (wlP1p1s0): state change: config -> need-auth (reason 'none', sys-iface-state: 'managed')
May 05 12:36:40 ubuntu NetworkManager[761]: <info>  [1778009800.4842] device (wlP1p1s0): state change: need-auth -> prepare (reason 'none', sys-iface-state: 'managed')
May 05 12:36:40 ubuntu NetworkManager[761]: <info>  [1778009800.4849] device (wlP1p1s0): state change: prepare -> config (reason 'none', sys-iface-state: 'managed')
May 05 12:36:40 ubuntu NetworkManager[761]: <info>  [1778009800.4895] device (wlP1p1s0): Activation: (wifi) connection 'eduroam [ae99509b]' has security, and secrets exist.  No new secrets needed.
May 05 12:36:40 ubuntu NetworkManager[761]: <info>  [1778009800.4897] Config: added 'ssid' value 'eduroam'
May 05 12:36:40 ubuntu NetworkManager[761]: <info>  [1778009800.4898] Config: added 'scan_ssid' value '1'
May 05 12:36:40 ubuntu NetworkManager[761]: <info>  [1778009800.4898] Config: added 'bgscan' value 'simple:30:-65:300'
May 05 12:36:40 ubuntu NetworkManager[761]: <info>  [1778009800.4899] Config: added 'key_mgmt' value 'WPA-EAP FT-EAP FT-EAP-SHA384 WPA-EAP-SHA256'
May 05 12:36:40 ubuntu NetworkManager[761]: <info>  [1778009800.4899] Config: added 'auth_alg' value 'OPEN'
May 05 12:36:40 ubuntu NetworkManager[761]: <info>  [1778009800.4899] Config: added 'pairwise' value 'CCMP'
May 05 12:36:40 ubuntu NetworkManager[761]: <info>  [1778009800.4899] Config: added 'group' value 'CCMP'
May 05 12:36:40 ubuntu NetworkManager[761]: <info>  [1778009800.4900] Config: added 'eap' value 'TLS'
May 05 12:36:40 ubuntu NetworkManager[761]: <info>  [1778009800.4901] Config: added 'fragment_size' value '1266'
May 05 12:36:40 ubuntu NetworkManager[761]: <info>  [1778009800.4901] Config: added 'ca_cert' value '/home/dinosaur/.joinnow/usertrustrsaca [jdk].pem'
May 05 12:36:40 ubuntu NetworkManager[761]: <info>  [1778009800.4901] Config: added 'domain_suffix_match' value 'radius.cpp.edu'
May 05 12:36:40 ubuntu NetworkManager[761]: <info>  [1778009800.4901] Config: added 'private_key' value '/home/dinosaur/.joinnow/tls-client-certs/sw2-joinnow-client-cert-da39a3ee5e6b4b0d3255bfef95601890afd80709_20251221-142705_4556.p12'
May 05 12:36:40 ubuntu NetworkManager[761]: <info>  [1778009800.4922] Config: added 'private_key_passwd' value '<hidden>'
May 05 12:36:40 ubuntu NetworkManager[761]: <info>  [1778009800.4923] Config: added 'identity' value 'rmsimpson@cpp.edu'
May 05 12:36:40 ubuntu NetworkManager[761]: <info>  [1778009800.4923] Config: added 'proactive_key_caching' value '1'
May 05 12:36:40 ubuntu wpa_supplicant[817]: wlP1p1s0: Trying to associate with SSID 'eduroam'
May 05 12:36:40 ubuntu kernel: sl_max96712 9-0029: sl_max96712_probe: No Camera connected to this deserializer
May 05 12:36:40 ubuntu kernel: sl_max96712 9-0029: sl_max96712_probe: success
May 05 12:36:40 ubuntu kernel: sl_max96712 13-0029: Driver Version : v1.4.0
May 05 12:36:40 ubuntu wpa_supplicant[817]: wlP1p1s0: CTRL-EVENT-STARTED-CHANNEL-SWITCH freq=5220 ht_enabled=1 ch_offset=1 ch_width=40 MHz cf1=5230 cf2=0
May 05 12:36:40 ubuntu NetworkManager[761]: <info>  [1778009800.7211] device (wlP1p1s0): supplicant interface state: disconnected -> associating
May 05 12:36:40 ubuntu NetworkManager[761]: <info>  [1778009800.7212] device (p2p-dev-wlP1p1s0): supplicant management interface state: disconnected -> associating
May 05 12:36:40 ubuntu kernel: sl_max96712 13-0029: slow_reset_Dser: Setup Deser as 2 lanes output
May 05 12:36:40 ubuntu kernel: ACK 04 d4
May 05 12:36:40 ubuntu kernel: ACK 04 d4
May 05 12:36:40 ubuntu wpa_supplicant[817]: wlP1p1s0: Associated with e8:10:98:2a:a6:71
May 05 12:36:40 ubuntu wpa_supplicant[817]: wlP1p1s0: CTRL-EVENT-SUBNET-STATUS-UPDATE status=0
May 05 12:36:40 ubuntu wpa_supplicant[817]: wlP1p1s0: CTRL-EVENT-EAP-STARTED EAP authentication started
May 05 12:36:40 ubuntu NetworkManager[761]: <info>  [1778009800.8295] device (wlP1p1s0): supplicant interface state: associating -> associated
May 05 12:36:40 ubuntu NetworkManager[761]: <info>  [1778009800.8296] device (p2p-dev-wlP1p1s0): supplicant management interface state: associating -> associated
May 05 12:36:40 ubuntu wpa_supplicant[817]: wlP1p1s0: CTRL-EVENT-EAP-PROPOSED-METHOD vendor=0 method=25 -> NAK
May 05 12:36:40 ubuntu wpa_supplicant[817]: wlP1p1s0: CTRL-EVENT-EAP-PROPOSED-METHOD vendor=0 method=13
May 05 12:36:40 ubuntu wpa_supplicant[817]: wlP1p1s0: CTRL-EVENT-EAP-METHOD EAP vendor 0 method 13 (TLS) selected
May 05 12:36:40 ubuntu wpa_supplicant[817]: wlP1p1s0: CTRL-EVENT-EAP-PEER-CERT depth=2 subject='/C=US/ST=New Jersey/L=Jersey City/O=The USERTRUST Network/CN=USERTrust RSA Certification Authority' hash=e793c9b02fd8aa13e21c31228accb08119643b749c898964b1746d46c3d4cbd2
May 05 12:36:40 ubuntu wpa_supplicant[817]: wlP1p1s0: CTRL-EVENT-EAP-PEER-CERT depth=1 subject='/C=US/O=Internet2/CN=InCommon RSA Server CA 2' hash=87e01cc4dd0c9d92a3dbd49092ff13f9cd387445cdc57e5b984e1b7721b5b029
May 05 12:36:40 ubuntu wpa_supplicant[817]: wlP1p1s0: CTRL-EVENT-EAP-PEER-CERT depth=0 subject='/C=US/ST=California/O=California State Polytechnic University, Pomona/CN=radius.cpp.edu' hash=58fa209e898e319e55435b3d8264b545a0b086b61a08d1120acc4377af3789a9
May 05 12:36:40 ubuntu wpa_supplicant[817]: wlP1p1s0: CTRL-EVENT-EAP-PEER-ALT depth=0 DNS:radius.cpp.edu
May 05 12:36:40 ubuntu wpa_supplicant[817]: wlP1p1s0: CTRL-EVENT-EAP-SUCCESS EAP authentication completed successfully
May 05 12:36:41 ubuntu wpa_supplicant[817]: wlP1p1s0: PMKSA-CACHE-ADDED e8:10:98:2a:a6:71 0
May 05 12:36:41 ubuntu wpa_supplicant[817]: wlP1p1s0: WPA: Key negotiation completed with e8:10:98:2a:a6:71 [PTK=CCMP GTK=CCMP]
May 05 12:36:41 ubuntu wpa_supplicant[817]: wlP1p1s0: CTRL-EVENT-CONNECTED - Connection to e8:10:98:2a:a6:71 completed [id=0 id_str=]
May 05 12:36:41 ubuntu NetworkManager[761]: <info>  [1778009801.0528] device (wlP1p1s0): supplicant interface state: associated -> completed
May 05 12:36:41 ubuntu NetworkManager[761]: <info>  [1778009801.0529] device (wlP1p1s0): Activation: (wifi) Stage 2 of 5 (Device Configure) successful. Connected to wireless network "eduroam"
May 05 12:36:41 ubuntu NetworkManager[761]: <info>  [1778009801.0530] device (p2p-dev-wlP1p1s0): supplicant management interface state: associated -> completed
May 05 12:36:41 ubuntu NetworkManager[761]: <info>  [1778009801.0532] device (wlP1p1s0): state change: config -> ip-config (reason 'none', sys-iface-state: 'managed')
May 05 12:36:41 ubuntu kernel: IPv6: ADDRCONF(NETDEV_CHANGE): wlP1p1s0: link becomes ready
May 05 12:36:41 ubuntu tailscaled[888]: monitor: RTM_DELROUTE: src=, dst=ff00::/8, gw=, outif=2, table=254
May 05 12:36:41 ubuntu NetworkManager[761]: <info>  [1778009801.0545] dhcp4 (wlP1p1s0): activation: beginning transaction (timeout in 45 seconds)
May 05 12:36:41 ubuntu avahi-daemon[758]: Joining mDNS multicast group on interface wlP1p1s0.IPv6 with address fe80::5906:404e:916c:488e.
May 05 12:36:41 ubuntu avahi-daemon[758]: New relevant interface wlP1p1s0.IPv6 for mDNS.
May 05 12:36:41 ubuntu avahi-daemon[758]: Registering new address record for fe80::5906:404e:916c:488e on wlP1p1s0.*.
May 05 12:36:41 ubuntu NetworkManager[761]: <info>  [1778009801.0653] dhcp4 (wlP1p1s0): state changed new lease, address=10.110.132.84
May 05 12:36:41 ubuntu avahi-daemon[758]: Joining mDNS multicast group on interface wlP1p1s0.IPv4 with address 10.110.132.84.
May 05 12:36:41 ubuntu avahi-daemon[758]: New relevant interface wlP1p1s0.IPv4 for mDNS.
May 05 12:36:41 ubuntu tailscaled[888]: monitor: RTM_NEWROUTE: src=10.110.132.84/0, dst=10.110.132.84/32, gw=, outif=2, table=255
May 05 12:36:41 ubuntu tailscaled[888]: monitor: RTM_NEWROUTE: src=10.110.132.84/0, dst=10.110.135.255/32, gw=, outif=2, table=255
May 05 12:36:41 ubuntu tailscaled[888]: monitor: RTM_NEWROUTE: src=10.110.132.84/0, dst=10.110.128.0/21, gw=, outif=2, table=254
May 05 12:36:41 ubuntu tailscaled[888]: monitor: RTM_NEWROUTE: src=, dst=, gw=10.110.128.1, outif=2, table=254
May 05 12:36:41 ubuntu avahi-daemon[758]: Registering new address record for 10.110.132.84 on wlP1p1s0.IPv4.
May 05 12:36:41 ubuntu NetworkManager[761]: <info>  [1778009801.0684] device (wlP1p1s0): state change: ip-config -> ip-check (reason 'none', sys-iface-state: 'managed')
May 05 12:36:41 ubuntu NetworkManager[761]: <info>  [1778009801.0738] device (wlP1p1s0): state change: ip-check -> secondaries (reason 'none', sys-iface-state: 'managed')
May 05 12:36:41 ubuntu NetworkManager[761]: <info>  [1778009801.0742] device (wlP1p1s0): state change: secondaries -> activated (reason 'none', sys-iface-state: 'managed')
May 05 12:36:41 ubuntu NetworkManager[761]: <info>  [1778009801.0756] manager: NetworkManager state is now CONNECTED_SITE
May 05 12:36:41 ubuntu NetworkManager[761]: <info>  [1778009801.0758] policy: set 'eduroam [ae99509b]' (wlP1p1s0) as default for IPv4 routing and DNS
May 05 12:36:41 ubuntu NetworkManager[761]: <info>  [1778009801.0770] device (wlP1p1s0): Activation: successful, device activated.
May 05 12:36:41 ubuntu systemd-resolved[690]: wlP1p1s0: Bus client set search domain list to: cpp.edu
May 05 12:36:41 ubuntu systemd-resolved[690]: wlP1p1s0: Bus client set default route setting: yes
May 05 12:36:41 ubuntu systemd-resolved[690]: wlP1p1s0: Bus client set DNS server list to: 134.71.71.72, 134.71.71.73, 134.71.71.71
May 05 12:36:41 ubuntu systemd[1]: Starting resolvconf-pull-resolved.service...
May 05 12:36:41 ubuntu systemd[1]: resolvconf-pull-resolved.service: Deactivated successfully.
May 05 12:36:41 ubuntu systemd[1]: Finished resolvconf-pull-resolved.service.
May 05 12:36:41 ubuntu tailscaled[888]: health(warnable=warming-up): ok
May 05 12:36:41 ubuntu kernel: sl_max96712 13-0029: sl_max96712_gmsl_pipeline_setup: Active GMSL ports : 3
May 05 12:36:41 ubuntu kernel: sl_max96712 13-0029: sl_max96712_gmsl_pipeline_setup: Camera connected to GMSL port 0
May 05 12:36:41 ubuntu tailscaled[888]: tsdial: closing system connection 10.110.132.84:33440->192.200.0.106:443 due to link change
May 05 12:36:41 ubuntu tailscaled[888]: health(warnable=login-state): error: You are logged out. The last login error was: fetch control key: Get "https://controlplane.tailscale.com/key?v=133": read tcp 10.110.132.84:33440->192.200.0.106:443: use of closed network connection
May 05 12:36:41 ubuntu tailscaled[888]: LinkChange: major, rebinding: old: interfaces.State{defaultRoute= ifs={docker0:[172.17.0.1/16]} v4=true v6=false} new: interfaces.State{defaultRoute=wlP1p1s0 ifs={docker0:[172.17.0.1/16] wlP1p1s0:[10.110.132.84/21 llu6]} v4=true v6=false}
May 05 12:36:41 ubuntu tailscaled[888]: router: portUpdate(port=41641, network=udp6)
May 05 12:36:41 ubuntu tailscaled[888]: Rebind; defIf="wlP1p1s0", ips=[10.110.132.84/21 fe80::5906:404e:916c:488e/64]
May 05 12:36:41 ubuntu tailscaled[888]: magicsock: 0 active derp conns
May 05 12:36:41 ubuntu tailscaled[888]: router: portUpdate(port=41641, network=udp4)
May 05 12:36:41 ubuntu tailscaled[888]: monitor: gateway and self IP changed: gw=10.110.128.1 self=10.110.132.84
May 05 12:36:41 ubuntu NetworkManager[761]: <info>  [1778009801.8262] dhcp4 (eno1): state changed new lease, address=192.168.13.10
May 05 12:36:41 ubuntu NetworkManager[761]: <warn>  [1778009801.8276] platform-linux: do-change-link[5]: failure changing link: failure 16 (Device or resource busy)
May 05 12:36:41 ubuntu avahi-daemon[758]: Joining mDNS multicast group on interface eno1.IPv4 with address 192.168.13.10.
May 05 12:36:41 ubuntu tailscaled[888]: monitor: RTM_NEWROUTE: src=192.168.13.10/0, dst=192.168.13.10/32, gw=, outif=5, table=255
May 05 12:36:41 ubuntu tailscaled[888]: monitor: RTM_NEWROUTE: src=192.168.13.10/0, dst=192.168.13.255/32, gw=, outif=5, table=255
May 05 12:36:41 ubuntu tailscaled[888]: monitor: RTM_NEWROUTE: src=192.168.13.10/0, dst=192.168.13.0/24, gw=, outif=5, table=254
May 05 12:36:41 ubuntu avahi-daemon[758]: New relevant interface eno1.IPv4 for mDNS.
May 05 12:36:41 ubuntu tailscaled[888]: monitor: RTM_NEWROUTE: src=, dst=, gw=192.168.13.31, outif=5, table=254
May 05 12:36:41 ubuntu avahi-daemon[758]: Registering new address record for 192.168.13.10 on eno1.IPv4.
May 05 12:36:41 ubuntu kernel: nvethernet 6800000.ethernet eno1: must be stopped to change its MTU
May 05 12:36:41 ubuntu NetworkManager[761]: <info>  [1778009801.8301] device (eno1): state change: ip-config -> ip-check (reason 'none', sys-iface-state: 'managed')
May 05 12:36:41 ubuntu NetworkManager[761]: <info>  [1778009801.8347] device (eno1): state change: ip-check -> secondaries (reason 'none', sys-iface-state: 'managed')
May 05 12:36:41 ubuntu NetworkManager[761]: <info>  [1778009801.8352] device (eno1): state change: secondaries -> activated (reason 'none', sys-iface-state: 'managed')
May 05 12:36:41 ubuntu NetworkManager[761]: <info>  [1778009801.8363] manager: NetworkManager state is now CONNECTED_LOCAL
May 05 12:36:41 ubuntu NetworkManager[761]: <info>  [1778009801.8366] manager: NetworkManager state is now CONNECTED_SITE
May 05 12:36:41 ubuntu NetworkManager[761]: <info>  [1778009801.8368] policy: set 'Wired connection 1' (eno1) as default for IPv4 routing and DNS
May 05 12:36:41 ubuntu NetworkManager[761]: <info>  [1778009801.8387] device (eno1): Activation: successful, device activated.
May 05 12:36:41 ubuntu NetworkManager[761]: <info>  [1778009801.8398] manager: startup complete
May 05 12:36:41 ubuntu systemd-resolved[690]: eno1: Bus client set default route setting: yes
May 05 12:36:41 ubuntu systemd-resolved[690]: eno1: Bus client set DNS server list to: 192.168.13.31
May 05 12:36:42 ubuntu kernel: sl_max96712 13-0029: sl_max96712_get_camera_model: zedx camera connected to this port
May 05 12:36:42 ubuntu kernel: sl_max96712 13-0029: sl_max96712_pipes_setup: camera pipeline operational
May 05 12:36:42 ubuntu kernel: sl_max96712 13-0029: sl_max96712_gmsl_pipeline_setup: GMSL #0 : Link Camera zedx (id: 0) to port-index 0
May 05 12:36:42 ubuntu kernel: sl_max96712 13-0029: sl_max96712_gmsl_pipeline_setup: Camera connected to GMSL port 1
May 05 12:36:42 ubuntu tailscaled[888]: LinkChange: major, rebinding: old: interfaces.State{defaultRoute=wlP1p1s0 ifs={docker0:[172.17.0.1/16] wlP1p1s0:[10.110.132.84/21 llu6]} v4=true v6=false} new: interfaces.State{defaultRoute=eno1 ifs={docker0:[172.17.0.1/16] eno1:[192.168.13.10/24 llu6] wlP1p1s0:[10.110.132.84/21 llu6]} v4=true v6=false}
May 05 12:36:42 ubuntu tailscaled[888]: router: portUpdate(port=41641, network=udp6)
May 05 12:36:42 ubuntu tailscaled[888]: router: portUpdate(port=41641, network=udp4)
May 05 12:36:42 ubuntu tailscaled[888]: [RATELIMIT] format("router: portUpdate(port=%v, network=%s)")
May 05 12:36:42 ubuntu tailscaled[888]: Rebind; defIf="eno1", ips=[192.168.13.10/24 fe80::a50b:2714:3865:7f72/64]
May 05 12:36:42 ubuntu tailscaled[888]: magicsock: 0 active derp conns
May 05 12:36:42 ubuntu tailscaled[888]: monitor: gateway and self IP changed: gw=192.168.13.31 self=192.168.13.10
May 05 12:36:43 ubuntu kernel: sl_max96712 13-0029: sl_max96712_get_camera_model: zedx camera connected to this port
May 05 12:36:43 ubuntu kernel: sl_max96712 13-0029: sl_max96712_pipes_setup: camera pipeline operational
May 05 12:36:43 ubuntu kernel: sl_max96712 13-0029: sl_max96712_gmsl_pipeline_setup: GMSL #1 : Link Camera zedx (id: 1) to port-index 1
May 05 12:36:43 ubuntu NetworkManager[761]: <info>  [1778009803.3488] manager: NetworkManager state is now CONNECTED_LOCAL
May 05 12:36:43 ubuntu NetworkManager[761]: <info>  [1778009803.3492] manager: NetworkManager state is now CONNECTED_SITE
May 05 12:36:43 ubuntu NetworkManager[761]: <info>  [1778009803.3494] policy: set 'eduroam [ae99509b]' (wlP1p1s0) as default for IPv4 routing and DNS
May 05 12:36:43 ubuntu tailscaled[888]: monitor: RTM_NEWROUTE: src=, dst=, gw=10.110.128.1, outif=2, table=254
May 05 12:36:43 ubuntu tailscaled[888]: monitor: RTM_DELROUTE: src=, dst=, gw=10.110.128.1, outif=2, table=254
May 05 12:36:43 ubuntu kernel: sl_max96712 13-0029: sl_max96712_gmsl_pipeline_setup: Camera connected to GMSL port 2
May 05 12:36:43 ubuntu tailscaled[888]: tsdial: closing system connection 10.110.132.84:39808->192.200.0.103:443 due to link change
May 05 12:36:43 ubuntu tailscaled[888]: health(warnable=login-state): error: You are logged out. The last login error was: fetch control key: Get "https://controlplane.tailscale.com/key?v=133": read tcp 10.110.132.84:39808->192.200.0.103:443: use of closed network connection
May 05 12:36:43 ubuntu tailscaled[888]: LinkChange: major, rebinding: old: interfaces.State{defaultRoute=eno1 ifs={docker0:[172.17.0.1/16] eno1:[192.168.13.10/24 llu6] wlP1p1s0:[10.110.132.84/21 llu6]} v4=true v6=false} new: interfaces.State{defaultRoute=wlP1p1s0 ifs={docker0:[172.17.0.1/16] eno1:[192.168.13.10/24 llu6] wlP1p1s0:[10.110.132.84/21 llu6]} v4=true v6=false}
May 05 12:36:43 ubuntu tailscaled[888]: Rebind; defIf="wlP1p1s0", ips=[10.110.132.84/21 fe80::5906:404e:916c:488e/64]
May 05 12:36:43 ubuntu tailscaled[888]: magicsock: 0 active derp conns
May 05 12:36:43 ubuntu tailscaled[888]: monitor: gateway and self IP changed: gw=10.110.128.1 self=10.110.132.84
May 05 12:36:44 ubuntu kernel: sl_max96712 13-0029: sl_max96712_get_camera_model: zedx camera connected to this port
May 05 12:36:44 ubuntu kernel: sl_max96712 13-0029: sl_max96712_pipes_setup: camera pipeline operational
May 05 12:36:44 ubuntu kernel: sl_max96712 13-0029: sl_max96712_gmsl_pipeline_setup: GMSL #2 : Link Camera zedx (id: 2) to port-index 2
May 05 12:36:44 ubuntu kernel: sl_max96712 13-0029: sl_max96712_gmsl_pipeline_setup: No camera connected to GMSL port 3
May 05 12:36:44 ubuntu NetworkManager[761]: <info>  [1778009804.6329] dhcp6 (wlP1p1s0): activation: beginning transaction (timeout in 45 seconds)
May 05 12:36:44 ubuntu NetworkManager[761]: <info>  [1778009804.6343] policy: set 'eduroam [ae99509b]' (wlP1p1s0) as default for IPv6 routing and DNS
May 05 12:36:44 ubuntu tailscaled[888]: monitor: RTM_NEWROUTE: src=, dst=2620:df:8000:4781::/64, gw=, outif=2, table=254
May 05 12:36:44 ubuntu tailscaled[888]: monitor: RTM_NEWROUTE: src=, dst=, gw=fe80::d6ad:71ff:fe6f:31fd, outif=2, table=254
May 05 12:36:44 ubuntu kernel: sl_max96712 13-0029: sl_max96712_probe: success
May 05 12:36:44 ubuntu kernel: sl_max9295 13-0063: Driver Version : v1.4.0
May 05 12:36:45 ubuntu kernel: sl_max9295 13-0063: probe_serializer: Serializer pipeline operational
May 05 12:36:45 ubuntu kernel: sl_max9295 13-0063: probe_serializer: Serializer for zedx detect success
May 05 12:36:45 ubuntu kernel: sl_max9295 13-0062: Driver Version : v1.4.0
May 05 12:36:45 ubuntu kernel: sl_max9295 13-0062: probe_serializer: Serializer pipeline operational
May 05 12:36:45 ubuntu kernel: sl_max9295 13-0062: probe_serializer: Serializer for zedx detect success
May 05 12:36:45 ubuntu kernel: sl_max9295 14-0062: Driver Version : v1.4.0
May 05 12:36:45 ubuntu kernel: sl_max9295 14-0062: probe_serializer: Serializer pipeline operational
May 05 12:36:45 ubuntu kernel: sl_max9295 14-0062: probe_serializer: Serializer for zedx detect success
May 05 12:36:45 ubuntu kernel: zedx 13-0030: Driver Version : v1.4.0
May 05 12:36:45 ubuntu kernel: zedx 13-0030: tegracam sensor driver:video3_v2.0.6
May 05 12:36:45 ubuntu NetworkManager[761]: <info>  [1778009805.7014] dhcp6 (wlP1p1s0): state changed new lease, address=2620:df:8000:4781:0:2:8168:da46
May 05 12:36:45 ubuntu avahi-daemon[758]: Leaving mDNS multicast group on interface wlP1p1s0.IPv6 with address fe80::5906:404e:916c:488e.
May 05 12:36:45 ubuntu avahi-daemon[758]: Joining mDNS multicast group on interface wlP1p1s0.IPv6 with address 2620:df:8000:4781:0:2:8168:da46.
May 05 12:36:45 ubuntu tailscaled[888]: monitor: RTM_NEWROUTE: src=, dst=2620:df:8000:4781:0:2:8168:da46/128, gw=, outif=2, table=254
May 05 12:36:45 ubuntu avahi-daemon[758]: Registering new address record for 2620:df:8000:4781:0:2:8168:da46 on wlP1p1s0.*.
May 05 12:36:45 ubuntu avahi-daemon[758]: Withdrawing address record for fe80::5906:404e:916c:488e on wlP1p1s0.
May 05 12:36:45 ubuntu tailscaled[888]: LinkChange: major, rebinding: old: interfaces.State{defaultRoute=wlP1p1s0 ifs={docker0:[172.17.0.1/16] eno1:[192.168.13.10/24 llu6] wlP1p1s0:[10.110.132.84/21 llu6]} v4=true v6=false} new: interfaces.State{defaultRoute=wlP1p1s0 ifs={docker0:[172.17.0.1/16] eno1:[192.168.13.10/24 llu6] wlP1p1s0:[10.110.132.84/21 2620:df:8000:4781:0:2:8168:da46/128 llu6]} v4=true v6=true}
May 05 12:36:45 ubuntu tailscaled[888]: Rebind; defIf="wlP1p1s0", ips=[10.110.132.84/21 2620:df:8000:4781:0:2:8168:da46/128 fe80::5906:404e:916c:488e/64]
May 05 12:36:45 ubuntu tailscaled[888]: magicsock: 0 active derp conns
May 05 12:36:45 ubuntu kernel: tegra-camrtc-capture-vi tegra-capture-vi: subdev zedx 13-0030 bound
May 05 12:36:45 ubuntu kernel: zedx 13-0030: ZED-X sensor initialisation done
May 05 12:36:45 ubuntu kernel: zedx 13-0030: zedx_probe: Serial Number : 49910017
May 05 12:36:45 ubuntu kernel: Video device name is video0
May 05 12:36:45 ubuntu kernel: Video device ID is 0
May 05 12:36:45 ubuntu kernel: zedx 13-0030: zedx_probe: success
May 05 12:36:45 ubuntu kernel: zedx 13-0038: Driver Version : v1.4.0
May 05 12:36:45 ubuntu kernel: zedx 13-0038: tegracam sensor driver:video2_v2.0.6
May 05 12:36:46 ubuntu kernel: tegra-camrtc-capture-vi tegra-capture-vi: subdev zedx 13-0038 bound
May 05 12:36:46 ubuntu kernel: zedx 13-0038: ZED-X sensor initialisation done
May 05 12:36:46 ubuntu kernel: zedx 13-0038: zedx_probe: Serial Number : 49910017
May 05 12:36:46 ubuntu kernel: Video device name is video1
May 05 12:36:46 ubuntu kernel: Video device ID is 1
May 05 12:36:46 ubuntu kernel: zedx 13-0038: zedx_probe: success
May 05 12:36:46 ubuntu kernel: zedx 13-0020: Driver Version : v1.4.0
May 05 12:36:46 ubuntu kernel: zedx 13-0020: tegracam sensor driver:video1_v2.0.6
May 05 12:36:46 ubuntu tailscaled[888]: control: control server key from https://controlplane.tailscale.com: ts2021=[fSeS+], legacy=[nlFWp]
May 05 12:36:46 ubuntu tailscaled[888]: control: RegisterReq: onode= node=[mIemT] fup=false nks=false
May 05 12:36:46 ubuntu kernel: tegra-camrtc-capture-vi tegra-capture-vi: subdev zedx 13-0020 bound
May 05 12:36:46 ubuntu kernel: zedx 13-0020: ZED-X sensor initialisation done
May 05 12:36:46 ubuntu kernel: zedx 13-0020: zedx_probe: Serial Number : 42569280
May 05 12:36:46 ubuntu kernel: Video device name is video2
May 05 12:36:46 ubuntu kernel: Video device ID is 2
May 05 12:36:46 ubuntu kernel: zedx 13-0020: zedx_probe: success
May 05 12:36:46 ubuntu kernel: zedx 13-0028: Driver Version : v1.4.0
May 05 12:36:46 ubuntu kernel: zedx 13-0028: tegracam sensor driver:video0_v2.0.6
May 05 12:36:46 ubuntu kernel: tegra-camrtc-capture-vi tegra-capture-vi: subdev zedx 13-0028 bound
May 05 12:36:46 ubuntu kernel: zedx 13-0028: ZED-X sensor initialisation done
May 05 12:36:46 ubuntu kernel: zedx 13-0028: zedx_probe: Serial Number : 42569280
May 05 12:36:46 ubuntu kernel: Video device name is video3
May 05 12:36:46 ubuntu kernel: Video device ID is 3
May 05 12:36:46 ubuntu kernel: zedx 13-0028: zedx_probe: success
May 05 12:36:46 ubuntu kernel: zedx 14-0020: Driver Version : v1.4.0
May 05 12:36:46 ubuntu kernel: zedx 14-0020: tegracam sensor driver:video14_v2.0.6
May 05 12:36:47 ubuntu kernel: tegra-camrtc-capture-vi tegra-capture-vi: subdev zedx 14-0020 bound
May 05 12:36:47 ubuntu kernel: zedx 14-0020: ZED-X sensor initialisation done
May 05 12:36:47 ubuntu kernel: zedx 14-0020: zedx_probe: Serial Number : 43779087
May 05 12:36:47 ubuntu kernel: Video device name is video4
May 05 12:36:47 ubuntu kernel: Video device ID is 4
May 05 12:36:47 ubuntu kernel: zedx 14-0020: zedx_probe: success
May 05 12:36:47 ubuntu kernel: zedx 14-0028: Driver Version : v1.4.0
May 05 12:36:47 ubuntu kernel: zedx 14-0028: tegracam sensor driver:video13_v2.0.6
May 05 12:36:47 ubuntu tailscaled[888]: control: RegisterReq: got response; nodeKeyExpired=false, machineAuthorized=true; authURL=false
May 05 12:36:47 ubuntu tailscaled[888]: health(warnable=login-state): ok
May 05 12:36:47 ubuntu tailscaled[888]: health(warnable=not-in-map-poll): ok
May 05 12:36:47 ubuntu tailscaled[888]: control: netmap: got new dial plan from control
May 05 12:36:47 ubuntu tailscaled[888]: active login: autovehiclelab@gmail.com
May 05 12:36:47 ubuntu tailscaled[888]: serve: creating a new proxy handler for http://127.0.0.1:8090
May 05 12:36:47 ubuntu tailscaled[888]: netmap: suggested exit node: no preferred DERP, try again later
May 05 12:36:47 ubuntu tailscaled[888]: offline auto-update: stopping update checks
May 05 12:36:47 ubuntu tailscaled[888]: Switching ipn state NoState -> Starting (WantRunning=true, nm=true)
May 05 12:36:47 ubuntu tailscaled[888]: magicsock: SetPrivateKey called (init)
May 05 12:36:47 ubuntu tailscaled[888]: wgengine: Reconfig: configuring userspace WireGuard config (with 0/6 peers)
May 05 12:36:47 ubuntu tailscaled[888]: wgengine: Reconfig: configuring router
May 05 12:36:47 ubuntu tailscaled[888]: monitor: RTM_NEWROUTE: src=, dst=2620:df:8000:4781:0:2:8168:da46/128, gw=, outif=2, table=254
May 05 12:36:47 ubuntu NetworkManager[761]: <info>  [1778009807.5762] device (tailscale0): state change: unmanaged -> unavailable (reason 'connection-assumed', sys-iface-state: 'external')
May 05 12:36:47 ubuntu tailscaled[888]: router: enabling connmark-based rp_filter workaround
May 05 12:36:47 ubuntu tailscaled[888]: listening on 100.93.121.3:443
May 05 12:36:47 ubuntu NetworkManager[761]: <info>  [1778009807.5806] device (tailscale0): state change: unavailable -> disconnected (reason 'connection-assumed', sys-iface-state: 'external')
May 05 12:36:47 ubuntu NetworkManager[761]: <info>  [1778009807.5823] device (tailscale0): Activation: starting connection 'tailscale0' (f36fe7b3-ff2d-4c54-a27d-164cc1e0a4b1)
May 05 12:36:47 ubuntu NetworkManager[761]: <info>  [1778009807.5844] device (tailscale0): state change: disconnected -> prepare (reason 'none', sys-iface-state: 'external')
May 05 12:36:47 ubuntu NetworkManager[761]: <info>  [1778009807.5853] device (tailscale0): state change: prepare -> config (reason 'none', sys-iface-state: 'external')
May 05 12:36:47 ubuntu NetworkManager[761]: <info>  [1778009807.5855] device (tailscale0): state change: config -> ip-config (reason 'none', sys-iface-state: 'external')
May 05 12:36:47 ubuntu NetworkManager[761]: <info>  [1778009807.5862] manager: NetworkManager state is now CONNECTED_GLOBAL
May 05 12:36:47 ubuntu NetworkManager[761]: <info>  [1778009807.5869] device (tailscale0): state change: ip-config -> ip-check (reason 'none', sys-iface-state: 'external')
May 05 12:36:47 ubuntu NetworkManager[761]: <info>  [1778009807.5899] device (tailscale0): state change: ip-check -> secondaries (reason 'none', sys-iface-state: 'external')
May 05 12:36:47 ubuntu NetworkManager[761]: <info>  [1778009807.5902] device (tailscale0): state change: secondaries -> activated (reason 'none', sys-iface-state: 'external')
May 05 12:36:47 ubuntu NetworkManager[761]: <info>  [1778009807.5909] device (tailscale0): Activation: successful, device activated.
May 05 12:36:47 ubuntu tailscaled[888]: router: warning: failed to add connmark rules (rp_filter workaround may not work): adding [-m conntrack --ctstate ESTABLISHED,RELATED -j CONNMARK --restore-mark --nfmask 0xff0000 --ctmask 0xff0000] in mangle/PREROUTING: running [/usr/sbin/iptables -t mangle -I PREROUTING 1 -m conntrack --ctstate ESTABLISHED,RELATED -j CONNMARK --restore-mark --nfmask 0xff0000 --ctmask 0xff0000 --wait]: exit status 2: iptables v1.8.7 (legacy): unknown option "--restore-mark"
May 05 12:36:47 ubuntu tailscaled[888]: Try `iptables -h' or 'iptables --help' for more information.
May 05 12:36:47 ubuntu tailscaled[888]: peerapi: serving on http://100.93.121.3:63476
May 05 12:36:47 ubuntu tailscaled[888]: peerapi: failed to do peerAPI listen, harmless (netstack available) but error was: listen tcp6 [fd7a:115c:a1e0::c536:7903]:0: bind: cannot assign requested address
May 05 12:36:47 ubuntu tailscaled[888]: peerapi: serving on http://[fd7a:115c:a1e0::c536:7903]:1
May 05 12:36:47 ubuntu tailscaled[888]: health(warnable=router): error: enabling connmark rules: adding [-m conntrack --ctstate ESTABLISHED,RELATED -j CONNMARK --restore-mark --nfmask 0xff0000 --ctmask 0xff0000] in mangle/PREROUTING: running [/usr/sbin/iptables -t mangle -I PREROUTING 1 -m conntrack --ctstate ESTABLISHED,RELATED -j CONNMARK --restore-mark --nfmask 0xff0000 --ctmask 0xff0000 --wait]: exit status 2: iptables v1.8.7 (legacy): unknown option "--restore-mark"
May 05 12:36:47 ubuntu tailscaled[888]: Try `iptables -h' or 'iptables --help' for more information.
May 05 12:36:47 ubuntu kernel: tegra-camrtc-capture-vi tegra-capture-vi: subdev zedx 14-0028 bound
May 05 12:36:47 ubuntu kernel: zedx 14-0028: ZED-X sensor initialisation done
May 05 12:36:47 ubuntu kernel: zedx 14-0028: zedx_probe: Serial Number : 43779087
May 05 12:36:47 ubuntu kernel: Video device name is video5
May 05 12:36:47 ubuntu kernel: Video device ID is 5
May 05 12:36:47 ubuntu kernel: zedx 14-0028: zedx_probe: success
May 05 12:36:47 ubuntu tailscaled[888]: magicsock: home DERP changing from derp-0 [0ms] to derp-17 [16ms]
May 05 12:36:47 ubuntu tailscaled[888]: magicsock: home is now derp-17 (lax)
May 05 12:36:47 ubuntu tailscaled[888]: magicsock: adding connection to derp-17 for home-keep-alive
May 05 12:36:47 ubuntu tailscaled[888]: magicsock: 1 active derp conns: derp-17=cr0s,wr0s
May 05 12:36:47 ubuntu tailscaled[888]: control: NetInfo: NetInfo{varies=true ipv6=true ipv6os=true udp=true icmpv4=false derp=#17 portmap= link="" firewallmode="ipt-default"}
May 05 12:36:47 ubuntu tailscaled[888]: health(warnable=no-derp-home): ok
May 05 12:36:47 ubuntu tailscaled[888]: derphttp.Client.Connect: connecting to derp-17 (lax)
May 05 12:36:47 ubuntu tailscaled[888]: magicsock: endpoints changed: 134.71.249.251:3043 (stun), [2620:df:8000:4781:0:2:8168:da46]:41641 (stun), 134.71.249.251:41641 (stun4localport), 10.110.132.84:41641 (local), 172.17.0.1:41641 (local), 192.168.13.10:41641 (local)
May 05 12:36:47 ubuntu tailscaled[888]: Switching ipn state Starting -> Running (WantRunning=true, nm=true)
May 05 12:36:47 ubuntu kernel: bmi088 9-004b: removed
May 05 12:36:47 ubuntu kernel: bmi088: probe of 9-004b failed with error -5
May 05 12:36:47 ubuntu tailscaled[888]: magicsock: derp-17 connected; connGen=1
May 05 12:36:47 ubuntu tailscaled[888]: health(warnable=no-derp-connection): ok
May 05 12:36:47 ubuntu kernel: bmi088 9-003b: removed
May 05 12:36:47 ubuntu kernel: bmi088: probe of 9-003b failed with error -5
May 05 12:36:47 ubuntu kernel: bmi088 10-004b: removed
May 05 12:36:47 ubuntu kernel: bmi088: probe of 10-004b failed with error -5
May 05 12:36:48 ubuntu kernel: bmi088 10-003b: removed
May 05 12:36:48 ubuntu kernel: bmi088: probe of 10-003b failed with error -5
May 05 12:36:48 ubuntu kernel: bmi088 13-004b: probe done
May 05 12:36:48 ubuntu kernel: bmi088 13-003b: probe done
May 05 12:36:48 ubuntu kernel: bmi088 14-004b: removed
May 05 12:36:48 ubuntu kernel: bmi088: probe of 14-004b failed with error -5
May 05 12:36:48 ubuntu kernel: bmi088 14-003b: probe done
May 05 12:36:48 ubuntu systemd[1]: Stopping Argus daemon...
May 05 12:36:48 ubuntu nvargus-daemon[1294]: === NVIDIA Libargus Camera Service (0.99.33)=== Listening for connections...
May 05 12:36:48 ubuntu systemd[1]: nvargus-daemon.service: Deactivated successfully.
May 05 12:36:48 ubuntu systemd[1]: Stopped Argus daemon.
May 05 12:36:48 ubuntu systemd[1]: Started Argus daemon.
May 05 12:36:48 ubuntu systemd[1]: driver_zed_loader.service: Deactivated successfully.
May 05 12:36:48 ubuntu systemd[1]: Finished ZED-X Daemon service.
May 05 12:36:48 ubuntu systemd[1]: driver_zed_loader.service: Consumed 1.032s CPU time.
May 05 12:36:48 ubuntu systemd[1]: Started ZED-X Daemon service.
May 05 12:36:48 ubuntu systemd[1]: Started IIO Privileged Helper Daemon.
May 05 12:36:48 ubuntu systemd[1]: Reached target Multi-User System.
May 05 12:36:48 ubuntu systemd[1]: Starting fTPM Device Provisioning Service...
May 05 12:36:48 ubuntu IMU_Daemon[2307]: ### [TRACE] Starting SPSC IMU Daemon
May 05 12:36:48 ubuntu IMU_Daemon[2307]: ### [TRACE] Setting up default device configurations
May 05 12:36:48 ubuntu IMU_Daemon[2307]: Found SPSC device: 2
May 05 12:36:48 ubuntu IMU_Daemon[2307]: Found SPSC device: 0
May 05 12:36:48 ubuntu IMU_Daemon[2307]: Found SPSC device: 1
May 05 12:36:48 ubuntu IMU_Daemon[2307]: Found 3 SPSC devices
May 05 12:36:48 ubuntu systemd[1]: Started NVIDIA Late Init Script.
May 05 12:36:48 ubuntu IMU_Daemon[2307]: [TRACE] Executing startup for SPSC device 0
May 05 12:36:48 ubuntu systemd[1]: Starting Record Runlevel Change in UTMP...
May 05 12:36:48 ubuntu IMU_Daemon[2307]: [TRACE] Executing startup for SPSC device 1
May 05 12:36:48 ubuntu IMU_Daemon[2307]: [TRACE] Executing startup for SPSC device 2
May 05 12:36:48 ubuntu IMU_Daemon[2307]: ### [TRACE] Initialization complete
May 05 12:36:48 ubuntu IMU_Daemon[2307]: [IMU_Daemon] Listening on /tmp/imu_daemon.sock
May 05 12:36:48 ubuntu systemd[1]: systemd-update-utmp-runlevel.service: Deactivated successfully.
May 05 12:36:48 ubuntu systemd[1]: Finished Record Runlevel Change in UTMP.
May 05 12:36:48 ubuntu systemd[1]: nv-late-init.service: Deactivated successfully.
May 05 12:36:48 ubuntu systemd[1]: nv-ftpm-device-provision.service: Deactivated successfully.
May 05 12:36:48 ubuntu systemd[1]: Finished fTPM Device Provisioning Service.
May 05 12:36:48 ubuntu systemd[1]: Startup finished in 8.644s (kernel) + 19.092s (userspace) = 27.736s.
May 05 12:36:51 ubuntu tailscaled[888]: monitor: RTM_NEWROUTE: src=, dst=, gw=fe80::d6ad:71ff:fe6f:31fd, outif=2, table=254
May 05 12:36:51 ubuntu tailscaled[888]: monitor: RTM_DELROUTE: src=, dst=, gw=fe80::d6ad:71ff:fe6f:31fd, outif=2, table=254
May 05 12:36:51 ubuntu tailscaled[888]: LinkChange: major, rebinding: old: interfaces.State{defaultRoute=wlP1p1s0 ifs={docker0:[172.17.0.1/16] eno1:[192.168.13.10/24 llu6] wlP1p1s0:[10.110.132.84/21 2620:df:8000:4781:0:2:8168:da46/128 llu6]} v4=true v6=true} new: interfaces.State{defaultRoute=wlP1p1s0 ifs={docker0:[172.17.0.1/16] eno1:[192.168.13.10/24 llu6] tailscale0:[100.93.121.3/32 llu6] wlP1p1s0:[10.110.132.84/21 2620:df:8000:4781:0:2:8168:da46/128 llu6]} v4=true v6=true}
May 05 12:36:51 ubuntu tailscaled[888]: dns: Set: {DefaultResolvers:[] Routes:{tail808f0a.ts.net.:[] ts.net.:[199.247.155.53 2620:111:8007::53]}+65arpa SearchDomains:[tail808f0a.ts.net.] Hosts:8}
May 05 12:36:51 ubuntu tailscaled[888]: dns: Resolvercfg: {Routes:{ts.net.:[199.247.155.53 2620:111:8007::53]} Hosts:8 LocalDomains:[tail808f0a.ts.net.]+65arpa}
May 05 12:36:51 ubuntu tailscaled[888]: dns: OScfg: {Nameservers:[100.100.100.100 fd7a:115c:a1e0::53] SearchDomains:[tail808f0a.ts.net.] MatchDomains:[tail808f0a.ts.net. ts.net.]+65arpa}
May 05 12:36:51 ubuntu systemd-resolved[690]: tailscale0: Bus client set DNS server list to: 100.100.100.100, fd7a:115c:a1e0::53
May 05 12:36:51 ubuntu systemd-resolved[690]: tailscale0: Bus client set search domain list to: tail808f0a.ts.net., ~0.e.1.a.c.5.1.1.a.7.d.f.ip6.arpa., ~100.100.in-addr.arpa., ~101.100.in-addr.arpa., ~102.100.in-addr.arpa., ~103.100.in-addr.arpa., ~104.100.in-addr.arpa., ~105.100.in-addr.arpa., ~106.100.in-addr.arpa., ~107.100.in-addr.arpa., ~108.100.in-addr.arpa., ~109.100.in-addr.arpa., ~110.100.in-addr.arpa., ~111.100.in-addr.arpa., ~112.100.in-addr.arpa., ~113.100.in-addr.arpa., ~114.100.in-addr.arpa., ~115.100.in-addr.arpa., ~116.100.in-addr.arpa., ~117.100.in-addr.arpa., ~118.100.in-addr.arpa., ~119.100.in-addr.arpa., ~120.100.in-addr.arpa., ~121.100.in-addr.arpa., ~122.100.in-addr.arpa., ~123.100.in-addr.arpa., ~124.100.in-addr.arpa., ~125.100.in-addr.arpa., ~126.100.in-addr.arpa., ~127.100.in-addr.arpa., ~64.100.in-addr.arpa., ~65.100.in-addr.arpa., ~66.100.in-addr.arpa., ~67.100.in-addr.arpa., ~68.100.in-addr.arpa., ~69.100.in-addr.arpa., ~70.100.in-addr.arpa., ~71.100.in-addr.arpa., ~72.100.in-addr.arpa., ~73.100.in-addr.arpa., ~74.100.in-addr.arpa., ~75.100.in-addr.arpa., ~76.100.in-addr.arpa., ~77.100.in-addr.arpa., ~78.100.in-addr.arpa., ~79.100.in-addr.arpa., ~80.100.in-addr.arpa., ~81.100.in-addr.arpa., ~82.100.in-addr.arpa., ~83.100.in-addr.arpa., ~84.100.in-addr.arpa., ~85.100.in-addr.arpa., ~86.100.in-addr.arpa., ~87.100.in-addr.arpa., ~88.100.in-addr.arpa., ~89.100.in-addr.arpa., ~90.100.in-addr.arpa., ~91.100.in-addr.arpa., ~92.100.in-addr.arpa., ~93.100.in-addr.arpa., ~94.100.in-addr.arpa., ~95.100.in-addr.arpa., ~96.100.in-addr.arpa., ~97.100.in-addr.arpa., ~98.100.in-addr.arpa., ~99.100.in-addr.arpa., ~ts.net.
May 05 12:36:51 ubuntu systemd-resolved[690]: tailscale0: Bus client set default route setting: no
May 05 12:36:51 ubuntu systemd-resolved[690]: tailscale0: Bus client set LLMNR setting: no
May 05 12:36:51 ubuntu systemd-resolved[690]: tailscale0: Bus client set DNSSEC setting: no
May 05 12:36:51 ubuntu systemd-resolved[690]: tailscale0: Bus client set DNSOverTLS setting: no
May 05 12:36:51 ubuntu systemd-resolved[690]: Flushed all caches.
May 05 12:36:51 ubuntu tailscaled[888]: wgengine: set DNS config again after major link change
May 05 12:36:51 ubuntu tailscaled[888]: Rebind; defIf="wlP1p1s0", ips=[10.110.132.84/21 2620:df:8000:4781:0:2:8168:da46/128 fe80::5906:404e:916c:488e/64]
May 05 12:36:51 ubuntu tailscaled[888]: magicsock: 1 active derp conns: derp-17=cr3s,wr3s
May 05 12:36:51 ubuntu tailscaled[888]: [RATELIMIT] format("magicsock: %v active derp conns%s")
May 05 12:36:51 ubuntu tailscaled[888]: post-rebind ping of DERP region 17 okay
May 05 12:36:51 ubuntu systemd[1]: Starting resolvconf-pull-resolved.service...
May 05 12:36:51 ubuntu systemd[1]: resolvconf-pull-resolved.service: Deactivated successfully.
May 05 12:36:51 ubuntu systemd[1]: Finished resolvconf-pull-resolved.service.
May 05 12:36:57 ubuntu NetworkManager[761]: <info>  [1778009817.4113] policy: set 'Wired connection 1' (eno1) as default for IPv4 routing and DNS
May 05 12:36:57 ubuntu tailscaled[888]: monitor: RTM_NEWROUTE: src=, dst=, gw=192.168.13.31, outif=5, table=254
May 05 12:36:57 ubuntu tailscaled[888]: monitor: RTM_DELROUTE: src=, dst=, gw=192.168.13.31, outif=5, table=254
May 05 12:36:57 ubuntu tailscaled[888]: tsdial: closing system connection 10.110.132.84:47694->192.200.0.106:80 due to link change
May 05 12:36:57 ubuntu tailscaled[888]: LinkChange: major, rebinding: old: interfaces.State{defaultRoute=wlP1p1s0 ifs={docker0:[172.17.0.1/16] eno1:[192.168.13.10/24 llu6] tailscale0:[100.93.121.3/32 llu6] wlP1p1s0:[10.110.132.84/21 2620:df:8000:4781:0:2:8168:da46/128 llu6]} v4=true v6=true} new: interfaces.State{defaultRoute=eno1 ifs={docker0:[172.17.0.1/16] eno1:[192.168.13.10/24 llu6] tailscale0:[100.93.121.3/32 llu6] wlP1p1s0:[10.110.132.84/21 2620:df:8000:4781:0:2:8168:da46/128 llu6]} v4=true v6=true}
May 05 12:36:57 ubuntu tailscaled[888]: dns: Set: {DefaultResolvers:[] Routes:{tail808f0a.ts.net.:[] ts.net.:[199.247.155.53 2620:111:8007::53]}+65arpa SearchDomains:[tail808f0a.ts.net.] Hosts:8}
May 05 12:36:57 ubuntu tailscaled[888]: dns: Resolvercfg: {Routes:{ts.net.:[199.247.155.53 2620:111:8007::53]} Hosts:8 LocalDomains:[tail808f0a.ts.net.]+65arpa}
May 05 12:36:57 ubuntu tailscaled[888]: dns: OScfg: {Nameservers:[100.100.100.100 fd7a:115c:a1e0::53] SearchDomains:[tail808f0a.ts.net.] MatchDomains:[tail808f0a.ts.net. ts.net.]+65arpa}
May 05 12:36:57 ubuntu systemd-resolved[690]: Flushed all caches.
May 05 12:36:57 ubuntu tailscaled[888]: wgengine: set DNS config again after major link change
May 05 12:36:57 ubuntu tailscaled[888]: [RATELIMIT] format("Received error: %v") (7 dropped)
May 05 12:36:57 ubuntu tailscaled[888]: Received error: PollNetMap: read tcp 10.110.132.84:47694->192.200.0.106:80: use of closed network connection
May 05 12:36:57 ubuntu tailscaled[888]: [RATELIMIT] format("router: portUpdate(port=%v, network=%s)") (6 dropped)
May 05 12:36:57 ubuntu tailscaled[888]: router: portUpdate(port=41641, network=udp6)
May 05 12:36:57 ubuntu tailscaled[888]: router: portUpdate(port=41641, network=udp4)
May 05 12:36:57 ubuntu tailscaled[888]: Rebind; defIf="eno1", ips=[192.168.13.10/24 fe80::a50b:2714:3865:7f72/64]
May 05 12:36:57 ubuntu tailscaled[888]: magicsock: closing connection to derp-17 (rebind-default-route-change), age 10s
May 05 12:36:57 ubuntu tailscaled[888]: magicsock: 0 active derp conns
May 05 12:36:57 ubuntu tailscaled[888]: magicsock: adding connection to derp-17 for home-keep-alive
May 05 12:36:57 ubuntu tailscaled[888]: control: controlhttp: forcing port 443 dial due to recent noise dial
May 05 12:36:57 ubuntu tailscaled[888]: magicsock: 1 active derp conns: derp-17=cr0s,wr0s
May 05 12:36:57 ubuntu tailscaled[888]: health(warnable=no-derp-connection): ok
May 05 12:36:57 ubuntu tailscaled[888]: [RATELIMIT] format("magicsock: %v active derp conns%s")
May 05 12:36:57 ubuntu tailscaled[888]: health(warnable=no-derp-connection): ok
May 05 12:36:57 ubuntu tailscaled[888]: [RATELIMIT] format("health(warnable=%s): ok")
May 05 12:36:57 ubuntu tailscaled[888]: derphttp.Client.Recv: connecting to derp-17 (lax)
May 05 12:36:57 ubuntu tailscaled[888]: monitor: gateway and self IP changed: gw=192.168.13.31 self=192.168.13.10
May 05 12:36:57 ubuntu tailscaled[888]: magicsock: derp-17 connected; connGen=1
May 05 12:36:57 ubuntu systemd[1]: NetworkManager-dispatcher.service: Deactivated successfully.
May 05 12:36:57 ubuntu tailscaled[888]: magicsock: endpoints changed: 166.171.123.238:5504 (stun), [2620:df:8000:4781:0:2:8168:da46]:41641 (stun), 166.171.123.238:41641 (stun4localport), 134.71.249.251:41641 (stun4localport), 134.71.249.251:3043 (stun), 10.110.132.84:41641 (local), 172.17.0.1:41641 (local), 192.168.13.10:41641 (local)
May 05 12:36:58 ubuntu tailscaled[888]: control: netmap: got new dial plan from control
May 05 12:36:58 ubuntu tailscaled[888]: netmap: suggested exit node:  ()
May 05 12:37:02 ubuntu systemd[1]: systemd-fsckd.service: Deactivated successfully.
May 05 16:50:41 ubuntu systemd-resolved[690]: Clock change detected. Flushing caches.
May 05 16:50:41 ubuntu systemd-timesyncd[691]: Initial synchronization to time server 66.118.231.14:123 (1.pool.ntp.org).
May 05 16:50:41 ubuntu systemd[1]: Started Run anacron jobs.
May 05 16:50:41 ubuntu anacron[2365]: Anacron 2.3 started on 2026-05-05
May 05 16:50:41 ubuntu anacron[2365]: Normal exit (0 jobs run)
May 05 16:50:41 ubuntu systemd[1]: anacron.service: Deactivated successfully.
May 05 16:50:42 ubuntu systemd[1]: systemd-hostnamed.service: Deactivated successfully.
May 05 16:50:44 ubuntu tailscaled[888]: LinkChange: major, rebinding: old: interfaces.State{defaultRoute=eno1 ifs={docker0:[172.17.0.1/16] eno1:[192.168.13.10/24 llu6] tailscale0:[100.93.121.3/32 llu6] wlP1p1s0:[10.110.132.84/21 2620:df:8000:4781:0:2:8168:da46/128 llu6]} v4=true v6=true} new: interfaces.State{defaultRoute=eno1 ifs={docker0:[172.17.0.1/16] eno1:[192.168.13.10/24 llu6] tailscale0:[100.93.121.3/32 llu6] wlP1p1s0:[10.110.132.84/21 2620:df:8000:4781:0:2:8168:da46/128 llu6]} v4=true v6=true}
May 05 16:50:44 ubuntu tailscaled[888]: dns: Set: {DefaultResolvers:[] Routes:{tail808f0a.ts.net.:[] ts.net.:[199.247.155.53 2620:111:8007::53]}+65arpa SearchDomains:[tail808f0a.ts.net.] Hosts:8}
May 05 16:50:44 ubuntu tailscaled[888]: dns: Resolvercfg: {Routes:{ts.net.:[199.247.155.53 2620:111:8007::53]} Hosts:8 LocalDomains:[tail808f0a.ts.net.]+65arpa}
May 05 16:50:44 ubuntu tailscaled[888]: dns: OScfg: {Nameservers:[100.100.100.100 fd7a:115c:a1e0::53] SearchDomains:[tail808f0a.ts.net.] MatchDomains:[tail808f0a.ts.net. ts.net.]+65arpa}
May 05 16:50:44 ubuntu systemd-resolved[690]: Flushed all caches.
May 05 16:50:44 ubuntu tailscaled[888]: wgengine: set DNS config again after major link change
May 05 16:50:44 ubuntu tailscaled[888]: router: portUpdate(port=41641, network=udp6)
May 05 16:50:44 ubuntu tailscaled[888]: router: portUpdate(port=41641, network=udp4)
May 05 16:50:44 ubuntu tailscaled[888]: Rebind; defIf="eno1", ips=[192.168.13.10/24 fe80::a50b:2714:3865:7f72/64]
May 05 16:50:44 ubuntu tailscaled[888]: magicsock: closing connection to derp-17 (rebind-default-route-change), age 9s
May 05 16:50:44 ubuntu tailscaled[888]: magicsock: adding connection to derp-17 for home-keep-alive
May 05 16:50:44 ubuntu tailscaled[888]: derphttp.Client.Recv: connecting to derp-17 (lax)
May 05 16:50:44 ubuntu tailscaled[888]: magicsock: derp-17 connected; connGen=1
May 05 16:50:44 ubuntu tailscaled[888]: [RATELIMIT] format("health(warnable=%s): ok") (3 dropped)
May 05 16:50:44 ubuntu tailscaled[888]: health(warnable=no-derp-connection): ok
May 05 16:50:48 ubuntu systemd[1]: systemd-timedated.service: Deactivated successfully.
May 05 16:51:04 ubuntu tailscaled[888]: logtail: upload succeeded after 1 failures and 52s
May 05 16:51:05 ubuntu tailscaled[888]: magicsock: endpoints changed: 166.171.123.238:10694 (stun), [2620:df:8000:4781:0:2:8168:da46]:41641 (stun), 166.171.123.238:41641 (stun4localport), 134.71.249.251:41641 (stun4localport), 134.71.249.251:3043 (stun), 166.171.123.238:5504 (stun), 10.110.132.84:41641 (local), 172.17.0.1:41641 (local), 192.168.13.10:41641 (local)
May 05 16:51:44 ubuntu avahi-daemon[758]: Registering new address record for fdc4:f2f8:3477:4b16:674c:b457:cb60:ff45 on wlP1p1s0.*.
May 05 16:51:44 ubuntu tailscaled[888]: monitor: RTM_NEWROUTE: src=, dst=fdc4:f2f8:3477:4b16::/64, gw=, outif=2, table=254
May 05 16:51:44 ubuntu tailscaled[888]: monitor: RTM_NEWROUTE: src=, dst=fd53:9433:fe45::/64, gw=fe80::c45:8503:620e:d9da, outif=2, table=254
May 05 16:51:44 ubuntu tailscaled[888]: LinkChange: major, rebinding: old: interfaces.State{defaultRoute=eno1 ifs={docker0:[172.17.0.1/16] eno1:[192.168.13.10/24 llu6] tailscale0:[100.93.121.3/32 llu6] wlP1p1s0:[10.110.132.84/21 2620:df:8000:4781:0:2:8168:da46/128 llu6]} v4=true v6=true} new: interfaces.State{defaultRoute=eno1 ifs={docker0:[172.17.0.1/16] eno1:[192.168.13.10/24 llu6] tailscale0:[100.93.121.3/32 llu6] wlP1p1s0:[10.110.132.84/21 2620:df:8000:4781:0:2:8168:da46/128 fdc4:f2f8:3477:4b16:674c:b457:cb60:ff45/64 fdc4:f2f8:3477:4b16:e22d:df:1e11:570f/64 llu6]} v4=true v6=true}
May 05 16:51:44 ubuntu tailscaled[888]: dns: Set: {DefaultResolvers:[] Routes:{tail808f0a.ts.net.:[] ts.net.:[199.247.155.53 2620:111:8007::53]}+65arpa SearchDomains:[tail808f0a.ts.net.] Hosts:8}
May 05 16:51:44 ubuntu tailscaled[888]: dns: Resolvercfg: {Routes:{ts.net.:[199.247.155.53 2620:111:8007::53]} Hosts:8 LocalDomains:[tail808f0a.ts.net.]+65arpa}
May 05 16:51:44 ubuntu tailscaled[888]: dns: OScfg: {Nameservers:[100.100.100.100 fd7a:115c:a1e0::53] SearchDomains:[tail808f0a.ts.net.] MatchDomains:[tail808f0a.ts.net. ts.net.]+65arpa}
May 05 16:51:44 ubuntu systemd-resolved[690]: Flushed all caches.
May 05 16:51:44 ubuntu tailscaled[888]: wgengine: set DNS config again after major link change
May 05 16:51:44 ubuntu tailscaled[888]: router: portUpdate(port=41641, network=udp6)
May 05 16:51:44 ubuntu tailscaled[888]: Rebind; defIf="eno1", ips=[192.168.13.10/24 fe80::a50b:2714:3865:7f72/64]
May 05 16:51:44 ubuntu tailscaled[888]: magicsock: closing connection to derp-17 (rebind-default-route-change), age 1m0s
May 05 16:51:44 ubuntu tailscaled[888]: [RATELIMIT] format("magicsock: %v active derp conns%s") (2 dropped)
May 05 16:51:44 ubuntu tailscaled[888]: magicsock: 0 active derp conns
May 05 16:51:44 ubuntu tailscaled[888]: router: portUpdate(port=41641, network=udp4)
May 05 16:51:44 ubuntu tailscaled[888]: magicsock: adding connection to derp-17 for home-keep-alive
May 05 16:51:44 ubuntu tailscaled[888]: magicsock: 1 active derp conns: derp-17=cr0s,wr0s
May 05 16:51:44 ubuntu tailscaled[888]: derphttp.Client.Recv: connecting to derp-17 (lax)
May 05 16:51:44 ubuntu tailscaled[888]: magicsock: derp-17 connected; connGen=1
May 05 16:51:44 ubuntu tailscaled[888]: health(warnable=no-derp-connection): ok
May 05 16:51:45 ubuntu tailscaled[888]: monitor: RTM_NEWROUTE: src=, dst=fdc4:f2f8:3477:4b16:674c:b457:cb60:ff45/128, gw=, outif=2, table=254
May 05 16:51:46 ubuntu avahi-daemon[758]: Registering new address record for fdc4:f2f8:3477:4b16:e22d:df:1e11:570f on wlP1p1s0.*.
May 05 16:51:46 ubuntu tailscaled[888]: monitor: RTM_NEWROUTE: src=, dst=fdc4:f2f8:3477:4b16:e22d:df:1e11:570f/128, gw=, outif=2, table=254
May 05 16:51:47 ubuntu tailscaled[888]: wgengine: idle peer [W0Xco] now active, reconfiguring WireGuard
May 05 16:51:47 ubuntu tailscaled[888]: wgengine: Reconfig: configuring userspace WireGuard config (with 1/6 peers)
May 05 16:51:53 ubuntu sshd[2375]: Accepted publickey for dinosaur from 100.116.107.5 port 39222 ssh2: ED25519 SHA256:YO2KOg1inJprVznGyyks5GkOaTS+JpoykAMvB5xcRJQ
May 05 16:51:53 ubuntu sshd[2375]: pam_unix(sshd:session): session opened for user dinosaur(uid=1000) by (uid=0)
May 05 16:51:53 ubuntu systemd[1]: Created slice User Slice of UID 1000.
May 05 16:51:53 ubuntu systemd[1]: Condition check resulted in Userspace Out-Of-Memory (OOM) Killer being skipped.
May 05 16:51:53 ubuntu systemd[1]: Starting User Runtime Directory /run/user/1000...
May 05 16:51:53 ubuntu systemd-logind[813]: New session 1 of user dinosaur.
May 05 16:51:53 ubuntu systemd[1]: Condition check resulted in Userspace Out-Of-Memory (OOM) Killer being skipped.
May 05 16:51:53 ubuntu systemd[1]: Finished User Runtime Directory /run/user/1000.
May 05 16:51:53 ubuntu systemd[1]: Starting User Manager for UID 1000...
May 05 16:51:53 ubuntu systemd[2378]: pam_unix(systemd-user:session): session opened for user dinosaur(uid=1000) by (uid=0)
May 05 16:51:53 ubuntu systemd-xdg-autostart-generator[2383]: Configuration file /etc/xdg/autostart/nvl4t-readme.sh is marked executable. Please remove executable permission bits. Proceeding anyway.
May 05 16:51:53 ubuntu systemd-xdg-autostart-generator[2383]: /etc/xdg/autostart/nvl4t-readme.sh:24: Assignment outside of section. Ignoring.
May 05 16:51:53 ubuntu systemd-xdg-autostart-generator[2383]: /etc/xdg/autostart/nvl4t-readme.sh:25: Assignment outside of section. Ignoring.
May 05 16:51:53 ubuntu systemd-xdg-autostart-generator[2383]: /etc/xdg/autostart/nvl4t-readme.sh:27: Assignment outside of section. Ignoring.
May 05 16:51:53 ubuntu systemd-xdg-autostart-generator[2383]: /etc/xdg/autostart/nvl4t-readme.sh:28: Assignment outside of section. Ignoring.
May 05 16:51:53 ubuntu systemd-xdg-autostart-generator[2383]: /etc/xdg/autostart/nvl4t-readme.sh:29: Assignment outside of section. Ignoring.
May 05 16:51:53 ubuntu systemd-xdg-autostart-generator[2383]: /etc/xdg/autostart/nvl4t-readme.sh:31: Assignment outside of section. Ignoring.
May 05 16:51:53 ubuntu systemd-xdg-autostart-generator[2383]: /etc/xdg/autostart/nvl4t-readme.sh:32: Assignment outside of section. Ignoring.
May 05 16:51:53 ubuntu systemd-xdg-autostart-generator[2383]: /etc/xdg/autostart/nvl4t-readme.sh:33: Assignment outside of section. Ignoring.
May 05 16:51:53 ubuntu systemd-xdg-autostart-generator[2383]: Configuration file /etc/xdg/autostart/nvbackground.sh is marked executable. Please remove executable permission bits. Proceeding anyway.
May 05 16:51:53 ubuntu systemd-xdg-autostart-generator[2383]: /etc/xdg/autostart/nvbackground.sh:31: Assignment outside of section. Ignoring.
May 05 16:51:53 ubuntu systemd-xdg-autostart-generator[2383]: /etc/xdg/autostart/nvbackground.sh:33: Assignment outside of section. Ignoring.
May 05 16:51:53 ubuntu systemd-xdg-autostart-generator[2383]: /etc/xdg/autostart/nvbackground.sh:35: Assignment outside of section. Ignoring.
May 05 16:51:53 ubuntu systemd-xdg-autostart-generator[2383]: /etc/xdg/autostart/nvbackground.sh:36: Assignment outside of section. Ignoring.
May 05 16:51:53 ubuntu systemd-xdg-autostart-generator[2383]: /etc/xdg/autostart/nvbackground.sh:37: Assignment outside of section. Ignoring.
May 05 16:51:53 ubuntu systemd-xdg-autostart-generator[2383]: /etc/xdg/autostart/nvbackground.sh:39: Assignment outside of section. Ignoring.
May 05 16:51:53 ubuntu systemd-xdg-autostart-generator[2383]: /etc/xdg/autostart/nvbackground.sh:40: Assignment outside of section. Ignoring.
May 05 16:51:53 ubuntu systemd-xdg-autostart-generator[2383]: /etc/xdg/autostart/nvbackground.sh:41: Assignment outside of section. Ignoring.
May 05 16:51:53 ubuntu systemd-xdg-autostart-generator[2383]: /etc/xdg/autostart/nvbackground.sh:43: Assignment outside of section. Ignoring.
May 05 16:51:53 ubuntu systemd-xdg-autostart-generator[2383]: /etc/xdg/autostart/nvbackground.sh:44: Assignment outside of section. Ignoring.
May 05 16:51:53 ubuntu systemd-xdg-autostart-generator[2383]: /etc/xdg/autostart/nvbackground.sh:45: Assignment outside of section. Ignoring.
May 05 16:51:53 ubuntu systemd-xdg-autostart-generator[2383]: /etc/xdg/autostart/nvbackground.sh:47: Assignment outside of section. Ignoring.
May 05 16:51:53 ubuntu systemd-xdg-autostart-generator[2383]: /etc/xdg/autostart/nvbackground.sh:48: Assignment outside of section. Ignoring.
May 05 16:51:53 ubuntu systemd-xdg-autostart-generator[2383]: /etc/xdg/autostart/nvbackground.sh:49: Assignment outside of section. Ignoring.
May 05 16:51:53 ubuntu systemd-xdg-autostart-generator[2383]: /etc/xdg/autostart/nvbackground.sh:50: Assignment outside of section. Ignoring.
May 05 16:51:53 ubuntu systemd-xdg-autostart-generator[2383]: /etc/xdg/autostart/nvbackground.sh:51: Assignment outside of section. Ignoring.
May 05 16:51:53 ubuntu systemd-xdg-autostart-generator[2383]: /etc/xdg/autostart/nvbackground.sh:52: Assignment outside of section. Ignoring.
May 05 16:51:53 ubuntu systemd-xdg-autostart-generator[2383]: /etc/xdg/autostart/nvbackground.sh:54: Assignment outside of section. Ignoring.
May 05 16:51:53 ubuntu systemd[2378]: Queued start job for default target Main User Target.
May 05 16:51:53 ubuntu systemd[2378]: Created slice User Application Slice.
May 05 16:51:53 ubuntu systemd[2378]: Created slice User Core Session Slice.
May 05 16:51:53 ubuntu systemd[2378]: Started Pending report trigger for Ubuntu Report.
May 05 16:51:53 ubuntu systemd[2378]: Reached target Paths.
May 05 16:51:53 ubuntu systemd[2378]: Reached target Timers.
May 05 16:51:53 ubuntu systemd[2378]: Starting D-Bus User Message Bus Socket...
May 05 16:51:53 ubuntu systemd[2378]: Listening on GnuPG network certificate management daemon.
May 05 16:51:53 ubuntu systemd[2378]: Listening on GnuPG cryptographic agent and passphrase cache (access for web browsers).
May 05 16:51:53 ubuntu systemd[2378]: Listening on GnuPG cryptographic agent and passphrase cache (restricted).
May 05 16:51:53 ubuntu systemd[2378]: Listening on GnuPG cryptographic agent (ssh-agent emulation).
May 05 16:51:53 ubuntu systemd[2378]: Listening on GnuPG cryptographic agent and passphrase cache.
May 05 16:51:53 ubuntu systemd[2378]: Listening on PipeWire Multimedia System Socket.
May 05 16:51:53 ubuntu systemd[2378]: Listening on debconf communication socket.
May 05 16:51:53 ubuntu systemd[2378]: Listening on Sound System.
May 05 16:51:53 ubuntu systemd[2378]: Listening on REST API socket for snapd user session agent.
May 05 16:51:53 ubuntu systemd[2378]: Listening on Speech Dispatcher Socket.
May 05 16:51:53 ubuntu systemd[2378]: Listening on D-Bus User Message Bus Socket.
May 05 16:51:53 ubuntu systemd[2378]: Reached target Sockets.
May 05 16:51:53 ubuntu systemd[2378]: Reached target Basic System.
May 05 16:51:53 ubuntu systemd[1]: Started User Manager for UID 1000.
May 05 16:51:53 ubuntu systemd[2378]: Started PipeWire Multimedia Service.
May 05 16:51:53 ubuntu systemd[1]: Started Session 1 of User dinosaur.
May 05 16:51:53 ubuntu systemd[2378]: Started PipeWire Media Session Manager.
May 05 16:51:53 ubuntu systemd[2378]: Starting Sound Service...
May 05 16:51:53 ubuntu dbus-daemon[760]: [system] Activating via systemd: service name='org.freedesktop.RealtimeKit1' unit='rtkit-daemon.service' requested by ':1.23' (uid=1000 pid=2386 comm="/usr/bin/pipewire-media-session " label="kernel")
May 05 16:51:53 ubuntu systemd[1]: Starting RealtimeKit Scheduling Policy Service...
May 05 16:51:53 ubuntu dbus-daemon[760]: [system] Successfully activated service 'org.freedesktop.RealtimeKit1'
May 05 16:51:53 ubuntu systemd[1]: Started RealtimeKit Scheduling Policy Service.
May 05 16:51:53 ubuntu rtkit-daemon[2402]: Successfully called chroot.
May 05 16:51:53 ubuntu rtkit-daemon[2402]: Successfully dropped privileges.
May 05 16:51:53 ubuntu rtkit-daemon[2402]: Successfully limited resources.
May 05 16:51:53 ubuntu rtkit-daemon[2402]: Canary thread running.
May 05 16:51:53 ubuntu rtkit-daemon[2402]: Watchdog thread running.
May 05 16:51:53 ubuntu rtkit-daemon[2402]: Running.
May 05 16:51:53 ubuntu rtkit-daemon[2402]: Supervising 0 threads of 0 processes of 0 users.
May 05 16:51:53 ubuntu dbus-daemon[760]: [system] Activating via systemd: service name='org.freedesktop.PolicyKit1' unit='polkit.service' requested by ':1.25' (uid=0 pid=2402 comm="/usr/libexec/rtkit-daemon " label="kernel")
May 05 16:51:53 ubuntu systemd[1]: Starting Authorization Manager...
May 05 16:51:53 ubuntu polkitd[2411]: started daemon version 0.105 using authority implementation `local' version `0.105'
May 05 16:51:53 ubuntu dbus-daemon[760]: [system] Successfully activated service 'org.freedesktop.PolicyKit1'
May 05 16:51:53 ubuntu systemd[1]: Started Authorization Manager.
May 05 16:51:53 ubuntu pipewire[2385]: mod.rt: RTKit error: org.freedesktop.DBus.Error.AccessDenied
May 05 16:51:53 ubuntu pipewire[2385]: mod.rt: could not set nice-level to -11: Permission denied
May 05 16:51:53 ubuntu rtkit-daemon[2402]: Supervising 0 threads of 0 processes of 1 users.
May 05 16:51:53 ubuntu rtkit-daemon[2402]: Supervising 0 threads of 0 processes of 1 users.
May 05 16:51:53 ubuntu pipewire-media-session[2386]: mod.rt: RTKit error: org.freedesktop.DBus.Error.AccessDenied
May 05 16:51:53 ubuntu pipewire-media-session[2386]: mod.rt: could not make thread 2412 realtime using RTKit: Permission denied
May 05 16:51:53 ubuntu systemd[2378]: Started D-Bus User Message Bus.
May 05 16:51:53 ubuntu rtkit-daemon[2402]: Supervising 0 threads of 0 processes of 1 users.
May 05 16:51:53 ubuntu pipewire[2385]: mod.rt: RTKit error: org.freedesktop.DBus.Error.AccessDenied
May 05 16:51:53 ubuntu pipewire[2385]: mod.rt: could not make thread 2446 realtime using RTKit: Permission denied
May 05 16:51:54 ubuntu rtkit-daemon[2402]: Supervising 0 threads of 0 processes of 1 users.
May 05 16:51:54 ubuntu rtkit-daemon[2402]: Supervising 0 threads of 0 processes of 1 users.
May 05 16:51:54 ubuntu rtkit-daemon[2402]: Supervising 0 threads of 0 processes of 1 users.
May 05 16:51:54 ubuntu rtkit-daemon[2402]: Supervising 0 threads of 0 processes of 1 users.
May 05 16:51:54 ubuntu rtkit-daemon[2402]: Supervising 0 threads of 0 processes of 1 users.
May 05 16:51:54 ubuntu rtkit-daemon[2402]: Supervising 0 threads of 0 processes of 1 users.
May 05 16:51:54 ubuntu rtkit-daemon[2402]: Supervising 0 threads of 0 processes of 1 users.
May 05 16:51:54 ubuntu rtkit-daemon[2402]: Supervising 0 threads of 0 processes of 1 users.
May 05 16:51:54 ubuntu rtkit-daemon[2402]: Supervising 0 threads of 0 processes of 1 users.
May 05 16:51:54 ubuntu rtkit-daemon[2402]: Supervising 0 threads of 0 processes of 1 users.
May 05 16:51:54 ubuntu systemd[2378]: Started Sound Service.
May 05 16:51:54 ubuntu systemd[2378]: Reached target Main User Target.
May 05 16:51:54 ubuntu systemd[2378]: Startup finished in 1.558s.
May 05 16:52:59 ubuntu tailscaled[888]: magicsock: endpoints changed: 166.171.123.238:7442 (stun), [2620:df:8000:4781:0:2:8168:da46]:41641 (stun), 166.171.123.238:41641 (stun4localport), 134.71.249.251:41641 (stun4localport), 134.71.249.251:3043 (stun), 166.171.123.238:5504 (stun), 166.171.123.238:10694 (stun), 10.110.132.84:41641 (local), 172.17.0.1:41641 (local), 192.168.13.10:41641 (local)
May 05 16:53:28 ubuntu wpa_supplicant[817]: wlP1p1s0: CTRL-EVENT-STARTED-CHANNEL-SWITCH freq=5180 ht_enabled=1 ch_offset=1 ch_width=40 MHz cf1=5190 cf2=0
May 05 16:53:28 ubuntu kernel: ACK 04 d4
May 05 16:53:28 ubuntu kernel: ACK 04 d4
May 05 16:53:28 ubuntu wpa_supplicant[817]: wlP1p1s0: Associated with bc:9f:e4:f5:5a:11
May 05 16:53:28 ubuntu wpa_supplicant[817]: wlP1p1s0: CTRL-EVENT-SUBNET-STATUS-UPDATE status=0
May 05 16:53:28 ubuntu NetworkManager[761]: <info>  [1778025208.3214] device (wlP1p1s0): supplicant interface state: completed -> associated
May 05 16:53:28 ubuntu NetworkManager[761]: <info>  [1778025208.3215] device (p2p-dev-wlP1p1s0): supplicant management interface state: completed -> associated
May 05 16:53:28 ubuntu NetworkManager[761]: <info>  [1778025208.3215] device (wlP1p1s0): ip:dhcp4: restarting
May 05 16:53:28 ubuntu NetworkManager[761]: <info>  [1778025208.3480] dhcp4 (wlP1p1s0): canceled DHCP transaction
May 05 16:53:28 ubuntu NetworkManager[761]: <info>  [1778025208.3481] dhcp4 (wlP1p1s0): activation: beginning transaction (timeout in 45 seconds)
May 05 16:53:28 ubuntu NetworkManager[761]: <info>  [1778025208.3481] dhcp4 (wlP1p1s0): state changed no lease
May 05 16:53:28 ubuntu NetworkManager[761]: <info>  [1778025208.3482] dhcp4 (wlP1p1s0): activation: beginning transaction (timeout in 45 seconds)
May 05 16:53:28 ubuntu NetworkManager[761]: <info>  [1778025208.3485] device (wlP1p1s0): ip:dhcp6: restarting
May 05 16:53:28 ubuntu NetworkManager[761]: <info>  [1778025208.3486] dhcp6 (wlP1p1s0): canceled DHCP transaction
May 05 16:53:28 ubuntu NetworkManager[761]: <info>  [1778025208.3486] dhcp6 (wlP1p1s0): activation: beginning transaction (timeout in 45 seconds)
May 05 16:53:28 ubuntu NetworkManager[761]: <info>  [1778025208.3487] dhcp6 (wlP1p1s0): state changed no lease
May 05 16:53:28 ubuntu NetworkManager[761]: <info>  [1778025208.3487] dhcp6 (wlP1p1s0): activation: beginning transaction (timeout in 45 seconds)
May 05 16:53:28 ubuntu wpa_supplicant[817]: wlP1p1s0: CTRL-EVENT-EAP-STARTED EAP authentication started
May 05 16:53:28 ubuntu wpa_supplicant[817]: wlP1p1s0: CTRL-EVENT-EAP-PROPOSED-METHOD vendor=0 method=25 -> NAK
May 05 16:53:28 ubuntu wpa_supplicant[817]: wlP1p1s0: CTRL-EVENT-EAP-PROPOSED-METHOD vendor=0 method=13
May 05 16:53:28 ubuntu wpa_supplicant[817]: wlP1p1s0: CTRL-EVENT-EAP-METHOD EAP vendor 0 method 13 (TLS) selected
May 05 16:53:28 ubuntu wpa_supplicant[817]: wlP1p1s0: CTRL-EVENT-EAP-PEER-CERT depth=2 subject='/C=US/ST=New Jersey/L=Jersey City/O=The USERTRUST Network/CN=USERTrust RSA Certification Authority' hash=e793c9b02fd8aa13e21c31228accb08119643b749c898964b1746d46c3d4cbd2
May 05 16:53:28 ubuntu wpa_supplicant[817]: wlP1p1s0: CTRL-EVENT-EAP-PEER-CERT depth=1 subject='/C=US/O=Internet2/CN=InCommon RSA Server CA 2' hash=87e01cc4dd0c9d92a3dbd49092ff13f9cd387445cdc57e5b984e1b7721b5b029
May 05 16:53:28 ubuntu wpa_supplicant[817]: wlP1p1s0: CTRL-EVENT-EAP-PEER-CERT depth=0 subject='/C=US/ST=California/O=California State Polytechnic University, Pomona/CN=radius.cpp.edu' hash=58fa209e898e319e55435b3d8264b545a0b086b61a08d1120acc4377af3789a9
May 05 16:53:28 ubuntu wpa_supplicant[817]: wlP1p1s0: CTRL-EVENT-EAP-PEER-ALT depth=0 DNS:radius.cpp.edu
May 05 16:53:28 ubuntu wpa_supplicant[817]: wlP1p1s0: CTRL-EVENT-EAP-SUCCESS EAP authentication completed successfully
May 05 16:53:28 ubuntu wpa_supplicant[817]: wlP1p1s0: PMKSA-CACHE-ADDED bc:9f:e4:f5:5a:11 0
May 05 16:53:28 ubuntu NetworkManager[761]: <info>  [1778025208.5575] device (wlP1p1s0): supplicant interface state: associated -> 4way_handshake
May 05 16:53:28 ubuntu NetworkManager[761]: <info>  [1778025208.5576] device (p2p-dev-wlP1p1s0): supplicant management interface state: associated -> 4way_handshake
May 05 16:53:28 ubuntu wpa_supplicant[817]: wlP1p1s0: WPA: Key negotiation completed with bc:9f:e4:f5:5a:11 [PTK=CCMP GTK=CCMP]
May 05 16:53:28 ubuntu wpa_supplicant[817]: wlP1p1s0: CTRL-EVENT-CONNECTED - Connection to bc:9f:e4:f5:5a:11 completed [id=0 id_str=]
May 05 16:53:28 ubuntu NetworkManager[761]: <info>  [1778025208.6081] device (wlP1p1s0): supplicant interface state: 4way_handshake -> completed
May 05 16:53:28 ubuntu NetworkManager[761]: <info>  [1778025208.6083] device (p2p-dev-wlP1p1s0): supplicant management interface state: 4way_handshake -> completed
May 05 16:53:28 ubuntu NetworkManager[761]: <info>  [1778025208.6448] dhcp4 (wlP1p1s0): state changed new lease, address=10.110.132.84
May 05 16:53:28 ubuntu dbus-daemon[760]: [system] Activating via systemd: service name='org.freedesktop.nm_dispatcher' unit='dbus-org.freedesktop.nm-dispatcher.service' requested by ':1.2' (uid=0 pid=761 comm="/usr/sbin/NetworkManager --no-daemon " label="kernel")
May 05 16:53:28 ubuntu systemd[1]: Starting Network Manager Script Dispatcher Service...
May 05 16:53:28 ubuntu dbus-daemon[760]: [system] Successfully activated service 'org.freedesktop.nm_dispatcher'
May 05 16:53:28 ubuntu systemd[1]: Started Network Manager Script Dispatcher Service.
May 05 16:53:29 ubuntu NetworkManager[761]: <info>  [1778025209.3940] dhcp6 (wlP1p1s0): state changed new lease, address=2620:df:8000:4781:0:2:8168:da46
May 05 16:53:32 ubuntu wpa_supplicant[817]: wlP1p1s0: CTRL-EVENT-STARTED-CHANNEL-SWITCH freq=5785 ht_enabled=1 ch_offset=1 ch_width=40 MHz cf1=5795 cf2=0
May 05 16:53:32 ubuntu kernel: ACK 04 d4
May 05 16:53:32 ubuntu kernel: ACK 04 d4
May 05 16:53:32 ubuntu wpa_supplicant[817]: wlP1p1s0: Associated with e8:10:98:2a:e4:b1
May 05 16:53:32 ubuntu wpa_supplicant[817]: wlP1p1s0: CTRL-EVENT-SUBNET-STATUS-UPDATE status=0
May 05 16:53:32 ubuntu NetworkManager[761]: <info>  [1778025212.9774] device (wlP1p1s0): supplicant interface state: completed -> associated
May 05 16:53:32 ubuntu NetworkManager[761]: <info>  [1778025212.9775] device (p2p-dev-wlP1p1s0): supplicant management interface state: completed -> associated
May 05 16:53:32 ubuntu NetworkManager[761]: <info>  [1778025212.9775] device (wlP1p1s0): ip:dhcp4: restarting
May 05 16:53:32 ubuntu wpa_supplicant[817]: wlP1p1s0: CTRL-EVENT-EAP-STARTED EAP authentication started
May 05 16:53:32 ubuntu wpa_supplicant[817]: wlP1p1s0: CTRL-EVENT-EAP-PROPOSED-METHOD vendor=0 method=25 -> NAK
May 05 16:53:32 ubuntu wpa_supplicant[817]: wlP1p1s0: CTRL-EVENT-EAP-PROPOSED-METHOD vendor=0 method=13
May 05 16:53:32 ubuntu wpa_supplicant[817]: wlP1p1s0: CTRL-EVENT-EAP-METHOD EAP vendor 0 method 13 (TLS) selected
May 05 16:53:33 ubuntu NetworkManager[761]: <info>  [1778025213.0200] dhcp4 (wlP1p1s0): canceled DHCP transaction
May 05 16:53:33 ubuntu NetworkManager[761]: <info>  [1778025213.0201] dhcp4 (wlP1p1s0): activation: beginning transaction (timeout in 45 seconds)
May 05 16:53:33 ubuntu NetworkManager[761]: <info>  [1778025213.0202] dhcp4 (wlP1p1s0): state changed no lease
May 05 16:53:33 ubuntu NetworkManager[761]: <info>  [1778025213.0203] dhcp4 (wlP1p1s0): activation: beginning transaction (timeout in 45 seconds)
May 05 16:53:33 ubuntu NetworkManager[761]: <info>  [1778025213.0206] device (wlP1p1s0): ip:dhcp6: restarting
May 05 16:53:33 ubuntu NetworkManager[761]: <info>  [1778025213.0207] dhcp6 (wlP1p1s0): canceled DHCP transaction
May 05 16:53:33 ubuntu NetworkManager[761]: <info>  [1778025213.0207] dhcp6 (wlP1p1s0): activation: beginning transaction (timeout in 45 seconds)
May 05 16:53:33 ubuntu NetworkManager[761]: <info>  [1778025213.0207] dhcp6 (wlP1p1s0): state changed no lease
May 05 16:53:33 ubuntu NetworkManager[761]: <info>  [1778025213.0208] dhcp6 (wlP1p1s0): activation: beginning transaction (timeout in 45 seconds)
May 05 16:53:33 ubuntu wpa_supplicant[817]: wlP1p1s0: CTRL-EVENT-EAP-PEER-CERT depth=2 subject='/C=US/ST=New Jersey/L=Jersey City/O=The USERTRUST Network/CN=USERTrust RSA Certification Authority' hash=e793c9b02fd8aa13e21c31228accb08119643b749c898964b1746d46c3d4cbd2
May 05 16:53:33 ubuntu wpa_supplicant[817]: wlP1p1s0: CTRL-EVENT-EAP-PEER-CERT depth=1 subject='/C=US/O=Internet2/CN=InCommon RSA Server CA 2' hash=87e01cc4dd0c9d92a3dbd49092ff13f9cd387445cdc57e5b984e1b7721b5b029
May 05 16:53:33 ubuntu wpa_supplicant[817]: wlP1p1s0: CTRL-EVENT-EAP-PEER-CERT depth=0 subject='/C=US/ST=California/O=California State Polytechnic University, Pomona/CN=radius.cpp.edu' hash=58fa209e898e319e55435b3d8264b545a0b086b61a08d1120acc4377af3789a9
May 05 16:53:33 ubuntu wpa_supplicant[817]: wlP1p1s0: CTRL-EVENT-EAP-PEER-ALT depth=0 DNS:radius.cpp.edu
May 05 16:53:33 ubuntu wpa_supplicant[817]: wlP1p1s0: CTRL-EVENT-EAP-SUCCESS EAP authentication completed successfully
May 05 16:53:33 ubuntu wpa_supplicant[817]: wlP1p1s0: PMKSA-CACHE-ADDED e8:10:98:2a:e4:b1 0
May 05 16:53:33 ubuntu NetworkManager[761]: <info>  [1778025213.1638] device (wlP1p1s0): supplicant interface state: associated -> 4way_handshake
May 05 16:53:33 ubuntu NetworkManager[761]: <info>  [1778025213.1639] device (p2p-dev-wlP1p1s0): supplicant management interface state: associated -> 4way_handshake
May 05 16:53:33 ubuntu wpa_supplicant[817]: wlP1p1s0: WPA: Key negotiation completed with e8:10:98:2a:e4:b1 [PTK=CCMP GTK=CCMP]
May 05 16:53:33 ubuntu wpa_supplicant[817]: wlP1p1s0: CTRL-EVENT-CONNECTED - Connection to e8:10:98:2a:e4:b1 completed [id=0 id_str=]
May 05 16:53:33 ubuntu NetworkManager[761]: <info>  [1778025213.1711] device (wlP1p1s0): supplicant interface state: 4way_handshake -> completed
May 05 16:53:33 ubuntu NetworkManager[761]: <info>  [1778025213.1712] device (p2p-dev-wlP1p1s0): supplicant management interface state: 4way_handshake -> completed
May 05 16:53:33 ubuntu NetworkManager[761]: <info>  [1778025213.1849] dhcp4 (wlP1p1s0): state changed new lease, address=10.110.132.84
May 05 16:53:34 ubuntu NetworkManager[761]: <info>  [1778025214.0654] dhcp6 (wlP1p1s0): state changed new lease, address=2620:df:8000:4781:0:2:8168:da46
May 05 16:53:41 ubuntu wpa_supplicant[817]: wlP1p1s0: CTRL-EVENT-REGDOM-CHANGE init=DRIVER type=WORLD
May 05 16:53:41 ubuntu wpa_supplicant[817]: wlP1p1s0: CTRL-EVENT-STARTED-CHANNEL-SWITCH freq=5805 ht_enabled=1 ch_offset=-1 ch_width=40 MHz cf1=5795 cf2=0
May 05 16:53:41 ubuntu kernel: ACK 04 d4
May 05 16:53:41 ubuntu kernel: ACK 04 d4
May 05 16:53:41 ubuntu wpa_supplicant[817]: wlP1p1s0: Associated with 1c:28:af:23:f7:f1
May 05 16:53:41 ubuntu wpa_supplicant[817]: wlP1p1s0: CTRL-EVENT-SUBNET-STATUS-UPDATE status=0
May 05 16:53:41 ubuntu NetworkManager[761]: <info>  [1778025221.2430] device (wlP1p1s0): supplicant interface state: completed -> associated
May 05 16:53:41 ubuntu NetworkManager[761]: <info>  [1778025221.2431] device (p2p-dev-wlP1p1s0): supplicant management interface state: completed -> associated
May 05 16:53:41 ubuntu NetworkManager[761]: <info>  [1778025221.2431] device (wlP1p1s0): ip:dhcp4: restarting
May 05 16:53:41 ubuntu wpa_supplicant[817]: wlP1p1s0: CTRL-EVENT-EAP-STARTED EAP authentication started
May 05 16:53:41 ubuntu wpa_supplicant[817]: wlP1p1s0: CTRL-EVENT-EAP-PROPOSED-METHOD vendor=0 method=25 -> NAK
May 05 16:53:41 ubuntu NetworkManager[761]: <info>  [1778025221.2720] dhcp4 (wlP1p1s0): canceled DHCP transaction
May 05 16:53:41 ubuntu NetworkManager[761]: <info>  [1778025221.2721] dhcp4 (wlP1p1s0): activation: beginning transaction (timeout in 45 seconds)
May 05 16:53:41 ubuntu NetworkManager[761]: <info>  [1778025221.2722] dhcp4 (wlP1p1s0): state changed no lease
May 05 16:53:41 ubuntu NetworkManager[761]: <info>  [1778025221.2723] dhcp4 (wlP1p1s0): activation: beginning transaction (timeout in 45 seconds)
May 05 16:53:41 ubuntu NetworkManager[761]: <info>  [1778025221.2726] device (wlP1p1s0): ip:dhcp6: restarting
May 05 16:53:41 ubuntu NetworkManager[761]: <info>  [1778025221.2727] dhcp6 (wlP1p1s0): canceled DHCP transaction
May 05 16:53:41 ubuntu NetworkManager[761]: <info>  [1778025221.2727] dhcp6 (wlP1p1s0): activation: beginning transaction (timeout in 45 seconds)
May 05 16:53:41 ubuntu NetworkManager[761]: <info>  [1778025221.2728] dhcp6 (wlP1p1s0): state changed no lease
May 05 16:53:41 ubuntu NetworkManager[761]: <info>  [1778025221.2729] dhcp6 (wlP1p1s0): activation: beginning transaction (timeout in 45 seconds)
May 05 16:53:41 ubuntu wpa_supplicant[817]: wlP1p1s0: CTRL-EVENT-EAP-PROPOSED-METHOD vendor=0 method=13
May 05 16:53:41 ubuntu wpa_supplicant[817]: wlP1p1s0: CTRL-EVENT-EAP-METHOD EAP vendor 0 method 13 (TLS) selected
May 05 16:53:41 ubuntu wpa_supplicant[817]: wlP1p1s0: CTRL-EVENT-EAP-PEER-CERT depth=2 subject='/C=US/ST=New Jersey/L=Jersey City/O=The USERTRUST Network/CN=USERTrust RSA Certification Authority' hash=e793c9b02fd8aa13e21c31228accb08119643b749c898964b1746d46c3d4cbd2
May 05 16:53:41 ubuntu wpa_supplicant[817]: wlP1p1s0: CTRL-EVENT-EAP-PEER-CERT depth=1 subject='/C=US/O=Internet2/CN=InCommon RSA Server CA 2' hash=87e01cc4dd0c9d92a3dbd49092ff13f9cd387445cdc57e5b984e1b7721b5b029
May 05 16:53:41 ubuntu wpa_supplicant[817]: wlP1p1s0: CTRL-EVENT-EAP-PEER-CERT depth=0 subject='/C=US/ST=California/O=California State Polytechnic University, Pomona/CN=radius.cpp.edu' hash=58fa209e898e319e55435b3d8264b545a0b086b61a08d1120acc4377af3789a9
May 05 16:53:41 ubuntu wpa_supplicant[817]: wlP1p1s0: CTRL-EVENT-EAP-PEER-ALT depth=0 DNS:radius.cpp.edu
May 05 16:53:41 ubuntu wpa_supplicant[817]: wlP1p1s0: CTRL-EVENT-EAP-SUCCESS EAP authentication completed successfully
May 05 16:53:41 ubuntu wpa_supplicant[817]: wlP1p1s0: PMKSA-CACHE-ADDED 1c:28:af:23:f7:f1 0
May 05 16:53:41 ubuntu NetworkManager[761]: <info>  [1778025221.5046] device (wlP1p1s0): supplicant interface state: associated -> 4way_handshake
May 05 16:53:41 ubuntu NetworkManager[761]: <info>  [1778025221.5047] device (p2p-dev-wlP1p1s0): supplicant management interface state: associated -> 4way_handshake
May 05 16:53:41 ubuntu wpa_supplicant[817]: wlP1p1s0: WPA: Key negotiation completed with 1c:28:af:23:f7:f1 [PTK=CCMP GTK=CCMP]
May 05 16:53:41 ubuntu wpa_supplicant[817]: wlP1p1s0: CTRL-EVENT-CONNECTED - Connection to 1c:28:af:23:f7:f1 completed [id=0 id_str=]
May 05 16:53:41 ubuntu NetworkManager[761]: <info>  [1778025221.5108] device (wlP1p1s0): supplicant interface state: 4way_handshake -> completed
May 05 16:53:41 ubuntu NetworkManager[761]: <info>  [1778025221.5109] device (p2p-dev-wlP1p1s0): supplicant management interface state: 4way_handshake -> completed
May 05 16:53:42 ubuntu NetworkManager[761]: <info>  [1778025222.3540] dhcp6 (wlP1p1s0): state changed new lease, address=2620:df:8000:4781:0:2:8168:da46
May 05 16:53:43 ubuntu NetworkManager[761]: <info>  [1778025223.2959] dhcp4 (wlP1p1s0): state changed new lease, address=10.110.132.84
May 05 16:53:53 ubuntu systemd[1]: NetworkManager-dispatcher.service: Deactivated successfully.
May 05 16:55:16 ubuntu systemd[1]: Starting Download data for packages that failed at package install time...
May 05 16:55:16 ubuntu systemd[1]: update-notifier-download.service: Deactivated successfully.
May 05 16:55:16 ubuntu systemd[1]: Finished Download data for packages that failed at package install time.
May 05 16:55:18 ubuntu dbus-daemon[760]: [system] Activating via systemd: service name='org.freedesktop.timedate1' unit='dbus-org.freedesktop.timedate1.service' requested by ':1.16' (uid=0 pid=803 comm="/snap/snapd/current/usr/lib/snapd/snapd " label="kernel")
May 05 16:55:18 ubuntu systemd[1]: Starting Time & Date Service...
May 05 16:55:18 ubuntu dbus-daemon[760]: [system] Successfully activated service 'org.freedesktop.timedate1'
May 05 16:55:18 ubuntu systemd[1]: Started Time & Date Service.
May 05 16:55:48 ubuntu systemd[1]: systemd-timedated.service: Deactivated successfully.
May 05 16:55:52 ubuntu tailscaled[888]: magicsock: endpoints changed: 166.171.123.238:10694 (stun), [2620:df:8000:4781:0:2:8168:da46]:41641 (stun), 166.171.123.238:41641 (stun4localport), 166.171.123.238:7442 (stun), 166.171.123.238:5504 (stun), 10.110.132.84:41641 (local), 172.17.0.1:41641 (local), 192.168.13.10:41641 (local)
May 05 16:58:14 ubuntu tailscaled[888]: magicsock: endpoints changed: 166.171.123.238:10694 (stun), [2620:df:8000:4781:0:2:8168:da46]:41641 (stun), 166.171.123.238:41641 (stun4localport), 166.171.123.238:5504 (stun), 10.110.132.84:41641 (local), 172.17.0.1:41641 (local), 192.168.13.10:41641 (local)
May 05 17:02:13 ubuntu tailscaled[888]: magicsock: endpoints changed: 166.171.123.238:30158 (stun), [2620:df:8000:4781:0:2:8168:da46]:41641 (stun), 166.171.123.238:41641 (stun4localport), 166.171.123.238:10694 (stun), 10.110.132.84:41641 (local), 172.17.0.1:41641 (local), 192.168.13.10:41641 (local)
May 05 17:02:13 ubuntu sshd[2537]: Accepted publickey for dinosaur from 100.116.107.5 port 49352 ssh2: ED25519 SHA256:YO2KOg1inJprVznGyyks5GkOaTS+JpoykAMvB5xcRJQ
May 05 17:02:13 ubuntu sshd[2537]: pam_unix(sshd:session): session opened for user dinosaur(uid=1000) by (uid=0)
May 05 17:02:13 ubuntu systemd-logind[813]: New session 3 of user dinosaur.
May 05 17:02:13 ubuntu systemd[1]: Started Session 3 of User dinosaur.
May 05 17:02:13 ubuntu sshd[2565]: Received disconnect from 100.116.107.5 port 49352:11: disconnected by user
May 05 17:02:13 ubuntu sshd[2565]: Disconnected from user dinosaur 100.116.107.5 port 49352
May 05 17:02:13 ubuntu sshd[2537]: pam_unix(sshd:session): session closed for user dinosaur
May 05 17:02:13 ubuntu systemd[1]: session-3.scope: Deactivated successfully.
May 05 17:02:13 ubuntu systemd-logind[813]: Session 3 logged out. Waiting for processes to exit.
May 05 17:02:13 ubuntu systemd-logind[813]: Removed session 3.
May 05 17:02:20 ubuntu sshd[2571]: Accepted publickey for dinosaur from 100.116.107.5 port 51112 ssh2: ED25519 SHA256:YO2KOg1inJprVznGyyks5GkOaTS+JpoykAMvB5xcRJQ
May 05 17:02:20 ubuntu sshd[2571]: pam_unix(sshd:session): session opened for user dinosaur(uid=1000) by (uid=0)
May 05 17:02:20 ubuntu systemd-logind[813]: New session 4 of user dinosaur.
May 05 17:02:20 ubuntu systemd[1]: Started Session 4 of User dinosaur.
May 05 17:02:20 ubuntu sshd[2599]: Received disconnect from 100.116.107.5 port 51112:11: disconnected by user
May 05 17:02:20 ubuntu sshd[2599]: Disconnected from user dinosaur 100.116.107.5 port 51112
May 05 17:02:20 ubuntu sshd[2571]: pam_unix(sshd:session): session closed for user dinosaur
May 05 17:02:20 ubuntu systemd[1]: session-4.scope: Deactivated successfully.
May 05 17:02:20 ubuntu systemd-logind[813]: Session 4 logged out. Waiting for processes to exit.
May 05 17:02:20 ubuntu systemd-logind[813]: Removed session 4.
May 05 17:02:23 ubuntu sshd[2604]: Accepted publickey for dinosaur from 100.116.107.5 port 51114 ssh2: ED25519 SHA256:YO2KOg1inJprVznGyyks5GkOaTS+JpoykAMvB5xcRJQ
May 05 17:02:23 ubuntu sshd[2604]: pam_unix(sshd:session): session opened for user dinosaur(uid=1000) by (uid=0)
May 05 17:02:23 ubuntu systemd-logind[813]: New session 5 of user dinosaur.
May 05 17:02:23 ubuntu systemd[1]: Started Session 5 of User dinosaur.
May 05 17:02:23 ubuntu sshd[2632]: Received disconnect from 100.116.107.5 port 51114:11: disconnected by user
May 05 17:02:23 ubuntu sshd[2632]: Disconnected from user dinosaur 100.116.107.5 port 51114
May 05 17:02:23 ubuntu sshd[2604]: pam_unix(sshd:session): session closed for user dinosaur
May 05 17:02:23 ubuntu systemd[1]: session-5.scope: Deactivated successfully.
May 05 17:02:23 ubuntu systemd-logind[813]: Session 5 logged out. Waiting for processes to exit.
May 05 17:02:23 ubuntu systemd-logind[813]: Removed session 5.
May 05 17:02:31 ubuntu sshd[2637]: Accepted publickey for dinosaur from 100.116.107.5 port 57296 ssh2: ED25519 SHA256:YO2KOg1inJprVznGyyks5GkOaTS+JpoykAMvB5xcRJQ
May 05 17:02:31 ubuntu sshd[2637]: pam_unix(sshd:session): session opened for user dinosaur(uid=1000) by (uid=0)
May 05 17:02:31 ubuntu systemd-logind[813]: New session 6 of user dinosaur.
May 05 17:02:31 ubuntu systemd[1]: Started Session 6 of User dinosaur.
May 05 17:02:32 ubuntu sshd[2665]: Received disconnect from 100.116.107.5 port 57296:11: disconnected by user
May 05 17:02:32 ubuntu sshd[2665]: Disconnected from user dinosaur 100.116.107.5 port 57296
May 05 17:02:32 ubuntu sshd[2637]: pam_unix(sshd:session): session closed for user dinosaur
May 05 17:02:32 ubuntu systemd[1]: session-6.scope: Deactivated successfully.
May 05 17:02:32 ubuntu systemd-logind[813]: Session 6 logged out. Waiting for processes to exit.
May 05 17:02:32 ubuntu systemd-logind[813]: Removed session 6.
May 05 17:02:39 ubuntu sshd[2672]: Accepted publickey for dinosaur from 100.116.107.5 port 38562 ssh2: ED25519 SHA256:YO2KOg1inJprVznGyyks5GkOaTS+JpoykAMvB5xcRJQ
May 05 17:02:39 ubuntu sshd[2672]: pam_unix(sshd:session): session opened for user dinosaur(uid=1000) by (uid=0)
May 05 17:02:39 ubuntu systemd-logind[813]: New session 7 of user dinosaur.
May 05 17:02:39 ubuntu systemd[1]: Started Session 7 of User dinosaur.
May 05 17:02:39 ubuntu sshd[2700]: Received disconnect from 100.116.107.5 port 38562:11: disconnected by user
May 05 17:02:39 ubuntu sshd[2700]: Disconnected from user dinosaur 100.116.107.5 port 38562
May 05 17:02:39 ubuntu sshd[2672]: pam_unix(sshd:session): session closed for user dinosaur
May 05 17:02:39 ubuntu systemd[1]: session-7.scope: Deactivated successfully.
May 05 17:02:39 ubuntu systemd-logind[813]: Session 7 logged out. Waiting for processes to exit.
May 05 17:02:39 ubuntu systemd-logind[813]: Removed session 7.
May 05 17:02:53 ubuntu sshd[2703]: Accepted publickey for dinosaur from 100.116.107.5 port 48904 ssh2: ED25519 SHA256:YO2KOg1inJprVznGyyks5GkOaTS+JpoykAMvB5xcRJQ
May 05 17:02:53 ubuntu sshd[2703]: pam_unix(sshd:session): session opened for user dinosaur(uid=1000) by (uid=0)
May 05 17:02:53 ubuntu systemd-logind[813]: New session 8 of user dinosaur.
May 05 17:02:53 ubuntu systemd[1]: Started Session 8 of User dinosaur.
May 05 17:02:54 ubuntu sshd[2731]: Received disconnect from 100.116.107.5 port 48904:11: disconnected by user
May 05 17:02:54 ubuntu sshd[2731]: Disconnected from user dinosaur 100.116.107.5 port 48904
May 05 17:02:54 ubuntu sshd[2703]: pam_unix(sshd:session): session closed for user dinosaur
May 05 17:02:54 ubuntu systemd[1]: session-8.scope: Deactivated successfully.
May 05 17:02:54 ubuntu systemd-logind[813]: Session 8 logged out. Waiting for processes to exit.
May 05 17:02:54 ubuntu systemd-logind[813]: Removed session 8.
May 05 17:03:31 ubuntu tailscaled[888]: magicsock: endpoints changed: 166.171.123.238:30158 (stun), [2620:df:8000:4781:0:2:8168:da46]:41641 (stun), 166.171.123.238:41641 (stun4localport), 10.110.132.84:41641 (local), 172.17.0.1:41641 (local), 192.168.13.10:41641 (local)
May 05 17:03:57 ubuntu tailscaled[888]: magicsock: endpoints changed: 166.171.123.238:57657 (stun), [2620:df:8000:4781:0:2:8168:da46]:41641 (stun), 166.171.123.238:41641 (stun4localport), 166.171.123.238:30158 (stun), 10.110.132.84:41641 (local), 172.17.0.1:41641 (local), 192.168.13.10:41641 (local)
May 05 17:04:02 ubuntu sshd[2735]: Accepted publickey for dinosaur from 100.116.107.5 port 49514 ssh2: ED25519 SHA256:YO2KOg1inJprVznGyyks5GkOaTS+JpoykAMvB5xcRJQ
May 05 17:04:02 ubuntu sshd[2735]: pam_unix(sshd:session): session opened for user dinosaur(uid=1000) by (uid=0)
May 05 17:04:02 ubuntu systemd-logind[813]: New session 9 of user dinosaur.
May 05 17:04:02 ubuntu systemd[1]: Started Session 9 of User dinosaur.
May 05 17:04:05 ubuntu sshd[2763]: Received disconnect from 100.116.107.5 port 49514:11: disconnected by user
May 05 17:04:05 ubuntu sshd[2763]: Disconnected from user dinosaur 100.116.107.5 port 49514
May 05 17:04:05 ubuntu sshd[2735]: pam_unix(sshd:session): session closed for user dinosaur
May 05 17:04:05 ubuntu systemd-logind[813]: Session 9 logged out. Waiting for processes to exit.
May 05 17:05:10 ubuntu systemd[1]: Starting Cleanup of Temporary Directories...
May 05 17:05:10 ubuntu systemd[1]: systemd-tmpfiles-clean.service: Deactivated successfully.
May 05 17:05:10 ubuntu systemd[1]: Finished Cleanup of Temporary Directories.
May 05 17:06:14 ubuntu sshd[2824]: Accepted publickey for dinosaur from 100.116.107.5 port 44542 ssh2: ED25519 SHA256:YO2KOg1inJprVznGyyks5GkOaTS+JpoykAMvB5xcRJQ
May 05 17:06:14 ubuntu sshd[2824]: pam_unix(sshd:session): session opened for user dinosaur(uid=1000) by (uid=0)
May 05 17:06:14 ubuntu systemd-logind[813]: New session 10 of user dinosaur.
