t_rel,L_cmd_rpm,R_cmd_rpm,L_meas_rpm,R_meas_rpm,L_pos_rev,R_pos_rev,v_target,w_target,v_slewed,w_slewed,v_after_imu,w_after_imu,yaw,yaw_rate,heading_locked,estop
0.0,1062.940673828125,1083.4425048828125,291.0,286.0,-75.8595962524414,120.73819732666016,0.40583693981170654,0.009249845519661903,0.35665732622146606,0.009249845519661903,0.35665732622146606,0.009249845519661903,0.0,0.0,0.0,0.0
0.019761704,1127.8111572265625,1138.93310546875,543.0,497.0,-74.66899871826172,121.95230102539062,0.47795557975769043,0.0050179059617221355,0.3766573369503021,0.0050179059617221355,0.3766573369503021,0.0050179059617221355,0.0,0.0,0.0,0.0
0.04000318,1187.99169921875,1199.1136474609375,543.0,497.0,-74.66899871826172,121.95230102539062,0.47795557975769043,0.0050179059617221355,0.3966573476791382,0.0050179059617221355,0.3966573476791382,0.0050179059617221355,0.0,0.0,0.0,0.0
0.060298344,1248.1722412109375,1259.294189453125,543.0,497.0,-74.66899871826172,121.95230102539062,0.47795557975769043,0.0050179059617221355,0.41665732860565186,0.0050179059617221355,0.41665732860565186,0.0050179059617221355,0.0,0.0,0.0,0.0
0.08037002,1310.9803466796875,1316.84716796875,543.0,497.0,-74.66899871826172,121.95230102539062,0.5320444703102112,0.0026469873264431953,0.4366573393344879,0.0026469873264431953,0.4366573393344879,0.0026469873264431953,0.0,0.0,0.0,0.0
0.100591019,1371.160888671875,1377.0277099609375,543.0,497.0,-74.66899871826172,121.95230102539062,0.5320444703102112,0.0026469873264431953,0.4566573202610016,0.0026469873264431953,0.4566573202610016,0.0026469873264431953,0.0,0.0,0.0,0.0
0.120249474,1431.297607421875,1437.2520751953125,760.0,714.0,-73.07360076904297,123.47589874267578,0.5480444431304932,0.0026864924002438784,0.47665733098983765,0.0026864924002438784,0.47665733098983765,0.0026864924002438784,0.0,0.0,0.0,0.0
0.140245768,1491.4781494140625,1497.4326171875,760.0,714.0,-73.07360076904297,123.47589874267578,0.5480444431304932,0.0026864924002438784,0.4966573417186737,0.0026864924002438784,0.4966573417186737,0.0026864924002438784,0.0,0.0,0.0,0.0
0.160202356,1551.65869140625,1557.6131591796875,760.0,714.0,-73.07360076904297,123.47589874267578,0.5480444431304932,0.0026864924002438784,0.5166573524475098,0.0026864924002438784,0.5166573524475098,0.0026864924002438784,0.0,0.0,0.0,0.0
0.180289006,1611.8392333984375,1617.793701171875,760.0,714.0,-73.07360076904297,123.47589874267578,0.5480444431304932,0.0026864924002438784,0.5366573333740234,0.0026864924002438784,0.5366573333740234,0.0026864924002438784,0.0,0.0,0.0,0.0
0.200326159,1646.1033935546875,1652.057861328125,760.0,714.0,-73.07360076904297,123.47589874267578,0.5480444431304932,0.0026864924002438784,0.5480444431304932,0.0026864924002438784,0.5480444431304932,0.0026864924002438784,0.0,0.0,0.0,0.0
0.22045082,1646.1033935546875,1652.057861328125,966.0,960.0,-71.1448974609375,125.35659790039062,0.5480444431304932,0.0026864924002438784,0.5480444431304932,0.0026864924002438784,0.5480444431304932,0.0026864924002438784,0.0,0.0,0.0,0.0
0.240253222,1646.1033935546875,1652.057861328125,966.0,960.0,-71.1448974609375,125.35659790039062,0.5480444431304932,0.0026864924002438784,0.5480444431304932,0.0026864924002438784,0.5480444431304932,0.0026864924002438784,0.0,0.0,0.0,0.0
0.260241357,1646.1033935546875,1652.057861328125,966.0,960.0,-71.1448974609375,125.35659790039062,0.5480444431304932,0.0026864924002438784,0.5480444431304932,0.0026864924002438784,0.5480444431304932,0.0026864924002438784,0.0,0.0,0.0,0.0
0.280224662,1646.1033935546875,1652.057861328125,966.0,960.0,-71.1448974609375,125.35659790039062,0.5480444431304932,0.0026864924002438784,0.5480444431304932,0.0026864924002438784,0.5480444431304932,0.0026864924002438784,0.0,0.0,0.0,0.0
0.300213534,1646.1033935546875,1652.057861328125,966.0,960.0,-71.1448974609375,125.35659790039062,0.5480444431304932,0.0026864924002438784,0.5480444431304932,0.0026864924002438784,0.5480444431304932,0.0026864924002438784,0.0,0.0,0.0,0.0
0.320255998,1646.1033935546875,1652.057861328125,966.0,960.0,-71.1448974609375,125.35659790039062,0.5480444431304932,0.0026864924002438784,0.5480444431304932,0.0026864924002438784,0.5480444431304932,0.0026864924002438784,0.0,0.0,0.0,0.0
0.340229672,1646.1033935546875,1652.057861328125,1137.0,1120.0,-69.12090301513672,127.38020324707031,0.5480444431304932,0.0026864924002438784,0.5480444431304932,0.0026864924002438784,0.5480444431304932,0.0026864924002438784,0.0,0.0,0.0,0.0
0.360255434,1646.1033935546875,1652.057861328125,1137.0,1120.0,-69.12090301513672,127.38020324707031,0.5480444431304932,0.0026864924002438784,0.5480444431304932,0.0026864924002438784,0.5480444431304932,0.0026864924002438784,0.0,0.0,0.0,0.0
0.380288492,1646.1033935546875,1652.057861328125,1137.0,1120.0,-69.12090301513672,127.38020324707031,0.5480444431304932,0.0026864924002438784,0.5480444431304932,0.0026864924002438784,0.5480444431304932,0.0026864924002438784,0.0,0.0,0.0,0.0
0.400233945,1646.1033935546875,1652.057861328125,1137.0,1120.0,-69.12090301513672,127.38020324707031,0.5480444431304932,0.0026864924002438784,0.5480444431304932,0.0026864924002438784,0.5480444431304932,0.0026864924002438784,0.0,0.0,0.0,0.0
0.420225473,1646.1033935546875,1652.057861328125,1137.0,1120.0,-69.12090301513672,127.38020324707031,0.5480444431304932,0.0026864924002438784,0.5480444431304932,0.0026864924002438784,0.5480444431304932,0.0026864924002438784,0.0,0.0,0.0,0.0
0.440187756,1646.1033935546875,1652.057861328125,1149.0,1120.0,-67.40640258789062,128.99899291992188,0.5480444431304932,0.0026864924002438784,0.5480444431304932,0.0026864924002438784,0.5480444431304932,0.0026864924002438784,0.0,0.0,0.0,0.0
0.460186994,1646.1033935546875,1652.057861328125,1149.0,1120.0,-67.40640258789062,128.99899291992188,0.5480444431304932,0.0026864924002438784,0.5480444431304932,0.0026864924002438784,0.5480444431304932,0.0026864924002438784,0.0,0.0,0.0,0.0
0.480246704,1646.1033935546875,1652.057861328125,1149.0,1120.0,-67.40640258789062,128.99899291992188,0.5480444431304932,0.0026864924002438784,0.5480444431304932,0.0026864924002438784,0.5480444431304932,0.0026864924002438784,0.0,0.0,0.0,0.0
0.500215226,1646.1033935546875,1652.057861328125,1149.0,1120.0,-67.40640258789062,128.99899291992188,0.5480444431304932,0.0026864924002438784,0.5480444431304932,0.0026864924002438784,0.5480444431304932,0.0026864924002438784,0.0,0.0,0.0,0.0
0.520406054,1670.421142578125,1676.41943359375,1149.0,1120.0,-67.40640258789062,128.99899291992188,0.5561333298683167,0.002706244820728898,0.5561333298683167,0.002706244820728898,0.5561333298683167,0.002706244820728898,0.0,0.0,0.0,0.0
0.540209831,1670.421142578125,1676.41943359375,1074.0,1040.0,-65.62049865722656,130.66549682617188,0.5561333298683167,0.002706244820728898,0.5561333298683167,0.002706244820728898,0.5561333298683167,0.002706244820728898,0.0,0.0,0.0,0.0
0.560234698,1670.421142578125,1676.41943359375,1074.0,1040.0,-65.62049865722656,130.66549682617188,0.5561333298683167,0.002706244820728898,0.5561333298683167,0.002706244820728898,0.5561333298683167,0.002706244820728898,0.0,0.0,0.0,0.0
0.580266156,1670.421142578125,1676.41943359375,1074.0,1040.0,-65.62049865722656,130.66549682617188,0.5561333298683167,0.002706244820728898,0.5561333298683167,0.002706244820728898,0.5561333298683167,0.002706244820728898,0.0,0.0,0.0,0.0
0.60019254,1670.421142578125,1676.41943359375,1074.0,1040.0,-65.62049865722656,130.66549682617188,0.5561333298683167,0.002706244820728898,0.5561333298683167,0.002706244820728898,0.5561333298683167,0.002706244820728898,0.0,0.0,0.0,0.0
0.620272823,1719.5916748046875,1725.677490234375,1074.0,1040.0,-65.62049865722656,130.66549682617188,0.5724889039993286,0.0027457501273602247,0.5724889039993286,0.0027457501273602247,0.5724889039993286,0.0027457501273602247,0.0,0.0,0.0,0.0
0.640177898,1719.5916748046875,1725.677490234375,1114.0,1034.0,-63.596500396728516,132.6175994873047,0.5724889039993286,0.0027457501273602247,0.5724889039993286,0.0027457501273602247,0.5724889039993286,0.0027457501273602247,0.0,0.0,0.0,0.0
0.660185136,1719.5916748046875,1725.677490234375,1114.0,1034.0,-63.596500396728516,132.6175994873047,0.5724889039993286,0.0027457501273602247,0.5724889039993286,0.0027457501273602247,0.5724889039993286,0.0027457501273602247,0.0,0.0,0.0,0.0
0.680275625,1782.815185546875,1782.815185546875,1114.0,1034.0,-63.596500396728516,132.6175994873047,0.6402666568756104,-0.0,0.5924888849258423,0.0,0.5924888849258423,0.0,0.0,0.0,0.0,0.0
0.700208632,1842.9957275390625,1842.9957275390625,1114.0,1034.0,-63.596500396728516,132.6175994873047,0.6402666568756104,-0.0,0.6124889254570007,0.0,0.6124889254570007,0.0,0.0,0.0,0.0,0.0
0.720266039,1903.17626953125,1903.17626953125,1114.0,1034.0,-63.596500396728516,132.6175994873047,0.6402666568756104,-0.0,0.6324889063835144,0.0,0.6324889063835144,0.0,0.0,0.0,0.0,0.0
0.740242944,1970.4937744140625,1956.2198486328125,1166.0,1137.0,-61.62009811401367,134.5458984375,0.7872889041900635,-0.00643999082967639,0.6524888873100281,-0.00643999082967639,0.6524888873100281,-0.00643999082967639,0.0,0.0,0.0,0.0
0.760207243,2030.67431640625,2016.400390625,1166.0,1137.0,-61.62009811401367,134.5458984375,0.7872889041900635,-0.00643999082967639,0.6724889278411865,-0.00643999082967639,0.6724889278411865,-0.00643999082967639,0.0,0.0,0.0,0.0
0.780235021,2095.212158203125,2072.223388671875,1166.0,1137.0,-61.62009811401367,134.5458984375,0.9075406789779663,-0.010371893644332886,0.6924889087677002,-0.010371893644332886,0.6924889087677002,-0.010371893644332886,0.0,0.0,0.0,0.0
0.800208087,2155.392822265625,2132.404052734375,1166.0,1137.0,-61.62009811401367,134.5458984375,0.9075406789779663,-0.010371893644332886,0.7124888896942139,-0.010371893644332886,0.7124888896942139,-0.010371893644332886,0.0,0.0,0.0,0.0
0.820196063,2216.22998046875,2191.927978515625,1166.0,1137.0,-61.62009811401367,134.5458984375,1.014207363128662,-0.010964403860270977,0.7324889302253723,-0.010964403860270977,0.7324889302253723,-0.010964403860270977,0.0,0.0,0.0,0.0
0.840195589,2276.410400390625,2252.1083984375,1263.0,1240.0,-59.2150993347168,136.831298828125,1.014207363128662,-0.010964403860270977,0.752488911151886,-0.010964403860270977,0.752488911151886,-0.010964403860270977,0.0,0.0,0.0,0.0
0.860223431,2336.591064453125,2312.2890625,1263.0,1240.0,-59.2150993347168,136.831298828125,1.014207363128662,-0.010964403860270977,0.7724888920783997,-0.010964403860270977,0.7724888920783997,-0.010964403860270977,0.0,0.0,0.0,0.0
0.880281829,2401.611572265625,2367.629638671875,1263.0,1240.0,-59.2150993347168,136.831298828125,1.1153777837753296,-0.015331652946770191,0.7924889326095581,-0.015331652946770191,0.7924889326095581,-0.015331652946770191,0.0,0.0,0.0,0.0
0.900218836,2461.7919921875,2427.810302734375,1263.0,1240.0,-59.2150993347168,136.831298828125,1.1153777837753296,-0.015331652946770191,0.8124889135360718,-0.015331652946770191,0.8124889135360718,-0.015331652946770191,0.0,0.0,0.0,0.0
0.920251094,2521.97265625,2487.99072265625,1263.0,1240.0,-59.2150993347168,136.831298828125,1.1153777837753296,-0.015331652946770191,0.8324888944625854,-0.015331652946770191,0.8324888944625854,-0.015331652946770191,0.0,0.0,0.0,0.0
0.940235646,2587.38818359375,2542.936279296875,1469.0,1434.0,-56.21480178833008,139.75950622558594,1.2213777303695679,-0.020055463537573814,0.8524888753890991,-0.020055463537573814,0.8524888753890991,-0.020055463537573814,0.0,0.0,0.0,0.0
0.960208392,2647.568603515625,2603.11669921875,1469.0,1434.0,-56.21480178833008,139.75950622558594,1.2213777303695679,-0.020055463537573814,0.8724889159202576,-0.020055463537573814,0.8724889159202576,-0.020055463537573814,0.0,0.0,0.0,0.0
0.980266214,2717.720703125,2653.325927734375,1469.0,1434.0,-56.21480178833008,139.75950622558594,1.3073923587799072,-0.029053164646029472,0.8924888968467712,-0.029053164646029472,0.8924888968467712,-0.029053164646029472,0.0,0.0,0.0,0.0
1.000181463,2777.9013671875,2713.50634765625,1469.0,1434.0,-56.21480178833008,139.75950622558594,1.3073923587799072,-0.029053164646029472,0.9124888777732849,-0.029053164646029472,0.9124888777732849,-0.029053164646029472,0.0,0.0,0.0,0.0
1.021055265,2843.3876953125,2768.381103515625,1469.0,1434.0,-56.21480178833008,139.75950622558594,1.3578662872314453,-0.033840905874967575,0.9324889183044434,-0.033840905874967575,0.9324889183044434,-0.033840905874967575,0.0,0.0,0.0,0.0
1.040424703,2903.568115234375,2828.5615234375,1800.0,1697.0,-52.97639846801758,142.8780975341797,1.3578662872314453,-0.033840905874967575,0.952488899230957,-0.033840905874967575,0.952488899230957,-0.033840905874967575,0.0,0.0,0.0,0.0
1.060189924,2963.748779296875,2888.7421875,1800.0,1697.0,-52.97639846801758,142.8780975341797,1.3578662872314453,-0.033840905874967575,0.9724888801574707,-0.033840905874967575,0.9724888801574707,-0.033840905874967575,0.0,0.0,0.0,0.0
1.080219589,3028.82177734375,2944.030029296875,1800.0,1697.0,-52.97639846801758,142.8780975341797,1.3708291053771973,-0.03825569525361061,0.9924889206886292,-0.03825569525361061,0.9924889206886292,-0.03825569525361061,0.0,0.0,0.0,0.0
1.100182671,3089.00244140625,3004.210693359375,1800.0,1697.0,-52.97639846801758,142.8780975341797,1.3708291053771973,-0.03825569525361061,1.0124889612197876,-0.03825569525361061,1.0124889612197876,-0.03825569525361061,0.0,0.0,0.0,0.0
1.120201361,3149.182861328125,3064.39111328125,1800.0,1697.0,-52.97639846801758,142.8780975341797,1.3708291053771973,-0.03825569525361061,1.0324889421463013,-0.03825569525361061,1.0324889421463013,-0.03825569525361061,0.0,0.0,0.0,0.0
1.140210133,3214.521240234375,3119.4140625,1971.0,1880.0,-49.452301025390625,146.25869750976562,1.3967103958129883,-0.042909689247608185,1.052488923072815,-0.042909689247608185,1.052488923072815,-0.042909689247608185,0.0,0.0,0.0,0.0
1.160177726,3274.70166015625,3179.594482421875,1971.0,1880.0,-49.452301025390625,146.25869750976562,1.3967103958129883,-0.042909689247608185,1.0724889039993286,-0.042909689247608185,1.0724889039993286,-0.042909689247608185,0.0,0.0,0.0,0.0
1.180201952,3339.8896484375,3234.767578125,1971.0,1880.0,-49.452301025390625,146.25869750976562,1.409909963607788,-0.04742816463112831,1.0924888849258423,-0.04742816463112831,1.0924888849258423,-0.04742816463112831,0.0,0.0,0.0,0.0
1.200164746,3400.0703125,3294.9482421875,1971.0,1880.0,-49.452301025390625,146.25869750976562,1.409909963607788,-0.04742816463112831,1.112488865852356,-0.04742816463112831,1.112488865852356,-0.04742816463112831,0.0,0.0,0.0,0.0
1.22019633,3460.250732421875,3355.128662109375,1971.0,1880.0,-49.452301025390625,146.25869750976562,1.409909963607788,-0.04742816463112831,1.1324888467788696,-0.04742816463112831,1.1324888467788696,-0.04742816463112831,0.0,0.0,0.0,0.0
1.24023121,3520.431396484375,3415.309326171875,2103.0,2029.0,-45.80910110473633,149.80580139160156,1.409909963607788,-0.04742816463112831,1.1524889469146729,-0.04742816463112831,1.1524889469146729,-0.04742816463112831,0.0,0.0,0.0,0.0
1.260185749,3580.61181640625,3475.48974609375,2103.0,2029.0,-45.80910110473633,149.80580139160156,1.409909963607788,-0.04742816463112831,1.1724889278411865,-0.04742816463112831,1.1724889278411865,-0.04742816463112831,0.0,0.0,0.0,0.0
1.28021375,3640.79248046875,3535.67041015625,2103.0,2029.0,-45.80910110473633,149.80580139160156,1.409909963607788,-0.04742816463112831,1.1924889087677002,-0.04742816463112831,1.1924889087677002,-0.04742816463112831,0.0,0.0,0.0,0.0
1.300201245,3700.972900390625,3595.850830078125,2103.0,2029.0,-45.80910110473633,149.80580139160156,1.409909963607788,-0.04742816463112831,1.2124888896942139,-0.04742816463112831,1.2124888896942139,-0.04742816463112831,0.0,0.0,0.0,0.0
1.320223294,3761.153564453125,3656.031494140625,2103.0,2029.0,-45.80910110473633,149.80580139160156,1.409909963607788,-0.04742816463112831,1.2324888706207275,-0.04742816463112831,1.2324888706207275,-0.04742816463112831,0.0,0.0,0.0,0.0
1.340201798,3821.333984375,3716.2119140625,2120.0,2063.0,-42.47570037841797,153.11489868164062,1.409909963607788,-0.04742816463112831,1.2524888515472412,-0.04742816463112831,1.2524888515472412,-0.04742816463112831,0.0,0.0,0.0,0.0
1.36018091,3881.5146484375,3776.392578125,2120.0,2063.0,-42.47570037841797,153.11489868164062,1.409909963607788,-0.04742816463112831,1.2724889516830444,-0.04742816463112831,1.2724889516830444,-0.04742816463112831,0.0,0.0,0.0,0.0
1.38022702,3941.695068359375,3836.572998046875,2120.0,2063.0,-42.47570037841797,153.11489868164062,1.409909963607788,-0.04742816463112831,1.292488932609558,-0.04742816463112831,1.292488932609558,-0.04742816463112831,0.0,0.0,0.0,0.0
1.40022245,4001.875732421875,3896.753662109375,2120.0,2063.0,-42.47570037841797,153.11489868164062,1.409909963607788,-0.04742816463112831,1.3124889135360718,-0.04742816463112831,1.3124889135360718,-0.04742816463112831,0.0,0.0,0.0,0.0
1.420205497,4062.05615234375,3956.93408203125,2120.0,2063.0,-42.47570037841797,153.11489868164062,1.409909963607788,-0.04742816463112831,1.3324888944625854,-0.04742816463112831,1.3324888944625854,-0.04742816463112831,0.0,0.0,0.0,0.0
1.440209469,4122.23681640625,4017.11474609375,2051.0,2000.0,-39.07099914550781,156.32879638671875,1.409909963607788,-0.04742816463112831,1.3524888753890991,-0.04742816463112831,1.3524888753890991,-0.04742816463112831,0.0,0.0,0.0,0.0
1.460168872,4182.41748046875,4077.295166015625,2051.0,2000.0,-39.07099914550781,156.32879638671875,1.409909963607788,-0.04742816463112831,1.3724888563156128,-0.04742816463112831,1.3724888563156128,-0.04742816463112831,0.0,0.0,0.0,0.0
1.480224997,4242.59765625,4137.4755859375,2051.0,2000.0,-39.07099914550781,156.32879638671875,1.409909963607788,-0.04742816463112831,1.392488956451416,-0.04742816463112831,1.392488956451416,-0.04742816463112831,0.0,0.0,0.0,0.0
1.500213483,4295.0185546875,4189.89599609375,2051.0,2000.0,-39.07099914550781,156.32879638671875,1.409909963607788,-0.04742816463112831,1.409909963607788,-0.04742816463112831,1.409909963607788,-0.04742816463112831,0.0,0.0,0.0,0.0
1.520243788,4295.0185546875,4189.89599609375,2051.0,2000.0,-39.07099914550781,156.32879638671875,1.409909963607788,-0.04742816463112831,1.409909963607788,-0.04742816463112831,1.409909963607788,-0.04742816463112831,0.0,0.0,0.0,0.0
1.540208758,4295.0185546875,4189.89599609375,2074.0,1994.0,-35.499698638916016,159.80450439453125,1.409909963607788,-0.04742816463112831,1.409909963607788,-0.04742816463112831,1.409909963607788,-0.04742816463112831,0.0,0.0,0.0,0.0
1.560167936,4295.0185546875,4189.89599609375,2074.0,1994.0,-35.499698638916016,159.80450439453125,1.409909963607788,-0.04742816463112831,1.409909963607788,-0.04742816463112831,1.409909963607788,-0.04742816463112831,0.0,0.0,0.0,0.0
1.580805675,4334.22021484375,4228.6171875,2074.0,1994.0,-35.499698638916016,159.80450439453125,1.4228581190109253,-0.04764517396688461,1.4228581190109253,-0.04764517396688461,1.4228581190109253,-0.04764517396688461,0.0,0.0,0.0,0.0
1.600187975,4334.22021484375,4228.6171875,2074.0,1994.0,-35.499698638916016,159.80450439453125,1.4228581190109253,-0.04764517396688461,1.4228581190109253,-0.04764517396688461,1.4228581190109253,-0.04764517396688461,0.0,0.0,0.0,0.0
1.620234981,4334.22021484375,4228.6171875,2074.0,1994.0,-35.499698638916016,159.80450439453125,1.4228581190109253,-0.04764517396688461,1.4228581190109253,-0.04764517396688461,1.4228581190109253,-0.04764517396688461,0.0,0.0,0.0,0.0
1.640241385,4373.60009765625,4267.51611328125,2097.0,2023.0,-32.047298431396484,163.18499755859375,1.4358655214309692,-0.047862183302640915,1.4358655214309692,-0.047862183302640915,1.4358655214309692,-0.047862183302640915,0.0,0.0,0.0,0.0
1.660187478,4373.60009765625,4267.51611328125,2097.0,2023.0,-32.047298431396484,163.18499755859375,1.4358655214309692,-0.047862183302640915,1.4358655214309692,-0.047862183302640915,1.4358655214309692,-0.047862183302640915,0.0,0.0,0.0,0.0
1.680295979,4373.60009765625,4267.51611328125,2097.0,2023.0,-32.047298431396484,163.18499755859375,1.4358655214309692,-0.047862183302640915,1.4358655214309692,-0.047862183302640915,1.4358655214309692,-0.047862183302640915,0.0,0.0,0.0,0.0
1.700218331,4434.26171875,4327.2158203125,2097.0,2023.0,-32.047298431396484,163.18499755859375,1.462058186531067,-0.04829621687531471,1.455865502357483,-0.04829621687531471,1.455865502357483,-0.04829621687531471,0.0,0.0,0.0,0.0
1.72018826,4452.8955078125,4345.849609375,2097.0,2023.0,-32.047298431396484,163.18499755859375,1.462058186531067,-0.04829621687531471,1.462058186531067,-0.04829621687531471,1.462058186531067,-0.04829621687531471,0.0,0.0,0.0,0.0
1.740224452,4513.19287109375,4405.91357421875,2074.0,2040.0,-28.666400909423828,166.5417022705078,1.4982420206069946,-0.0484013557434082,1.4820581674575806,-0.0484013557434082,1.4820581674575806,-0.0484013557434082,0.0,0.0,0.0,0.0
1.760232007,4561.89013671875,4454.611328125,2074.0,2040.0,-28.666400909423828,166.5417022705078,1.4982420206069946,-0.0484013557434082,1.4982420206069946,-0.0484013557434082,1.4982420206069946,-0.0484013557434082,0.0,0.0,0.0,0.0
1.780229645,4561.89013671875,4454.611328125,2074.0,2040.0,-28.666400909423828,166.5417022705078,1.4982420206069946,-0.0484013557434082,1.4982420206069946,-0.0484013557434082,1.4982420206069946,-0.0484013557434082,0.0,0.0,0.0,0.0
1.800259821,4564.375,4450.85986328125,2074.0,2040.0,-28.666400909423828,166.5417022705078,1.498031497001648,-0.05121475085616112,1.498031497001648,-0.05121475085616112,1.498031497001648,-0.05121475085616112,0.0,0.0,0.0,0.0
1.820219448,4564.375,4450.85986328125,2074.0,2040.0,-28.666400909423828,166.5417022705078,1.498031497001648,-0.05121475085616112,1.498031497001648,-0.05121475085616112,1.498031497001648,-0.05121475085616112,0.0,0.0,0.0,0.0
1.840240857,4566.875,4446.99267578125,2063.0,2023.0,-25.166500091552734,169.89840698242188,1.4978044033050537,-0.054087378084659576,1.4978044033050537,-0.054087378084659576,1.4978044033050537,-0.054087378084659576,0.0,0.0,0.0,0.0
1.860220865,4566.875,4446.99267578125,2063.0,2023.0,-25.166500091552734,169.89840698242188,1.4978044033050537,-0.054087378084659576,1.4978044033050537,-0.054087378084659576,1.4978044033050537,-0.054087378084659576,0.0,0.0,0.0,0.0
1.880244195,4566.875,4446.99267578125,2063.0,2023.0,-25.166500091552734,169.89840698242188,1.4978044033050537,-0.054087378084659576,1.4978044033050537,-0.054087378084659576,1.4978044033050537,-0.054087378084659576,0.0,0.0,0.0,0.0
1.90022401,4565.73486328125,4448.7685546875,2063.0,2023.0,-25.166500091552734,169.89840698242188,1.4979099035263062,-0.05277189239859581,1.4979099035263062,-0.05277189239859581,1.4979099035263062,-0.05277189239859581,0.0,0.0,0.0,0.0
1.92023019,4565.73486328125,4448.7685546875,2063.0,2023.0,-25.166500091552734,169.89840698242188,1.4979099035263062,-0.05277189239859581,1.4979099035263062,-0.05277189239859581,1.4979099035263062,-0.05277189239859581,0.0,0.0,0.0,0.0
1.940204119,4565.18212890625,4449.62109375,2086.0,2006.0,-21.690399169921875,173.25509643554688,1.497959852218628,-0.0521378256380558,1.497959852218628,-0.0521378256380558,1.497959852218628,-0.0521378256380558,0.0,0.0,0.0,0.0
1.960200988,4565.18212890625,4449.62109375,2086.0,2006.0,-21.690399169921875,173.25509643554688,1.497959852218628,-0.0521378256380558,1.497959852218628,-0.0521378256380558,1.497959852218628,-0.0521378256380558,0.0,0.0,0.0,0.0
1.980131978,4565.18212890625,4449.62109375,2086.0,2006.0,-21.690399169921875,173.25509643554688,1.497959852218628,-0.0521378256380558,1.497959852218628,-0.0521378256380558,1.497959852218628,-0.0521378256380558,0.0,0.0,0.0,0.0
2.000420038,4564.8203125,4450.177734375,2086.0,2006.0,-21.690399169921875,173.25509643554688,1.4979921579360962,-0.051723502576351166,1.4979921579360962,-0.051723502576351166,1.4979921579360962,-0.051723502576351166,0.0,0.0,0.0,0.0
2.020515004,4564.8203125,4450.177734375,2086.0,2006.0,-21.690399169921875,173.25509643554688,1.4979921579360962,-0.051723502576351166,1.4979921579360962,-0.051723502576351166,1.4979921579360962,-0.051723502576351166,0.0,0.0,0.0,0.0
2.040203084,4564.46337890625,4450.724609375,2086.0,2029.0,-18.261899948120117,176.6833038330078,1.4980237483978271,-0.05131569877266884,1.4980237483978271,-0.05131569877266884,1.4980237483978271,-0.05131569877266884,0.0,0.0,0.0,0.0
2.060169236,4564.46337890625,4450.724609375,2086.0,2029.0,-18.261899948120117,176.6833038330078,1.4980237483978271,-0.05131569877266884,1.4980237483978271,-0.05131569877266884,1.4980237483978271,-0.05131569877266884,0.0,0.0,0.0,0.0
2.08020581,4564.46337890625,4450.724609375,2086.0,2029.0,-18.261899948120117,176.6833038330078,1.4980237483978271,-0.05131569877266884,1.4980237483978271,-0.05131569877266884,1.4980237483978271,-0.05131569877266884,0.0,0.0,0.0,0.0
2.100389308,4563.763671875,4451.79052734375,2086.0,2029.0,-18.261899948120117,176.6833038330078,1.4980846643447876,-0.05051906779408455,1.4980846643447876,-0.05051906779408455,1.4980846643447876,-0.05051906779408455,0.0,0.0,0.0,0.0
2.120203098,4563.763671875,4451.79052734375,2086.0,2029.0,-18.261899948120117,176.6833038330078,1.4980846643447876,-0.05051906779408455,1.4980846643447876,-0.05051906779408455,1.4980846643447876,-0.05051906779408455,0.0,0.0,0.0,0.0
2.140189631,4562.583984375,4453.57275390625,2063.0,2023.0,-14.809499740600586,179.96859741210938,1.4981846809387207,-0.04918283224105835,1.4981846809387207,-0.04918283224105835,1.4981846809387207,-0.04918283224105835,0.0,0.0,0.0,0.0
2.160188771,4562.583984375,4453.57275390625,2063.0,2023.0,-14.809499740600586,179.96859741210938,1.4981846809387207,-0.04918283224105835,1.4981846809387207,-0.04918283224105835,1.4981846809387207,-0.04918283224105835,0.0,0.0,0.0,0.0
2.180234336,4562.583984375,4453.57275390625,2063.0,2023.0,-14.809499740600586,179.96859741210938,1.4981846809387207,-0.04918283224105835,1.4981846809387207,-0.04918283224105835,1.4981846809387207,-0.04918283224105835,0.0,0.0,0.0,0.0
2.200414378,4561.45751953125,4455.25537109375,2063.0,2023.0,-14.809499740600586,179.96859741210938,1.498277187347412,-0.04791538044810295,1.498277187347412,-0.04791538044810295,1.498277187347412,-0.04791538044810295,0.0,0.0,0.0,0.0
2.220401968,4561.45751953125,4455.25537109375,2063.0,2023.0,-14.809499740600586,179.96859741210938,1.498277187347412,-0.04791538044810295,1.498277187347412,-0.04791538044810295,1.498277187347412,-0.04791538044810295,0.0,0.0,0.0,0.0
2.240166004,4560.68310546875,4456.40087890625,2069.0,2017.0,-11.357199668884277,183.34910583496094,1.4983388185501099,-0.04704928770661354,1.4983388185501099,-0.04704928770661354,1.4983388185501099,-0.04704928770661354,0.0,0.0,0.0,0.0
2.260179958,4560.68310546875,4456.40087890625,2069.0,2017.0,-11.357199668884277,183.34910583496094,1.4983388185501099,-0.04704928770661354,1.4983388185501099,-0.04704928770661354,1.4983388185501099,-0.04704928770661354,0.0,0.0,0.0,0.0
2.280238833,4560.68310546875,4456.40087890625,2069.0,2017.0,-11.357199668884277,183.34910583496094,1.4983388185501099,-0.04704928770661354,1.4983388185501099,-0.04704928770661354,1.4983388185501099,-0.04704928770661354,0.0,0.0,0.0,0.0
2.300406493,4560.08154296875,4457.2861328125,2069.0,2017.0,-11.357199668884277,183.34910583496094,1.4983859062194824,-0.04637861251831055,1.4983859062194824,-0.04637861251831055,1.4983859062194824,-0.04637861251831055,0.0,0.0,0.0,0.0
2.320391075,4560.08154296875,4457.2861328125,2069.0,2017.0,-11.357199668884277,183.34910583496094,1.4983859062194824,-0.04637861251831055,1.4983859062194824,-0.04637861251831055,1.4983859062194824,-0.04637861251831055,0.0,0.0,0.0,0.0
2.340177828,4559.64013671875,4457.931640625,2074.0,2023.0,-7.904799938201904,186.77720642089844,1.4984198808670044,-0.04588800668716431,1.4984198808670044,-0.04588800668716431,1.4984198808670044,-0.04588800668716431,0.0,0.0,0.0,0.0
2.360153995,4559.64013671875,4457.931640625,2074.0,2023.0,-7.904799938201904,186.77720642089844,1.4984198808670044,-0.04588800668716431,1.4984198808670044,-0.04588800668716431,1.4984198808670044,-0.04588800668716431,0.0,0.0,0.0,0.0
2.380181835,4559.64013671875,4457.931640625,2074.0,2023.0,-7.904799938201904,186.77720642089844,1.4984198808670044,-0.04588800668716431,1.4984198808670044,-0.04588800668716431,1.4984198808670044,-0.04588800668716431,0.0,0.0,0.0,0.0
2.400417453,4568.39599609375,4444.59228515625,2074.0,2023.0,-7.904799938201904,186.77720642089844,1.497658133506775,-0.05585671588778496,1.497658133506775,-0.05585671588778496,1.497658133506775,-0.05585671588778496,0.0,0.0,0.0,0.0
2.420395252,4568.39599609375,4444.59228515625,2074.0,2023.0,-7.904799938201904,186.77720642089844,1.497658133506775,-0.05585671588778496,1.497658133506775,-0.05585671588778496,1.497658133506775,-0.05585671588778496,0.0,0.0,0.0,0.0
2.440173207,4573.7021484375,4435.92041015625,2074.0,2029.0,-4.428599834442139,190.110107421875,1.4970990419387817,-0.062163278460502625,1.4970990419387817,-0.062163278460502625,1.4970990419387817,-0.062163278460502625,0.0,0.0,0.0,0.0
2.46015942,4573.7021484375,4435.92041015625,2074.0,2029.0,-4.428599834442139,190.110107421875,1.4970990419387817,-0.062163278460502625,1.4970990419387817,-0.062163278460502625,1.4970990419387817,-0.062163278460502625,0.0,0.0,0.0,0.0
2.480177117,4573.7021484375,4435.92041015625,2074.0,2029.0,-4.428599834442139,190.110107421875,1.4970990419387817,-0.062163278460502625,1.4970990419387817,-0.062163278460502625,1.4970990419387817,-0.062163278460502625,0.0,0.0,0.0,0.0
2.500420863,4584.044921875,4417.52392578125,2074.0,2029.0,-4.428599834442139,190.110107421875,1.4957606792449951,-0.07512953132390976,1.4957606792449951,-0.07512953132390976,1.4957606792449951,-0.07512953132390976,0.0,0.0,0.0,0.0
2.520408996,4584.044921875,4417.52392578125,2074.0,2029.0,-4.428599834442139,190.110107421875,1.4957606792449951,-0.07512953132390976,1.4957606792449951,-0.07512953132390976,1.4957606792449951,-0.07512953132390976,0.0,0.0,0.0,0.0
2.540253149,4588.74365234375,4408.4091796875,2080.0,2017.0,-0.9761999845504761,193.4429931640625,1.49502694606781,-0.08136200904846191,1.49502694606781,-0.08136200904846191,1.49502694606781,-0.08136200904846191,0.0,0.0,0.0,0.0
2.560163309,4588.74365234375,4408.4091796875,2080.0,2017.0,-0.9761999845504761,193.4429931640625,1.49502694606781,-0.08136200904846191,1.49502694606781,-0.08136200904846191,1.49502694606781,-0.08136200904846191,0.0,0.0,0.0,0.0
2.580211946,4588.74365234375,4408.4091796875,2080.0,2017.0,-0.9761999845504761,193.4429931640625,1.49502694606781,-0.08136200904846191,1.49502694606781,-0.08136200904846191,1.49502694606781,-0.08136200904846191,0.0,0.0,0.0,0.0
2.60045294,4593.40869140625,4398.81494140625,2080.0,2017.0,-0.9761999845504761,193.4429931640625,1.494207739830017,-0.08779525756835938,1.494207739830017,-0.08779525756835938,1.494207739830017,-0.08779525756835938,0.0,0.0,0.0,0.0
2.620239757,4593.40869140625,4398.81494140625,2080.0,2017.0,-0.9761999845504761,193.4429931640625,1.494207739830017,-0.08779525756835938,1.494207739830017,-0.08779525756835938,1.494207739830017,-0.08779525756835938,0.0,0.0,0.0,0.0
2.640360352,4593.40869140625,4398.81494140625,2080.0,2006.0,2.4762001037597656,196.82350158691406,1.494207739830017,-0.08779525756835938,1.494207739830017,-0.08779525756835938,1.494207739830017,-0.08779525756835938,0.0,0.0,0.0,0.0
2.660611744,4598.06298828125,4388.62939453125,2080.0,2006.0,2.4762001037597656,196.82350158691406,1.4932886362075806,-0.09449058026075363,1.4932886362075806,-0.09449058026075363,1.4932886362075806,-0.09449058026075363,0.0,0.0,0.0,0.0
2.680298,4598.06298828125,4388.62939453125,2080.0,2006.0,2.4762001037597656,196.82350158691406,1.4932886362075806,-0.09449058026075363,1.4932886362075806,-0.09449058026075363,1.4932886362075806,-0.09449058026075363,0.0,0.0,0.0,0.0
2.70022019,4602.28369140625,4378.78857421875,2080.0,2006.0,2.4762001037597656,196.82350158691406,1.4923548698425293,-0.10083477944135666,1.4923548698425293,-0.10083477944135666,1.4923548698425293,-0.10083477944135666,0.0,0.0,0.0,0.0
2.720184423,4602.28369140625,4378.78857421875,2080.0,2006.0,2.4762001037597656,196.82350158691406,1.4923548698425293,-0.10083477944135666,1.4923548698425293,-0.10083477944135666,1.4923548698425293,-0.10083477944135666,0.0,0.0,0.0,0.0
2.74049747,4602.28369140625,4378.78857421875,2074.0,2023.0,5.952400207519531,200.18020629882812,1.4923548698425293,-0.10083477944135666,1.4923548698425293,-0.10083477944135666,1.4923548698425293,-0.10083477944135666,0.0,0.0,0.0,0.0
2.760231367,4606.28564453125,4368.8505859375,2074.0,2023.0,5.952400207519531,200.18020629882812,1.4913685321807861,-0.10712411254644394,1.4913685321807861,-0.10712411254644394,1.4913685321807861,-0.10712411254644394,0.0,0.0,0.0,0.0
2.780211982,4606.28564453125,4368.8505859375,2074.0,2023.0,5.952400207519531,200.18020629882812,1.4913685321807861,-0.10712411254644394,1.4913685321807861,-0.10712411254644394,1.4913685321807861,-0.10712411254644394,0.0,0.0,0.0,0.0
2.800426995,4608.3173828125,4363.5517578125,2074.0,2023.0,5.952400207519531,200.18020629882812,1.4908256530761719,-0.11043152958154678,1.4908256530761719,-0.11043152958154678,1.4908256530761719,-0.11043152958154678,0.0,0.0,0.0,0.0
2.820395547,4608.3173828125,4363.5517578125,2074.0,2023.0,5.952400207519531,200.18020629882812,1.4908256530761719,-0.11043152958154678,1.4908256530761719,-0.11043152958154678,1.4908256530761719,-0.11043152958154678,0.0,0.0,0.0,0.0
2.84025877,4610.07373046875,4358.8203125,2074.0,2017.0,9.380999565124512,203.53689575195312,1.4903312921524048,-0.1133585274219513,1.4903312921524048,-0.1133585274219513,1.4903312921524048,-0.1133585274219513,0.0,0.0,0.0,0.0
2.860248375,4610.07373046875,4358.8203125,2074.0,2017.0,9.380999565124512,203.53689575195312,1.4903312921524048,-0.1133585274219513,1.4903312921524048,-0.1133585274219513,1.4903312921524048,-0.1133585274219513,0.0,0.0,0.0,0.0
2.880411363,4610.07373046875,4358.8203125,2074.0,2017.0,9.380999565124512,203.53689575195312,1.4903312921524048,-0.1133585274219513,1.4903312921524048,-0.1133585274219513,1.4903312921524048,-0.1133585274219513,0.0,0.0,0.0,0.0
2.900235104,4612.00048828125,4353.4560546875,2074.0,2017.0,9.380999565124512,203.53689575195312,1.4897600412368774,-0.1166478767991066,1.4897600412368774,-0.1166478767991066,1.4897600412368774,-0.1166478767991066,0.0,0.0,0.0,0.0
2.920197385,4612.00048828125,4353.4560546875,2074.0,2017.0,9.380999565124512,203.53689575195312,1.4897600412368774,-0.1166478767991066,1.4897600412368774,-0.1166478767991066,1.4897600412368774,-0.1166478767991066,0.0,0.0,0.0,0.0
2.940152978,4612.00048828125,4353.4560546875,2074.0,2034.0,12.833399772644043,206.98880004882812,1.4897600412368774,-0.1166478767991066,1.4897600412368774,-0.1166478767991066,1.4897600412368774,-0.1166478767991066,0.0,0.0,0.0,0.0
2.960528033,4613.65185546875,4348.70166015625,2074.0,2034.0,12.833399772644043,206.98880004882812,1.4892444610595703,-0.11953801661729813,1.4892444610595703,-0.11953801661729813,1.4892444610595703,-0.11953801661729813,0.0,0.0,0.0,0.0
2.980249548,4613.65185546875,4348.70166015625,2074.0,2034.0,12.833399772644043,206.98880004882812,1.4892444610595703,-0.11953801661729813,1.4892444610595703,-0.11953801661729813,1.4892444610595703,-0.11953801661729813,0.0,0.0,0.0,0.0
3.000316741,4615.474609375,4343.2744140625,2074.0,2034.0,12.833399772644043,206.98880004882812,1.4886455535888672,-0.12280910462141037,1.4886455535888672,-0.12280910462141037,1.4886455535888672,-0.12280910462141037,0.0,0.0,0.0,0.0
3.020326566,4615.474609375,4343.2744140625,2074.0,2034.0,12.833399772644043,206.98880004882812,1.4886455535888672,-0.12280910462141037,1.4886455535888672,-0.12280910462141037,1.4886455535888672,-0.12280910462141037,0.0,0.0,0.0,0.0
3.040409853,4615.474609375,4343.2744140625,2074.0,2023.0,16.309499740600586,210.2978973388672,1.4886455535888672,-0.12280910462141037,1.4886455535888672,-0.12280910462141037,1.4886455535888672,-0.12280910462141037,0.0,0.0,0.0,0.0
3.060260212,4617.24560546875,4337.80419921875,2074.0,2023.0,16.309499740600586,210.2978973388672,1.4880307912826538,-0.12607619166374207,1.4880307912826538,-0.12607619166374207,1.4880307912826538,-0.12607619166374207,0.0,0.0,0.0,0.0
3.080205374,4617.24560546875,4337.80419921875,2074.0,2023.0,16.309499740600586,210.2978973388672,1.4880307912826538,-0.12607619166374207,1.4880307912826538,-0.12607619166374207,1.4880307912826538,-0.12607619166374207,0.0,0.0,0.0,0.0
3.100631332,4618.96533203125,4332.2919921875,2074.0,2023.0,16.309499740600586,210.2978973388672,1.4874005317687988,-0.12933918833732605,1.4874005317687988,-0.12933918833732605,1.4874005317687988,-0.12933918833732605,0.0,0.0,0.0,0.0
3.120218113,4618.96533203125,4332.2919921875,2074.0,2023.0,16.309499740600586,210.2978973388672,1.4874005317687988,-0.12933918833732605,1.4874005317687988,-0.12933918833732605,1.4874005317687988,-0.12933918833732605,0.0,0.0,0.0,0.0
3.140173609,4618.96533203125,4332.2919921875,2080.0,2017.0,19.76180076599121,213.63079833984375,1.4874005317687988,-0.12933918833732605,1.4874005317687988,-0.12933918833732605,1.4874005317687988,-0.12933918833732605,0.0,0.0,0.0,0.0
3.16021191,4620.63427734375,4326.7373046875,2080.0,2017.0,19.76180076599121,213.63079833984375,1.4867548942565918,-0.13259798288345337,1.4867548942565918,-0.13259798288345337,1.4867548942565918,-0.13259798288345337,0.0,0.0,0.0,0.0
3.180188972,4620.63427734375,4326.7373046875,2080.0,2017.0,19.76180076599121,213.63079833984375,1.4867548942565918,-0.13259798288345337,1.4867548942565918,-0.13259798288345337,1.4867548942565918,-0.13259798288345337,0.0,0.0,0.0,0.0
3.200201164,4622.2509765625,4321.14111328125,2080.0,2017.0,19.76180076599121,213.63079833984375,1.4860936403274536,-0.13585248589515686,1.4860936403274536,-0.13585248589515686,1.4860936403274536,-0.13585248589515686,0.0,0.0,0.0,0.0
3.220198735,4622.2509765625,4321.14111328125,2080.0,2017.0,19.76180076599121,213.63079833984375,1.4860936403274536,-0.13585248589515686,1.4860936403274536,-0.13585248589515686,1.4860936403274536,-0.13585248589515686,0.0,0.0,0.0,0.0
3.240165846,4622.2509765625,4321.14111328125,2080.0,2017.0,23.21419906616211,217.0590057373047,1.4860936403274536,-0.13585248589515686,1.4860936403274536,-0.13585248589515686,1.4860936403274536,-0.13585248589515686,0.0,0.0,0.0,0.0
3.260233871,4622.033203125,4321.908203125,2080.0,2017.0,23.21419906616211,217.0590057373047,1.4861849546432495,-0.135407954454422,1.4861849546432495,-0.135407954454422,1.4861849546432495,-0.135407954454422,0.0,0.0,0.0,0.0
3.280203669,4622.033203125,4321.908203125,2080.0,2017.0,23.21419906616211,217.0590057373047,1.4861849546432495,-0.135407954454422,1.4861849546432495,-0.135407954454422,1.4861849546432495,-0.135407954454422,0.0,0.0,0.0,0.0
3.300383006,4623.6005859375,4316.29443359375,2080.0,2017.0,23.21419906616211,217.0590057373047,1.485512614250183,-0.13864783942699432,1.485512614250183,-0.13864783942699432,1.485512614250183,-0.13864783942699432,0.0,0.0,0.0,0.0
3.320190715,4623.6005859375,4316.29443359375,2080.0,2017.0,23.21419906616211,217.0590057373047,1.485512614250183,-0.13864783942699432,1.485512614250183,-0.13864783942699432,1.485512614250183,-0.13864783942699432,0.0,0.0,0.0,0.0
3.340158786,4623.6005859375,4316.29443359375,2074.0,2011.0,26.666500091552734,220.36810302734375,1.485512614250183,-0.13864783942699432,1.485512614250183,-0.13864783942699432,1.485512614250183,-0.13864783942699432,0.0,0.0,0.0,0.0
3.360190144,4625.11767578125,4310.640625,2074.0,2011.0,26.666500091552734,220.36810302734375,1.4848251342773438,-0.14188328385353088,1.4848251342773438,-0.14188328385353088,1.4848251342773438,-0.14188328385353088,0.0,0.0,0.0,0.0
3.380186019,4625.11767578125,4310.640625,2074.0,2011.0,26.666500091552734,220.36810302734375,1.4848251342773438,-0.14188328385353088,1.4848251342773438,-0.14188328385353088,1.4848251342773438,-0.14188328385353088,0.0,0.0,0.0,0.0
3.400576622,4625.11767578125,4310.640625,2074.0,2011.0,26.666500091552734,220.36810302734375,1.4848251342773438,-0.14188328385353088,1.4848251342773438,-0.14188328385353088,1.4848251342773438,-0.14188328385353088,0.0,0.0,0.0,0.0
3.420249215,4629.36376953125,4293.43408203125,2074.0,2011.0,26.666500091552734,220.36810302734375,1.4826716184616089,-0.15156199038028717,1.4826716184616089,-0.15156199038028717,1.4826716184616089,-0.15156199038028717,0.0,0.0,0.0,0.0
3.440173484,4629.36376953125,4293.43408203125,2063.0,2029.0,30.094999313354492,223.79620361328125,1.4826716184616089,-0.15156199038028717,1.4826716184616089,-0.15156199038028717,1.4826716184616089,-0.15156199038028717,0.0,0.0,0.0,0.0
3.460234213,4631.9423828125,4281.7646484375,2063.0,2029.0,30.094999313354492,223.79620361328125,1.4811609983444214,-0.157990500330925,1.4811609983444214,-0.157990500330925,1.4811609983444214,-0.157990500330925,0.0,0.0,0.0,0.0
3.480215594,4631.9423828125,4281.7646484375,2063.0,2029.0,30.094999313354492,223.79620361328125,1.4811609983444214,-0.157990500330925,1.4811609983444214,-0.157990500330925,1.4811609983444214,-0.157990500330925,0.0,0.0,0.0,0.0
3.500636017,4631.9423828125,4281.7646484375,2063.0,2029.0,30.094999313354492,223.79620361328125,1.4811609983444214,-0.157990500330925,1.4811609983444214,-0.157990500330925,1.4811609983444214,-0.157990500330925,0.0,0.0,0.0,0.0
3.520187091,4635.43359375,4263.966796875,2063.0,2029.0,30.094999313354492,223.79620361328125,1.4787837266921997,-0.1675954908132553,1.4787837266921997,-0.1675954908132553,1.4787837266921997,-0.1675954908132553,0.0,0.0,0.0,0.0
3.540150618,4635.43359375,4263.966796875,2069.0,2017.0,33.57109832763672,227.1291046142578,1.4787837266921997,-0.1675954908132553,1.4787837266921997,-0.1675954908132553,1.4787837266921997,-0.1675954908132553,0.0,0.0,0.0,0.0
3.56022373,4636.49755859375,4257.95751953125,2069.0,2017.0,33.57109832763672,227.1291046142578,1.4779620170593262,-0.17078672349452972,1.4779620170593262,-0.17078672349452972,1.4779620170593262,-0.17078672349452972,0.0,0.0,0.0,0.0
3.58021119,4636.49755859375,4257.95751953125,2069.0,2017.0,33.57109832763672,227.1291046142578,1.4779620170593262,-0.17078672349452972,1.4779620170593262,-0.17078672349452972,1.4779620170593262,-0.17078672349452972,0.0,0.0,0.0,0.0
3.600687286,4636.49755859375,4257.95751953125,2069.0,2017.0,33.57109832763672,227.1291046142578,1.4779620170593262,-0.17078672349452972,1.4779620170593262,-0.17078672349452972,1.4779620170593262,-0.17078672349452972,0.0,0.0,0.0,0.0
3.620227928,4637.33740234375,4252.978515625,2069.0,2017.0,33.57109832763672,227.1291046142578,1.4772740602493286,-0.1734120100736618,1.4772740602493286,-0.1734120100736618,1.4772740602493286,-0.1734120100736618,0.0,0.0,0.0,0.0
3.640191488,4637.33740234375,4252.978515625,2074.0,2029.0,37.02349853515625,230.4857940673828,1.4772740602493286,-0.1734120100736618,1.4772740602493286,-0.1734120100736618,1.4772740602493286,-0.1734120100736618,0.0,0.0,0.0,0.0
3.6602064,4638.30712890625,4246.92041015625,2074.0,2029.0,37.02349853515625,230.4857940673828,1.4764286279678345,-0.17658282816410065,1.4764286279678345,-0.17658282816410065,1.4764286279678345,-0.17658282816410065,0.0,0.0,0.0,0.0
3.680339888,4638.30712890625,4246.92041015625,2074.0,2029.0,37.02349853515625,230.4857940673828,1.4764286279678345,-0.17658282816410065,1.4764286279678345,-0.17658282816410065,1.4764286279678345,-0.17658282816410065,0.0,0.0,0.0,0.0
3.70045133,4638.30712890625,4246.92041015625,2074.0,2029.0,37.02349853515625,230.4857940673828,1.4764286279678345,-0.17658282816410065,1.4764286279678345,-0.17658282816410065,1.4764286279678345,-0.17658282816410065,0.0,0.0,0.0,0.0
3.720184106,4638.30712890625,4246.92041015625,2074.0,2029.0,37.02349853515625,230.4857940673828,1.4764286279678345,-0.17658282816410065,1.4764286279678345,-0.17658282816410065,1.4764286279678345,-0.17658282816410065,0.0,0.0,0.0,0.0
3.740157168,4638.30712890625,4246.92041015625,2074.0,2006.0,40.475799560546875,233.81869506835938,1.4764286279678345,-0.17658282816410065,1.4764286279678345,-0.17658282816410065,1.4764286279678345,-0.17658282816410065,0.0,0.0,0.0,0.0
3.760218186,4638.1376953125,4248.00634765625,2074.0,2006.0,40.475799560546875,233.81869506835938,1.4765808582305908,-0.17601627111434937,1.4765808582305908,-0.17601627111434937,1.4765808582305908,-0.17601627111434937,0.0,0.0,0.0,0.0
3.780192528,4638.1376953125,4248.00634765625,2074.0,2006.0,40.475799560546875,233.81869506835938,1.4765808582305908,-0.17601627111434937,1.4765808582305908,-0.17601627111434937,1.4765808582305908,-0.17601627111434937,0.0,0.0,0.0,0.0
3.800654481,4638.1376953125,4248.00634765625,2074.0,2006.0,40.475799560546875,233.81869506835938,1.4765808582305908,-0.17601627111434937,1.4765808582305908,-0.17601627111434937,1.4765808582305908,-0.17601627111434937,0.0,0.0,0.0,0.0
3.820388857,4638.1376953125,4248.00634765625,2074.0,2006.0,40.475799560546875,233.81869506835938,1.4765808582305908,-0.17601627111434937,1.4765808582305908,-0.17601627111434937,1.4765808582305908,-0.17601627111434937,0.0,0.0,0.0,0.0
3.840157371,4638.1376953125,4248.00634765625,2074.0,2017.0,43.9281005859375,237.22300720214844,1.4765808582305908,-0.17601627111434937,1.4765808582305908,-0.17601627111434937,1.4765808582305908,-0.17601627111434937,0.0,0.0,0.0,0.0
3.860222357,4638.1376953125,4248.00634765625,2074.0,2017.0,43.9281005859375,237.22300720214844,1.4765808582305908,-0.17601627111434937,1.4765808582305908,-0.17601627111434937,1.4765808582305908,-0.17601627111434937,0.0,0.0,0.0,0.0
3.880191483,4638.1376953125,4248.00634765625,2074.0,2017.0,43.9281005859375,237.22300720214844,1.4765808582305908,-0.17601627111434937,1.4765808582305908,-0.17601627111434937,1.4765808582305908,-0.17601627111434937,0.0,0.0,0.0,0.0
3.900190142,4638.1376953125,4248.00634765625,2074.0,2017.0,43.9281005859375,237.22300720214844,1.4765808582305908,-0.17601627111434937,1.4765808582305908,-0.17601627111434937,1.4765808582305908,-0.17601627111434937,0.0,0.0,0.0,0.0
3.920179681,4638.1376953125,4248.00634765625,2074.0,2017.0,43.9281005859375,237.22300720214844,1.4765808582305908,-0.17601627111434937,1.4765808582305908,-0.17601627111434937,1.4765808582305908,-0.17601627111434937,0.0,0.0,0.0,0.0
3.940227101,4638.1376953125,4248.00634765625,2074.0,2017.0,47.40449905395508,240.55589294433594,1.4765808582305908,-0.17601627111434937,1.4765808582305908,-0.17601627111434937,1.4765808582305908,-0.17601627111434937,0.0,0.0,0.0,0.0
3.960195396,4638.1376953125,4248.00634765625,2074.0,2017.0,47.40449905395508,240.55589294433594,1.4765808582305908,-0.17601627111434937,1.4765808582305908,-0.17601627111434937,1.4765808582305908,-0.17601627111434937,0.0,0.0,0.0,0.0
3.980189287,4638.1376953125,4248.00634765625,2074.0,2017.0,47.40449905395508,240.55589294433594,1.4765808582305908,-0.17601627111434937,1.4765808582305908,-0.17601627111434937,1.4765808582305908,-0.17601627111434937,0.0,0.0,0.0,0.0
4.000393868,4638.1376953125,4248.00634765625,2074.0,2017.0,47.40449905395508,240.55589294433594,1.4765808582305908,-0.17601627111434937,1.4765808582305908,-0.17601627111434937,1.4765808582305908,-0.17601627111434937,0.0,0.0,0.0,0.0
4.020211718,4638.1376953125,4248.00634765625,2074.0,2017.0,47.40449905395508,240.55589294433594,1.4765808582305908,-0.17601627111434937,1.4765808582305908,-0.17601627111434937,1.4765808582305908,-0.17601627111434937,0.0,0.0,0.0,0.0
4.04019601,4638.1376953125,4248.00634765625,2074.0,2023.0,50.857200622558594,243.960205078125,1.4765808582305908,-0.17601627111434937,1.4765808582305908,-0.17601627111434937,1.4765808582305908,-0.17601627111434937,0.0,0.0,0.0,0.0
4.060172814,4639.9423828125,4235.833984375,2074.0,2023.0,50.857200622558594,243.960205078125,1.474858283996582,-0.1823224276304245,1.474858283996582,-0.1823224276304245,1.474858283996582,-0.1823224276304245,0.0,0.0,0.0,0.0
4.080207594,4639.9423828125,4235.833984375,2074.0,2023.0,50.857200622558594,243.960205078125,1.474858283996582,-0.1823224276304245,1.474858283996582,-0.1823224276304245,1.474858283996582,-0.1823224276304245,0.0,0.0,0.0,0.0
4.100393809,4639.9423828125,4235.833984375,2074.0,2023.0,50.857200622558594,243.960205078125,1.474858283996582,-0.1823224276304245,1.474858283996582,-0.1823224276304245,1.474858283996582,-0.1823224276304245,0.0,0.0,0.0,0.0
4.120214923,4642.2861328125,4217.30517578125,2074.0,2023.0,50.857200622558594,243.960205078125,1.4721688032150269,-0.19173942506313324,1.4721688032150269,-0.19173942506313324,1.4721688032150269,-0.19173942506313324,0.0,0.0,0.0,0.0
4.140154709,4642.2861328125,4217.30517578125,2069.0,2023.0,54.309898376464844,247.3406982421875,1.4721688032150269,-0.19173942506313324,1.4721688032150269,-0.19173942506313324,1.4721688032150269,-0.19173942506313324,0.0,0.0,0.0,0.0
4.160169204,4644.73828125,4192.1103515625,2069.0,2023.0,54.309898376464844,247.3406982421875,1.4683897495269775,-0.20421312749385834,1.4683897495269775,-0.20421312749385834,1.4683897495269775,-0.20421312749385834,0.0,0.0,0.0,0.0
4.18021227,4644.73828125,4192.1103515625,2069.0,2023.0,54.309898376464844,247.3406982421875,1.4683897495269775,-0.20421312749385834,1.4683897495269775,-0.20421312749385834,1.4683897495269775,-0.20421312749385834,0.0,0.0,0.0,0.0
4.200197298,4644.73828125,4192.1103515625,2069.0,2023.0,54.309898376464844,247.3406982421875,1.4683897495269775,-0.20421312749385834,1.4683897495269775,-0.20421312749385834,1.4683897495269775,-0.20421312749385834,0.0,0.0,0.0,0.0
4.220194771,4645.6787109375,4179.30859375,2069.0,2023.0,54.309898376464844,247.3406982421875,1.466418743133545,-0.21041329205036163,1.466418743133545,-0.21041329205036163,1.466418743133545,-0.21041329205036163,0.0,0.0,0.0,0.0
4.240161017,4645.6787109375,4179.30859375,2074.0,2011.0,57.786399841308594,250.64979553222656,1.466418743133545,-0.21041329205036163,1.466418743133545,-0.21041329205036163,1.466418743133545,-0.21041329205036163,0.0,0.0,0.0,0.0
4.26014838,4646.07861328125,4172.85791015625,2074.0,2011.0,57.786399841308594,250.64979553222656,1.4654133319854736,-0.21350392699241638,1.4654133319854736,-0.21350392699241638,1.4654133319854736,-0.21350392699241638,0.0,0.0,0.0,0.0
4.280192278,4646.07861328125,4172.85791015625,2074.0,2011.0,57.786399841308594,250.64979553222656,1.4654133319854736,-0.21350392699241638,1.4654133319854736,-0.21350392699241638,1.4654133319854736,-0.21350392699241638,0.0,0.0,0.0,0.0
4.300401626,4646.07861328125,4172.85791015625,2074.0,2011.0,57.786399841308594,250.64979553222656,1.4654133319854736,-0.21350392699241638,1.4654133319854736,-0.21350392699241638,1.4654133319854736,-0.21350392699241638,0.0,0.0,0.0,0.0
4.320218325,4646.43115234375,4166.37451171875,2074.0,2011.0,57.786399841308594,250.64979553222656,1.4643945693969727,-0.21658816933631897,1.4643945693969727,-0.21658816933631897,1.4643945693969727,-0.21658816933631897,0.0,0.0,0.0,0.0
4.340151167,4646.43115234375,4166.37451171875,2080.0,2011.0,61.23910140991211,254.03030395507812,1.4643945693969727,-0.21658816933631897,1.4643945693969727,-0.21658816933631897,1.4643945693969727,-0.21658816933631897,0.0,0.0,0.0,0.0
4.360889848,4646.43115234375,4166.37451171875,2080.0,2011.0,61.23910140991211,254.03030395507812,1.4643945693969727,-0.21658816933631897,1.4643945693969727,-0.21658816933631897,1.4643945693969727,-0.21658816933631897,0.0,0.0,0.0,0.0
4.380753964,4646.43115234375,4166.37451171875,2080.0,2011.0,61.23910140991211,254.03030395507812,1.4643945693969727,-0.21658816933631897,1.4643945693969727,-0.21658816933631897,1.4643945693969727,-0.21658816933631897,0.0,0.0,0.0,0.0
4.400755533,4646.43115234375,4166.37451171875,2080.0,2011.0,61.23910140991211,254.03030395507812,1.4643945693969727,-0.21658816933631897,1.4643945693969727,-0.21658816933631897,1.4643945693969727,-0.21658816933631897,0.0,0.0,0.0,0.0
4.42063008,4646.7373046875,4159.85888671875,2080.0,2011.0,61.23910140991211,254.03030395507812,1.463362693786621,-0.21966592967510223,1.463362693786621,-0.21966592967510223,1.463362693786621,-0.21966592967510223,0.0,0.0,0.0,0.0
4.440632129,4646.7373046875,4159.85888671875,2074.0,2006.0,64.69190216064453,257.3870849609375,1.463362693786621,-0.21966592967510223,1.463362693786621,-0.21966592967510223,1.463362693786621,-0.21966592967510223,0.0,0.0,0.0,0.0
4.460512627,4646.7373046875,4159.85888671875,2074.0,2006.0,64.69190216064453,257.3870849609375,1.463362693786621,-0.21966592967510223,1.463362693786621,-0.21966592967510223,1.463362693786621,-0.21966592967510223,0.0,0.0,0.0,0.0
4.480446717,4646.7373046875,4159.85888671875,2074.0,2006.0,64.69190216064453,257.3870849609375,1.463362693786621,-0.21966592967510223,1.463362693786621,-0.21966592967510223,1.463362693786621,-0.21966592967510223,0.0,0.0,0.0,0.0
4.500352427,4646.7373046875,4159.85888671875,2074.0,2006.0,64.69190216064453,257.3870849609375,1.463362693786621,-0.21966592967510223,1.463362693786621,-0.21966592967510223,1.463362693786621,-0.21966592967510223,0.0,0.0,0.0,0.0
4.520271256,4647.20947265625,4146.7314453125,2074.0,2006.0,64.69190216064453,257.3870849609375,1.4612598419189453,-0.2258017510175705,1.4612598419189453,-0.2258017510175705,1.4612598419189453,-0.2258017510175705,0.0,0.0,0.0,0.0
4.540223199,4647.20947265625,4146.7314453125,2074.0,2029.0,68.16840362548828,260.7674865722656,1.4612598419189453,-0.2258017510175705,1.4612598419189453,-0.2258017510175705,1.4612598419189453,-0.2258017510175705,0.0,0.0,0.0,0.0
4.560180039,4647.20947265625,4146.7314453125,2074.0,2029.0,68.16840362548828,260.7674865722656,1.4612598419189453,-0.2258017510175705,1.4612598419189453,-0.2258017510175705,1.4612598419189453,-0.2258017510175705,0.0,0.0,0.0,0.0
4.580258716,4647.49755859375,4133.47900390625,2074.0,2029.0,68.16840362548828,260.7674865722656,1.4591056108474731,-0.2319108247756958,1.4591056108474731,-0.2319108247756958,1.4591056108474731,-0.2319108247756958,0.0,0.0,0.0,0.0
4.600390891,4647.49755859375,4133.47900390625,2074.0,2029.0,68.16840362548828,260.7674865722656,1.4591056108474731,-0.2319108247756958,1.4591056108474731,-0.2319108247756958,1.4591056108474731,-0.2319108247756958,0.0,0.0,0.0,0.0
4.620181801,4647.57275390625,4126.80615234375,2074.0,2029.0,68.16840362548828,260.7674865722656,1.4580092430114746,-0.23495514690876007,1.4580092430114746,-0.23495514690876007,1.4580092430114746,-0.23495514690876007,0.0,0.0,0.0,0.0
4.640530489,4647.57275390625,4126.80615234375,2074.0,2023.0,71.59729766845703,264.1481018066406,1.4580092430114746,-0.23495514690876007,1.4580092430114746,-0.23495514690876007,1.4580092430114746,-0.23495514690876007,0.0,0.0,0.0,0.0
4.660224741,4647.57275390625,4126.80615234375,2074.0,2023.0,71.59729766845703,264.1481018066406,1.4580092430114746,-0.23495514690876007,1.4580092430114746,-0.23495514690876007,1.4580092430114746,-0.23495514690876007,0.0,0.0,0.0,0.0
4.680311418,4647.60205078125,4120.103515625,2074.0,2023.0,71.59729766845703,264.1481018066406,1.4569004774093628,-0.2379925698041916,1.4569004774093628,-0.2379925698041916,1.4569004774093628,-0.2379925698041916,0.0,0.0,0.0,0.0
4.700281056,4647.60205078125,4120.103515625,2074.0,2023.0,71.59729766845703,264.1481018066406,1.4569004774093628,-0.2379925698041916,1.4569004774093628,-0.2379925698041916,1.4569004774093628,-0.2379925698041916,0.0,0.0,0.0,0.0
4.72024183,4647.58642578125,4113.37109375,2074.0,2023.0,71.59729766845703,264.1481018066406,1.4557790756225586,-0.24102303385734558,1.4557790756225586,-0.24102303385734558,1.4557790756225586,-0.24102303385734558,0.0,0.0,0.0,0.0
4.740194094,4647.58642578125,4113.37109375,2069.0,2017.0,75.05000305175781,267.4809875488281,1.4557790756225586,-0.24102303385734558,1.4557790756225586,-0.24102303385734558,1.4557790756225586,-0.24102303385734558,0.0,0.0,0.0,0.0
4.760157108,4647.58642578125,4113.37109375,2069.0,2017.0,75.05000305175781,267.4809875488281,1.4557790756225586,-0.24102303385734558,1.4557790756225586,-0.24102303385734558,1.4557790756225586,-0.24102303385734558,0.0,0.0,0.0,0.0
4.780242697,4647.525390625,4106.60888671875,2069.0,2017.0,75.05000305175781,267.4809875488281,1.4546452760696411,-0.24404644966125488,1.4546452760696411,-0.24404644966125488,1.4546452760696411,-0.24404644966125488,0.0,0.0,0.0,0.0
4.800423505,4647.525390625,4106.60888671875,2069.0,2017.0,75.05000305175781,267.4809875488281,1.4546452760696411,-0.24404644966125488,1.4546452760696411,-0.24404644966125488,1.4546452760696411,-0.24404644966125488,0.0,0.0,0.0,0.0
4.82018242,4647.26904296875,4092.997314453125,2069.0,2017.0,75.05000305175781,267.4809875488281,1.452340841293335,-0.2500719428062439,1.452340841293335,-0.2500719428062439,1.452340841293335,-0.2500719428062439,0.0,0.0,0.0,0.0
4.840166999,4647.26904296875,4092.997314453125,2074.0,2011.0,78.50270080566406,270.81390380859375,1.452340841293335,-0.2500719428062439,1.452340841293335,-0.2500719428062439,1.452340841293335,-0.2500719428062439,0.0,0.0,0.0,0.0
4.860146043,4647.26904296875,4092.997314453125,2074.0,2011.0,78.50270080566406,270.81390380859375,1.452340841293335,-0.2500719428062439,1.452340841293335,-0.2500719428062439,1.452340841293335,-0.2500719428062439,0.0,0.0,0.0,0.0
4.880276873,4646.83447265625,4079.271728515625,2074.0,2011.0,78.50270080566406,270.81390380859375,1.4499880075454712,-0.25606849789619446,1.4499880075454712,-0.25606849789619446,1.4499880075454712,-0.25606849789619446,0.0,0.0,0.0,0.0
4.900188855,4646.83447265625,4079.271728515625,2074.0,2011.0,78.50270080566406,270.81390380859375,1.4499880075454712,-0.25606849789619446,1.4499880075454712,-0.25606849789619446,1.4499880075454712,-0.25606849789619446,0.0,0.0,0.0,0.0
4.92020319,4646.55078125,4072.366943359375,2074.0,2011.0,78.50270080566406,270.81390380859375,1.4487935304641724,-0.2590557932853699,1.4487935304641724,-0.2590557932853699,1.4487935304641724,-0.2590557932853699,0.0,0.0,0.0,0.0
4.940201719,4646.55078125,4072.366943359375,2074.0,2006.0,82.00309753417969,274.17059326171875,1.4487935304641724,-0.2590557932853699,1.4487935304641724,-0.2590557932853699,1.4487935304641724,-0.2590557932853699,0.0,0.0,0.0,0.0
4.960397564,4646.55078125,4072.366943359375,2074.0,2006.0,82.00309753417969,274.17059326171875,1.4487935304641724,-0.2590557932853699,1.4487935304641724,-0.2590557932853699,1.4487935304641724,-0.2590557932853699,0.0,0.0,0.0,0.0
4.98027803,4645.4384765625,4051.490234375,2074.0,2006.0,82.00309753417969,274.17059326171875,1.4451396465301514,-0.2679729163646698,1.4451396465301514,-0.2679729163646698,1.4451396465301514,-0.2679729163646698,0.0,0.0,0.0,0.0
5.000460789,4645.4384765625,4051.490234375,2074.0,2006.0,82.00309753417969,274.17059326171875,1.4451396465301514,-0.2679729163646698,1.4451396465301514,-0.2679729163646698,1.4451396465301514,-0.2679729163646698,0.0,0.0,0.0,0.0
5.020825281,4643.93798828125,4030.376708984375,2074.0,2006.0,82.00309753417969,274.17059326171875,1.4413819313049316,-0.27682170271873474,1.4413819313049316,-0.27682170271873474,1.4413819313049316,-0.27682170271873474,0.0,0.0,0.0,0.0
5.040374689,4643.93798828125,4030.376708984375,2080.0,2023.0,85.45580291748047,277.57489013671875,1.4413819313049316,-0.27682170271873474,1.4413819313049316,-0.27682170271873474,1.4413819313049316,-0.27682170271873474,0.0,0.0,0.0,0.0
5.06031684,4643.93798828125,4030.376708984375,2080.0,2023.0,85.45580291748047,277.57489013671875,1.4413819313049316,-0.27682170271873474,1.4413819313049316,-0.27682170271873474,1.4413819313049316,-0.27682170271873474,0.0,0.0,0.0,0.0
5.08040422,4643.3525390625,4023.2880859375,2080.0,2023.0,85.45580291748047,277.57489013671875,1.4401068687438965,-0.2797558307647705,1.4401068687438965,-0.2797558307647705,1.4401068687438965,-0.2797558307647705,0.0,0.0,0.0,0.0
5.100616638,4643.3525390625,4023.2880859375,2080.0,2023.0,85.45580291748047,277.57489013671875,1.4401068687438965,-0.2797558307647705,1.4401068687438965,-0.2797558307647705,1.4401068687438965,-0.2797558307647705,0.0,0.0,0.0,0.0
5.120896118,4642.0556640625,4009.036376953125,2080.0,2023.0,85.45580291748047,277.57489013671875,1.4375231266021729,-0.28560060262680054,1.4375231266021729,-0.28560060262680054,1.4375231266021729,-0.28560060262680054,0.0,0.0,0.0,0.0
5.140268974,4642.0556640625,4009.036376953125,2074.0,2011.0,88.90850067138672,280.8840026855469,1.4375231266021729,-0.28560060262680054,1.4375231266021729,-0.28560060262680054,1.4375231266021729,-0.28560060262680054,0.0,0.0,0.0,0.0
5.160241106,4642.0556640625,4009.036376953125,2074.0,2011.0,88.90850067138672,280.8840026855469,1.4375231266021729,-0.28560060262680054,1.4375231266021729,-0.28560060262680054,1.4375231266021729,-0.28560060262680054,0.0,0.0,0.0,0.0
5.180269582,4641.3447265625,4001.874267578125,2074.0,2011.0,88.90850067138672,280.8840026855469,1.436214804649353,-0.28851115703582764,1.436214804649353,-0.28851115703582764,1.436214804649353,-0.28851115703582764,0.0,0.0,0.0,0.0
5.200299785,4641.3447265625,4001.874267578125,2074.0,2011.0,88.90850067138672,280.8840026855469,1.436214804649353,-0.28851115703582764,1.436214804649353,-0.28851115703582764,1.436214804649353,-0.28851115703582764,0.0,0.0,0.0,0.0
5.220259311,4641.3447265625,4001.874267578125,2074.0,2011.0,88.90850067138672,280.8840026855469,1.436214804649353,-0.28851115703582764,1.436214804649353,-0.28851115703582764,1.436214804649353,-0.28851115703582764,0.0,0.0,0.0,0.0
5.240341379,4640.591796875,3994.688232421875,2074.0,2023.0,92.38469696044922,284.3359069824219,1.4348957538604736,-0.29141369462013245,1.4348957538604736,-0.29141369462013245,1.4348957538604736,-0.29141369462013245,0.0,0.0,0.0,0.0
5.260541575,4640.591796875,3994.688232421875,2074.0,2023.0,92.38469696044922,284.3359069824219,1.4348957538604736,-0.29141369462013245,1.4348957538604736,-0.29141369462013245,1.4348957538604736,-0.29141369462013245,0.0,0.0,0.0,0.0
5.280341827,4639.7978515625,3987.478759765625,2074.0,2023.0,92.38469696044922,284.3359069824219,1.4335658550262451,-0.29430821537971497,1.4335658550262451,-0.29430821537971497,1.4335658550262451,-0.29430821537971497,0.0,0.0,0.0,0.0
5.300579489,4639.7978515625,3987.478759765625,2074.0,2023.0,92.38469696044922,284.3359069824219,1.4335658550262451,-0.29430821537971497,1.4335658550262451,-0.29430821537971497,1.4335658550262451,-0.29430821537971497,0.0,0.0,0.0,0.0
5.32107913,4638.96337890625,3980.24658203125,2074.0,2023.0,92.38469696044922,284.3359069824219,1.4322254657745361,-0.2971946597099304,1.4322254657745361,-0.2971946597099304,1.4322254657745361,-0.2971946597099304,0.0,0.0,0.0,0.0
5.340287625,4638.96337890625,3980.24658203125,2074.0,2029.0,95.83670043945312,287.6687927246094,1.4322254657745361,-0.2971946597099304,1.4322254657745361,-0.2971946597099304,1.4322254657745361,-0.2971946597099304,0.0,0.0,0.0,0.0
5.360315877,4638.96337890625,3980.24658203125,2074.0,2029.0,95.83670043945312,287.6687927246094,1.4322254657745361,-0.2971946597099304,1.4322254657745361,-0.2971946597099304,1.4322254657745361,-0.2971946597099304,0.0,0.0,0.0,0.0
5.380327779,4637.17236328125,3965.714111328125,2074.0,2029.0,95.83670043945312,287.6687927246094,1.4295129776000977,-0.3029431402683258,1.4295129776000977,-0.3029431402683258,1.4295129776000977,-0.3029431402683258,0.0,0.0,0.0,0.0
5.400540965,4637.17236328125,3965.714111328125,2074.0,2029.0,95.83670043945312,287.6687927246094,1.4295129776000977,-0.3029431402683258,1.4295129776000977,-0.3029431402683258,1.4295129776000977,-0.3029431402683258,0.0,0.0,0.0,0.0
5.420465584,4634.18505859375,3943.751953125,2074.0,2029.0,95.83670043945312,287.6687927246094,1.4253671169281006,-0.3115040957927704,1.4253671169281006,-0.3115040957927704,1.4253671169281006,-0.3115040957927704,0.0,0.0,0.0,0.0
5.440256077,4634.18505859375,3943.751953125,2074.0,2011.0,99.2885971069336,290.9779052734375,1.4253671169281006,-0.3115040957927704,1.4253671169281006,-0.3115040957927704,1.4253671169281006,-0.3115040957927704,0.0,0.0,0.0,0.0
5.460230896,4634.18505859375,3943.751953125,2074.0,2011.0,99.2885971069336,290.9779052734375,1.4253671169281006,-0.3115040957927704,1.4253671169281006,-0.3115040957927704,1.4253671169281006,-0.3115040957927704,0.0,0.0,0.0,0.0
5.4802555,4631.99609375,3929.005859375,2074.0,2011.0,99.2885971069336,290.9779052734375,1.4225531816482544,-0.3171696960926056,1.4225531816482544,-0.3171696960926056,1.4225531816482544,-0.3171696960926056,0.0,0.0,0.0,0.0
5.500505641,4631.99609375,3929.005859375,2074.0,2011.0,99.2885971069336,290.9779052734375,1.4225531816482544,-0.3171696960926056,1.4225531816482544,-0.3171696960926056,1.4225531816482544,-0.3171696960926056,0.0,0.0,0.0,0.0
5.521264158,4628.4228515625,3906.736572265625,2074.0,2011.0,99.2885971069336,290.9779052734375,1.4182589054107666,-0.32560470700263977,1.4182589054107666,-0.32560470700263977,1.4182589054107666,-0.32560470700263977,0.0,0.0,0.0,0.0
5.540307972,4628.4228515625,3906.736572265625,2074.0,2006.0,102.76429748535156,294.3822021484375,1.4182589054107666,-0.32560470700263977,1.4182589054107666,-0.32560470700263977,1.4182589054107666,-0.32560470700263977,0.0,0.0,0.0,0.0
5.560353822,4628.4228515625,3906.736572265625,2074.0,2006.0,102.76429748535156,294.3822021484375,1.4182589054107666,-0.32560470700263977,1.4182589054107666,-0.32560470700263977,1.4182589054107666,-0.32560470700263977,0.0,0.0,0.0,0.0
5.580315203,4628.4228515625,3906.736572265625,2074.0,2006.0,102.76429748535156,294.3822021484375,1.4182589054107666,-0.32560470700263977,1.4182589054107666,-0.32560470700263977,1.4182589054107666,-0.32560470700263977,0.0,0.0,0.0,0.0
5.600577534,4628.4228515625,3906.736572265625,2074.0,2006.0,102.76429748535156,294.3822021484375,1.4182589054107666,-0.32560470700263977,1.4182589054107666,-0.32560470700263977,1.4182589054107666,-0.32560470700263977,0.0,0.0,0.0,0.0
5.620602618,4628.4228515625,3906.736572265625,2074.0,2006.0,102.76429748535156,294.3822021484375,1.4182589054107666,-0.32560470700263977,1.4182589054107666,-0.32560470700263977,1.4182589054107666,-0.32560470700263977,0.0,0.0,0.0,0.0
5.640330432,4625.38134765625,3889.15576171875,2074.0,2017.0,106.21630096435547,297.739013671875,1.4148322343826294,-0.33216437697410583,1.4148322343826294,-0.33216437697410583,1.4148322343826294,-0.33216437697410583,0.0,0.0,0.0,0.0
5.660317026,4625.38134765625,3889.15576171875,2074.0,2017.0,106.21630096435547,297.739013671875,1.4148322343826294,-0.33216437697410583,1.4148322343826294,-0.33216437697410583,1.4148322343826294,-0.33216437697410583,0.0,0.0,0.0,0.0
5.680335231,4622.623046875,3874.077880859375,2074.0,2017.0,106.21630096435547,297.739013671875,1.4118685722351074,-0.33772268891334534,1.4118685722351074,-0.33772268891334534,1.4118685722351074,-0.33772268891334534,0.0,0.0,0.0,0.0
5.70032448,4622.623046875,3874.077880859375,2074.0,2017.0,106.21630096435547,297.739013671875,1.4118685722351074,-0.33772268891334534,1.4118685722351074,-0.33772268891334534,1.4118685722351074,-0.33772268891334534,0.0,0.0,0.0,0.0
5.720547169,4622.623046875,3874.077880859375,2074.0,2017.0,106.21630096435547,297.739013671875,1.4118685722351074,-0.33772268891334534,1.4118685722351074,-0.33772268891334534,1.4118685722351074,-0.33772268891334534,0.0,0.0,0.0,0.0
5.740400885,4619.716796875,3858.929443359375,2080.0,2029.0,109.69200134277344,301.119384765625,1.4088683128356934,-0.34324589371681213,1.4088683128356934,-0.34324589371681213,1.4088683128356934,-0.34324589371681213,0.0,0.0,0.0,0.0
5.760341885,4619.716796875,3858.929443359375,2080.0,2029.0,109.69200134277344,301.119384765625,1.4088683128356934,-0.34324589371681213,1.4088683128356934,-0.34324589371681213,1.4088683128356934,-0.34324589371681213,0.0,0.0,0.0,0.0
5.780377528,4616.6640625,3843.71337890625,2080.0,2029.0,109.69200134277344,301.119384765625,1.4058327674865723,-0.34873372316360474,1.4058327674865723,-0.34873372316360474,1.4058327674865723,-0.34873372316360474,0.0,0.0,0.0,0.0
5.800395157,4616.6640625,3843.71337890625,2080.0,2029.0,109.69200134277344,301.119384765625,1.4058327674865723,-0.34873372316360474,1.4058327674865723,-0.34873372316360474,1.4058327674865723,-0.34873372316360474,0.0,0.0,0.0,0.0
5.820340381,4616.6640625,3843.71337890625,2080.0,2029.0,109.69200134277344,301.119384765625,1.4058327674865723,-0.34873372316360474,1.4058327674865723,-0.34873372316360474,1.4058327674865723,-0.34873372316360474,0.0,0.0,0.0,0.0
5.840549215,4614.4794921875,3833.2021484375,2080.0,2011.0,113.12010192871094,304.452392578125,1.403723120689392,-0.35249045491218567,1.403723120689392,-0.35249045491218567,1.403723120689392,-0.35249045491218567,0.0,0.0,0.0,0.0
5.860602711,4614.4794921875,3833.2021484375,2080.0,2011.0,113.12010192871094,304.452392578125,1.403723120689392,-0.35249045491218567,1.403723120689392,-0.35249045491218567,1.403723120689392,-0.35249045491218567,0.0,0.0,0.0,0.0
5.880547167,4611.17431640625,3817.827392578125,2080.0,2011.0,113.12010192871094,304.452392578125,1.4006191492080688,-0.3579360246658325,1.4006191492080688,-0.3579360246658325,1.4006191492080688,-0.3579360246658325,0.0,0.0,0.0,0.0
5.900550462,4611.17431640625,3817.827392578125,2080.0,2011.0,113.12010192871094,304.452392578125,1.4006191492080688,-0.3579360246658325,1.4006191492080688,-0.3579360246658325,1.4006191492080688,-0.3579360246658325,0.0,0.0,0.0,0.0
5.920355898,4611.17431640625,3817.827392578125,2080.0,2011.0,113.12010192871094,304.452392578125,1.4006191492080688,-0.3579360246658325,1.4006191492080688,-0.3579360246658325,1.4006191492080688,-0.3579360246658325,0.0,0.0,0.0,0.0
5.940359993,4609.46923828125,3810.117431640625,2069.0,2023.0,116.57209777832031,307.8328857421875,1.3990546464920044,-0.36064520478248596,1.3990546464920044,-0.36064520478248596,1.3990546464920044,-0.36064520478248596,0.0,0.0,0.0,0.0
5.960914538,4609.46923828125,3810.117431640625,2069.0,2023.0,116.57209777832031,307.8328857421875,1.3990546464920044,-0.36064520478248596,1.3990546464920044,-0.36064520478248596,1.3990546464920044,-0.36064520478248596,0.0,0.0,0.0,0.0
5.980494405,4604.14501953125,3786.89990234375,2069.0,2023.0,116.57209777832031,307.8328857421875,1.3943119049072266,-0.36871805787086487,1.3943119049072266,-0.36871805787086487,1.3943119049072266,-0.36871805787086487,0.0,0.0,0.0,0.0
6.00029792,4604.14501953125,3786.89990234375,2069.0,2023.0,116.57209777832031,307.8328857421875,1.3943119049072266,-0.36871805787086487,1.3943119049072266,-0.36871805787086487,1.3943119049072266,-0.36871805787086487,0.0,0.0,0.0,0.0
6.020284193,4604.14501953125,3786.89990234375,2069.0,2023.0,116.57209777832031,307.8328857421875,1.3943119049072266,-0.36871805787086487,1.3943119049072266,-0.36871805787086487,1.3943119049072266,-0.36871805787086487,0.0,0.0,0.0,0.0
6.040297373,4601.55224609375,3776.011962890625,2074.0,2000.0,120.04779815673828,311.1419982910156,1.3920719623565674,-0.3724607229232788,1.3920719623565674,-0.3724607229232788,1.3920719623565674,-0.3724607229232788,0.0,0.0,0.0,0.0
6.060246371,4601.55224609375,3776.011962890625,2074.0,2000.0,120.04779815673828,311.1419982910156,1.3920719623565674,-0.3724607229232788,1.3920719623565674,-0.3724607229232788,1.3920719623565674,-0.3724607229232788,0.0,0.0,0.0,0.0
6.08031708,4597.72509765625,3760.3759765625,2074.0,2000.0,120.04779815673828,311.1419982910156,1.3888378143310547,-0.3777886629104614,1.3888378143310547,-0.3777886629104614,1.3888378143310547,-0.3777886629104614,0.0,0.0,0.0,0.0
6.100601934,4597.72509765625,3760.3759765625,2074.0,2000.0,120.04779815673828,311.1419982910156,1.3888378143310547,-0.3777886629104614,1.3888378143310547,-0.3777886629104614,1.3888378143310547,-0.3777886629104614,0.0,0.0,0.0,0.0
6.120361358,4597.72509765625,3760.3759765625,2074.0,2000.0,120.04779815673828,311.1419982910156,1.3888378143310547,-0.3777886629104614,1.3888378143310547,-0.3777886629104614,1.3888378143310547,-0.3777886629104614,0.0,0.0,0.0,0.0
6.140329553,4593.76513671875,3744.689453125,2091.0,2017.0,123.52349853515625,314.5224914550781,1.385573148727417,-0.38307932019233704,1.385573148727417,-0.38307932019233704,1.385573148727417,-0.38307932019233704,0.0,0.0,0.0,0.0
6.160330128,4593.76513671875,3744.689453125,2091.0,2017.0,123.52349853515625,314.5224914550781,1.385573148727417,-0.38307932019233704,1.385573148727417,-0.38307932019233704,1.385573148727417,-0.38307932019233704,0.0,0.0,0.0,0.0
6.180512661,4589.67431640625,3728.955078125,2091.0,2017.0,123.52349853515625,314.5224914550781,1.3822789192199707,-0.3883325457572937,1.3822789192199707,-0.3883325457572937,1.3822789192199707,-0.3883325457572937,0.0,0.0,0.0,0.0
6.200379462,4589.67431640625,3728.955078125,2091.0,2017.0,123.52349853515625,314.5224914550781,1.3822789192199707,-0.3883325457572937,1.3822789192199707,-0.3883325457572937,1.3822789192199707,-0.3883325457572937,0.0,0.0,0.0,0.0
6.220325452,4589.67431640625,3728.955078125,2091.0,2017.0,123.52349853515625,314.5224914550781,1.3822789192199707,-0.3883325457572937,1.3822789192199707,-0.3883325457572937,1.3822789192199707,-0.3883325457572937,0.0,0.0,0.0,0.0
6.240329962,4587.5810546875,3721.071044921875,2080.0,2011.0,126.95169830322266,317.87921142578125,1.380621075630188,-0.39094507694244385,1.380621075630188,-0.39094507694244385,1.380621075630188,-0.39094507694244385,0.0,0.0,0.0,0.0
6.260277232,4587.5810546875,3721.071044921875,2080.0,2011.0,126.95169830322266,317.87921142578125,1.380621075630188,-0.39094507694244385,1.380621075630188,-0.39094507694244385,1.380621075630188,-0.39094507694244385,0.0,0.0,0.0,0.0
6.280470643,4587.5810546875,3721.071044921875,2080.0,2011.0,126.95169830322266,317.87921142578125,1.380621075630188,-0.39094507694244385,1.380621075630188,-0.39094507694244385,1.380621075630188,-0.39094507694244385,0.0,0.0,0.0,0.0
6.300461683,4587.5810546875,3721.071044921875,2080.0,2011.0,126.95169830322266,317.87921142578125,1.380621075630188,-0.39094507694244385,1.380621075630188,-0.39094507694244385,1.380621075630188,-0.39094507694244385,0.0,0.0,0.0,0.0
6.320250064,4587.5810546875,3721.071044921875,2080.0,2011.0,126.95169830322266,317.87921142578125,1.380621075630188,-0.39094507694244385,1.380621075630188,-0.39094507694244385,1.380621075630188,-0.39094507694244385,0.0,0.0,0.0,0.0
6.340464272,4606.03173828125,3794.989013671875,2074.0,2017.0,130.42739868164062,321.25970458984375,1.3959696292877197,-0.3659197986125946,1.3959696292877197,-0.3659197986125946,1.3959696292877197,-0.3659197986125946,0.0,0.0,0.0,0.0
6.360384602,4606.03173828125,3794.989013671875,2074.0,2017.0,130.42739868164062,321.25970458984375,1.3959696292877197,-0.3659197986125946,1.3959696292877197,-0.3659197986125946,1.3959696292877197,-0.3659197986125946,0.0,0.0,0.0,0.0
6.380693549,4621.88330078125,3899.49853515625,2074.0,2017.0,130.42739868164062,321.25970458984375,1.4209400415420532,-0.3203674256801605,1.4159696102142334,-0.3259198069572449,1.4159696102142334,-0.3259198069572449,0.0,0.0,0.0,0.0
6.400360826,4630.68603515625,3920.60791015625,2074.0,2017.0,130.42739868164062,321.25970458984375,1.4209400415420532,-0.3203674256801605,1.4209400415420532,-0.3203674256801605,1.4209400415420532,-0.3203674256801605,0.0,0.0,0.0,0.0
6.420343611,4630.68603515625,3920.60791015625,2074.0,2017.0,130.42739868164062,321.25970458984375,1.4209400415420532,-0.3203674256801605,1.4209400415420532,-0.3203674256801605,1.4209400415420532,-0.3203674256801605,0.0,0.0,0.0,0.0
6.440521889,4634.5546875,3946.342041015625,2080.0,2029.0,133.92689514160156,324.66400146484375,1.425858974456787,-0.31050223112106323,1.425858974456787,-0.31050223112106323,1.425858974456787,-0.31050223112106323,0.0,0.0,0.0,0.0
6.460588662,4634.5546875,3946.342041015625,2080.0,2029.0,133.92689514160156,324.66400146484375,1.425858974456787,-0.31050223112106323,1.425858974456787,-0.31050223112106323,1.425858974456787,-0.31050223112106323,0.0,0.0,0.0,0.0
6.480341879,4634.5546875,3946.342041015625,2080.0,2029.0,133.92689514160156,324.66400146484375,1.425858974456787,-0.31050223112106323,1.425858974456787,-0.31050223112106323,1.425858974456787,-0.31050223112106323,0.0,0.0,0.0,0.0
6.500345557,4634.5546875,3946.342041015625,2080.0,2029.0,133.92689514160156,324.66400146484375,1.425858974456787,-0.31050223112106323,1.425858974456787,-0.31050223112106323,1.425858974456787,-0.31050223112106323,0.0,0.0,0.0,0.0
6.520319607,4634.5546875,3946.342041015625,2080.0,2029.0,133.92689514160156,324.66400146484375,1.425858974456787,-0.31050223112106323,1.425858974456787,-0.31050223112106323,1.425858974456787,-0.31050223112106323,0.0,0.0,0.0,0.0
6.540871048,4634.5546875,3946.342041015625,2080.0,2023.0,137.3551025390625,327.9731140136719,1.425858974456787,-0.31050223112106323,1.425858974456787,-0.31050223112106323,1.425858974456787,-0.31050223112106323,0.0,0.0,0.0,0.0
6.560269435,4634.5546875,3946.342041015625,2080.0,2023.0,137.3551025390625,327.9731140136719,1.425858974456787,-0.31050223112106323,1.425858974456787,-0.31050223112106323,1.425858974456787,-0.31050223112106323,0.0,0.0,0.0,0.0
6.580358797,4634.5546875,3946.342041015625,2080.0,2023.0,137.3551025390625,327.9731140136719,1.425858974456787,-0.31050223112106323,1.425858974456787,-0.31050223112106323,1.425858974456787,-0.31050223112106323,0.0,0.0,0.0,0.0
6.600287542,4616.6640625,3843.71337890625,2080.0,2023.0,137.3551025390625,327.9731140136719,1.4058327674865723,-0.34873372316360474,1.4058327674865723,-0.34873372316360474,1.4058327674865723,-0.34873372316360474,0.0,0.0,0.0,0.0
6.620356331,4616.6640625,3843.71337890625,2080.0,2023.0,137.3551025390625,327.9731140136719,1.4058327674865723,-0.34873372316360474,1.4058327674865723,-0.34873372316360474,1.4058327674865723,-0.34873372316360474,0.0,0.0,0.0,0.0
6.640330957,4583.20556640625,3721.59716796875,2074.0,2006.0,140.8070068359375,331.3298034667969,1.3799813985824585,-0.3919473886489868,1.3799813985824585,-0.38873371481895447,1.3799813985824585,-0.38873371481895447,0.0,0.0,0.0,0.0
6.66032958,4586.76708984375,3718.03564453125,2074.0,2006.0,140.8070068359375,331.3298034667969,1.3799813985824585,-0.3919473886489868,1.3799813985824585,-0.3919473886489868,1.3799813985824585,-0.3919473886489868,0.0,0.0,0.0,0.0
6.680483892,4586.76708984375,3718.03564453125,2074.0,2006.0,140.8070068359375,331.3298034667969,1.3799813985824585,-0.3919473886489868,1.3799813985824585,-0.3919473886489868,1.3799813985824585,-0.3919473886489868,0.0,0.0,0.0,0.0
6.70037725,4540.8251953125,3583.43603515625,2074.0,2006.0,140.8070068359375,331.3298034667969,1.3318150043487549,-0.460081547498703,1.349981427192688,-0.43194738030433655,1.349981427192688,-0.43194738030433655,0.0,0.0,0.0,0.0
6.720359395,4517.34130859375,3497.59375,2074.0,2006.0,140.8070068359375,331.3298034667969,1.3318150043487549,-0.460081547498703,1.3318150043487549,-0.460081547498703,1.3318150043487549,-0.460081547498703,0.0,0.0,0.0,0.0
6.740340516,4471.3994140625,3362.993896484375,2074.0,2011.0,144.30650329589844,334.7102966308594,1.2879844903945923,-0.5125517845153809,1.3018150329589844,-0.5000815391540527,1.3018150329589844,-0.5000815391540527,0.0,0.0,0.0,0.0
6.760396795,4443.60302734375,3307.557861328125,2074.0,2011.0,144.30650329589844,334.7102966308594,1.2879844903945923,-0.5125517845153809,1.2879844903945923,-0.5125517845153809,1.2879844903945923,-0.5125517845153809,0.0,0.0,0.0,0.0
6.7803209,4443.60302734375,3307.557861328125,2074.0,2011.0,144.30650329589844,334.7102966308594,1.2879844903945923,-0.5125517845153809,1.2879844903945923,-0.5125517845153809,1.2879844903945923,-0.5125517845153809,0.0,0.0,0.0,0.0
6.800588765,4390.69677734375,3179.922119140625,2074.0,2011.0,144.30650329589844,334.7102966308594,1.256415843963623,-0.5462678074836731,1.2579845190048218,-0.5462678074836731,1.2579845190048218,-0.5462678074836731,0.0,0.0,0.0,0.0
6.820267977,4385.97705078125,3175.201904296875,2074.0,2011.0,144.30650329589844,334.7102966308594,1.256415843963623,-0.5462678074836731,1.256415843963623,-0.5462678074836731,1.256415843963623,-0.5462678074836731,0.0,0.0,0.0,0.0
6.840272519,4363.31787109375,3125.85791015625,2086.0,2023.0,147.7584991455078,338.0907897949219,1.2444514036178589,-0.5583072900772095,1.2444514036178589,-0.5583072900772095,1.2444514036178589,-0.5583072900772095,0.0,0.0,0.0,0.0
6.860292194,4363.31787109375,3125.85791015625,2086.0,2023.0,147.7584991455078,338.0907897949219,1.2444514036178589,-0.5583072900772095,1.2444514036178589,-0.5583072900772095,1.2444514036178589,-0.5583072900772095,0.0,0.0,0.0,0.0
6.880253894,4363.31787109375,3125.85791015625,2086.0,2023.0,147.7584991455078,338.0907897949219,1.2444514036178589,-0.5583072900772095,1.2444514036178589,-0.5583072900772095,1.2444514036178589,-0.5583072900772095,0.0,0.0,0.0,0.0
6.900372884,4356.23583984375,3110.700439453125,2086.0,2023.0,147.7584991455078,338.0907897949219,1.2407559156417847,-0.5619508624076843,1.2407559156417847,-0.5619508624076843,1.2407559156417847,-0.5619508624076843,0.0,0.0,0.0,0.0
6.920355221,4356.23583984375,3110.700439453125,2086.0,2023.0,147.7584991455078,338.0907897949219,1.2407559156417847,-0.5619508624076843,1.2407559156417847,-0.5619508624076843,1.2407559156417847,-0.5619508624076843,0.0,0.0,0.0,0.0
6.940292924,4339.31298828125,3074.9501953125,2080.0,2023.0,151.2342071533203,341.447509765625,1.2320034503936768,-0.5704452991485596,1.2320034503936768,-0.5704452991485596,1.2320034503936768,-0.5704452991485596,0.0,0.0,0.0,0.0
6.960507709,4339.31298828125,3074.9501953125,2080.0,2023.0,151.2342071533203,341.447509765625,1.2320034503936768,-0.5704452991485596,1.2320034503936768,-0.5704452991485596,1.2320034503936768,-0.5704452991485596,0.0,0.0,0.0,0.0
6.980338483,4339.31298828125,3074.9501953125,2080.0,2023.0,151.2342071533203,341.447509765625,1.2320034503936768,-0.5704452991485596,1.2320034503936768,-0.5704452991485596,1.2320034503936768,-0.5704452991485596,0.0,0.0,0.0,0.0
7.000396136,4306.85107421875,3008.0732421875,2080.0,2023.0,151.2342071533203,341.447509765625,1.21549654006958,-0.5859723091125488,1.21549654006958,-0.5859723091125488,1.21549654006958,-0.5859723091125488,0.0,0.0,0.0,0.0
7.020370057,4306.85107421875,3008.0732421875,2080.0,2023.0,151.2342071533203,341.447509765625,1.21549654006958,-0.5859723091125488,1.21549654006958,-0.5859723091125488,1.21549654006958,-0.5859723091125488,0.0,0.0,0.0,0.0
7.040322541,4260.1689453125,2915.31298828125,2069.0,2023.0,154.66229248046875,344.80419921875,1.1923259496688843,-0.6067614555358887,1.1923259496688843,-0.6067614555358887,1.1923259496688843,-0.6067614555358887,0.0,0.0,0.0,0.0
7.060467318,4260.1689453125,2915.31298828125,2069.0,2023.0,154.66229248046875,344.80419921875,1.1923259496688843,-0.6067614555358887,1.1923259496688843,-0.6067614555358887,1.1923259496688843,-0.6067614555358887,0.0,0.0,0.0,0.0
7.080545129,4260.1689453125,2915.31298828125,2069.0,2023.0,154.66229248046875,344.80419921875,1.1923259496688843,-0.6067614555358887,1.1923259496688843,-0.6067614555358887,1.1923259496688843,-0.6067614555358887,0.0,0.0,0.0,0.0
7.100280331,4217.59619140625,2833.709228515625,2069.0,2023.0,154.66229248046875,344.80419921875,1.17169189453125,-0.6243709921836853,1.17169189453125,-0.6243709921836853,1.17169189453125,-0.6243709921836853,0.0,0.0,0.0,0.0
7.12033117,4217.59619140625,2833.709228515625,2069.0,2023.0,154.66229248046875,344.80419921875,1.17169189453125,-0.6243709921836853,1.17169189453125,-0.6243709921836853,1.17169189453125,-0.6243709921836853,0.0,0.0,0.0,0.0
7.140660049,4180.33349609375,2764.30078125,2074.0,2006.0,158.1381072998047,348.0419006347656,1.1539666652679443,-0.6388742923736572,1.1539666652679443,-0.6388742923736572,1.1539666652679443,-0.6388742923736572,0.0,0.0,0.0,0.0
7.16058524,4180.33349609375,2764.30078125,2074.0,2006.0,158.1381072998047,348.0419006347656,1.1539666652679443,-0.6388742923736572,1.1539666652679443,-0.6388742923736572,1.1539666652679443,-0.6388742923736572,0.0,0.0,0.0,0.0
7.180377107,4180.33349609375,2764.30078125,2074.0,2006.0,158.1381072998047,348.0419006347656,1.1539666652679443,-0.6388742923736572,1.1539666652679443,-0.6388742923736572,1.1539666652679443,-0.6388742923736572,0.0,0.0,0.0,0.0
7.200347828,4153.607421875,2715.552490234375,2074.0,2006.0,158.1381072998047,348.0419006347656,1.141425371170044,-0.6488102078437805,1.141425371170044,-0.6488102078437805,1.141425371170044,-0.6488102078437805,0.0,0.0,0.0,0.0
7.22047456,4153.607421875,2715.552490234375,2074.0,2006.0,158.1381072998047,348.0419006347656,1.141425371170044,-0.6488102078437805,1.141425371170044,-0.6488102078437805,1.141425371170044,-0.6488102078437805,0.0,0.0,0.0,0.0
7.240316819,4090.3662109375,2598.251953125,2080.0,1874.0,161.61380004882812,350.9224853515625,1.1091902256011963,-0.6732003092765808,1.1114253997802734,-0.6732003092765808,1.1114253997802734,-0.6732003092765808,0.0,0.0,0.0,0.0
7.260360491,4083.640625,2591.5263671875,2080.0,1874.0,161.61380004882812,350.9224853515625,1.1091902256011963,-0.6732003092765808,1.1091902256011963,-0.6732003092765808,1.1091902256011963,-0.6732003092765808,0.0,0.0,0.0,0.0
7.280322957,4083.640625,2591.5263671875,2080.0,1874.0,161.61380004882812,350.9224853515625,1.1091902256011963,-0.6732003092765808,1.1091902256011963,-0.6732003092765808,1.1091902256011963,-0.6732003092765808,0.0,0.0,0.0,0.0
7.300336809,4020.62646484375,2473.998779296875,2080.0,1874.0,161.61380004882812,350.9224853515625,1.0744459629058838,-0.6977952122688293,1.0791902542114258,-0.6977952122688293,1.0791902542114258,-0.6977952122688293,0.0,0.0,0.0,0.0
7.320329895,4006.35107421875,2459.72314453125,2080.0,1874.0,161.61380004882812,350.9224853515625,1.0744459629058838,-0.6977952122688293,1.0744459629058838,-0.6977952122688293,1.0744459629058838,-0.6977952122688293,0.0,0.0,0.0,0.0
7.340293129,3940.880615234375,2344.652099609375,2086.0,1754.0,165.06570434570312,353.7078857421875,1.0406906604766846,-0.720173716545105,1.0444459915161133,-0.720173716545105,1.0444459915161133,-0.720173716545105,0.0,0.0,0.0,0.0
7.360267882,3929.58056640625,2333.35205078125,2086.0,1754.0,165.06570434570312,353.7078857421875,1.0406906604766846,-0.720173716545105,1.0406906604766846,-0.720173716545105,1.0406906604766846,-0.720173716545105,0.0,0.0,0.0,0.0
7.38026276,3929.58056640625,2333.35205078125,2086.0,1754.0,165.06570434570312,353.7078857421875,1.0406906604766846,-0.720173716545105,1.0406906604766846,-0.720173716545105,1.0406906604766846,-0.720173716545105,0.0,0.0,0.0,0.0
7.40027578,3901.852294921875,2288.68896484375,2086.0,1754.0,165.06570434570312,353.7078857421875,1.0286616086959839,-0.7278141975402832,1.0286616086959839,-0.7278141975402832,1.0286616086959839,-0.7278141975402832,0.0,0.0,0.0,0.0
7.42021585,3901.852294921875,2288.68896484375,2086.0,1754.0,165.06570434570312,353.7078857421875,1.0286616086959839,-0.7278141975402832,1.0286616086959839,-0.7278141975402832,1.0286616086959839,-0.7278141975402832,0.0,0.0,0.0,0.0
7.440244387,3882.638427734375,2258.022705078125,2080.0,1606.0,168.54150390625,356.1123046875,1.0203732252120972,-0.732981264591217,1.0203732252120972,-0.732981264591217,1.0203732252120972,-0.732981264591217,0.0,0.0,0.0,0.0
7.460228642,3882.638427734375,2258.022705078125,2080.0,1606.0,168.54150390625,356.1123046875,1.0203732252120972,-0.732981264591217,1.0203732252120972,-0.732981264591217,1.0203732252120972,-0.732981264591217,0.0,0.0,0.0,0.0
7.480407015,3882.638427734375,2258.022705078125,2080.0,1606.0,168.54150390625,356.1123046875,1.0203732252120972,-0.732981264591217,1.0203732252120972,-0.732981264591217,1.0203732252120972,-0.732981264591217,0.0,0.0,0.0,0.0
7.500172773,3843.650146484375,2196.4677734375,2080.0,1606.0,168.54150390625,356.1123046875,1.0036662817001343,-0.7431626319885254,1.0036662817001343,-0.7431626319885254,1.0036662817001343,-0.7431626319885254,0.0,0.0,0.0,0.0
7.520286194,3843.650146484375,2196.4677734375,2080.0,1606.0,168.54150390625,356.1123046875,1.0036662817001343,-0.7431626319885254,1.0036662817001343,-0.7431626319885254,1.0036662817001343,-0.7431626319885254,0.0,0.0,0.0,0.0
7.540229048,3783.462158203125,2103.099365234375,2080.0,1486.0,172.01719665527344,358.4453125,0.9781503081321716,-0.7581327557563782,0.9781503081321716,-0.7581327557563782,0.9781503081321716,-0.7581327557563782,0.0,0.0,0.0,0.0
7.56021935,3783.462158203125,2103.099365234375,2080.0,1486.0,172.01719665527344,358.4453125,0.9781503081321716,-0.7581327557563782,0.9781503081321716,-0.7581327557563782,0.9781503081321716,-0.7581327557563782,0.0,0.0,0.0,0.0
7.580306759,3783.462158203125,2103.099365234375,2080.0,1486.0,172.01719665527344,358.4453125,0.9781503081321716,-0.7581327557563782,0.9781503081321716,-0.7581327557563782,0.9781503081321716,-0.7581327557563782,0.0,0.0,0.0,0.0
7.600251788,3714.2890625,1998.061279296875,2080.0,1486.0,172.01719665527344,358.4453125,0.9492021799087524,-0.7743140459060669,0.9492021799087524,-0.7743140459060669,0.9492021799087524,-0.7743140459060669,0.0,0.0,0.0,0.0
7.620205584,3714.2890625,1998.061279296875,2080.0,1486.0,172.01719665527344,358.4453125,0.9492021799087524,-0.7743140459060669,0.9492021799087524,-0.7743140459060669,0.9492021799087524,-0.7743140459060669,0.0,0.0,0.0,0.0
7.640189616,3658.683837890625,1915.22998046875,2086.0,1400.0,176.1595001220703,361.2782897949219,0.9261987209320068,-0.786597728729248,0.9261987209320068,-0.786597728729248,0.9261987209320068,-0.786597728729248,0.0,0.0,0.0,0.0
7.660216521,3658.683837890625,1915.22998046875,2086.0,1400.0,176.1595001220703,361.2782897949219,0.9261987209320068,-0.786597728729248,0.9261987209320068,-0.786597728729248,0.9261987209320068,-0.786597728729248,0.0,0.0,0.0,0.0
7.680492384,3658.683837890625,1915.22998046875,2086.0,1400.0,176.1595001220703,361.2782897949219,0.9261987209320068,-0.786597728729248,0.9261987209320068,-0.786597728729248,0.9261987209320068,-0.786597728729248,0.0,0.0,0.0,0.0
7.700226179,3641.7451171875,1890.262939453125,2086.0,1400.0,176.1595001220703,361.2782897949219,0.919235348701477,-0.790219783782959,0.919235348701477,-0.790219783782959,0.919235348701477,-0.790219783782959,0.0,0.0,0.0,0.0
7.720233727,3641.7451171875,1890.262939453125,2086.0,1400.0,176.1595001220703,361.2782897949219,0.919235348701477,-0.790219783782959,0.919235348701477,-0.790219783782959,0.919235348701477,-0.790219783782959,0.0,0.0,0.0,0.0
7.740196929,3635.593505859375,1881.2255859375,2074.0,1320.0,179.6114959716797,363.0638122558594,0.9167114496231079,-0.7915217876434326,0.9167114496231079,-0.7915217876434326,0.9167114496231079,-0.7915217876434326,0.0,0.0,0.0,0.0
7.760191935,3635.593505859375,1881.2255859375,2074.0,1320.0,179.6114959716797,363.0638122558594,0.9167114496231079,-0.7915217876434326,0.9167114496231079,-0.7915217876434326,0.9167114496231079,-0.7915217876434326,0.0,0.0,0.0,0.0
7.780247733,3635.593505859375,1881.2255859375,2074.0,1320.0,179.6114959716797,363.0638122558594,0.9167114496231079,-0.7915217876434326,0.9167114496231079,-0.7915217876434326,0.9167114496231079,-0.7915217876434326,0.0,0.0,0.0,0.0
7.800163614,3635.593505859375,1881.2255859375,2074.0,1320.0,179.6114959716797,363.0638122558594,0.9167114496231079,-0.7915217876434326,0.9167114496231079,-0.7915217876434326,0.9167114496231079,-0.7915217876434326,0.0,0.0,0.0,0.0
7.820210677,3635.593505859375,1881.2255859375,2074.0,1320.0,179.6114959716797,363.0638122558594,0.9167114496231079,-0.7915217876434326,0.9167114496231079,-0.7915217876434326,0.9167114496231079,-0.7915217876434326,0.0,0.0,0.0,0.0
7.840267402,3679.9521484375,1957.2281494140625,2080.0,1183.0,183.0872039794922,365.0166931152344,0.9437973499298096,-0.7772448658943176,0.9367114305496216,-0.7772448658943176,0.9367114305496216,-0.7772448658943176,0.0,0.0,0.0,0.0
7.860203248,3701.27392578125,1978.5499267578125,2080.0,1183.0,183.0872039794922,365.0166931152344,0.9437973499298096,-0.7772448658943176,0.9437973499298096,-0.7772448658943176,0.9437973499298096,-0.7772448658943176,0.0,0.0,0.0,0.0
7.880196015,3701.27392578125,1978.5499267578125,2080.0,1183.0,183.0872039794922,365.0166931152344,0.9437973499298096,-0.7772448658943176,0.9437973499298096,-0.7772448658943176,0.9437973499298096,-0.7772448658943176,0.0,0.0,0.0,0.0
7.9001692,3717.12548828125,2083.0595703125,2080.0,1183.0,183.0872039794922,365.0166931152344,1.039199709892273,-0.7211299538612366,0.963797390460968,-0.7372448444366455,0.963797390460968,-0.7372448444366455,0.0,0.0,0.0,0.0
7.920205448,3759.447021484375,2161.098876953125,2080.0,1183.0,183.0872039794922,365.0166931152344,1.039199709892273,-0.7211299538612366,0.9837973713874817,-0.7211299538612366,0.9837973713874817,-0.7211299538612366,0.0,0.0,0.0,0.0
7.940320757,3819.62744140625,2221.279541015625,2080.0,1246.0,186.56289672851562,367.44720458984375,1.039199709892273,-0.7211299538612366,1.0037974119186401,-0.7211299538612366,1.0037974119186401,-0.7211299538612366,0.0,0.0,0.0,0.0
7.960311348,3835.47900390625,2325.7890625,2080.0,1246.0,186.56289672851562,367.44720458984375,1.1123037338256836,-0.6709133386611938,1.0237973928451538,-0.6811299324035645,1.0237973928451538,-0.6811299324035645,0.0,0.0,0.0,0.0
7.980265432,3884.33740234375,2397.291748046875,2080.0,1246.0,186.56289672851562,367.44720458984375,1.1123037338256836,-0.6709133386611938,1.0437973737716675,-0.6709133386611938,1.0437973737716675,-0.6709133386611938,0.0,0.0,0.0,0.0
8.000228505,3911.5419921875,2490.4482421875,2080.0,1246.0,186.56289672851562,367.44720458984375,1.151113510131836,-0.641157865524292,1.0637973546981812,-0.641157865524292,1.0637973546981812,-0.641157865524292,0.0,0.0,0.0,0.0
8.020193434,3971.72265625,2550.628662109375,2080.0,1246.0,186.56289672851562,367.44720458984375,1.151113510131836,-0.641157865524292,1.0837973356246948,-0.641157865524292,1.0837973356246948,-0.641157865524292,0.0,0.0,0.0,0.0
8.040246735,4031.903076171875,2610.809326171875,2080.0,1246.0,186.56289672851562,367.44720458984375,1.151113510131836,-0.641157865524292,1.103797435760498,-0.641157865524292,1.103797435760498,-0.641157865524292,0.0,0.0,0.0,0.0
8.06042501,4082.716552734375,2680.35693359375,2080.0,1503.0,190.014892578125,370.4018859863281,1.1615886688232422,-0.6327055096626282,1.1237974166870117,-0.6327055096626282,1.1237974166870117,-0.6327055096626282,0.0,0.0,0.0,0.0
8.080316029,4142.89697265625,2740.537353515625,2080.0,1503.0,190.014892578125,370.4018859863281,1.1615886688232422,-0.6327055096626282,1.1437973976135254,-0.6327055096626282,1.1437973976135254,-0.6327055096626282,0.0,0.0,0.0,0.0
8.100188107,4195.17919921875,2808.616455078125,2080.0,1503.0,190.014892578125,370.4018859863281,1.1702420711517334,-0.6255783438682556,1.163797378540039,-0.6255783438682556,1.163797378540039,-0.6255783438682556,0.0,0.0,0.0,0.0
8.120221763,4214.5712890625,2828.0087890625,2080.0,1503.0,190.014892578125,370.4018859863281,1.1702420711517334,-0.6255783438682556,1.1702420711517334,-0.6255783438682556,1.1702420711517334,-0.6255783438682556,0.0,0.0,0.0,0.0
8.140322001,4214.5712890625,2828.0087890625,2080.0,1503.0,190.014892578125,370.4018859863281,1.1702420711517334,-0.6255783438682556,1.1702420711517334,-0.6255783438682556,1.1702420711517334,-0.6255783438682556,0.0,0.0,0.0,0.0
8.160209469,4238.37939453125,2873.2197265625,2069.0,1789.0,193.466796875,373.8092956542969,1.1817107200622559,-0.6159219741821289,1.1817107200622559,-0.6159219741821289,1.1817107200622559,-0.6159219741821289,0.0,0.0,0.0,0.0
8.180185212,4238.37939453125,2873.2197265625,2069.0,1789.0,193.466796875,373.8092956542969,1.1817107200622559,-0.6159219741821289,1.1817107200622559,-0.6159219741821289,1.1817107200622559,-0.6159219741821289,0.0,0.0,0.0,0.0
8.200164603,4278.8173828125,2953.14306640625,2069.0,1789.0,193.466796875,373.8092956542969,1.2021243572235107,-0.598107099533081,1.2017107009887695,-0.598107099533081,1.2017107009887695,-0.598107099533081,0.0,0.0,0.0,0.0
8.220196083,4280.0615234375,2954.3876953125,2069.0,1789.0,193.466796875,373.8092956542969,1.2021243572235107,-0.598107099533081,1.2021243572235107,-0.598107099533081,1.2021243572235107,-0.598107099533081,0.0,0.0,0.0,0.0
8.240200558,4280.0615234375,2954.3876953125,2069.0,1789.0,193.466796875,373.8092956542969,1.2021243572235107,-0.598107099533081,1.2021243572235107,-0.598107099533081,1.2021243572235107,-0.598107099533081,0.0,0.0,0.0,0.0
8.260185836,4310.8310546875,3016.16015625,2069.0,1966.0,196.918701171875,377.12139892578125,1.2175016403198242,-0.5841193199157715,1.2175016403198242,-0.5841193199157715,1.2175016403198242,-0.5841193199157715,0.0,0.0,0.0,0.0
8.280184169,4310.8310546875,3016.16015625,2069.0,1966.0,196.918701171875,377.12139892578125,1.2175016403198242,-0.5841193199157715,1.2175016403198242,-0.5841193199157715,1.2175016403198242,-0.5841193199157715,0.0,0.0,0.0,0.0
8.300356781,4332.197265625,3060.106201171875,2069.0,1966.0,196.918701171875,377.12139892578125,1.2283544540405273,-0.5739319920539856,1.2283544540405273,-0.5739319920539856,1.2283544540405273,-0.5739319920539856,0.0,0.0,0.0,0.0
8.320201279,4332.197265625,3060.106201171875,2069.0,1966.0,196.918701171875,377.12139892578125,1.2283544540405273,-0.5739319920539856,1.2283544540405273,-0.5739319920539856,1.2283544540405273,-0.5739319920539856,0.0,0.0,0.0,0.0
8.340215193,4332.197265625,3060.106201171875,2069.0,1966.0,196.918701171875,377.12139892578125,1.2283544540405273,-0.5739319920539856,1.2283544540405273,-0.5739319920539856,1.2283544540405273,-0.5739319920539856,0.0,0.0,0.0,0.0
8.360418392,4343.03125,3082.749267578125,2069.0,2011.0,200.37069702148438,380.5050048828125,1.233917236328125,-0.5686039328575134,1.233917236328125,-0.5686039328575134,1.233917236328125,-0.5686039328575134,0.0,0.0,0.0,0.0
8.380387353,4343.03125,3082.749267578125,2069.0,2011.0,200.37069702148438,380.5050048828125,1.233917236328125,-0.5686039328575134,1.233917236328125,-0.5686039328575134,1.233917236328125,-0.5686039328575134,0.0,0.0,0.0,0.0
8.400793787,4350.5244140625,3098.561767578125,2069.0,2011.0,200.37069702148438,380.5050048828125,1.2377898693084717,-0.5648505687713623,1.2377898693084717,-0.5648505687713623,1.2377898693084717,-0.5648505687713623,0.0,0.0,0.0,0.0
8.420291358,4350.5244140625,3098.561767578125,2069.0,2011.0,200.37069702148438,380.5050048828125,1.2377898693084717,-0.5648505687713623,1.2377898693084717,-0.5648505687713623,1.2377898693084717,-0.5648505687713623,0.0,0.0,0.0,0.0
8.440243073,4350.5244140625,3098.561767578125,2069.0,2011.0,200.37069702148438,380.5050048828125,1.2377898693084717,-0.5648505687713623,1.2377898693084717,-0.5648505687713623,1.2377898693084717,-0.5648505687713623,0.0,0.0,0.0,0.0
8.460436386,4356.89453125,3112.104248046875,2074.0,2023.0,203.82260131835938,383.91241455078125,1.2410986423492432,-0.561614453792572,1.2410986423492432,-0.561614453792572,1.2410986423492432,-0.561614453792572,0.0,0.0,0.0,0.0
8.480396228,4356.89453125,3112.104248046875,2074.0,2023.0,203.82260131835938,383.91241455078125,1.2410986423492432,-0.561614453792572,1.2410986423492432,-0.561614453792572,1.2410986423492432,-0.561614453792572,0.0,0.0,0.0,0.0
8.500165984,4356.89453125,3112.104248046875,2074.0,2023.0,203.82260131835938,383.91241455078125,1.2410986423492432,-0.561614453792572,1.2410986423492432,-0.561614453792572,1.2410986423492432,-0.561614453792572,0.0,0.0,0.0,0.0
8.520210198,4376.2412109375,3153.837646484375,2074.0,2023.0,203.82260131835938,383.91241455078125,1.2512481212615967,-0.5515143275260925,1.2512481212615967,-0.5515143275260925,1.2512481212615967,-0.5515143275260925,0.0,0.0,0.0,0.0
8.540160953,4376.2412109375,3153.837646484375,2074.0,2023.0,203.82260131835938,383.91241455078125,1.2512481212615967,-0.5515143275260925,1.2512481212615967,-0.5515143275260925,1.2512481212615967,-0.5515143275260925,0.0,0.0,0.0,0.0
8.560212814,4399.47998046875,3205.269287109375,2074.0,2023.0,207.27450561523438,387.2244873046875,1.2636557817459106,-0.5387945175170898,1.2636557817459106,-0.5387945175170898,1.2636557817459106,-0.5387945175170898,0.0,0.0,0.0,0.0
8.580195277,4399.47998046875,3205.269287109375,2074.0,2023.0,207.27450561523438,387.2244873046875,1.2636557817459106,-0.5387945175170898,1.2636557817459106,-0.5387945175170898,1.2636557817459106,-0.5387945175170898,0.0,0.0,0.0,0.0
8.600167405,4399.47998046875,3205.269287109375,2074.0,2023.0,207.27450561523438,387.2244873046875,1.2636557817459106,-0.5387945175170898,1.2636557817459106,-0.5387945175170898,1.2636557817459106,-0.5387945175170898,0.0,0.0,0.0,0.0
8.620192485,4426.84619140625,3298.26416015625,2074.0,2023.0,207.27450561523438,387.2244873046875,1.2909859418869019,-0.5091846585273743,1.2836557626724243,-0.5091846585273743,1.2836557626724243,-0.5091846585273743,0.0,0.0,0.0,0.0
8.640156742,4448.90234375,3320.320556640625,2074.0,2023.0,207.27450561523438,387.2244873046875,1.2909859418869019,-0.5091846585273743,1.2909859418869019,-0.5091846585273743,1.2909859418869019,-0.5091846585273743,0.0,0.0,0.0,0.0
8.660174304,4480.82275390625,3399.8125,2074.0,2017.0,210.75030517578125,390.60809326171875,1.309498906135559,-0.4877215325832367,1.309498906135559,-0.4877215325832367,1.309498906135559,-0.4877215325832367,0.0,0.0,0.0,0.0
8.680178236,4480.82275390625,3399.8125,2074.0,2017.0,210.75030517578125,390.60809326171875,1.309498906135559,-0.4877215325832367,1.309498906135559,-0.4877215325832367,1.309498906135559,-0.4877215325832367,0.0,0.0,0.0,0.0
8.700545636,4480.82275390625,3399.8125,2074.0,2017.0,210.75030517578125,390.60809326171875,1.309498906135559,-0.4877215325832367,1.309498906135559,-0.4877215325832367,1.309498906135559,-0.4877215325832367,0.0,0.0,0.0,0.0
8.720230668,4507.0166015625,3469.067626953125,2074.0,2017.0,210.75030517578125,390.60809326171875,1.3253593444824219,-0.4682936370372772,1.3253593444824219,-0.4682936370372772,1.3253593444824219,-0.4682936370372772,0.0,0.0,0.0,0.0
8.740153299,4507.0166015625,3469.067626953125,2074.0,2017.0,210.75030517578125,390.60809326171875,1.3253593444824219,-0.4682936370372772,1.3253593444824219,-0.4682936370372772,1.3253593444824219,-0.4682936370372772,0.0,0.0,0.0,0.0
8.760253537,4525.46142578125,3520.600341796875,2080.0,2006.0,214.2021942138672,393.9678955078125,1.3369872570037842,-0.4533652365207672,1.3369872570037842,-0.4533652365207672,1.3369872570037842,-0.4533652365207672,0.0,0.0,0.0,0.0
8.780277402,4525.46142578125,3520.600341796875,2080.0,2006.0,214.2021942138672,393.9678955078125,1.3369872570037842,-0.4533652365207672,1.3369872570037842,-0.4533652365207672,1.3369872570037842,-0.4533652365207672,0.0,0.0,0.0,0.0
8.80076229,4525.46142578125,3520.600341796875,2080.0,2006.0,214.2021942138672,393.9678955078125,1.3369872570037842,-0.4533652365207672,1.3369872570037842,-0.4533652365207672,1.3369872570037842,-0.4533652365207672,0.0,0.0,0.0,0.0
8.820409408,4539.5966796875,3562.01171875,2080.0,2006.0,214.2021942138672,393.9678955078125,1.3462172746658325,-0.4410589337348938,1.3462172746658325,-0.4410589337348938,1.3462172746658325,-0.4410589337348938,0.0,0.0,0.0,0.0
8.840201817,4539.5966796875,3562.01171875,2080.0,2006.0,214.2021942138672,393.9678955078125,1.3462172746658325,-0.4410589337348938,1.3462172746658325,-0.4410589337348938,1.3462172746658325,-0.4410589337348938,0.0,0.0,0.0,0.0
8.860445171,4551.8251953125,3599.4619140625,2074.0,2029.0,217.6540985107422,397.37530517578125,1.3544721603393555,-0.4296795725822449,1.3544721603393555,-0.4296795725822449,1.3544721603393555,-0.4296795725822449,0.0,0.0,0.0,0.0
8.880433265,4551.8251953125,3599.4619140625,2074.0,2029.0,217.6540985107422,397.37530517578125,1.3544721603393555,-0.4296795725822449,1.3544721603393555,-0.4296795725822449,1.3544721603393555,-0.4296795725822449,0.0,0.0,0.0,0.0
8.90018264,4551.8251953125,3599.4619140625,2074.0,2029.0,217.6540985107422,397.37530517578125,1.3544721603393555,-0.4296795725822449,1.3544721603393555,-0.4296795725822449,1.3544721603393555,-0.4296795725822449,0.0,0.0,0.0,0.0
8.920219367,4566.6337890625,3647.285400390625,2074.0,2029.0,217.6540985107422,397.37530517578125,1.3648796081542969,-0.41478440165519714,1.3648796081542969,-0.41478440165519714,1.3648796081542969,-0.41478440165519714,0.0,0.0,0.0,0.0
8.940176841,4566.6337890625,3647.285400390625,2074.0,2029.0,217.6540985107422,397.37530517578125,1.3648796081542969,-0.41478440165519714,1.3648796081542969,-0.41478440165519714,1.3648796081542969,-0.41478440165519714,0.0,0.0,0.0,0.0
8.960477051,4580.0947265625,3693.711181640625,2074.0,2029.0,221.10609436035156,400.7589111328125,1.374830722808838,-0.39991143345832825,1.374830722808838,-0.39991143345832825,1.374830722808838,-0.39991143345832825,0.0,0.0,0.0,0.0
8.980414272,4580.0947265625,3693.711181640625,2074.0,2029.0,221.10609436035156,400.7589111328125,1.374830722808838,-0.39991143345832825,1.374830722808838,-0.39991143345832825,1.374830722808838,-0.39991143345832825,0.0,0.0,0.0,0.0
9.000176317,4580.0947265625,3693.711181640625,2074.0,2029.0,221.10609436035156,400.7589111328125,1.374830722808838,-0.39991143345832825,1.374830722808838,-0.39991143345832825,1.374830722808838,-0.39991143345832825,0.0,0.0,0.0,0.0
9.020335425,4593.64306640625,3744.213134765625,2074.0,2029.0,221.10609436035156,400.7589111328125,1.3854737281799316,-0.3832390606403351,1.3854737281799316,-0.3832390606403351,1.3854737281799316,-0.3832390606403351,0.0,0.0,0.0,0.0
9.040349306,4593.64306640625,3744.213134765625,2074.0,2029.0,221.10609436035156,400.7589111328125,1.3854737281799316,-0.3832390606403351,1.3854737281799316,-0.3832390606403351,1.3854737281799316,-0.3832390606403351,0.0,0.0,0.0,0.0
9.060322585,4604.33837890625,3787.722412109375,2074.0,2029.0,224.58180236816406,404.11871337890625,1.3944807052612305,-0.36843422055244446,1.3944807052612305,-0.36843422055244446,1.3944807052612305,-0.36843422055244446,0.0,0.0,0.0,0.0
9.080352591,4604.33837890625,3787.722412109375,2074.0,2029.0,224.58180236816406,404.11871337890625,1.3944807052612305,-0.36843422055244446,1.3944807052612305,-0.36843422055244446,1.3944807052612305,-0.36843422055244446,0.0,0.0,0.0,0.0
9.100305649,4604.33837890625,3787.722412109375,2074.0,2029.0,224.58180236816406,404.11871337890625,1.3944807052612305,-0.36843422055244446,1.3944807052612305,-0.36843422055244446,1.3944807052612305,-0.36843422055244446,0.0,0.0,0.0,0.0
9.120397023,4614.45751953125,3833.09716796875,2074.0,2029.0,224.58180236816406,404.11871337890625,1.4037020206451416,-0.3525278866291046,1.4037020206451416,-0.3525278866291046,1.4037020206451416,-0.3525278866291046,0.0,0.0,0.0,0.0
9.140298664,4614.45751953125,3833.09716796875,2074.0,2029.0,224.58180236816406,404.11871337890625,1.4037020206451416,-0.3525278866291046,1.4037020206451416,-0.3525278866291046,1.4037020206451416,-0.3525278866291046,0.0,0.0,0.0,0.0
9.160357466,4622.2275390625,3871.974365234375,2074.0,2011.0,228.03370666503906,407.45458984375,1.4114532470703125,-0.338493287563324,1.4114532470703125,-0.338493287563324,1.4114532470703125,-0.338493287563324,0.0,0.0,0.0,0.0
9.180479684,4622.2275390625,3871.974365234375,2074.0,2011.0,228.03370666503906,407.45458984375,1.4114532470703125,-0.338493287563324,1.4114532470703125,-0.338493287563324,1.4114532470703125,-0.338493287563324,0.0,0.0,0.0,0.0
9.20034357,4622.2275390625,3871.974365234375,2074.0,2011.0,228.03370666503906,407.45458984375,1.4114532470703125,-0.338493287563324,1.4114532470703125,-0.338493287563324,1.4114532470703125,-0.338493287563324,0.0,0.0,0.0,0.0
9.220353515,4627.212890625,3899.60986328125,2074.0,2011.0,228.03370666503906,407.45458984375,1.4168736934661865,-0.3282741904258728,1.4168736934661865,-0.3282741904258728,1.4168736934661865,-0.3282741904258728,0.0,0.0,0.0,0.0
9.240309037,4627.212890625,3899.60986328125,2074.0,2011.0,228.03370666503906,407.45458984375,1.4168736934661865,-0.3282741904258728,1.4168736934661865,-0.3282741904258728,1.4168736934661865,-0.3282741904258728,0.0,0.0,0.0,0.0
9.260328997,4630.82275390625,3921.4697265625,2069.0,2011.0,231.48570251464844,410.81439208984375,1.421105980873108,-0.3200402557849884,1.421105980873108,-0.3200402557849884,1.421105980873108,-0.3200402557849884,0.0,0.0,0.0,0.0
9.280287077,4630.82275390625,3921.4697265625,2069.0,2011.0,231.48570251464844,410.81439208984375,1.421105980873108,-0.3200402557849884,1.421105980873108,-0.3200402557849884,1.421105980873108,-0.3200402557849884,0.0,0.0,0.0,0.0
9.300241831,4630.82275390625,3921.4697265625,2069.0,2011.0,231.48570251464844,410.81439208984375,1.421105980873108,-0.3200402557849884,1.421105980873108,-0.3200402557849884,1.421105980873108,-0.3200402557849884,0.0,0.0,0.0,0.0
9.320314327,4634.54833984375,3946.2998046875,2069.0,2011.0,231.48570251464844,410.81439208984375,1.4258509874343872,-0.31051865220069885,1.4258509874343872,-0.31051865220069885,1.4258509874343872,-0.31051865220069885,0.0,0.0,0.0,0.0
9.340284407,4634.54833984375,3946.2998046875,2069.0,2011.0,231.48570251464844,410.81439208984375,1.4258509874343872,-0.31051865220069885,1.4258509874343872,-0.31051865220069885,1.4258509874343872,-0.31051865220069885,0.0,0.0,0.0,0.0
9.360563786,4638.38427734375,3975.412353515625,2074.0,2017.0,234.93760681152344,414.2218017578125,1.431325912475586,-0.299114465713501,1.431325912475586,-0.299114465713501,1.431325912475586,-0.299114465713501,0.0,0.0,0.0,0.0
9.380336389,4638.38427734375,3975.412353515625,2074.0,2017.0,234.93760681152344,414.2218017578125,1.431325912475586,-0.299114465713501,1.431325912475586,-0.299114465713501,1.431325912475586,-0.299114465713501,0.0,0.0,0.0,0.0
9.400367388,4638.38427734375,3975.412353515625,2074.0,2017.0,234.93760681152344,414.2218017578125,1.431325912475586,-0.299114465713501,1.431325912475586,-0.299114465713501,1.431325912475586,-0.299114465713501,0.0,0.0,0.0,0.0
9.420404337,4642.00732421875,4008.534423828125,2074.0,2017.0,234.93760681152344,414.2218017578125,1.4374316930770874,-0.2858051359653473,1.4374316930770874,-0.2858051359653473,1.4374316930770874,-0.2858051359653473,0.0,0.0,0.0,0.0
9.440298619,4642.00732421875,4008.534423828125,2074.0,2017.0,234.93760681152344,414.2218017578125,1.4374316930770874,-0.2858051359653473,1.4374316930770874,-0.2858051359653473,1.4374316930770874,-0.2858051359653473,0.0,0.0,0.0,0.0
9.460350191,4644.7197265625,4040.724853515625,2069.0,2017.0,238.36570739746094,417.5577087402344,1.4432313442230225,-0.2725055515766144,1.4432313442230225,-0.2725055515766144,1.4432313442230225,-0.2725055515766144,0.0,0.0,0.0,0.0
9.480430302,4644.7197265625,4040.724853515625,2069.0,2017.0,238.36570739746094,417.5577087402344,1.4432313442230225,-0.2725055515766144,1.4432313442230225,-0.2725055515766144,1.4432313442230225,-0.2725055515766144,0.0,0.0,0.0,0.0
9.500338918,4644.7197265625,4040.724853515625,2069.0,2017.0,238.36570739746094,417.5577087402344,1.4432313442230225,-0.2725055515766144,1.4432313442230225,-0.2725055515766144,1.4432313442230225,-0.2725055515766144,0.0,0.0,0.0,0.0
9.520376476,4646.3818359375,4068.672119140625,2069.0,2017.0,238.36570739746094,417.5577087402344,1.4481514692306519,-0.26064640283584595,1.4481514692306519,-0.26064640283584595,1.4481514692306519,-0.26064640283584595,0.0,0.0,0.0,0.0
9.540259431,4646.3818359375,4068.672119140625,2069.0,2017.0,238.36570739746094,417.5577087402344,1.4481514692306519,-0.26064640283584595,1.4481514692306519,-0.26064640283584595,1.4481514692306519,-0.26064640283584595,0.0,0.0,0.0,0.0
9.560369746,4646.3818359375,4068.672119140625,2069.0,2034.0,241.8415069580078,420.989013671875,1.4481514692306519,-0.26064640283584595,1.4481514692306519,-0.26064640283584595,1.4481514692306519,-0.26064640283584595,0.0,0.0,0.0,0.0
9.580311253,4647.48095703125,4103.40625,2069.0,2034.0,241.8415069580078,420.989013671875,1.4541058540344238,-0.24547135829925537,1.4541058540344238,-0.24547135829925537,1.4541058540344238,-0.24547135829925537,0.0,0.0,0.0,0.0
9.600273366,4647.48095703125,4103.40625,2069.0,2034.0,241.8415069580078,420.989013671875,1.4541058540344238,-0.24547135829925537,1.4541058540344238,-0.24547135829925537,1.4541058540344238,-0.24547135829925537,0.0,0.0,0.0,0.0
9.620211513,4647.43994140625,4136.96630859375,2069.0,2034.0,241.8415069580078,420.989013671875,1.4596755504608154,-0.23031127452850342,1.4596755504608154,-0.23031127452850342,1.4596755504608154,-0.23031127452850342,0.0,0.0,0.0,0.0
9.64015654,4647.43994140625,4136.96630859375,2069.0,2034.0,241.8415069580078,420.989013671875,1.4596755504608154,-0.23031127452850342,1.4596755504608154,-0.23031127452850342,1.4596755504608154,-0.23031127452850342,0.0,0.0,0.0,0.0
9.660250186,4646.580078125,4163.32861328125,2069.0,2017.0,245.29339599609375,424.30108642578125,1.4639132022857666,-0.21802963316440582,1.4639132022857666,-0.21802963316440582,1.4639132022857666,-0.21802963316440582,0.0,0.0,0.0,0.0
9.680264962,4646.580078125,4163.32861328125,2069.0,2017.0,245.29339599609375,424.30108642578125,1.4639132022857666,-0.21802963316440582,1.4639132022857666,-0.21802963316440582,1.4639132022857666,-0.21802963316440582,0.0,0.0,0.0,0.0
9.700397227,4646.580078125,4163.32861328125,2069.0,2017.0,245.29339599609375,424.30108642578125,1.4639132022857666,-0.21802963316440582,1.4639132022857666,-0.21802963316440582,1.4639132022857666,-0.21802963316440582,0.0,0.0,0.0,0.0
9.720211456,4645.22412109375,4185.83447265625,2069.0,2017.0,245.29339599609375,424.30108642578125,1.4674276113510132,-0.2072637975215912,1.4674276113510132,-0.2072637975215912,1.4674276113510132,-0.2072637975215912,0.0,0.0,0.0,0.0
9.740192381,4645.22412109375,4185.83447265625,2069.0,2017.0,245.29339599609375,424.30108642578125,1.4674276113510132,-0.2072637975215912,1.4674276113510132,-0.2072637975215912,1.4674276113510132,-0.2072637975215912,0.0,0.0,0.0,0.0
9.760203319,4643.31298828125,4207.75,2074.0,2017.0,248.74530029296875,427.660888671875,1.4707515239715576,-0.19651392102241516,1.4707515239715576,-0.19651392102241516,1.4707515239715576,-0.19651392102241516,0.0,0.0,0.0,0.0
9.780231854,4643.31298828125,4207.75,2074.0,2017.0,248.74530029296875,427.660888671875,1.4707515239715576,-0.19651392102241516,1.4707515239715576,-0.19651392102241516,1.4707515239715576,-0.19651392102241516,0.0,0.0,0.0,0.0
9.800451338,4643.31298828125,4207.75,2074.0,2017.0,248.74530029296875,427.660888671875,1.4707515239715576,-0.19651392102241516,1.4707515239715576,-0.19651392102241516,1.4707515239715576,-0.19651392102241516,0.0,0.0,0.0,0.0
9.820279261,4641.35107421875,4225.1552734375,2074.0,2017.0,248.74530029296875,427.660888671875,1.4733178615570068,-0.18777580559253693,1.4733178615570068,-0.18777580559253693,1.4733178615570068,-0.18777580559253693,0.0,0.0,0.0,0.0
9.840202466,4641.35107421875,4225.1552734375,2074.0,2017.0,248.74530029296875,427.660888671875,1.4733178615570068,-0.18777580559253693,1.4733178615570068,-0.18777580559253693,1.4733178615570068,-0.18777580559253693,0.0,0.0,0.0,0.0
9.860232569,4639.69677734375,4237.578125,2074.0,2011.0,252.22109985351562,431.04449462890625,1.475107192993164,-0.1814247965812683,1.475107192993164,-0.1814247965812683,1.475107192993164,-0.1814247965812683,0.0,0.0,0.0,0.0
9.880252497,4639.69677734375,4237.578125,2074.0,2011.0,252.22109985351562,431.04449462890625,1.475107192993164,-0.1814247965812683,1.475107192993164,-0.1814247965812683,1.475107192993164,-0.1814247965812683,0.0,0.0,0.0,0.0
9.900459919,4639.69677734375,4237.578125,2074.0,2011.0,252.22109985351562,431.04449462890625,1.475107192993164,-0.1814247965812683,1.475107192993164,-0.1814247965812683,1.475107192993164,-0.1814247965812683,0.0,0.0,0.0,0.0
9.920270436,4638.3466796875,4246.66650390625,2074.0,2011.0,252.22109985351562,431.04449462890625,1.4763931035995483,-0.17671510577201843,1.4763931035995483,-0.17671510577201843,1.4763931035995483,-0.17671510577201843,0.0,0.0,0.0,0.0
9.94019201,4638.3466796875,4246.66650390625,2074.0,2011.0,252.22109985351562,431.04449462890625,1.4763931035995483,-0.17671510577201843,1.4763931035995483,-0.17671510577201843,1.4763931035995483,-0.17671510577201843,0.0,0.0,0.0,0.0
9.96020202,4635.474609375,4263.7431640625,2074.0,2011.0,255.67300415039062,434.3804016113281,1.4787533283233643,-0.16771475970745087,1.4787533283233643,-0.16771475970745087,1.4787533283233643,-0.16771475970745087,0.0,0.0,0.0,0.0
9.980219388,4635.474609375,4263.7431640625,2074.0,2011.0,255.67300415039062,434.3804016113281,1.4787533283233643,-0.16771475970745087,1.4787533283233643,-0.16771475970745087,1.4787533283233643,-0.16771475970745087,0.0,0.0,0.0,0.0
10.000254097,4635.474609375,4263.7431640625,2074.0,2011.0,255.67300415039062,434.3804016113281,1.4787533283233643,-0.16771475970745087,1.4787533283233643,-0.16771475970745087,1.4787533283233643,-0.16771475970745087,0.0,0.0,0.0,0.0
10.020209745,4632.24755859375,4280.3095703125,2074.0,2011.0,255.67300415039062,434.3804016113281,1.4809699058532715,-0.1587844043970108,1.4809699058532715,-0.1587844043970108,1.4809699058532715,-0.1587844043970108,0.0,0.0,0.0,0.0
10.040195405,4632.24755859375,4280.3095703125,2074.0,2011.0,255.67300415039062,434.3804016113281,1.4809699058532715,-0.1587844043970108,1.4809699058532715,-0.1587844043970108,1.4809699058532715,-0.1587844043970108,0.0,0.0,0.0,0.0
10.060215524,4626.95947265625,4303.44482421875,2069.0,2029.0,259.1249084472656,437.7878112792969,1.4839355945587158,-0.14596086740493774,1.4839355945587158,-0.14596086740493774,1.4839355945587158,-0.14596086740493774,0.0,0.0,0.0,0.0
10.080237498,4626.95947265625,4303.44482421875,2069.0,2029.0,259.1249084472656,437.7878112792969,1.4839355945587158,-0.14596086740493774,1.4839355945587158,-0.14596086740493774,1.4839355945587158,-0.14596086740493774,0.0,0.0,0.0,0.0
10.100157407,4626.95947265625,4303.44482421875,2069.0,2029.0,259.1249084472656,437.7878112792969,1.4839355945587158,-0.14596086740493774,1.4839355945587158,-0.14596086740493774,1.4839355945587158,-0.14596086740493774,0.0,0.0,0.0,0.0
10.120311491,4620.81396484375,4326.125,2069.0,2029.0,259.1249084472656,437.7878112792969,1.4866830110549927,-0.1329553872346878,1.4866830110549927,-0.1329553872346878,1.4866830110549927,-0.1329553872346878,0.0,0.0,0.0,0.0
10.140328571,4620.81396484375,4326.125,2069.0,2029.0,259.1249084472656,437.7878112792969,1.4866830110549927,-0.1329553872346878,1.4866830110549927,-0.1329553872346878,1.4866830110549927,-0.1329553872346878,0.0,0.0,0.0,0.0
10.160904803,4612.845703125,4351.041015625,2069.0,2017.0,262.5768127441406,441.17138671875,1.4894990921020508,-0.11811888962984085,1.4894990921020508,-0.11811888962984085,1.4894990921020508,-0.11811888962984085,0.0,0.0,0.0,0.0
10.180618629,4612.845703125,4351.041015625,2069.0,2017.0,262.5768127441406,441.17138671875,1.4894990921020508,-0.11811888962984085,1.4894990921020508,-0.11811888962984085,1.4894990921020508,-0.11811888962984085,0.0,0.0,0.0,0.0
10.200375649,4612.845703125,4351.041015625,2069.0,2017.0,262.5768127441406,441.17138671875,1.4894990921020508,-0.11811888962984085,1.4894990921020508,-0.11811888962984085,1.4894990921020508,-0.11811888962984085,0.0,0.0,0.0,0.0
10.220390105,4605.212890625,4371.578125,2069.0,2017.0,262.5768127441406,441.17138671875,1.4916434288024902,-0.10540946573019028,1.4916434288024902,-0.10540946573019028,1.4916434288024902,-0.10540946573019028,0.0,0.0,0.0,0.0
10.240326811,4605.212890625,4371.578125,2069.0,2017.0,262.5768127441406,441.17138671875,1.4916434288024902,-0.10540946573019028,1.4916434288024902,-0.10540946573019028,1.4916434288024902,-0.10540946573019028,0.0,0.0,0.0,0.0
10.260410889,4595.5869140625,4394.12939453125,2080.0,2034.0,266.0526123046875,444.55499267578125,1.493791103363037,-0.09089205414056778,1.493791103363037,-0.09089205414056778,1.493791103363037,-0.09089205414056778,0.0,0.0,0.0,0.0
10.280336174,4595.5869140625,4394.12939453125,2080.0,2034.0,266.0526123046875,444.55499267578125,1.493791103363037,-0.09089205414056778,1.493791103363037,-0.09089205414056778,1.493791103363037,-0.09089205414056778,0.0,0.0,0.0,0.0
10.300317898,4595.5869140625,4394.12939453125,2080.0,2034.0,266.0526123046875,444.55499267578125,1.493791103363037,-0.09089205414056778,1.493791103363037,-0.09089205414056778,1.493791103363037,-0.09089205414056778,0.0,0.0,0.0,0.0
10.320341216,4586.7216796875,4412.3955078125,2080.0,2034.0,266.0526123046875,444.55499267578125,1.4953533411026,-0.078651063144207,1.4953533411026,-0.078651063144207,1.4953533411026,-0.078651063144207,0.0,0.0,0.0,0.0
10.340327228,4586.7216796875,4412.3955078125,2080.0,2034.0,266.0526123046875,444.55499267578125,1.4953533411026,-0.078651063144207,1.4953533411026,-0.078651063144207,1.4953533411026,-0.078651063144207,0.0,0.0,0.0,0.0
10.360518971,4586.7216796875,4412.3955078125,2069.0,2006.0,269.480712890625,447.8432922363281,1.4953533411026,-0.078651063144207,1.4953533411026,-0.078651063144207,1.4953533411026,-0.078651063144207,0.0,0.0,0.0,0.0
10.380306386,4577.1572265625,4430.00830078125,2069.0,2006.0,269.480712890625,447.8432922363281,1.4966907501220703,-0.06638941168785095,1.4966907501220703,-0.06638941168785095,1.4966907501220703,-0.06638941168785095,0.0,0.0,0.0,0.0
10.400493138,4577.1572265625,4430.00830078125,2069.0,2006.0,269.480712890625,447.8432922363281,1.4966907501220703,-0.06638941168785095,1.4966907501220703,-0.06638941168785095,1.4966907501220703,-0.06638941168785095,0.0,0.0,0.0,0.0
10.420268971,4572.1689453125,4438.47509765625,2069.0,2006.0,269.480712890625,447.8432922363281,1.4972686767578125,-0.06031882017850876,1.4972686767578125,-0.06031882017850876,1.4972686767578125,-0.06031882017850876,0.0,0.0,0.0,0.0
10.440247496,4572.1689453125,4438.47509765625,2069.0,2006.0,269.480712890625,447.8432922363281,1.4972686767578125,-0.06031882017850876,1.4972686767578125,-0.06031882017850876,1.4972686767578125,-0.06031882017850876,0.0,0.0,0.0,0.0
10.46035765,4566.9580078125,4446.8623046875,2069.0,2011.0,272.9325866699219,451.2507019042969,1.4977965354919434,-0.054183851927518845,1.4977965354919434,-0.054183851927518845,1.4977965354919434,-0.054183851927518845,0.0,0.0,0.0,0.0
10.480340334,4566.9580078125,4446.8623046875,2069.0,2011.0,272.9325866699219,451.2507019042969,1.4977965354919434,-0.054183851927518845,1.4977965354919434,-0.054183851927518845,1.4977965354919434,-0.054183851927518845,0.0,0.0,0.0,0.0
10.500319339,4566.9580078125,4446.8623046875,2069.0,2011.0,272.9325866699219,451.2507019042969,1.4977965354919434,-0.054183851927518845,1.4977965354919434,-0.054183851927518845,1.4977965354919434,-0.054183851927518845,0.0,0.0,0.0,0.0
10.520373789,4559.9951171875,4457.41259765625,2069.0,2011.0,272.9325866699219,451.2507019042969,1.4983925819396973,-0.04628239572048187,1.4983925819396973,-0.04628239572048187,1.4983925819396973,-0.04628239572048187,0.0,0.0,0.0,0.0
10.54044734,4559.9951171875,4457.41259765625,2069.0,2011.0,272.9325866699219,451.2507019042969,1.4983925819396973,-0.04628239572048187,1.4983925819396973,-0.04628239572048187,1.4983925819396973,-0.04628239572048187,0.0,0.0,0.0,0.0
10.56035893,4559.9951171875,4457.41259765625,2074.0,2017.0,276.40838623046875,454.6105041503906,1.4983925819396973,-0.04628239572048187,1.4983925819396973,-0.04628239572048187,1.4983925819396973,-0.04628239572048187,0.0,0.0,0.0,0.0
10.580339886,4556.35107421875,4462.662109375,2074.0,2017.0,276.40838623046875,454.6105041503906,1.498659372329712,-0.04226987808942795,1.498659372329712,-0.04226987808942795,1.498659372329712,-0.04226987808942795,0.0,0.0,0.0,0.0
10.600394272,4556.35107421875,4462.662109375,2074.0,2017.0,276.40838623046875,454.6105041503906,1.498659372329712,-0.04226987808942795,1.498659372329712,-0.04226987808942795,1.498659372329712,-0.04226987808942795,0.0,0.0,0.0,0.0
10.620742697,4556.35107421875,4462.662109375,2074.0,2017.0,276.40838623046875,454.6105041503906,1.498659372329712,-0.04226987808942795,1.498659372329712,-0.04226987808942795,1.498659372329712,-0.04226987808942795,0.0,0.0,0.0,0.0
10.640579514,4554.51171875,4465.24560546875,2074.0,2017.0,276.40838623046875,454.6105041503906,1.498782992362976,-0.040274400264024734,1.498782992362976,-0.040274400264024734,1.498782992362976,-0.040274400264024734,0.0,0.0,0.0,0.0
10.660309082,4554.51171875,4465.24560546875,2074.0,2023.0,279.83648681640625,457.9941101074219,1.498782992362976,-0.040274400264024734,1.498782992362976,-0.040274400264024734,1.498782992362976,-0.040274400264024734,0.0,0.0,0.0,0.0
10.68042925,4552.7294921875,4467.70751953125,2074.0,2023.0,279.83648681640625,457.9941101074219,1.4988960027694702,-0.03835946321487427,1.4988960027694702,-0.03835946321487427,1.4988960027694702,-0.03835946321487427,0.0,0.0,0.0,0.0
10.700352487,4552.7294921875,4467.70751953125,2074.0,2023.0,279.83648681640625,457.9941101074219,1.4988960027694702,-0.03835946321487427,1.4988960027694702,-0.03835946321487427,1.4988960027694702,-0.03835946321487427,0.0,0.0,0.0,0.0
10.720291337,4550.9306640625,4470.15380859375,2074.0,2023.0,279.83648681640625,457.9941101074219,1.499003529548645,-0.036444105207920074,1.499003529548645,-0.036444105207920074,1.499003529548645,-0.036444105207920074,0.0,0.0,0.0,0.0
10.740316639,4550.9306640625,4470.15380859375,2074.0,2023.0,279.83648681640625,457.9941101074219,1.499003529548645,-0.036444105207920074,1.499003529548645,-0.036444105207920074,1.499003529548645,-0.036444105207920074,0.0,0.0,0.0,0.0
10.760326456,4550.9306640625,4470.15380859375,2063.0,2023.0,283.26458740234375,461.3537902832031,1.499003529548645,-0.036444105207920074,1.499003529548645,-0.036444105207920074,1.499003529548645,-0.036444105207920074,0.0,0.0,0.0,0.0
10.780433346,4547.2216796875,4475.07666015625,2063.0,2023.0,283.26458740234375,461.3537902832031,1.4992051124572754,-0.032549794763326645,1.4992051124572754,-0.032549794763326645,1.4992051124572754,-0.032549794763326645,0.0,0.0,0.0,0.0
10.800366853,4547.2216796875,4475.07666015625,2063.0,2023.0,283.26458740234375,461.3537902832031,1.4992051124572754,-0.032549794763326645,1.4992051124572754,-0.032549794763326645,1.4992051124572754,-0.032549794763326645,0.0,0.0,0.0,0.0
10.820433142,4547.2216796875,4475.07666015625,2063.0,2023.0,283.26458740234375,461.3537902832031,1.4992051124572754,-0.032549794763326645,1.4992051124572754,-0.032549794763326645,1.4992051124572754,-0.032549794763326645,0.0,0.0,0.0,0.0
10.840445678,4543.45703125,4479.9140625,2063.0,2023.0,283.26458740234375,461.3537902832031,1.4993834495544434,-0.028668899089097977,1.4993834495544434,-0.028668899089097977,1.4993834495544434,-0.028668899089097977,0.0,0.0,0.0,0.0
10.860557112,4543.45703125,4479.9140625,2069.0,2006.0,286.7641906738281,464.6659851074219,1.4993834495544434,-0.028668899089097977,1.4993834495544434,-0.028668899089097977,1.4993834495544434,-0.028668899089097977,0.0,0.0,0.0,0.0
10.880330545,4537.72998046875,4486.98486328125,2069.0,2006.0,286.7641906738281,464.6659851074219,1.4996068477630615,-0.022894760593771935,1.4996068477630615,-0.022894760593771935,1.4996068477630615,-0.022894760593771935,0.0,0.0,0.0,0.0
10.900361735,4537.72998046875,4486.98486328125,2069.0,2006.0,286.7641906738281,464.6659851074219,1.4996068477630615,-0.022894760593771935,1.4996068477630615,-0.022894760593771935,1.4996068477630615,-0.022894760593771935,0.0,0.0,0.0,0.0
10.920312455,4537.72998046875,4486.98486328125,2069.0,2006.0,286.7641906738281,464.6659851074219,1.4996068477630615,-0.022894760593771935,1.4996068477630615,-0.022894760593771935,1.4996068477630615,-0.022894760593771935,0.0,0.0,0.0,0.0
10.940360474,4535.76513671875,4489.33544921875,2069.0,2006.0,286.7641906738281,464.6659851074219,1.4996708631515503,-0.020947784185409546,1.4996708631515503,-0.020947784185409546,1.4996708631515503,-0.020947784185409546,0.0,0.0,0.0,0.0
10.960247972,4535.76513671875,4489.33544921875,2080.0,2011.0,290.2160949707031,468.0733947753906,1.4996708631515503,-0.020947784185409546,1.4996708631515503,-0.020947784185409546,1.4996708631515503,-0.020947784185409546,0.0,0.0,0.0,0.0
10.980294839,4531.8056640625,4493.95947265625,2080.0,2011.0,290.2160949707031,468.0733947753906,1.4997813701629639,-0.01707530952990055,1.4997813701629639,-0.01707530952990055,1.4997813701629639,-0.01707530952990055,0.0,0.0,0.0,0.0
11.000280497,4531.8056640625,4493.95947265625,2080.0,2011.0,290.2160949707031,468.0733947753906,1.4997813701629639,-0.01707530952990055,1.4997813701629639,-0.01707530952990055,1.4997813701629639,-0.01707530952990055,0.0,0.0,0.0,0.0
11.020441875,4531.8056640625,4493.95947265625,2080.0,2011.0,290.2160949707031,468.0733947753906,1.4997813701629639,-0.01707530952990055,1.4997813701629639,-0.01707530952990055,1.4997813701629639,-0.01707530952990055,0.0,0.0,0.0,0.0
11.040299744,4531.8056640625,4493.95947265625,2080.0,2011.0,290.2160949707031,468.0733947753906,1.4997813701629639,-0.01707530952990055,1.4997813701629639,-0.01707530952990055,1.4997813701629639,-0.01707530952990055,0.0,0.0,0.0,0.0
11.060345202,4531.8056640625,4493.95947265625,2080.0,2011.0,293.6679992675781,471.43310546875,1.4997813701629639,-0.01707530952990055,1.4997813701629639,-0.01707530952990055,1.4997813701629639,-0.01707530952990055,0.0,0.0,0.0,0.0
11.080355721,4531.7724609375,4493.99755859375,2080.0,2011.0,293.6679992675781,471.43310546875,1.4997820854187012,-0.01704297959804535,1.4997820854187012,-0.01704297959804535,1.4997820854187012,-0.01704297959804535,0.0,0.0,0.0,0.0
11.100403867,4531.7724609375,4493.99755859375,2080.0,2011.0,293.6679992675781,471.43310546875,1.4997820854187012,-0.01704297959804535,1.4997820854187012,-0.01704297959804535,1.4997820854187012,-0.01704297959804535,0.0,0.0,0.0,0.0
11.120712136,4531.7724609375,4493.99755859375,2080.0,2011.0,293.6679992675781,471.43310546875,1.4997820854187012,-0.01704297959804535,1.4997820854187012,-0.01704297959804535,1.4997820854187012,-0.01704297959804535,0.0,0.0,0.0,0.0
11.140303706,4531.7724609375,4493.99755859375,2080.0,2011.0,293.6679992675781,471.43310546875,1.4997820854187012,-0.01704297959804535,1.4997820854187012,-0.01704297959804535,1.4997820854187012,-0.01704297959804535,0.0,0.0,0.0,0.0
11.160311377,4531.7724609375,4493.99755859375,2069.0,2023.0,297.1199951171875,474.79290771484375,1.4997820854187012,-0.01704297959804535,1.4997820854187012,-0.01704297959804535,1.4997820854187012,-0.01704297959804535,0.0,0.0,0.0,0.0
11.180345413,4531.7392578125,4494.03564453125,2069.0,2023.0,297.1199951171875,474.79290771484375,1.499782919883728,-0.017010770738124847,1.499782919883728,-0.017010770738124847,1.499782919883728,-0.017010770738124847,0.0,0.0,0.0,0.0
11.200266537,4531.7392578125,4494.03564453125,2069.0,2023.0,297.1199951171875,474.79290771484375,1.499782919883728,-0.017010770738124847,1.499782919883728,-0.017010770738124847,1.499782919883728,-0.017010770738124847,0.0,0.0,0.0,0.0
11.220356244,4531.7392578125,4494.03564453125,2069.0,2023.0,297.1199951171875,474.79290771484375,1.499782919883728,-0.017010770738124847,1.499782919883728,-0.017010770738124847,1.499782919883728,-0.017010770738124847,0.0,0.0,0.0,0.0
11.240298101,4531.7392578125,4494.03564453125,2069.0,2023.0,297.1199951171875,474.79290771484375,1.499782919883728,-0.017010770738124847,1.499782919883728,-0.017010770738124847,1.499782919883728,-0.017010770738124847,0.0,0.0,0.0,0.0
11.260377346,4531.7392578125,4494.03564453125,2080.0,2017.0,300.595703125,478.176513671875,1.499782919883728,-0.017010770738124847,1.499782919883728,-0.017010770738124847,1.499782919883728,-0.017010770738124847,0.0,0.0,0.0,0.0
11.280340992,4531.7392578125,4494.03564453125,2080.0,2017.0,300.595703125,478.176513671875,1.499782919883728,-0.017010770738124847,1.499782919883728,-0.017010770738124847,1.499782919883728,-0.017010770738124847,0.0,0.0,0.0,0.0
11.300309341,4531.7392578125,4494.03564453125,2080.0,2017.0,300.595703125,478.176513671875,1.499782919883728,-0.017010770738124847,1.499782919883728,-0.017010770738124847,1.499782919883728,-0.017010770738124847,0.0,0.0,0.0,0.0
11.320328179,4531.7392578125,4494.03564453125,2080.0,2017.0,300.595703125,478.176513671875,1.499782919883728,-0.017010770738124847,1.499782919883728,-0.017010770738124847,1.499782919883728,-0.017010770738124847,0.0,0.0,0.0,0.0
11.340376933,4531.7392578125,4494.03564453125,2080.0,2017.0,300.595703125,478.176513671875,1.499782919883728,-0.017010770738124847,1.499782919883728,-0.017010770738124847,1.499782919883728,-0.017010770738124847,0.0,0.0,0.0,0.0
11.360303399,4531.7392578125,4494.03564453125,2074.0,2029.0,304.047607421875,481.5600891113281,1.499782919883728,-0.017010770738124847,1.499782919883728,-0.017010770738124847,1.499782919883728,-0.017010770738124847,0.0,0.0,0.0,0.0
11.380351577,4531.7392578125,4494.03564453125,2074.0,2029.0,304.047607421875,481.5600891113281,1.499782919883728,-0.017010770738124847,1.499782919883728,-0.017010770738124847,1.499782919883728,-0.017010770738124847,0.0,0.0,0.0,0.0
11.400334068,4531.7392578125,4494.03564453125,2074.0,2029.0,304.047607421875,481.5600891113281,1.499782919883728,-0.017010770738124847,1.499782919883728,-0.017010770738124847,1.499782919883728,-0.017010770738124847,0.0,0.0,0.0,0.0
11.420303793,4531.7392578125,4494.03564453125,2074.0,2029.0,304.047607421875,481.5600891113281,1.499782919883728,-0.017010770738124847,1.499782919883728,-0.017010770738124847,1.499782919883728,-0.017010770738124847,0.0,0.0,0.0,0.0
11.440315976,4531.7392578125,4494.03564453125,2074.0,2029.0,304.047607421875,481.5600891113281,1.499782919883728,-0.017010770738124847,1.499782919883728,-0.017010770738124847,1.499782919883728,-0.017010770738124847,0.0,0.0,0.0,0.0
11.460265831,4531.7392578125,4494.03564453125,2069.0,2017.0,307.4996032714844,484.89599609375,1.499782919883728,-0.017010770738124847,1.499782919883728,-0.017010770738124847,1.499782919883728,-0.017010770738124847,0.0,0.0,0.0,0.0
11.480772408,4531.7392578125,4494.03564453125,2069.0,2017.0,307.4996032714844,484.89599609375,1.499782919883728,-0.017010770738124847,1.499782919883728,-0.017010770738124847,1.499782919883728,-0.017010770738124847,0.0,0.0,0.0,0.0
11.500254874,4531.7392578125,4494.03564453125,2069.0,2017.0,307.4996032714844,484.89599609375,1.499782919883728,-0.017010770738124847,1.499782919883728,-0.017010770738124847,1.499782919883728,-0.017010770738124847,0.0,0.0,0.0,0.0
11.520256082,4531.7392578125,4494.03564453125,2069.0,2017.0,307.4996032714844,484.89599609375,1.499782919883728,-0.017010770738124847,1.499782919883728,-0.017010770738124847,1.499782919883728,-0.017010770738124847,0.0,0.0,0.0,0.0
11.54025921,4531.7392578125,4494.03564453125,2069.0,2017.0,307.4996032714844,484.89599609375,1.499782919883728,-0.017010770738124847,1.499782919883728,-0.017010770738124847,1.499782919883728,-0.017010770738124847,0.0,0.0,0.0,0.0
11.560263074,4531.7392578125,4494.03564453125,2080.0,2006.0,310.9753112792969,488.23199462890625,1.499782919883728,-0.017010770738124847,1.499782919883728,-0.017010770738124847,1.499782919883728,-0.017010770738124847,0.0,0.0,0.0,0.0
11.580341968,4531.7392578125,4494.03564453125,2080.0,2006.0,310.9753112792969,488.23199462890625,1.499782919883728,-0.017010770738124847,1.499782919883728,-0.017010770738124847,1.499782919883728,-0.017010770738124847,0.0,0.0,0.0,0.0
11.60035335,4531.7392578125,4494.03564453125,2080.0,2006.0,310.9753112792969,488.23199462890625,1.499782919883728,-0.017010770738124847,1.499782919883728,-0.017010770738124847,1.499782919883728,-0.017010770738124847,0.0,0.0,0.0,0.0
11.620333026,4531.7392578125,4494.03564453125,2080.0,2006.0,310.9753112792969,488.23199462890625,1.499782919883728,-0.017010770738124847,1.499782919883728,-0.017010770738124847,1.499782919883728,-0.017010770738124847,0.0,0.0,0.0,0.0
11.640328187,4531.70654296875,4494.07373046875,2080.0,2006.0,310.9753112792969,488.23199462890625,1.4997837543487549,-0.016978684812784195,1.4997837543487549,-0.016978684812784195,1.4997837543487549,-0.016978684812784195,0.0,0.0,0.0,0.0
11.660294136,4531.70654296875,4494.07373046875,2074.0,2017.0,314.42718505859375,491.639404296875,1.4997837543487549,-0.016978684812784195,1.4997837543487549,-0.016978684812784195,1.4997837543487549,-0.016978684812784195,0.0,0.0,0.0,0.0
11.680633793,4531.70654296875,4494.07373046875,2074.0,2017.0,314.42718505859375,491.639404296875,1.4997837543487549,-0.016978684812784195,1.4997837543487549,-0.016978684812784195,1.4997837543487549,-0.016978684812784195,0.0,0.0,0.0,0.0
11.700373054,4531.70654296875,4494.07373046875,2074.0,2017.0,314.42718505859375,491.639404296875,1.4997837543487549,-0.016978684812784195,1.4997837543487549,-0.016978684812784195,1.4997837543487549,-0.016978684812784195,0.0,0.0,0.0,0.0
11.720330205,4531.70654296875,4494.07373046875,2074.0,2017.0,314.42718505859375,491.639404296875,1.4997837543487549,-0.016978684812784195,1.4997837543487549,-0.016978684812784195,1.4997837543487549,-0.016978684812784195,0.0,0.0,0.0,0.0
11.74028422,4531.70654296875,4494.07373046875,2074.0,2017.0,314.42718505859375,491.639404296875,1.4997837543487549,-0.016978684812784195,1.4997837543487549,-0.016978684812784195,1.4997837543487549,-0.016978684812784195,0.0,0.0,0.0,0.0
11.760218654,4531.70654296875,4494.07373046875,2074.0,2017.0,317.87921142578125,494.9753112792969,1.4997837543487549,-0.016978684812784195,1.4997837543487549,-0.016978684812784195,1.4997837543487549,-0.016978684812784195,0.0,0.0,0.0,0.0
11.780248946,4531.70654296875,4494.07373046875,2074.0,2017.0,317.87921142578125,494.9753112792969,1.4997837543487549,-0.016978684812784195,1.4997837543487549,-0.016978684812784195,1.4997837543487549,-0.016978684812784195,0.0,0.0,0.0,0.0
11.800290404,4531.70654296875,4494.07373046875,2074.0,2017.0,317.87921142578125,494.9753112792969,1.4997837543487549,-0.016978684812784195,1.4997837543487549,-0.016978684812784195,1.4997837543487549,-0.016978684812784195,0.0,0.0,0.0,0.0
11.82026672,4531.70654296875,4494.07373046875,2074.0,2017.0,317.87921142578125,494.9753112792969,1.4997837543487549,-0.016978684812784195,1.4997837543487549,-0.016978684812784195,1.4997837543487549,-0.016978684812784195,0.0,0.0,0.0,0.0
11.840336207,4531.70654296875,4494.07373046875,2074.0,2017.0,317.87921142578125,494.9753112792969,1.4997837543487549,-0.016978684812784195,1.4997837543487549,-0.016978684812784195,1.4997837543487549,-0.016978684812784195,0.0,0.0,0.0,0.0
11.860325129,4531.70654296875,4494.07373046875,2074.0,2029.0,321.3310852050781,498.3828125,1.4997837543487549,-0.016978684812784195,1.4997837543487549,-0.016978684812784195,1.4997837543487549,-0.016978684812784195,0.0,0.0,0.0,0.0
11.880586365,4531.70654296875,4494.07373046875,2074.0,2029.0,321.3310852050781,498.3828125,1.4997837543487549,-0.016978684812784195,1.4997837543487549,-0.016978684812784195,1.4997837543487549,-0.016978684812784195,0.0,0.0,0.0,0.0
11.900450472,4531.70654296875,4494.07373046875,2074.0,2029.0,321.3310852050781,498.3828125,1.4997837543487549,-0.016978684812784195,1.4997837543487549,-0.016978684812784195,1.4997837543487549,-0.016978684812784195,0.0,0.0,0.0,0.0
11.920371468,4531.70654296875,4494.07373046875,2074.0,2029.0,321.3310852050781,498.3828125,1.4997837543487549,-0.016978684812784195,1.4997837543487549,-0.016978684812784195,1.4997837543487549,-0.016978684812784195,0.0,0.0,0.0,0.0
11.940308717,4533.607421875,4491.87353515625,2074.0,2029.0,321.3310852050781,498.3828125,1.4997341632843018,-0.01882905326783657,1.4997341632843018,-0.01882905326783657,1.4997341632843018,-0.01882905326783657,0.0,0.0,0.0,0.0
11.960281002,4533.607421875,4491.87353515625,2069.0,2011.0,324.806884765625,501.69488525390625,1.4997341632843018,-0.01882905326783657,1.4997341632843018,-0.01882905326783657,1.4997341632843018,-0.01882905326783657,0.0,0.0,0.0,0.0
11.980337658,4533.607421875,4491.87353515625,2069.0,2011.0,324.806884765625,501.69488525390625,1.4997341632843018,-0.01882905326783657,1.4997341632843018,-0.01882905326783657,1.4997341632843018,-0.01882905326783657,0.0,0.0,0.0,0.0
12.000289433,4533.607421875,4491.87353515625,2069.0,2011.0,324.806884765625,501.69488525390625,1.4997341632843018,-0.01882905326783657,1.4997341632843018,-0.01882905326783657,1.4997341632843018,-0.01882905326783657,0.0,0.0,0.0,0.0
12.020285329,4533.607421875,4491.87353515625,2069.0,2011.0,324.806884765625,501.69488525390625,1.4997341632843018,-0.01882905326783657,1.4997341632843018,-0.01882905326783657,1.4997341632843018,-0.01882905326783657,0.0,0.0,0.0,0.0
12.040257612,4533.607421875,4491.87353515625,2069.0,2011.0,324.806884765625,501.69488525390625,1.4997341632843018,-0.01882905326783657,1.4997341632843018,-0.01882905326783657,1.4997341632843018,-0.01882905326783657,0.0,0.0,0.0,0.0
12.060239558,4533.607421875,4491.87353515625,2080.0,2011.0,328.2587890625,505.0783996582031,1.4997341632843018,-0.01882905326783657,1.4997341632843018,-0.01882905326783657,1.4997341632843018,-0.01882905326783657,0.0,0.0,0.0,0.0
12.080299029,4533.607421875,4491.87353515625,2080.0,2011.0,328.2587890625,505.0783996582031,1.4997341632843018,-0.01882905326783657,1.4997341632843018,-0.01882905326783657,1.4997341632843018,-0.01882905326783657,0.0,0.0,0.0,0.0
12.10031505,4533.607421875,4491.87353515625,2080.0,2011.0,328.2587890625,505.0783996582031,1.4997341632843018,-0.01882905326783657,1.4997341632843018,-0.01882905326783657,1.4997341632843018,-0.01882905326783657,0.0,0.0,0.0,0.0
12.120357627,4533.607421875,4491.87353515625,2080.0,2011.0,328.2587890625,505.0783996582031,1.4997341632843018,-0.01882905326783657,1.4997341632843018,-0.01882905326783657,1.4997341632843018,-0.01882905326783657,0.0,0.0,0.0,0.0
12.140336213,4533.607421875,4491.87353515625,2080.0,2011.0,328.2587890625,505.0783996582031,1.4997341632843018,-0.01882905326783657,1.4997341632843018,-0.01882905326783657,1.4997341632843018,-0.01882905326783657,0.0,0.0,0.0,0.0
12.160295346,4533.607421875,4491.87353515625,2080.0,2006.0,331.7344970703125,508.4143981933594,1.4997341632843018,-0.01882905326783657,1.4997341632843018,-0.01882905326783657,1.4997341632843018,-0.01882905326783657,0.0,0.0,0.0,0.0
12.180323558,4533.607421875,4491.87353515625,2080.0,2006.0,331.7344970703125,508.4143981933594,1.4997341632843018,-0.01882905326783657,1.4997341632843018,-0.01882905326783657,1.4997341632843018,-0.01882905326783657,0.0,0.0,0.0,0.0
12.200349146,4535.52490234375,4489.61962890625,2080.0,2006.0,331.7344970703125,508.4143981933594,1.4996782541275024,-0.02071118727326393,1.4996782541275024,-0.02071118727326393,1.4996782541275024,-0.02071118727326393,0.0,0.0,0.0,0.0
12.220354064,4535.52490234375,4489.61962890625,2080.0,2006.0,331.7344970703125,508.4143981933594,1.4996782541275024,-0.02071118727326393,1.4996782541275024,-0.02071118727326393,1.4996782541275024,-0.02071118727326393,0.0,0.0,0.0,0.0
12.240303279,4535.52490234375,4489.61962890625,2080.0,2006.0,331.7344970703125,508.4143981933594,1.4996782541275024,-0.02071118727326393,1.4996782541275024,-0.02071118727326393,1.4996782541275024,-0.02071118727326393,0.0,0.0,0.0,0.0
12.260352479,4535.52490234375,4489.61962890625,2080.0,2017.0,335.2102966308594,511.77410888671875,1.4996782541275024,-0.02071118727326393,1.4996782541275024,-0.02071118727326393,1.4996782541275024,-0.02071118727326393,0.0,0.0,0.0,0.0
12.280325562,4535.52490234375,4489.61962890625,2080.0,2017.0,335.2102966308594,511.77410888671875,1.4996782541275024,-0.02071118727326393,1.4996782541275024,-0.02071118727326393,1.4996782541275024,-0.02071118727326393,0.0,0.0,0.0,0.0
12.300285431,4535.52490234375,4489.61962890625,2080.0,2017.0,335.2102966308594,511.77410888671875,1.4996782541275024,-0.02071118727326393,1.4996782541275024,-0.02071118727326393,1.4996782541275024,-0.02071118727326393,0.0,0.0,0.0,0.0
12.320294605,4535.52490234375,4489.61962890625,2080.0,2017.0,335.2102966308594,511.77410888671875,1.4996782541275024,-0.02071118727326393,1.4996782541275024,-0.02071118727326393,1.4996782541275024,-0.02071118727326393,0.0,0.0,0.0,0.0
12.340264585,4535.52490234375,4489.61962890625,2080.0,2017.0,335.2102966308594,511.77410888671875,1.4996782541275024,-0.02071118727326393,1.4996782541275024,-0.02071118727326393,1.4996782541275024,-0.02071118727326393,0.0,0.0,0.0,0.0
12.360287677,4535.52490234375,4489.61962890625,2080.0,2017.0,338.6622009277344,515.1815795898438,1.4996782541275024,-0.02071118727326393,1.4996782541275024,-0.02071118727326393,1.4996782541275024,-0.02071118727326393,0.0,0.0,0.0,0.0
12.380259704,4535.52490234375,4489.61962890625,2080.0,2017.0,338.6622009277344,515.1815795898438,1.4996782541275024,-0.02071118727326393,1.4996782541275024,-0.02071118727326393,1.4996782541275024,-0.02071118727326393,0.0,0.0,0.0,0.0
12.400330981,4535.48583984375,4489.66650390625,2080.0,2017.0,338.6622009277344,515.1815795898438,1.499679446220398,-0.020672272890806198,1.499679446220398,-0.020672272890806198,1.499679446220398,-0.020672272890806198,0.0,0.0,0.0,0.0
12.420328093,4535.48583984375,4489.66650390625,2080.0,2017.0,338.6622009277344,515.1815795898438,1.499679446220398,-0.020672272890806198,1.499679446220398,-0.020672272890806198,1.499679446220398,-0.020672272890806198,0.0,0.0,0.0,0.0
12.440302296,4535.48583984375,4489.66650390625,2080.0,2017.0,338.6622009277344,515.1815795898438,1.499679446220398,-0.020672272890806198,1.499679446220398,-0.020672272890806198,1.499679446220398,-0.020672272890806198,0.0,0.0,0.0,0.0
12.460289937,4535.48583984375,4489.66650390625,2086.0,2017.0,342.1379089355469,518.5413208007812,1.499679446220398,-0.020672272890806198,1.499679446220398,-0.020672272890806198,1.499679446220398,-0.020672272890806198,0.0,0.0,0.0,0.0
12.480352448,4535.48583984375,4489.66650390625,2086.0,2017.0,342.1379089355469,518.5413208007812,1.499679446220398,-0.020672272890806198,1.499679446220398,-0.020672272890806198,1.499679446220398,-0.020672272890806198,0.0,0.0,0.0,0.0
12.500322203,4535.48583984375,4489.66650390625,2086.0,2017.0,342.1379089355469,518.5413208007812,1.499679446220398,-0.020672272890806198,1.499679446220398,-0.020672272890806198,1.499679446220398,-0.020672272890806198,0.0,0.0,0.0,0.0
12.520352174,4535.48583984375,4489.66650390625,2086.0,2017.0,342.1379089355469,518.5413208007812,1.499679446220398,-0.020672272890806198,1.499679446220398,-0.020672272890806198,1.499679446220398,-0.020672272890806198,0.0,0.0,0.0,0.0
12.540306476,4535.48583984375,4489.66650390625,2086.0,2017.0,342.1379089355469,518.5413208007812,1.499679446220398,-0.020672272890806198,1.499679446220398,-0.020672272890806198,1.499679446220398,-0.020672272890806198,0.0,0.0,0.0,0.0
12.56051575,4535.48583984375,4489.66650390625,2074.0,2029.0,345.5898132324219,521.9249267578125,1.499679446220398,-0.020672272890806198,1.499679446220398,-0.020672272890806198,1.499679446220398,-0.020672272890806198,0.0,0.0,0.0,0.0
12.580262593,4535.48583984375,4489.66650390625,2074.0,2029.0,345.5898132324219,521.9249267578125,1.499679446220398,-0.020672272890806198,1.499679446220398,-0.020672272890806198,1.499679446220398,-0.020672272890806198,0.0,0.0,0.0,0.0
12.600246843,4535.48583984375,4489.66650390625,2074.0,2029.0,345.5898132324219,521.9249267578125,1.499679446220398,-0.020672272890806198,1.499679446220398,-0.020672272890806198,1.499679446220398,-0.020672272890806198,0.0,0.0,0.0,0.0
12.620310729,4535.48583984375,4489.66650390625,2074.0,2029.0,345.5898132324219,521.9249267578125,1.499679446220398,-0.020672272890806198,1.499679446220398,-0.020672272890806198,1.499679446220398,-0.020672272890806198,0.0,0.0,0.0,0.0
12.640478313,4535.48583984375,4489.66650390625,2074.0,2029.0,345.5898132324219,521.9249267578125,1.499679446220398,-0.020672272890806198,1.499679446220398,-0.020672272890806198,1.499679446220398,-0.020672272890806198,0.0,0.0,0.0,0.0
12.66049315,4535.48583984375,4489.66650390625,2080.0,2006.0,349.06561279296875,525.2131958007812,1.499679446220398,-0.020672272890806198,1.499679446220398,-0.020672272890806198,1.499679446220398,-0.020672272890806198,0.0,0.0,0.0,0.0
12.680431166,4535.48583984375,4489.66650390625,2080.0,2006.0,349.06561279296875,525.2131958007812,1.499679446220398,-0.020672272890806198,1.499679446220398,-0.020672272890806198,1.499679446220398,-0.020672272890806198,0.0,0.0,0.0,0.0
12.700424246,4535.48583984375,4489.66650390625,2080.0,2006.0,349.06561279296875,525.2131958007812,1.499679446220398,-0.020672272890806198,1.499679446220398,-0.020672272890806198,1.499679446220398,-0.020672272890806198,0.0,0.0,0.0,0.0
12.720369845,4535.48583984375,4489.66650390625,2080.0,2006.0,349.06561279296875,525.2131958007812,1.499679446220398,-0.020672272890806198,1.499679446220398,-0.020672272890806198,1.499679446220398,-0.020672272890806198,0.0,0.0,0.0,0.0
12.740513656,4535.48583984375,4489.66650390625,2080.0,2006.0,349.06561279296875,525.2131958007812,1.499679446220398,-0.020672272890806198,1.499679446220398,-0.020672272890806198,1.499679446220398,-0.020672272890806198,0.0,0.0,0.0,0.0
12.760542443,4537.38427734375,4487.40185546875,2086.0,2011.0,352.5412902832031,528.5968017578125,1.4996185302734375,-0.022550655528903008,1.4996185302734375,-0.022550655528903008,1.4996185302734375,-0.022550655528903008,0.0,0.0,0.0,0.0
12.780308964,4537.38427734375,4487.40185546875,2086.0,2011.0,352.5412902832031,528.5968017578125,1.4996185302734375,-0.022550655528903008,1.4996185302734375,-0.022550655528903008,1.4996185302734375,-0.022550655528903008,0.0,0.0,0.0,0.0
12.800339095,4539.26611328125,4485.12109375,2086.0,2011.0,352.5412902832031,528.5968017578125,1.4995523691177368,-0.024428797885775566,1.4995523691177368,-0.024428797885775566,1.4995523691177368,-0.024428797885775566,0.0,0.0,0.0,0.0
12.820375785,4539.26611328125,4485.12109375,2086.0,2011.0,352.5412902832031,528.5968017578125,1.4995523691177368,-0.024428797885775566,1.4995523691177368,-0.024428797885775566,1.4995523691177368,-0.024428797885775566,0.0,0.0,0.0,0.0
12.840536458,4539.26611328125,4485.12109375,2086.0,2011.0,352.5412902832031,528.5968017578125,1.4995523691177368,-0.024428797885775566,1.4995523691177368,-0.024428797885775566,1.4995523691177368,-0.024428797885775566,0.0,0.0,0.0,0.0
12.860254345,4541.08349609375,4482.88525390625,2080.0,2011.0,355.9695129394531,531.9564819335938,1.4994827508926392,-0.026257360354065895,1.4994827508926392,-0.026257360354065895,1.4994827508926392,-0.026257360354065895,0.0,0.0,0.0,0.0
12.880244066,4541.08349609375,4482.88525390625,2080.0,2011.0,355.9695129394531,531.9564819335938,1.4994827508926392,-0.026257360354065895,1.4994827508926392,-0.026257360354065895,1.4994827508926392,-0.026257360354065895,0.0,0.0,0.0,0.0
12.900613637,4544.7607421875,4478.255859375,2080.0,2011.0,355.9695129394531,531.9564819335938,1.4993245601654053,-0.03000524640083313,1.4993245601654053,-0.03000524640083313,1.4993245601654053,-0.03000524640083313,0.0,0.0,0.0,0.0
12.920395547,4544.7607421875,4478.255859375,2080.0,2011.0,355.9695129394531,531.9564819335938,1.4993245601654053,-0.03000524640083313,1.4993245601654053,-0.03000524640083313,1.4993245601654053,-0.03000524640083313,0.0,0.0,0.0,0.0
12.940307967,4544.7607421875,4478.255859375,2080.0,2011.0,355.9695129394531,531.9564819335938,1.4993245601654053,-0.03000524640083313,1.4993245601654053,-0.03000524640083313,1.4993245601654053,-0.03000524640083313,0.0,0.0,0.0,0.0
12.960520856,4546.51806640625,4475.99267578125,2080.0,2017.0,359.4451904296875,535.340087890625,1.499240517616272,-0.03181908652186394,1.499240517616272,-0.03181908652186394,1.499240517616272,-0.03181908652186394,0.0,0.0,0.0,0.0
12.980361158,4546.51806640625,4475.99267578125,2080.0,2017.0,359.4451904296875,535.340087890625,1.499240517616272,-0.03181908652186394,1.499240517616272,-0.03181908652186394,1.499240517616272,-0.03181908652186394,0.0,0.0,0.0,0.0
13.000320642,4548.3134765625,4473.64404296875,2080.0,2017.0,359.4451904296875,535.340087890625,1.4991486072540283,-0.033688731491565704,1.4991486072540283,-0.033688731491565704,1.4991486072540283,-0.033688731491565704,0.0,0.0,0.0,0.0
13.020578675,4548.3134765625,4473.64404296875,2080.0,2017.0,359.4451904296875,535.340087890625,1.4991486072540283,-0.033688731491565704,1.4991486072540283,-0.033688731491565704,1.4991486072540283,-0.033688731491565704,0.0,0.0,0.0,0.0
13.040506836,4548.3134765625,4473.64404296875,2080.0,2017.0,359.4451904296875,535.340087890625,1.4991486072540283,-0.033688731491565704,1.4991486072540283,-0.033688731491565704,1.4991486072540283,-0.033688731491565704,0.0,0.0,0.0,0.0
13.060572929,4550.02978515625,4471.3642578125,2074.0,2023.0,362.8970947265625,538.7238159179688,1.4990549087524414,-0.03549164533615112,1.4990549087524414,-0.03549164533615112,1.4990549087524414,-0.03549164533615112,0.0,0.0,0.0,0.0
13.080337112,4550.02978515625,4471.3642578125,2074.0,2023.0,362.8970947265625,538.7238159179688,1.4990549087524414,-0.03549164533615112,1.4990549087524414,-0.03549164533615112,1.4990549087524414,-0.03549164533615112,0.0,0.0,0.0,0.0
13.100298484,4550.02978515625,4471.3642578125,2074.0,2023.0,362.8970947265625,538.7238159179688,1.4990549087524414,-0.03549164533615112,1.4990549087524414,-0.03549164533615112,1.4990549087524414,-0.03549164533615112,0.0,0.0,0.0,0.0
13.120395164,4551.7900390625,4468.990234375,2074.0,2023.0,362.8970947265625,538.7238159179688,1.4989529848098755,-0.037357084453105927,1.4989529848098755,-0.037357084453105927,1.4989529848098755,-0.037357084453105927,0.0,0.0,0.0,0.0
13.140268836,4551.7900390625,4468.990234375,2074.0,2023.0,362.8970947265625,538.7238159179688,1.4989529848098755,-0.037357084453105927,1.4989529848098755,-0.037357084453105927,1.4989529848098755,-0.037357084453105927,0.0,0.0,0.0,0.0
13.160533909,4551.7900390625,4468.990234375,2080.0,2011.0,366.3511047363281,542.035888671875,1.4989529848098755,-0.037357084453105927,1.4989529848098755,-0.037357084453105927,1.4989529848098755,-0.037357084453105927,0.0,0.0,0.0,0.0
13.180253619,4551.7900390625,4468.990234375,2080.0,2011.0,366.3511047363281,542.035888671875,1.4989529848098755,-0.037357084453105927,1.4989529848098755,-0.037357084453105927,1.4989529848098755,-0.037357084453105927,0.0,0.0,0.0,0.0
13.200229132,4553.5341796875,4466.6005859375,2080.0,2011.0,366.3511047363281,542.035888671875,1.4988458156585693,-0.03922213241457939,1.4988458156585693,-0.03922213241457939,1.4988458156585693,-0.03922213241457939,0.0,0.0,0.0,0.0
13.220290298,4553.5341796875,4466.6005859375,2080.0,2011.0,366.3511047363281,542.035888671875,1.4988458156585693,-0.03922213241457939,1.4988458156585693,-0.03922213241457939,1.4988458156585693,-0.03922213241457939,0.0,0.0,0.0,0.0
13.240551051,4553.5341796875,4466.6005859375,2080.0,2011.0,366.3511047363281,542.035888671875,1.4988458156585693,-0.03922213241457939,1.4988458156585693,-0.03922213241457939,1.4988458156585693,-0.03922213241457939,0.0,0.0,0.0,0.0
13.260526821,4553.46630859375,4466.6943359375,2074.0,2011.0,369.8299865722656,545.4193725585938,1.4988501071929932,-0.03914906829595566,1.4988501071929932,-0.03914906829595566,1.4988501071929932,-0.03914906829595566,0.0,0.0,0.0,0.0
13.280322424,4553.46630859375,4466.6943359375,2074.0,2011.0,369.8299865722656,545.4193725585938,1.4988501071929932,-0.03914906829595566,1.4988501071929932,-0.03914906829595566,1.4988501071929932,-0.03914906829595566,0.0,0.0,0.0,0.0
13.300300081,4553.46630859375,4466.6943359375,2074.0,2011.0,369.8299865722656,545.4193725585938,1.4988501071929932,-0.03914906829595566,1.4988501071929932,-0.03914906829595566,1.4988501071929932,-0.03914906829595566,0.0,0.0,0.0,0.0
13.320353056,4553.46630859375,4466.6943359375,2074.0,2011.0,369.8299865722656,545.4193725585938,1.4988501071929932,-0.03914906829595566,1.4988501071929932,-0.03914906829595566,1.4988501071929932,-0.03914906829595566,0.0,0.0,0.0,0.0
13.340365044,4553.46630859375,4466.6943359375,2074.0,2011.0,369.8299865722656,545.4193725585938,1.4988501071929932,-0.03914906829595566,1.4988501071929932,-0.03914906829595566,1.4988501071929932,-0.03914906829595566,0.0,0.0,0.0,0.0
13.360576908,4555.19189453125,4464.294921875,2080.0,2006.0,373.30889892578125,548.7791748046875,1.4987380504608154,-0.04101024568080902,1.4987380504608154,-0.04101024568080902,1.4987380504608154,-0.04101024568080902,0.0,0.0,0.0,0.0
13.380316775,4555.19189453125,4464.294921875,2080.0,2006.0,373.30889892578125,548.7791748046875,1.4987380504608154,-0.04101024568080902,1.4987380504608154,-0.04101024568080902,1.4987380504608154,-0.04101024568080902,0.0,0.0,0.0,0.0
13.400208365,4555.19189453125,4464.294921875,2080.0,2006.0,373.30889892578125,548.7791748046875,1.4987380504608154,-0.04101024568080902,1.4987380504608154,-0.04101024568080902,1.4987380504608154,-0.04101024568080902,0.0,0.0,0.0,0.0
13.420225825,4555.19189453125,4464.294921875,2080.0,2006.0,373.30889892578125,548.7791748046875,1.4987380504608154,-0.04101024568080902,1.4987380504608154,-0.04101024568080902,1.4987380504608154,-0.04101024568080902,0.0,0.0,0.0,0.0
13.440475859,4555.19189453125,4464.294921875,2080.0,2006.0,373.30889892578125,548.7791748046875,1.4987380504608154,-0.04101024568080902,1.4987380504608154,-0.04101024568080902,1.4987380504608154,-0.04101024568080902,0.0,0.0,0.0,0.0
13.460482985,4555.19189453125,4464.294921875,2080.0,2023.0,376.7640075683594,552.1389770507812,1.4987380504608154,-0.04101024568080902,1.4987380504608154,-0.04101024568080902,1.4987380504608154,-0.04101024568080902,0.0,0.0,0.0,0.0
13.480329684,4555.19189453125,4464.294921875,2080.0,2023.0,376.7640075683594,552.1389770507812,1.4987380504608154,-0.04101024568080902,1.4987380504608154,-0.04101024568080902,1.4987380504608154,-0.04101024568080902,0.0,0.0,0.0,0.0
13.500353735,4555.19189453125,4464.294921875,2080.0,2023.0,376.7640075683594,552.1389770507812,1.4987380504608154,-0.04101024568080902,1.4987380504608154,-0.04101024568080902,1.4987380504608154,-0.04101024568080902,0.0,0.0,0.0,0.0
13.520616312,4555.19189453125,4464.294921875,2080.0,2023.0,376.7640075683594,552.1389770507812,1.4987380504608154,-0.04101024568080902,1.4987380504608154,-0.04101024568080902,1.4987380504608154,-0.04101024568080902,0.0,0.0,0.0,0.0
13.54034898,4555.19189453125,4464.294921875,2080.0,2023.0,376.7640075683594,552.1389770507812,1.4987380504608154,-0.04101024568080902,1.4987380504608154,-0.04101024568080902,1.4987380504608154,-0.04101024568080902,0.0,0.0,0.0,0.0
13.560330157,4555.19189453125,4464.294921875,2080.0,2023.0,380.2428894042969,555.5225830078125,1.4987380504608154,-0.04101024568080902,1.4987380504608154,-0.04101024568080902,1.4987380504608154,-0.04101024568080902,0.0,0.0,0.0,0.0
13.580355807,4555.19189453125,4464.294921875,2080.0,2023.0,380.2428894042969,555.5225830078125,1.4987380504608154,-0.04101024568080902,1.4987380504608154,-0.04101024568080902,1.4987380504608154,-0.04101024568080902,0.0,0.0,0.0,0.0
13.600277729,4555.19189453125,4464.294921875,2080.0,2023.0,380.2428894042969,555.5225830078125,1.4987380504608154,-0.04101024568080902,1.4987380504608154,-0.04101024568080902,1.4987380504608154,-0.04101024568080902,0.0,0.0,0.0,0.0
13.620335407,4555.19189453125,4464.294921875,2080.0,2023.0,380.2428894042969,555.5225830078125,1.4987380504608154,-0.04101024568080902,1.4987380504608154,-0.04101024568080902,1.4987380504608154,-0.04101024568080902,0.0,0.0,0.0,0.0
13.640393213,4555.19189453125,4464.294921875,2080.0,2023.0,380.2428894042969,555.5225830078125,1.4987380504608154,-0.04101024568080902,1.4987380504608154,-0.04101024568080902,1.4987380504608154,-0.04101024568080902,0.0,0.0,0.0,0.0
13.660296352,4555.19189453125,4464.294921875,2080.0,2029.0,383.697998046875,558.9061889648438,1.4987380504608154,-0.04101024568080902,1.4987380504608154,-0.04101024568080902,1.4987380504608154,-0.04101024568080902,0.0,0.0,0.0,0.0
13.68028428,4555.19189453125,4464.294921875,2080.0,2029.0,383.697998046875,558.9061889648438,1.4987380504608154,-0.04101024568080902,1.4987380504608154,-0.04101024568080902,1.4987380504608154,-0.04101024568080902,0.0,0.0,0.0,0.0
13.700285454,4555.19189453125,4464.294921875,2080.0,2029.0,383.697998046875,558.9061889648438,1.4987380504608154,-0.04101024568080902,1.4987380504608154,-0.04101024568080902,1.4987380504608154,-0.04101024568080902,0.0,0.0,0.0,0.0
13.72029162,4555.19189453125,4464.294921875,2080.0,2029.0,383.697998046875,558.9061889648438,1.4987380504608154,-0.04101024568080902,1.4987380504608154,-0.04101024568080902,1.4987380504608154,-0.04101024568080902,0.0,0.0,0.0,0.0
13.740254367,4555.19189453125,4464.294921875,2080.0,2029.0,383.697998046875,558.9061889648438,1.4987380504608154,-0.04101024568080902,1.4987380504608154,-0.04101024568080902,1.4987380504608154,-0.04101024568080902,0.0,0.0,0.0,0.0
13.760414719,4555.19189453125,4464.294921875,2074.0,2023.0,387.1769104003906,562.2421264648438,1.4987380504608154,-0.04101024568080902,1.4987380504608154,-0.04101024568080902,1.4987380504608154,-0.04101024568080902,0.0,0.0,0.0,0.0
13.780299909,4555.19189453125,4464.294921875,2074.0,2023.0,387.1769104003906,562.2421264648438,1.4987380504608154,-0.04101024568080902,1.4987380504608154,-0.04101024568080902,1.4987380504608154,-0.04101024568080902,0.0,0.0,0.0,0.0
13.800292284,4555.19189453125,4464.294921875,2074.0,2023.0,387.1769104003906,562.2421264648438,1.4987380504608154,-0.04101024568080902,1.4987380504608154,-0.04101024568080902,1.4987380504608154,-0.04101024568080902,0.0,0.0,0.0,0.0
13.820324846,4555.19189453125,4464.294921875,2074.0,2023.0,387.1769104003906,562.2421264648438,1.4987380504608154,-0.04101024568080902,1.4987380504608154,-0.04101024568080902,1.4987380504608154,-0.04101024568080902,0.0,0.0,0.0,0.0
13.840344833,4555.19189453125,4464.294921875,2074.0,2023.0,387.1769104003906,562.2421264648438,1.4987380504608154,-0.04101024568080902,1.4987380504608154,-0.04101024568080902,1.4987380504608154,-0.04101024568080902,0.0,0.0,0.0,0.0
13.860542843,4555.19189453125,4464.294921875,2080.0,2006.0,390.6319885253906,565.6019287109375,1.4987380504608154,-0.04101024568080902,1.4987380504608154,-0.04101024568080902,1.4987380504608154,-0.04101024568080902,0.0,0.0,0.0,0.0
13.880560527,4555.19189453125,4464.294921875,2080.0,2006.0,390.6319885253906,565.6019287109375,1.4987380504608154,-0.04101024568080902,1.4987380504608154,-0.04101024568080902,1.4987380504608154,-0.04101024568080902,0.0,0.0,0.0,0.0
13.90052865,4555.19189453125,4464.294921875,2080.0,2006.0,390.6319885253906,565.6019287109375,1.4987380504608154,-0.04101024568080902,1.4987380504608154,-0.04101024568080902,1.4987380504608154,-0.04101024568080902,0.0,0.0,0.0,0.0
13.920372374,4555.19189453125,4464.294921875,2080.0,2006.0,390.6319885253906,565.6019287109375,1.4987380504608154,-0.04101024568080902,1.4987380504608154,-0.04101024568080902,1.4987380504608154,-0.04101024568080902,0.0,0.0,0.0,0.0
13.940342576,4555.19189453125,4464.294921875,2080.0,2006.0,390.6319885253906,565.6019287109375,1.4987380504608154,-0.04101024568080902,1.4987380504608154,-0.04101024568080902,1.4987380504608154,-0.04101024568080902,0.0,0.0,0.0,0.0
13.960485234,4555.19189453125,4464.294921875,2086.0,2017.0,394.11090087890625,568.9854736328125,1.4987380504608154,-0.04101024568080902,1.4987380504608154,-0.04101024568080902,1.4987380504608154,-0.04101024568080902,0.0,0.0,0.0,0.0
13.980263208,4555.19189453125,4464.294921875,2086.0,2017.0,394.11090087890625,568.9854736328125,1.4987380504608154,-0.04101024568080902,1.4987380504608154,-0.04101024568080902,1.4987380504608154,-0.04101024568080902,0.0,0.0,0.0,0.0
14.000224866,4555.19189453125,4464.294921875,2086.0,2017.0,394.11090087890625,568.9854736328125,1.4987380504608154,-0.04101024568080902,1.4987380504608154,-0.04101024568080902,1.4987380504608154,-0.04101024568080902,0.0,0.0,0.0,0.0
14.020272593,4556.9013671875,4461.88037109375,2086.0,2017.0,394.11090087890625,568.9854736328125,1.498620867729187,-0.04287099838256836,1.498620867729187,-0.04287099838256836,1.498620867729187,-0.04287099838256836,0.0,0.0,0.0,0.0
14.040597784,4556.9013671875,4461.88037109375,2086.0,2017.0,394.11090087890625,568.9854736328125,1.498620867729187,-0.04287099838256836,1.498620867729187,-0.04287099838256836,1.498620867729187,-0.04287099838256836,0.0,0.0,0.0,0.0
14.060359694,4556.9013671875,4461.88037109375,2080.0,2017.0,397.5658874511719,572.3214111328125,1.498620867729187,-0.04287099838256836,1.498620867729187,-0.04287099838256836,1.498620867729187,-0.04287099838256836,0.0,0.0,0.0,0.0
14.080579044,4556.9013671875,4461.88037109375,2080.0,2017.0,397.5658874511719,572.3214111328125,1.498620867729187,-0.04287099838256836,1.498620867729187,-0.04287099838256836,1.498620867729187,-0.04287099838256836,0.0,0.0,0.0,0.0
14.100429998,4556.9013671875,4461.88037109375,2080.0,2017.0,397.5658874511719,572.3214111328125,1.498620867729187,-0.04287099838256836,1.498620867729187,-0.04287099838256836,1.498620867729187,-0.04287099838256836,0.0,0.0,0.0,0.0
14.120238846,4556.9013671875,4461.88037109375,2080.0,2017.0,397.5658874511719,572.3214111328125,1.498620867729187,-0.04287099838256836,1.498620867729187,-0.04287099838256836,1.498620867729187,-0.04287099838256836,0.0,0.0,0.0,0.0
14.140295627,4556.9013671875,4461.88037109375,2080.0,2017.0,397.5658874511719,572.3214111328125,1.498620867729187,-0.04287099838256836,1.498620867729187,-0.04287099838256836,1.498620867729187,-0.04287099838256836,0.0,0.0,0.0,0.0
14.160240808,4556.9013671875,4461.88037109375,2086.0,2029.0,401.0447998046875,575.7288208007812,1.498620867729187,-0.04287099838256836,1.498620867729187,-0.04287099838256836,1.498620867729187,-0.04287099838256836,0.0,0.0,0.0,0.0
14.18046099,4556.9013671875,4461.88037109375,2086.0,2029.0,401.0447998046875,575.7288208007812,1.498620867729187,-0.04287099838256836,1.498620867729187,-0.04287099838256836,1.498620867729187,-0.04287099838256836,0.0,0.0,0.0,0.0
14.200292043,4556.9013671875,4461.88037109375,2086.0,2029.0,401.0447998046875,575.7288208007812,1.498620867729187,-0.04287099838256836,1.498620867729187,-0.04287099838256836,1.498620867729187,-0.04287099838256836,0.0,0.0,0.0,0.0
14.220227177,4556.9013671875,4461.88037109375,2086.0,2029.0,401.0447998046875,575.7288208007812,1.498620867729187,-0.04287099838256836,1.498620867729187,-0.04287099838256836,1.498620867729187,-0.04287099838256836,0.0,0.0,0.0,0.0
14.24039927,4556.9013671875,4461.88037109375,2086.0,2029.0,401.0447998046875,575.7288208007812,1.498620867729187,-0.04287099838256836,1.498620867729187,-0.04287099838256836,1.498620867729187,-0.04287099838256836,0.0,0.0,0.0,0.0
14.260589024,4556.9013671875,4461.88037109375,2080.0,2017.0,404.4999084472656,579.0648193359375,1.498620867729187,-0.04287099838256836,1.498620867729187,-0.04287099838256836,1.498620867729187,-0.04287099838256836,0.0,0.0,0.0,0.0
14.280320923,4556.9013671875,4461.88037109375,2080.0,2017.0,404.4999084472656,579.0648193359375,1.498620867729187,-0.04287099838256836,1.498620867729187,-0.04287099838256836,1.498620867729187,-0.04287099838256836,0.0,0.0,0.0,0.0
14.300628932,4556.9013671875,4461.88037109375,2080.0,2017.0,404.4999084472656,579.0648193359375,1.498620867729187,-0.04287099838256836,1.498620867729187,-0.04287099838256836,1.498620867729187,-0.04287099838256836,0.0,0.0,0.0,0.0
14.320314182,4556.9013671875,4461.88037109375,2080.0,2017.0,404.4999084472656,579.0648193359375,1.498620867729187,-0.04287099838256836,1.498620867729187,-0.04287099838256836,1.498620867729187,-0.04287099838256836,0.0,0.0,0.0,0.0
14.340347158,4556.9013671875,4461.88037109375,2080.0,2017.0,404.4999084472656,579.0648193359375,1.498620867729187,-0.04287099838256836,1.498620867729187,-0.04287099838256836,1.498620867729187,-0.04287099838256836,0.0,0.0,0.0,0.0
14.36041085,4556.9013671875,4461.88037109375,2074.0,2017.0,407.9549865722656,582.4246215820312,1.498620867729187,-0.04287099838256836,1.498620867729187,-0.04287099838256836,1.498620867729187,-0.04287099838256836,0.0,0.0,0.0,0.0
14.380542052,4556.9013671875,4461.88037109375,2074.0,2017.0,407.9549865722656,582.4246215820312,1.498620867729187,-0.04287099838256836,1.498620867729187,-0.04287099838256836,1.498620867729187,-0.04287099838256836,0.0,0.0,0.0,0.0
14.400523164,4556.9013671875,4461.88037109375,2074.0,2017.0,407.9549865722656,582.4246215820312,1.498620867729187,-0.04287099838256836,1.498620867729187,-0.04287099838256836,1.498620867729187,-0.04287099838256836,0.0,0.0,0.0,0.0
14.420321006,4556.82861328125,4461.98388671875,2074.0,2017.0,407.9549865722656,582.4246215820312,1.4986261129379272,-0.04279130697250366,1.4986261129379272,-0.04279130697250366,1.4986261129379272,-0.04279130697250366,0.0,0.0,0.0,0.0
14.440303557,4556.82861328125,4461.98388671875,2074.0,2017.0,407.9549865722656,582.4246215820312,1.4986261129379272,-0.04279130697250366,1.4986261129379272,-0.04279130697250366,1.4986261129379272,-0.04279130697250366,0.0,0.0,0.0,0.0
14.460369745,4556.82861328125,4461.98388671875,2074.0,2011.0,411.43389892578125,585.7843017578125,1.4986261129379272,-0.04279130697250366,1.4986261129379272,-0.04279130697250366,1.4986261129379272,-0.04279130697250366,0.0,0.0,0.0,0.0
14.480291249,4556.82861328125,4461.98388671875,2074.0,2011.0,411.43389892578125,585.7843017578125,1.4986261129379272,-0.04279130697250366,1.4986261129379272,-0.04279130697250366,1.4986261129379272,-0.04279130697250366,0.0,0.0,0.0,0.0
14.500450863,4556.82861328125,4461.98388671875,2074.0,2011.0,411.43389892578125,585.7843017578125,1.4986261129379272,-0.04279130697250366,1.4986261129379272,-0.04279130697250366,1.4986261129379272,-0.04279130697250366,0.0,0.0,0.0,0.0
14.520488287,4556.82861328125,4461.98388671875,2074.0,2011.0,411.43389892578125,585.7843017578125,1.4986261129379272,-0.04279130697250366,1.4986261129379272,-0.04279130697250366,1.4986261129379272,-0.04279130697250366,0.0,0.0,0.0,0.0
14.540487476,4556.82861328125,4461.98388671875,2074.0,2011.0,411.43389892578125,585.7843017578125,1.4986261129379272,-0.04279130697250366,1.4986261129379272,-0.04279130697250366,1.4986261129379272,-0.04279130697250366,0.0,0.0,0.0,0.0
14.560495208,4556.82861328125,4461.98388671875,2080.0,2017.0,414.9128112792969,589.1439819335938,1.4986261129379272,-0.04279130697250366,1.4986261129379272,-0.04279130697250366,1.4986261129379272,-0.04279130697250366,0.0,0.0,0.0,0.0
14.580489214,4556.82861328125,4461.98388671875,2080.0,2017.0,414.9128112792969,589.1439819335938,1.4986261129379272,-0.04279130697250366,1.4986261129379272,-0.04279130697250366,1.4986261129379272,-0.04279130697250366,0.0,0.0,0.0,0.0
14.600513807,4556.82861328125,4461.98388671875,2080.0,2017.0,414.9128112792969,589.1439819335938,1.4986261129379272,-0.04279130697250366,1.4986261129379272,-0.04279130697250366,1.4986261129379272,-0.04279130697250366,0.0,0.0,0.0,0.0
14.620355227,4556.82861328125,4461.98388671875,2080.0,2017.0,414.9128112792969,589.1439819335938,1.4986261129379272,-0.04279130697250366,1.4986261129379272,-0.04279130697250366,1.4986261129379272,-0.04279130697250366,0.0,0.0,0.0,0.0
14.640562675,4556.82861328125,4461.98388671875,2080.0,2017.0,414.9128112792969,589.1439819335938,1.4986261129379272,-0.04279130697250366,1.4986261129379272,-0.04279130697250366,1.4986261129379272,-0.04279130697250366,0.0,0.0,0.0,0.0
14.660571334,4556.82861328125,4461.98388671875,2086.0,2023.0,418.3678894042969,592.527587890625,1.4986261129379272,-0.04279130697250366,1.4986261129379272,-0.04279130697250366,1.4986261129379272,-0.04279130697250366,0.0,0.0,0.0,0.0
14.680329821,4556.82861328125,4461.98388671875,2086.0,2023.0,418.3678894042969,592.527587890625,1.4986261129379272,-0.04279130697250366,1.4986261129379272,-0.04279130697250366,1.4986261129379272,-0.04279130697250366,0.0,0.0,0.0,0.0
14.700322515,4556.82861328125,4461.98388671875,2086.0,2023.0,418.3678894042969,592.527587890625,1.4986261129379272,-0.04279130697250366,1.4986261129379272,-0.04279130697250366,1.4986261129379272,-0.04279130697250366,0.0,0.0,0.0,0.0
14.720344805,4556.82861328125,4461.98388671875,2086.0,2023.0,418.3678894042969,592.527587890625,1.4986261129379272,-0.04279130697250366,1.4986261129379272,-0.04279130697250366,1.4986261129379272,-0.04279130697250366,0.0,0.0,0.0,0.0
14.740595479,4556.82861328125,4461.98388671875,2086.0,2023.0,418.3678894042969,592.527587890625,1.4986261129379272,-0.04279130697250366,1.4986261129379272,-0.04279130697250366,1.4986261129379272,-0.04279130697250366,0.0,0.0,0.0,0.0
14.760560305,4556.82861328125,4461.98388671875,2074.0,2023.0,421.822998046875,595.9351196289062,1.4986261129379272,-0.04279130697250366,1.4986261129379272,-0.04279130697250366,1.4986261129379272,-0.04279130697250366,0.0,0.0,0.0,0.0
14.780309225,4558.51953125,4459.55908203125,2074.0,2023.0,421.822998046875,595.9351196289062,1.4985041618347168,-0.044648170471191406,1.4985041618347168,-0.044648170471191406,1.4985041618347168,-0.044648170471191406,0.0,0.0,0.0,0.0
14.800229258,4558.51953125,4459.55908203125,2074.0,2023.0,421.822998046875,595.9351196289062,1.4985041618347168,-0.044648170471191406,1.4985041618347168,-0.044648170471191406,1.4985041618347168,-0.044648170471191406,0.0,0.0,0.0,0.0
14.820258842,4558.51953125,4459.55908203125,2074.0,2023.0,421.822998046875,595.9351196289062,1.4985041618347168,-0.044648170471191406,1.4985041618347168,-0.044648170471191406,1.4985041618347168,-0.044648170471191406,0.0,0.0,0.0,0.0
14.840559717,4558.51953125,4459.55908203125,2074.0,2023.0,421.822998046875,595.9351196289062,1.4985041618347168,-0.044648170471191406,1.4985041618347168,-0.044648170471191406,1.4985041618347168,-0.044648170471191406,0.0,0.0,0.0,0.0
14.860556282,4558.51953125,4459.55908203125,2080.0,2034.0,425.3019104003906,599.294921875,1.4985041618347168,-0.044648170471191406,1.4985041618347168,-0.044648170471191406,1.4985041618347168,-0.044648170471191406,0.0,0.0,0.0,0.0
14.880396902,4558.51953125,4459.55908203125,2080.0,2034.0,425.3019104003906,599.294921875,1.4985041618347168,-0.044648170471191406,1.4985041618347168,-0.044648170471191406,1.4985041618347168,-0.044648170471191406,0.0,0.0,0.0,0.0
14.900318598,4558.51953125,4459.55908203125,2080.0,2034.0,425.3019104003906,599.294921875,1.4985041618347168,-0.044648170471191406,1.4985041618347168,-0.044648170471191406,1.4985041618347168,-0.044648170471191406,0.0,0.0,0.0,0.0
14.920325306,4558.51953125,4459.55908203125,2080.0,2034.0,425.3019104003906,599.294921875,1.4985041618347168,-0.044648170471191406,1.4985041618347168,-0.044648170471191406,1.4985041618347168,-0.044648170471191406,0.0,0.0,0.0,0.0
14.940368617,4558.51953125,4459.55908203125,2080.0,2034.0,425.3019104003906,599.294921875,1.4985041618347168,-0.044648170471191406,1.4985041618347168,-0.044648170471191406,1.4985041618347168,-0.044648170471191406,0.0,0.0,0.0,0.0
14.960641527,4558.51953125,4459.55908203125,2074.0,2006.0,428.7807922363281,602.6068725585938,1.4985041618347168,-0.044648170471191406,1.4985041618347168,-0.044648170471191406,1.4985041618347168,-0.044648170471191406,0.0,0.0,0.0,0.0
14.980358708,4558.51953125,4459.55908203125,2074.0,2006.0,428.7807922363281,602.6068725585938,1.4985041618347168,-0.044648170471191406,1.4985041618347168,-0.044648170471191406,1.4985041618347168,-0.044648170471191406,0.0,0.0,0.0,0.0
15.000321102,4558.51953125,4459.55908203125,2074.0,2006.0,428.7807922363281,602.6068725585938,1.4985041618347168,-0.044648170471191406,1.4985041618347168,-0.044648170471191406,1.4985041618347168,-0.044648170471191406,0.0,0.0,0.0,0.0
15.020564895,4558.51953125,4459.55908203125,2074.0,2006.0,428.7807922363281,602.6068725585938,1.4985041618347168,-0.044648170471191406,1.4985041618347168,-0.044648170471191406,1.4985041618347168,-0.044648170471191406,0.0,0.0,0.0,0.0
15.040505851,4558.51953125,4459.55908203125,2074.0,2006.0,428.7807922363281,602.6068725585938,1.4985041618347168,-0.044648170471191406,1.4985041618347168,-0.044648170471191406,1.4985041618347168,-0.044648170471191406,0.0,0.0,0.0,0.0
15.060529388,4558.51953125,4459.55908203125,2086.0,2011.0,432.23590087890625,606.014404296875,1.4985041618347168,-0.044648170471191406,1.4985041618347168,-0.044648170471191406,1.4985041618347168,-0.044648170471191406,0.0,0.0,0.0,0.0
15.080251463,4558.51953125,4459.55908203125,2086.0,2011.0,432.23590087890625,606.014404296875,1.4985041618347168,-0.044648170471191406,1.4985041618347168,-0.044648170471191406,1.4985041618347168,-0.044648170471191406,0.0,0.0,0.0,0.0
15.100476059,4558.51953125,4459.55908203125,2086.0,2011.0,432.23590087890625,606.014404296875,1.4985041618347168,-0.044648170471191406,1.4985041618347168,-0.044648170471191406,1.4985041618347168,-0.044648170471191406,0.0,0.0,0.0,0.0
15.120333187,4558.51953125,4459.55908203125,2086.0,2011.0,432.23590087890625,606.014404296875,1.4985041618347168,-0.044648170471191406,1.4985041618347168,-0.044648170471191406,1.4985041618347168,-0.044648170471191406,0.0,0.0,0.0,0.0
15.140289821,4558.51953125,4459.55908203125,2086.0,2011.0,432.23590087890625,606.014404296875,1.4985041618347168,-0.044648170471191406,1.4985041618347168,-0.044648170471191406,1.4985041618347168,-0.044648170471191406,0.0,0.0,0.0,0.0
15.160333163,4558.51953125,4459.55908203125,2074.0,2011.0,435.6908874511719,609.3740844726562,1.4985041618347168,-0.044648170471191406,1.4985041618347168,-0.044648170471191406,1.4985041618347168,-0.044648170471191406,0.0,0.0,0.0,0.0
15.180338558,4558.51953125,4459.55908203125,2074.0,2011.0,435.6908874511719,609.3740844726562,1.4985041618347168,-0.044648170471191406,1.4985041618347168,-0.044648170471191406,1.4985041618347168,-0.044648170471191406,0.0,0.0,0.0,0.0
15.200644614,4560.19482421875,4457.11962890625,2074.0,2011.0,435.6908874511719,609.3740844726562,1.4983770847320557,-0.046504564583301544,1.4983770847320557,-0.046504564583301544,1.4983770847320557,-0.046504564583301544,0.0,0.0,0.0,0.0
15.220591618,4560.19482421875,4457.11962890625,2074.0,2011.0,435.6908874511719,609.3740844726562,1.4983770847320557,-0.046504564583301544,1.4983770847320557,-0.046504564583301544,1.4983770847320557,-0.046504564583301544,0.0,0.0,0.0,0.0
15.240517152,4425.5947265625,4411.177734375,2074.0,2011.0,435.6908874511719,609.3740844726562,0.0,-0.0,1.4683771133422852,-0.006504564546048641,1.4683771133422852,-0.006504564546048641,0.0,0.0,0.0,0.0
15.260503382,4328.11572265625,4328.11572265625,2074.0,2034.0,439.1698913574219,612.7578125,0.0,-0.0,1.4383771419525146,0.0,1.4383771419525146,0.0,0.0,0.0,0.0,0.0
15.280348576,4237.8447265625,4237.8447265625,2074.0,2034.0,439.1698913574219,612.7578125,0.0,-0.0,1.4083770513534546,0.0,1.4083770513534546,0.0,0.0,0.0,0.0,0.0
15.300339957,4147.57421875,4147.57421875,2074.0,2034.0,439.1698913574219,612.7578125,0.0,-0.0,1.378377079963684,0.0,1.378377079963684,0.0,0.0,0.0,0.0,0.0
15.320301134,4057.30322265625,4057.30322265625,2074.0,2034.0,439.1698913574219,612.7578125,0.0,-0.0,1.3483771085739136,0.0,1.3483771085739136,0.0,0.0,0.0,0.0,0.0
15.340268519,3967.032470703125,3967.032470703125,2074.0,2034.0,439.1698913574219,612.7578125,0.0,-0.0,1.318377137184143,0.0,1.318377137184143,0.0,0.0,0.0,0.0,0.0
15.360272122,3876.761474609375,3876.761474609375,2080.0,2023.0,442.6487121582031,616.1414184570312,0.0,-0.0,1.288377046585083,0.0,1.288377046585083,0.0,0.0,0.0,0.0,0.0
15.380478289,3786.49072265625,3786.49072265625,2080.0,2023.0,442.6487121582031,616.1414184570312,0.0,-0.0,1.2583770751953125,0.0,1.2583770751953125,0.0,0.0,0.0,0.0,0.0
15.400679528,3696.219970703125,3696.219970703125,2080.0,2023.0,442.6487121582031,616.1414184570312,0.0,-0.0,1.228377103805542,0.0,1.228377103805542,0.0,0.0,0.0,0.0,0.0
15.420345835,3605.94921875,3605.94921875,2080.0,2023.0,442.6487121582031,616.1414184570312,0.0,-0.0,1.1983771324157715,0.0,1.1983771324157715,0.0,0.0,0.0,0.0,0.0
15.440335808,3515.67822265625,3515.67822265625,2080.0,2023.0,442.6487121582031,616.1414184570312,0.0,-0.0,1.1683770418167114,0.0,1.1683770418167114,0.0,0.0,0.0,0.0,0.0
15.460328821,3425.407470703125,3425.407470703125,2080.0,2011.0,446.0799865722656,619.4534301757812,0.0,-0.0,1.138377070426941,0.0,1.138377070426941,0.0,0.0,0.0,0.0,0.0
15.480492434,3335.13671875,3335.13671875,2080.0,2011.0,446.0799865722656,619.4534301757812,0.0,-0.0,1.1083770990371704,0.0,1.1083770990371704,0.0,0.0,0.0,0.0,0.0
15.500546014,3244.865966796875,3244.865966796875,2080.0,2011.0,446.0799865722656,619.4534301757812,0.0,-0.0,1.0783771276474,0.0,1.0783771276474,0.0,0.0,0.0,0.0,0.0
15.520526325,3154.594970703125,3154.594970703125,2080.0,2011.0,446.0799865722656,619.4534301757812,0.0,-0.0,1.0483770370483398,0.0,1.0483770370483398,0.0,0.0,0.0,0.0,0.0
15.540536295,3064.32421875,3064.32421875,2080.0,2011.0,446.0799865722656,619.4534301757812,0.0,-0.0,1.0183770656585693,0.0,1.0183770656585693,0.0,0.0,0.0,0.0,0.0
15.560579541,2974.053466796875,2974.053466796875,2063.0,2023.0,449.51129150390625,622.8607788085938,0.0,-0.0,0.9883770942687988,0.0,0.9883770942687988,0.0,0.0,0.0,0.0,0.0
15.580388964,2883.78271484375,2883.78271484375,2063.0,2023.0,449.51129150390625,622.8607788085938,0.0,-0.0,0.9583770632743835,0.0,0.9583770632743835,0.0,0.0,0.0,0.0,0.0
15.600493513,2793.51171875,2793.51171875,2063.0,2023.0,449.51129150390625,622.8607788085938,0.0,-0.0,0.928377091884613,0.0,0.928377091884613,0.0,0.0,0.0,0.0,0.0
15.62029708,2703.240966796875,2703.240966796875,2063.0,2023.0,449.51129150390625,622.8607788085938,0.0,-0.0,0.8983770608901978,0.0,0.8983770608901978,0.0,0.0,0.0,0.0,0.0
15.640276239,2612.97021484375,2612.97021484375,2063.0,2023.0,449.51129150390625,622.8607788085938,0.0,-0.0,0.8683770895004272,0.0,0.8683770895004272,0.0,0.0,0.0,0.0,0.0
15.660476295,2522.699462890625,2522.699462890625,2069.0,2000.0,452.918701171875,626.1015014648438,0.0,-0.0,0.838377058506012,0.0,0.838377058506012,0.0,0.0,0.0,0.0,0.0
15.680585259,2432.428466796875,2432.428466796875,2069.0,2000.0,452.918701171875,626.1015014648438,0.0,-0.0,0.8083770871162415,0.0,0.8083770871162415,0.0,0.0,0.0,0.0,0.0
15.700331203,2342.15771484375,2342.15771484375,2069.0,2000.0,452.918701171875,626.1015014648438,0.0,-0.0,0.7783770561218262,0.0,0.7783770561218262,0.0,0.0,0.0,0.0,0.0
15.720405932,2251.886962890625,2251.886962890625,2069.0,2000.0,452.918701171875,626.1015014648438,0.0,-0.0,0.7483770847320557,0.0,0.7483770847320557,0.0,0.0,0.0,0.0,0.0
15.740314797,2161.6162109375,2161.6162109375,2069.0,2000.0,452.918701171875,626.1015014648438,0.0,-0.0,0.7183771133422852,0.0,0.7183771133422852,0.0,0.0,0.0,0.0,0.0
15.760376856,2071.34521484375,2071.34521484375,1829.0,1823.0,455.3492126464844,628.3889770507812,0.0,-0.0,0.6883770823478699,0.0,0.6883770823478699,0.0,0.0,0.0,0.0,0.0
15.7806322,1981.074462890625,1981.074462890625,1829.0,1823.0,455.3492126464844,628.3889770507812,0.0,-0.0,0.6583771109580994,0.0,0.6583771109580994,0.0,0.0,0.0,0.0,0.0
15.800328647,1890.8037109375,1890.8037109375,1829.0,1823.0,455.3492126464844,628.3889770507812,0.0,-0.0,0.6283770799636841,0.0,0.6283770799636841,0.0,0.0,0.0,0.0,0.0
15.820320444,1800.5328369140625,1800.5328369140625,1829.0,1823.0,455.3492126464844,628.3889770507812,0.0,-0.0,0.5983771085739136,0.0,0.5983771085739136,0.0,0.0,0.0,0.0,0.0
15.840370088,1710.2620849609375,1710.2620849609375,1829.0,1823.0,455.3492126464844,628.3889770507812,0.0,-0.0,0.5683770775794983,0.0,0.5683770775794983,0.0,0.0,0.0,0.0,0.0
15.860325283,1619.9912109375,1619.9912109375,1451.0,1440.0,457.0885925292969,629.9854736328125,0.0,-0.0,0.5383771061897278,0.0,0.5383771061897278,0.0,0.0,0.0,0.0,0.0
15.88051446,1529.720458984375,1529.720458984375,1451.0,1440.0,457.0885925292969,629.9854736328125,0.0,-0.0,0.5083770751953125,0.0,0.5083770751953125,0.0,0.0,0.0,0.0,0.0
15.900262099,1439.4495849609375,1439.4495849609375,1451.0,1440.0,457.0885925292969,629.9854736328125,0.0,-0.0,0.4783770740032196,0.0,0.4783770740032196,0.0,0.0,0.0,0.0,0.0
15.920260647,1349.1788330078125,1349.1788330078125,1451.0,1440.0,457.0885925292969,629.9854736328125,0.0,-0.0,0.4483770728111267,0.0,0.4483770728111267,0.0,0.0,0.0,0.0,0.0
15.940459167,1258.907958984375,1258.907958984375,1451.0,1440.0,457.0885925292969,629.9854736328125,0.0,-0.0,0.4183770716190338,0.0,0.4183770716190338,0.0,0.0,0.0,0.0,0.0
15.960346499,1168.63720703125,1168.63720703125,1086.0,971.0,458.63739013671875,631.3914184570312,0.0,-0.0,0.3883770704269409,0.0,0.3883770704269409,0.0,0.0,0.0,0.0,0.0
15.980404686,1078.3663330078125,1078.3663330078125,1086.0,971.0,458.63739013671875,631.3914184570312,0.0,-0.0,0.3583770990371704,0.0,0.3583770990371704,0.0,0.0,0.0,0.0,0.0
16.000366631,988.0955200195312,988.0955200195312,1086.0,971.0,458.63739013671875,631.3914184570312,0.0,-0.0,0.3283770978450775,0.0,0.3283770978450775,0.0,0.0,0.0,0.0,0.0
16.02037612,897.82470703125,897.82470703125,1086.0,971.0,458.63739013671875,631.3914184570312,0.0,-0.0,0.2983770966529846,0.0,0.2983770966529846,0.0,0.0,0.0,0.0,0.0
16.040317171,807.5538940429688,807.5538940429688,1086.0,971.0,458.63739013671875,631.3914184570312,0.0,-0.0,0.2683770954608917,0.0,0.2683770954608917,0.0,0.0,0.0,0.0,0.0
16.060376477,717.2830810546875,717.2830810546875,863.0,760.0,459.6144104003906,632.2728881835938,0.0,-0.0,0.23837707936763763,0.0,0.23837707936763763,0.0,0.0,0.0,0.0,0.0
16.080344789,627.0122680664062,627.0122680664062,863.0,760.0,459.6144104003906,632.2728881835938,0.0,-0.0,0.20837707817554474,0.0,0.20837707817554474,0.0,0.0,0.0,0.0,0.0
16.10035159,536.741455078125,536.741455078125,863.0,760.0,459.6144104003906,632.2728881835938,0.0,-0.0,0.17837709188461304,0.0,0.17837709188461304,0.0,0.0,0.0,0.0,0.0
16.120410769,446.4706726074219,446.4706726074219,863.0,760.0,459.6144104003906,632.2728881835938,0.0,-0.0,0.14837709069252014,0.0,0.14837709069252014,0.0,0.0,0.0,0.0,0.0
16.140271287,356.1998596191406,356.1998596191406,863.0,760.0,459.6144104003906,632.2728881835938,0.0,-0.0,0.11837708204984665,0.0,0.11837708204984665,0.0,0.0,0.0,0.0,0.0
16.160356222,265.9290466308594,265.9290466308594,577.0,480.0,459.82879638671875,632.463623046875,0.0,-0.0,0.08837708830833435,0.0,0.08837708830833435,0.0,0.0,0.0,0.0,0.0
16.180349617,175.65823364257812,175.65823364257812,577.0,480.0,459.82879638671875,632.463623046875,0.0,-0.0,0.05837708339095116,0.0,0.05837708339095116,0.0,0.0,0.0,0.0,0.0
16.200306634,85.38741302490234,85.38741302490234,577.0,480.0,459.82879638671875,632.463623046875,0.0,-0.0,0.02837708406150341,0.0,0.02837708406150341,0.0,0.0,0.0,0.0,0.0
16.220321083,0.0,0.0,577.0,480.0,459.82879638671875,632.463623046875,0.0,-0.0,0.0,0.0,0.0,0.0,0.0,0.0,0.0,0.0
16.240311727,0.0,0.0,577.0,480.0,459.82879638671875,632.463623046875,0.0,-0.0,0.0,0.0,0.0,0.0,0.0,0.0,0.0,0.0
16.260432592,0.0,0.0,149.0,97.0,459.75738525390625,632.344482421875,0.0,-0.0,0.0,0.0,0.0,0.0,0.0,0.0,0.0,0.0
16.28044029,0.0,0.0,149.0,97.0,459.75738525390625,632.344482421875,0.0,-0.0,0.0,0.0,0.0,0.0,0.0,0.0,0.0,0.0
16.300656214,0.0,0.0,149.0,97.0,459.75738525390625,632.344482421875,0.0,-0.0,0.0,0.0,0.0,0.0,0.0,0.0,0.0,0.0
16.320340022,0.0,0.0,149.0,97.0,459.75738525390625,632.344482421875,0.0,-0.0,0.0,0.0,0.0,0.0,0.0,0.0,0.0,0.0
16.340341736,0.0,0.0,149.0,97.0,459.75738525390625,632.344482421875,0.0,-0.0,0.0,0.0,0.0,0.0,0.0,0.0,0.0,0.0
16.360372311,0.0,0.0,-29.0,-29.0,459.6382141113281,632.3206176757812,0.0,-0.0,0.0,0.0,0.0,0.0,0.0,0.0,0.0,0.0
16.380569453,0.0,0.0,-29.0,-29.0,459.6382141113281,632.3206176757812,0.0,-0.0,0.0,0.0,0.0,0.0,0.0,0.0,0.0,0.0
16.400309637,0.0,0.0,-29.0,-29.0,459.6382141113281,632.3206176757812,0.0,-0.0,0.0,0.0,0.0,0.0,0.0,0.0,0.0,0.0
16.420309528,0.0,0.0,-29.0,-29.0,459.6382141113281,632.3206176757812,0.0,-0.0,0.0,0.0,0.0,0.0,0.0,0.0,0.0,0.0
16.440288045,0.0,0.0,-29.0,-29.0,459.6382141113281,632.3206176757812,0.0,-0.0,0.0,0.0,0.0,0.0,0.0,0.0,0.0,0.0
16.460319771,0.0,0.0,-29.0,-23.0,459.7096862792969,632.3682861328125,0.0,-0.0,0.0,0.0,0.0,0.0,0.0,0.0,0.0,0.0
16.480315279,0.0,0.0,-29.0,-23.0,459.7096862792969,632.3682861328125,0.0,-0.0,0.0,0.0,0.0,0.0,0.0,0.0,0.0,0.0
16.500388599,0.0,0.0,-29.0,-23.0,459.7096862792969,632.3682861328125,0.0,-0.0,0.0,0.0,0.0,0.0,0.0,0.0,0.0,0.0
16.520324275,-2.587488889694214,25.317989349365234,-29.0,-23.0,459.7096862792969,632.3682861328125,0.003777051344513893,0.01259017176926136,0.003777051344513893,0.01259017176926136,0.003777051344513893,0.01259017176926136,0.0,0.0,0.0,0.0
16.54037795,-2.587488889694214,25.317989349365234,-29.0,-23.0,459.7096862792969,632.3682861328125,0.003777051344513893,0.01259017176926136,0.003777051344513893,0.01259017176926136,0.003777051344513893,0.01259017176926136,0.0,0.0,0.0,0.0
16.56031513,-137.18728637695312,-20.623836517333984,23.0,17.0,459.7334899902344,632.39208984375,-0.36345890164375305,0.06224372610449791,-0.026222947984933853,0.05259017273783684,-0.026222947984933853,0.05259017273783684,0.0,0.0,0.0,0.0
16.580416862,-208.06613159179688,-70.10607147216797,23.0,17.0,459.7334899902344,632.39208984375,-0.36345890164375305,0.06224372610449791,-0.04622294753789902,0.06224372610449791,-0.04622294753789902,0.06224372610449791,0.0,0.0,0.0,0.0
16.60036332,-268.2466735839844,-130.28660583496094,23.0,17.0,459.7334899902344,632.39208984375,-0.36345890164375305,0.06224372610449791,-0.06622295081615448,0.06224372610449791,-0.06622295081615448,0.06224372610449791,0.0,0.0,0.0,0.0
16.620359787,-372.7561950683594,-146.13816833496094,23.0,17.0,459.7334899902344,632.39208984375,-1.4902989864349365,0.11354658752679825,-0.08622294664382935,0.10224372893571854,-0.08622294664382935,0.10224372893571854,0.0,0.0,0.0,0.0
16.640547108,-445.4628601074219,-193.7926025390625,23.0,17.0,459.7334899902344,632.39208984375,-1.4902989864349365,0.11354658752679825,-0.10622294992208481,0.11354658752679825,-0.10622294992208481,0.11354658752679825,0.0,0.0,0.0,0.0
16.660300633,-461.3144226074219,-298.3021240234375,-51.0,-17.0,459.3760986328125,632.2490844726562,-1.497042179107666,0.06276906281709671,-0.12622295320034027,0.07354658842086792,-0.12622295320034027,0.07354658842086792,0.0,0.0,0.0,0.0
16.680385632,-509.551025390625,-370.42657470703125,-51.0,-17.0,459.3760986328125,632.2490844726562,-1.497042179107666,0.06276906281709671,-0.14622294902801514,0.06276906281709671,-0.14622294902801514,0.06276906281709671,0.0,0.0,0.0,0.0
16.700307486,-569.7315673828125,-430.60711669921875,-51.0,-17.0,459.3760986328125,632.2490844726562,-1.497042179107666,0.06276906281709671,-0.16622294485569,0.06276906281709671,-0.16622294485569,0.06276906281709671,0.0,0.0,0.0,0.0
16.720294226,-598.4325561523438,-522.2672729492188,-51.0,-17.0,459.3760986328125,632.2490844726562,-1.4991140365600586,0.03436364606022835,-0.18622295558452606,0.03436364606022835,-0.18622295558452606,0.03436364606022835,0.0,0.0,0.0,0.0
16.740242284,-658.6130981445312,-582.4478149414062,-51.0,-17.0,459.3760986328125,632.2490844726562,-1.4991140365600586,0.03436364606022835,-0.20622295141220093,0.03436364606022835,-0.20622295141220093,0.03436364606022835,0.0,0.0,0.0,0.0
16.76031858,-718.7936401367188,-642.6283569335938,-246.0,-126.0,458.494384765625,631.7725830078125,-1.4991140365600586,0.03436364606022835,-0.2262229472398758,0.03436364606022835,-0.2262229472398758,0.03436364606022835,0.0,0.0,0.0,0.0
16.780553158,-774.6444702148438,-707.1385498046875,-246.0,-126.0,458.494384765625,631.7725830078125,-1.499304175376892,0.030456777662038803,-0.24622294306755066,0.030456777662038803,-0.24622294306755066,0.030456777662038803,0.0,0.0,0.0,0.0
16.800611024,-834.8250122070312,-767.319091796875,-246.0,-126.0,458.494384765625,631.7725830078125,-1.499304175376892,0.030456777662038803,-0.2662229537963867,0.030456777662038803,-0.2662229537963867,0.030456777662038803,0.0,0.0,0.0,0.0
16.820353735,-894.0965576171875,-828.4086303710938,-246.0,-126.0,458.494384765625,631.7725830078125,-1.4993410110473633,0.029636571183800697,-0.2862229347229004,0.029636571183800697,-0.2862229347229004,0.029636571183800697,0.0,0.0,0.0,0.0
16.84032323,-954.277099609375,-888.5891723632812,-246.0,-126.0,458.494384765625,631.7725830078125,-1.4993410110473633,0.029636571183800697,-0.30622294545173645,0.029636571183800697,-0.30622294545173645,0.029636571183800697,0.0,0.0,0.0,0.0
16.860295509,-1014.4576416015625,-948.7697143554688,-457.0,-360.0,457.49371337890625,630.652587890625,-1.4993410110473633,0.029636571183800697,-0.3262229561805725,0.029636571183800697,-0.3262229561805725,0.029636571183800697,0.0,0.0,0.0,0.0
16.880584863,-1073.2003173828125,-1010.3881225585938,-457.0,-360.0,457.49371337890625,630.652587890625,-1.4993975162506104,0.02833912894129753,-0.3462229371070862,0.02833912894129753,-0.3462229371070862,0.02833912894129753,0.0,0.0,0.0,0.0
16.900376239,-1133.380859375,-1070.568603515625,-457.0,-360.0,457.49371337890625,630.652587890625,-1.4993975162506104,0.02833912894129753,-0.36622294783592224,0.02833912894129753,-0.36622294783592224,0.02833912894129753,0.0,0.0,0.0,0.0
16.920512622,-1195.637939453125,-1128.672607421875,-457.0,-360.0,457.49371337890625,630.652587890625,-1.4993152618408203,0.030212901532649994,-0.3862229585647583,0.030212901532649994,-0.3862229585647583,0.030212901532649994,0.0,0.0,0.0,0.0
16.940322716,-1255.8184814453125,-1188.8531494140625,-457.0,-360.0,457.49371337890625,630.652587890625,-1.4993152618408203,0.030212901532649994,-0.406222939491272,0.030212901532649994,-0.406222939491272,0.030212901532649994,0.0,0.0,0.0,0.0
16.960281013,-1326.1563720703125,-1238.8763427734375,-669.0,-611.0,456.135498046875,629.3182983398438,-1.4988365173339844,0.03937830030918121,-0.42622295022010803,0.03937830030918121,-0.42622295022010803,0.03937830030918121,0.0,0.0,0.0,0.0
16.980305924,-1386.3369140625,-1299.056884765625,-669.0,-611.0,456.135498046875,629.3182983398438,-1.4988365173339844,0.03937830030918121,-0.4462229609489441,0.03937830030918121,-0.4462229609489441,0.03937830030918121,0.0,0.0,0.0,0.0
17.000323603,-1446.5174560546875,-1359.2374267578125,-669.0,-611.0,456.135498046875,629.3182983398438,-1.4988365173339844,0.03937830030918121,-0.46622294187545776,0.03937830030918121,-0.46622294187545776,0.03937830030918121,0.0,0.0,0.0,0.0
17.020295529,-1516.5330810546875,-1409.5830078125,-669.0,-611.0,456.135498046875,629.3182983398438,-1.4982527494430542,0.048252906650304794,-0.4862229526042938,0.048252906650304794,-0.4862229526042938,0.048252906650304794,0.0,0.0,0.0,0.0
17.040264542,-1576.713623046875,-1469.7635498046875,-669.0,-611.0,456.135498046875,629.3182983398438,-1.4982527494430542,0.048252906650304794,-0.5062229633331299,0.048252906650304794,-0.5062229633331299,0.048252906650304794,0.0,0.0,0.0,0.0
17.060341413,-1644.305908203125,-1522.5323486328125,-874.0,-794.0,454.22918701171875,627.7218017578125,-1.4977344274520874,0.05494081601500511,-0.5262229442596436,0.05494081601500511,-0.5262229442596436,0.05494081601500511,0.0,0.0,0.0,0.0
17.080336823,-1704.4864501953125,-1582.712890625,-874.0,-794.0,454.22918701171875,627.7218017578125,-1.4977344274520874,0.05494081601500511,-0.5462229251861572,0.05494081601500511,-0.5462229251861572,0.05494081601500511,0.0,0.0,0.0,0.0
17.100368772,-1764.6669921875,-1642.8934326171875,-874.0,-794.0,454.22918701171875,627.7218017578125,-1.4977344274520874,0.05494081601500511,-0.5662229657173157,0.05494081601500511,-0.5662229657173157,0.05494081601500511,0.0,0.0,0.0,0.0
17.120334427,-1844.3935546875,-1683.5279541015625,-874.0,-794.0,454.22918701171875,627.7218017578125,-1.4960441589355469,0.07257804274559021,-0.5862229466438293,0.07257804274559021,-0.5862229466438293,0.07257804274559021,0.0,0.0,0.0,0.0
17.140291411,-1904.5740966796875,-1743.70849609375,-874.0,-794.0,454.22918701171875,627.7218017578125,-1.4960441589355469,0.07257804274559021,-0.606222927570343,0.07257804274559021,-0.606222927570343,0.07257804274559021,0.0,0.0,0.0,0.0
17.160296099,-1976.7799072265625,-1791.8636474609375,-1046.0,-966.0,452.4659118652344,626.1253051757812,-1.4947705268859863,0.08342905342578888,-0.6262229681015015,0.08342905342578888,-0.6262229681015015,0.08342905342578888,0.0,0.0,0.0,0.0
17.180391783,-2036.96044921875,-1852.044189453125,-1046.0,-966.0,452.4659118652344,626.1253051757812,-1.4947705268859863,0.08342905342578888,-0.6462229490280151,0.08342905342578888,-0.6462229490280151,0.08342905342578888,0.0,0.0,0.0,0.0
17.200346271,-2097.14111328125,-1912.2247314453125,-1046.0,-966.0,452.4659118652344,626.1253051757812,-1.4947705268859863,0.08342905342578888,-0.6662229299545288,0.08342905342578888,-0.6662229299545288,0.08342905342578888,0.0,0.0,0.0,0.0
17.22031199,-2167.039794921875,-1962.6871337890625,-1046.0,-966.0,452.4659118652344,626.1253051757812,-1.4936109781265259,0.0921982079744339,-0.6862229704856873,0.0921982079744339,-0.6862229704856873,0.0921982079744339,0.0,0.0,0.0,0.0
17.240250672,-2227.22021484375,-2022.86767578125,-1046.0,-966.0,452.4659118652344,626.1253051757812,-1.4936109781265259,0.0921982079744339,-0.7062229514122009,0.0921982079744339,-0.7062229514122009,0.0921982079744339,0.0,0.0,0.0,0.0
17.260360018,-2292.217529296875,-2078.2314453125,-1343.0,-1149.0,449.98779296875,623.9093017578125,-1.4929929971694946,0.09654457867145538,-0.7262229323387146,0.09654457867145538,-0.7262229323387146,0.09654457867145538,0.0,0.0,0.0,0.0
17.280281583,-2352.398193359375,-2138.411865234375,-1343.0,-1149.0,449.98779296875,623.9093017578125,-1.4929929971694946,0.09654457867145538,-0.746222972869873,0.09654457867145538,-0.746222972869873,0.09654457867145538,0.0,0.0,0.0,0.0
17.30028208,-2412.57861328125,-2198.592529296875,-1343.0,-1149.0,449.98779296875,623.9093017578125,-1.4929929971694946,0.09654457867145538,-0.7662229537963867,0.09654457867145538,-0.7662229537963867,0.09654457867145538,0.0,0.0,0.0,0.0
17.320306671,-2475.281982421875,-2256.250244140625,-1343.0,-1149.0,449.98779296875,623.9093017578125,-1.4926577806472778,0.09882107377052307,-0.7862229347229004,0.09882107377052307,-0.7862229347229004,0.09882107377052307,0.0,0.0,0.0,0.0
17.340316063,-2535.462646484375,-2316.4306640625,-1343.0,-1149.0,449.98779296875,623.9093017578125,-1.4926577806472778,0.09882107377052307,-0.8062229752540588,0.09882107377052307,-0.8062229752540588,0.09882107377052307,0.0,0.0,0.0,0.0
17.360288148,-2595.64306640625,-2376.611328125,-1543.0,-1337.0,447.056884765625,621.31201171875,-1.4926577806472778,0.09882107377052307,-0.8262229561805725,0.09882107377052307,-0.8262229561805725,0.09882107377052307,0.0,0.0,0.0,0.0
17.380618071,-2658.344970703125,-2434.270751953125,-1543.0,-1337.0,447.056884765625,621.31201171875,-1.4923150539398193,0.101096011698246,-0.8462229371070862,0.101096011698246,-0.8462229371070862,0.101096011698246,0.0,0.0,0.0,0.0
17.400561521,-2718.525390625,-2494.451171875,-1543.0,-1337.0,447.056884765625,621.31201171875,-1.4923150539398193,0.101096011698246,-0.8662229776382446,0.101096011698246,-0.8662229776382446,0.101096011698246,0.0,0.0,0.0,0.0
17.420339522,-2778.7060546875,-2554.6318359375,-1543.0,-1337.0,447.056884765625,621.31201171875,-1.4923150539398193,0.101096011698246,-0.8862229585647583,0.101096011698246,-0.8862229585647583,0.101096011698246,0.0,0.0,0.0,0.0
17.440358481,-2838.886474609375,-2614.812255859375,-1543.0,-1337.0,447.056884765625,621.31201171875,-1.4923150539398193,0.101096011698246,-0.906222939491272,0.101096011698246,-0.906222939491272,0.101096011698246,0.0,0.0,0.0,0.0
17.460284941,-2904.10400390625,-2669.955810546875,-1754.0,-1589.0,443.7687072753906,618.3812255859375,-1.4916064739227295,0.10564110428094864,-0.9262229204177856,0.10564110428094864,-0.9262229204177856,0.10564110428094864,0.0,0.0,0.0,0.0
17.480520317,-2964.28466796875,-2730.136474609375,-1754.0,-1589.0,443.7687072753906,618.3812255859375,-1.4916064739227295,0.10564110428094864,-0.9462229609489441,0.10564110428094864,-0.9462229609489441,0.10564110428094864,0.0,0.0,0.0,0.0
17.500386241,-3024.465087890625,-2790.31689453125,-1754.0,-1589.0,443.7687072753906,618.3812255859375,-1.4916064739227295,0.10564110428094864,-0.9662229418754578,0.10564110428094864,-0.9662229418754578,0.10564110428094864,0.0,0.0,0.0,0.0
17.520290528,-3086.88916015625,-2848.254150390625,-1754.0,-1589.0,443.7687072753906,618.3812255859375,-1.4912807941436768,0.10766543447971344,-0.9862229228019714,0.10766543447971344,-0.9862229228019714,0.10766543447971344,0.0,0.0,0.0,0.0
17.540244633,-3147.069580078125,-2908.4345703125,-1754.0,-1589.0,443.7687072753906,618.3812255859375,-1.4912807941436768,0.10766543447971344,-1.0062229633331299,0.10766543447971344,-1.0062229633331299,0.10766543447971344,0.0,0.0,0.0,0.0
17.560689419,-3209.758544921875,-2966.10693359375,-1966.0,-1794.0,440.1944885253906,615.0928955078125,-1.490909218788147,0.10992878675460815,-1.0262229442596436,0.10992878675460815,-1.0262229442596436,0.10992878675460815,0.0,0.0,0.0,0.0
17.580538002,-3269.93896484375,-3026.287353515625,-1966.0,-1794.0,440.1944885253906,615.0928955078125,-1.490909218788147,0.10992878675460815,-1.0462229251861572,0.10992878675460815,-1.0462229251861572,0.10992878675460815,0.0,0.0,0.0,0.0
17.600280136,-3330.11962890625,-3086.468017578125,-1966.0,-1794.0,440.1944885253906,615.0928955078125,-1.490909218788147,0.10992878675460815,-1.066222906112671,0.10992878675460815,-1.066222906112671,0.10992878675460815,0.0,0.0,0.0,0.0
17.620326099,-3395.31103515625,-3141.6376953125,-1966.0,-1794.0,440.1944885253906,615.0928955078125,-1.4901434183120728,0.11445034295320511,-1.0862230062484741,0.11445034295320511,-1.0862230062484741,0.11445034295320511,0.0,0.0,0.0,0.0
17.640297929,-3455.491455078125,-3201.818115234375,-1966.0,-1794.0,440.1944885253906,615.0928955078125,-1.4901434183120728,0.11445034295320511,-1.1062229871749878,0.11445034295320511,-1.1062229871749878,0.11445034295320511,0.0,0.0,0.0,0.0
17.660293499,-3515.672119140625,-3261.998779296875,-2109.0,-1971.0,436.6202087402344,611.54248046875,-1.4901434183120728,0.11445034295320511,-1.1262229681015015,0.11445034295320511,-1.1262229681015015,0.11445034295320511,0.0,0.0,0.0,0.0
17.680402557,-3578.35498046875,-3319.6767578125,-2109.0,-1971.0,436.6202087402344,611.54248046875,-1.4897493124008179,0.11670847237110138,-1.1462229490280151,0.11670847237110138,-1.1462229490280151,0.11670847237110138,0.0,0.0,0.0,0.0
17.700354358,-3638.53564453125,-3379.857177734375,-2109.0,-1971.0,436.6202087402344,611.54248046875,-1.4897493124008179,0.11670847237110138,-1.1662229299545288,0.11670847237110138,-1.1662229299545288,0.11670847237110138,0.0,0.0,0.0,0.0
17.720536109,-3701.216796875,-3437.537353515625,-2109.0,-1971.0,436.6202087402344,611.54248046875,-1.4893476963043213,0.1189647912979126,-1.1862229108810425,0.1189647912979126,-1.1862229108810425,0.1189647912979126,0.0,0.0,0.0,0.0
17.740357784,-3761.397216796875,-3497.7177734375,-2103.0,-2080.0,433.9753112792969,608.7783813476562,-1.4893476963043213,0.1189647912979126,-1.2062228918075562,0.1189647912979126,-1.2062228918075562,0.1189647912979126,0.0,0.0,0.0,0.0
17.760324623,-3821.577880859375,-3557.8984375,-2103.0,-2080.0,433.9753112792969,608.7783813476562,-1.4893476963043213,0.1189647912979126,-1.2262229919433594,0.1189647912979126,-1.2262229919433594,0.1189647912979126,0.0,0.0,0.0,0.0
17.780523268,-3884.2568359375,-3615.580322265625,-2103.0,-2080.0,433.9753112792969,608.7783813476562,-1.4889386892318726,0.12121927738189697,-1.246222972869873,0.12121927738189697,-1.246222972869873,0.12121927738189697,0.0,0.0,0.0,0.0
17.800467741,-3944.437255859375,-3675.760986328125,-2103.0,-2080.0,433.9753112792969,608.7783813476562,-1.4889386892318726,0.12121927738189697,-1.2662229537963867,0.12121927738189697,-1.2662229537963867,0.12121927738189697,0.0,0.0,0.0,0.0
17.820579807,-4004.617919921875,-3735.94140625,-2103.0,-2080.0,433.9753112792969,608.7783813476562,-1.4889386892318726,0.12121927738189697,-1.2862229347229004,0.12121927738189697,-1.2862229347229004,0.12121927738189697,0.0,0.0,0.0,0.0
17.840548949,-4064.79833984375,-3796.1220703125,-2057.0,-2046.0,430.5440979003906,605.5615844726562,-1.4889386892318726,0.12121927738189697,-1.306222915649414,0.12121927738189697,-1.306222915649414,0.12121927738189697,0.0,0.0,0.0,0.0
17.86045698,-4124.97900390625,-3856.302490234375,-2057.0,-2046.0,430.5440979003906,605.5615844726562,-1.4889386892318726,0.12121927738189697,-1.3262228965759277,0.12121927738189697,-1.3262228965759277,0.12121927738189697,0.0,0.0,0.0,0.0
17.880741501,-4185.15966796875,-3916.483154296875,-2057.0,-2046.0,430.5440979003906,605.5615844726562,-1.4889386892318726,0.12121927738189697,-1.346222996711731,0.12121927738189697,-1.346222996711731,0.12121927738189697,0.0,0.0,0.0,0.0
17.900751053,-4245.33984375,-3976.66357421875,-2057.0,-2046.0,430.5440979003906,605.5615844726562,-1.4889386892318726,0.12121927738189697,-1.3662229776382446,0.12121927738189697,-1.3662229776382446,0.12121927738189697,0.0,0.0,0.0,0.0
17.920328251,-4308.01708984375,-4034.347900390625,-2057.0,-2046.0,430.5440979003906,605.5615844726562,-1.4885220527648926,0.12347187846899033,-1.3862229585647583,0.12347187846899033,-1.3862229585647583,0.12347187846899033,0.0,0.0,0.0,0.0
17.940544941,-4368.19775390625,-4094.5283203125,-2063.0,-1994.0,426.96978759765625,602.1541748046875,-1.4885220527648926,0.12347187846899033,-1.406222939491272,0.12347187846899033,-1.406222939491272,0.12347187846899033,0.0,0.0,0.0,0.0
17.960501477,-4428.3779296875,-4154.708984375,-2063.0,-1994.0,426.96978759765625,602.1541748046875,-1.4885220527648926,0.12347187846899033,-1.4262229204177856,0.12347187846899033,-1.4262229204177856,0.12347187846899033,0.0,0.0,0.0,0.0
17.980349996,-4488.55859375,-4214.8896484375,-2063.0,-1994.0,426.96978759765625,602.1541748046875,-1.4885220527648926,0.12347187846899033,-1.4462229013442993,0.12347187846899033,-1.4462229013442993,0.12347187846899033,0.0,0.0,0.0,0.0
18.000342942,-4548.7392578125,-4275.06982421875,-2063.0,-1994.0,426.96978759765625,602.1541748046875,-1.4885220527648926,0.12347187846899033,-1.4662230014801025,0.12347187846899033,-1.4662230014801025,0.12347187846899033,0.0,0.0,0.0,0.0
18.020349933,-4608.919921875,-4335.25048828125,-2063.0,-1994.0,426.96978759765625,602.1541748046875,-1.4885220527648926,0.12347187846899033,-1.4862229824066162,0.12347187846899033,-1.4862229824066162,0.12347187846899033,0.0,0.0,0.0,0.0
18.040529796,-4615.837890625,-4342.1689453125,-2103.0,-2011.0,423.5148010253906,598.7230224609375,-1.4885220527648926,0.12347187846899033,-1.4885220527648926,0.12347187846899033,-1.4885220527648926,0.12347187846899033,0.0,0.0,0.0,0.0
18.060331857,-4615.837890625,-4342.1689453125,-2103.0,-2011.0,423.5148010253906,598.7230224609375,-1.4885220527648926,0.12347187846899033,-1.4885220527648926,0.12347187846899033,-1.4885220527648926,0.12347187846899033,0.0,0.0,0.0,0.0
18.080614585,-4615.837890625,-4342.1689453125,-2103.0,-2011.0,423.5148010253906,598.7230224609375,-1.4885220527648926,0.12347187846899033,-1.4885220527648926,0.12347187846899033,-1.4885220527648926,0.12347187846899033,0.0,0.0,0.0,0.0
18.100461887,-4615.837890625,-4342.1689453125,-2103.0,-2011.0,423.5148010253906,598.7230224609375,-1.4885220527648926,0.12347187846899033,-1.4885220527648926,0.12347187846899033,-1.4885220527648926,0.12347187846899033,0.0,0.0,0.0,0.0
18.120380987,-4615.837890625,-4342.1689453125,-2103.0,-2011.0,423.5148010253906,598.7230224609375,-1.4885220527648926,0.12347187846899033,-1.4885220527648926,0.12347187846899033,-1.4885220527648926,0.12347187846899033,0.0,0.0,0.0,0.0
18.14023696,-4615.837890625,-4342.1689453125,-2080.0,-2057.0,420.1072998046875,595.3156127929688,-1.4885220527648926,0.12347187846899033,-1.4885220527648926,0.12347187846899033,-1.4885220527648926,0.12347187846899033,0.0,0.0,0.0,0.0
18.160231665,-4615.837890625,-4342.1689453125,-2080.0,-2057.0,420.1072998046875,595.3156127929688,-1.4885220527648926,0.12347187846899033,-1.4885220527648926,0.12347187846899033,-1.4885220527648926,0.12347187846899033,0.0,0.0,0.0,0.0
18.180827085,-4615.837890625,-4342.1689453125,-2080.0,-2057.0,420.1072998046875,595.3156127929688,-1.4885220527648926,0.12347187846899033,-1.4885220527648926,0.12347187846899033,-1.4885220527648926,0.12347187846899033,0.0,0.0,0.0,0.0
18.200553285,-4615.837890625,-4342.1689453125,-2080.0,-2057.0,420.1072998046875,595.3156127929688,-1.4885220527648926,0.12347187846899033,-1.4885220527648926,0.12347187846899033,-1.4885220527648926,0.12347187846899033,0.0,0.0,0.0,0.0
18.220288698,-4615.837890625,-4342.1689453125,-2080.0,-2057.0,420.1072998046875,595.3156127929688,-1.4885220527648926,0.12347187846899033,-1.4885220527648926,0.12347187846899033,-1.4885220527648926,0.12347187846899033,0.0,0.0,0.0,0.0
18.240381086,-4615.837890625,-4342.1689453125,-2069.0,-2011.0,416.580810546875,592.0510864257812,-1.4885220527648926,0.12347187846899033,-1.4885220527648926,0.12347187846899033,-1.4885220527648926,0.12347187846899033,0.0,0.0,0.0,0.0
18.260260383,-4615.837890625,-4342.1689453125,-2069.0,-2011.0,416.580810546875,592.0510864257812,-1.4885220527648926,0.12347187846899033,-1.4885220527648926,0.12347187846899033,-1.4885220527648926,0.12347187846899033,0.0,0.0,0.0,0.0
18.280446261,-4615.837890625,-4342.1689453125,-2069.0,-2011.0,416.580810546875,592.0510864257812,-1.4885220527648926,0.12347187846899033,-1.4885220527648926,0.12347187846899033,-1.4885220527648926,0.12347187846899033,0.0,0.0,0.0,0.0
18.300424521,-4615.837890625,-4342.1689453125,-2069.0,-2011.0,416.580810546875,592.0510864257812,-1.4885220527648926,0.12347187846899033,-1.4885220527648926,0.12347187846899033,-1.4885220527648926,0.12347187846899033,0.0,0.0,0.0,0.0
18.320229973,-4615.837890625,-4342.1689453125,-2091.0,-2006.0,413.79290771484375,589.3109130859375,-1.4885220527648926,0.12347187846899033,-1.4885220527648926,0.12347187846899033,-1.4885220527648926,0.12347187846899033,0.0,0.0,0.0,0.0
18.340174989,-4615.837890625,-4342.1689453125,-2091.0,-2006.0,413.79290771484375,589.3109130859375,-1.4885220527648926,0.12347187846899033,-1.4885220527648926,0.12347187846899033,-1.4885220527648926,0.12347187846899033,0.0,0.0,0.0,0.0
18.360159296,-4615.837890625,-4342.1689453125,-2091.0,-2006.0,413.79290771484375,589.3109130859375,-1.4885220527648926,0.12347187846899033,-1.4885220527648926,0.12347187846899033,-1.4885220527648926,0.12347187846899033,0.0,0.0,0.0,0.0
18.380441192,-4615.837890625,-4342.1689453125,-2091.0,-2006.0,413.79290771484375,589.3109130859375,-1.4885220527648926,0.12347187846899033,-1.4885220527648926,0.12347187846899033,-1.4885220527648926,0.12347187846899033,0.0,0.0,0.0,0.0
18.40038864,-4615.837890625,-4342.1689453125,-2091.0,-2006.0,413.79290771484375,589.3109130859375,-1.4885220527648926,0.12347187846899033,-1.4885220527648926,0.12347187846899033,-1.4885220527648926,0.12347187846899033,0.0,0.0,0.0,0.0
18.420071934,-4615.837890625,-4342.1689453125,-2091.0,-2023.0,410.3377990722656,585.8557739257812,-1.4885220527648926,0.12347187846899033,-1.4885220527648926,0.12347187846899033,-1.4885220527648926,0.12347187846899033,0.0,0.0,0.0,0.0
18.440218681,-4615.837890625,-4342.1689453125,-2091.0,-2023.0,410.3377990722656,585.8557739257812,-1.4885220527648926,0.12347187846899033,-1.4885220527648926,0.12347187846899033,-1.4885220527648926,0.12347187846899033,0.0,0.0,0.0,0.0
18.460153331,-4615.837890625,-4342.1689453125,-2091.0,-2023.0,410.3377990722656,585.8557739257812,-1.4885220527648926,0.12347187846899033,-1.4885220527648926,0.12347187846899033,-1.4885220527648926,0.12347187846899033,0.0,0.0,0.0,0.0
18.480419358,-4615.837890625,-4342.1689453125,-2091.0,-2023.0,410.3377990722656,585.8557739257812,-1.4885220527648926,0.12347187846899033,-1.4885220527648926,0.12347187846899033,-1.4885220527648926,0.12347187846899033,0.0,0.0,0.0,0.0
18.50037778,-4615.837890625,-4342.1689453125,-2091.0,-2023.0,410.3377990722656,585.8557739257812,-1.4885220527648926,0.12347187846899033,-1.4885220527648926,0.12347187846899033,-1.4885220527648926,0.12347187846899033,0.0,0.0,0.0,0.0
18.520182848,-4615.837890625,-4342.1689453125,-2074.0,-2034.0,406.8826904296875,582.519775390625,-1.4885220527648926,0.12347187846899033,-1.4885220527648926,0.12347187846899033,-1.4885220527648926,0.12347187846899033,0.0,0.0,0.0,0.0
18.54018632,-4615.68505859375,-4342.63525390625,-2074.0,-2034.0,406.8826904296875,582.519775390625,-1.4885742664337158,0.12319234758615494,-1.4885742664337158,0.12319234758615494,-1.4885742664337158,0.12319234758615494,0.0,0.0,0.0,0.0
18.56016298,-4615.68505859375,-4342.63525390625,-2074.0,-2034.0,406.8826904296875,582.519775390625,-1.4885742664337158,0.12319234758615494,-1.4885742664337158,0.12319234758615494,-1.4885742664337158,0.12319234758615494,0.0,0.0,0.0,0.0
18.580382389,-4616.90380859375,-4338.87646484375,-2074.0,-2034.0,406.8826904296875,582.519775390625,-1.4881521463394165,0.12543810904026031,-1.4881521463394165,0.12543810904026031,-1.4881521463394165,0.12543810904026031,0.0,0.0,0.0,0.0
18.600400995,-4616.90380859375,-4338.87646484375,-2074.0,-2034.0,406.8826904296875,582.519775390625,-1.4881521463394165,0.12543810904026031,-1.4881521463394165,0.12543810904026031,-1.4881521463394165,0.12543810904026031,0.0,0.0,0.0,0.0
18.620281476,-4616.90380859375,-4338.87646484375,-2086.0,-2023.0,403.356201171875,579.1838989257812,-1.4881521463394165,0.12543810904026031,-1.4881521463394165,0.12543810904026031,-1.4881521463394165,0.12543810904026031,0.0,0.0,0.0,0.0
18.64020352,-4616.90380859375,-4338.87646484375,-2086.0,-2023.0,403.356201171875,579.1838989257812,-1.4881521463394165,0.12543810904026031,-1.4881521463394165,0.12543810904026031,-1.4881521463394165,0.12543810904026031,0.0,0.0,0.0,0.0
18.660203536,-4616.90380859375,-4338.87646484375,-2086.0,-2023.0,403.356201171875,579.1838989257812,-1.4881521463394165,0.12543810904026031,-1.4881521463394165,0.12543810904026031,-1.4881521463394165,0.12543810904026031,0.0,0.0,0.0,0.0
18.680437728,-4616.90380859375,-4338.87646484375,-2086.0,-2023.0,403.356201171875,579.1838989257812,-1.4881521463394165,0.12543810904026031,-1.4881521463394165,0.12543810904026031,-1.4881521463394165,0.12543810904026031,0.0,0.0,0.0,0.0
18.700599417,-4616.90380859375,-4338.87646484375,-2086.0,-2023.0,403.356201171875,579.1838989257812,-1.4881521463394165,0.12543810904026031,-1.4881521463394165,0.12543810904026031,-1.4881521463394165,0.12543810904026031,0.0,0.0,0.0,0.0
18.720235837,-4616.90380859375,-4338.87646484375,-2091.0,-2017.0,399.9010925292969,575.7764892578125,-1.4881521463394165,0.12543810904026031,-1.4881521463394165,0.12543810904026031,-1.4881521463394165,0.12543810904026031,0.0,0.0,0.0,0.0
18.740210961,-4616.90380859375,-4338.87646484375,-2091.0,-2017.0,399.9010925292969,575.7764892578125,-1.4881521463394165,0.12543810904026031,-1.4881521463394165,0.12543810904026031,-1.4881521463394165,0.12543810904026031,0.0,0.0,0.0,0.0
18.760255419,-4616.90380859375,-4338.87646484375,-2091.0,-2017.0,399.9010925292969,575.7764892578125,-1.4881521463394165,0.12543810904026031,-1.4881521463394165,0.12543810904026031,-1.4881521463394165,0.12543810904026031,0.0,0.0,0.0,0.0
18.780216433,-4616.90380859375,-4338.87646484375,-2091.0,-2017.0,399.9010925292969,575.7764892578125,-1.4881521463394165,0.12543810904026031,-1.4881521463394165,0.12543810904026031,-1.4881521463394165,0.12543810904026031,0.0,0.0,0.0,0.0
18.800181958,-4616.90380859375,-4338.87646484375,-2091.0,-2017.0,399.9010925292969,575.7764892578125,-1.4881521463394165,0.12543810904026031,-1.4881521463394165,0.12543810904026031,-1.4881521463394165,0.12543810904026031,0.0,0.0,0.0,0.0
18.820401368,-4616.90380859375,-4338.87646484375,-2080.0,-2029.0,396.46978759765625,572.4166870117188,-1.4881521463394165,0.12543810904026031,-1.4881521463394165,0.12543810904026031,-1.4881521463394165,0.12543810904026031,0.0,0.0,0.0,0.0
18.840179016,-4616.90380859375,-4338.87646484375,-2080.0,-2029.0,396.46978759765625,572.4166870117188,-1.4881521463394165,0.12543810904026031,-1.4881521463394165,0.12543810904026031,-1.4881521463394165,0.12543810904026031,0.0,0.0,0.0,0.0
18.860179832,-4616.90380859375,-4338.87646484375,-2080.0,-2029.0,396.46978759765625,572.4166870117188,-1.4881521463394165,0.12543810904026031,-1.4881521463394165,0.12543810904026031,-1.4881521463394165,0.12543810904026031,0.0,0.0,0.0,0.0
18.880447651,-4616.90380859375,-4338.87646484375,-2080.0,-2029.0,396.46978759765625,572.4166870117188,-1.4881521463394165,0.12543810904026031,-1.4881521463394165,0.12543810904026031,-1.4881521463394165,0.12543810904026031,0.0,0.0,0.0,0.0
18.900406265,-4616.90380859375,-4338.87646484375,-2069.0,-2017.0,393.681884765625,569.7479858398438,-1.4881521463394165,0.12543810904026031,-1.4881521463394165,0.12543810904026031,-1.4881521463394165,0.12543810904026031,0.0,0.0,0.0,0.0
18.920227811,-4616.90380859375,-4338.87646484375,-2069.0,-2017.0,393.681884765625,569.7479858398438,-1.4881521463394165,0.12543810904026031,-1.4881521463394165,0.12543810904026031,-1.4881521463394165,0.12543810904026031,0.0,0.0,0.0,0.0
18.940207126,-4616.90380859375,-4338.87646484375,-2069.0,-2017.0,393.681884765625,569.7479858398438,-1.4881521463394165,0.12543810904026031,-1.4881521463394165,0.12543810904026031,-1.4881521463394165,0.12543810904026031,0.0,0.0,0.0,0.0
18.960180202,-4616.90380859375,-4338.87646484375,-2069.0,-2017.0,393.681884765625,569.7479858398438,-1.4881521463394165,0.12543810904026031,-1.4881521463394165,0.12543810904026031,-1.4881521463394165,0.12543810904026031,0.0,0.0,0.0,0.0
18.980351778,-4616.90380859375,-4338.87646484375,-2069.0,-2017.0,393.681884765625,569.7479858398438,-1.4881521463394165,0.12543810904026031,-1.4881521463394165,0.12543810904026031,-1.4881521463394165,0.12543810904026031,0.0,0.0,0.0,0.0
19.000424808,-4616.90380859375,-4338.87646484375,-2080.0,-2023.0,390.1553955078125,566.340576171875,-1.4881521463394165,0.12543810904026031,-1.4881521463394165,0.12543810904026031,-1.4881521463394165,0.12543810904026031,0.0,0.0,0.0,0.0
19.020195927,-4616.90380859375,-4338.87646484375,-2080.0,-2023.0,390.1553955078125,566.340576171875,-1.4881521463394165,0.12543810904026031,-1.4881521463394165,0.12543810904026031,-1.4881521463394165,0.12543810904026031,0.0,0.0,0.0,0.0
19.040222371,-4616.90380859375,-4338.87646484375,-2080.0,-2023.0,390.1553955078125,566.340576171875,-1.4881521463394165,0.12543810904026031,-1.4881521463394165,0.12543810904026031,-1.4881521463394165,0.12543810904026031,0.0,0.0,0.0,0.0
19.060172921,-4618.09814453125,-4335.09765625,-2080.0,-2023.0,390.1553955078125,566.340576171875,-1.4877227544784546,0.12768195569515228,-1.4877227544784546,0.12768195569515228,-1.4877227544784546,0.12768195569515228,0.0,0.0,0.0,0.0
19.080444578,-4618.09814453125,-4335.09765625,-2080.0,-2023.0,390.1553955078125,566.340576171875,-1.4877227544784546,0.12768195569515228,-1.4877227544784546,0.12768195569515228,-1.4877227544784546,0.12768195569515228,0.0,0.0,0.0,0.0
19.100586813,-4618.09814453125,-4335.09765625,-2091.0,-2017.0,386.7002868652344,562.9807739257812,-1.4877227544784546,0.12768195569515228,-1.4877227544784546,0.12768195569515228,-1.4877227544784546,0.12768195569515228,0.0,0.0,0.0,0.0
19.120260987,-4618.09814453125,-4335.09765625,-2091.0,-2017.0,386.7002868652344,562.9807739257812,-1.4877227544784546,0.12768195569515228,-1.4877227544784546,0.12768195569515228,-1.4877227544784546,0.12768195569515228,0.0,0.0,0.0,0.0
19.140222512,-4618.09814453125,-4335.09765625,-2091.0,-2017.0,386.7002868652344,562.9807739257812,-1.4877227544784546,0.12768195569515228,-1.4877227544784546,0.12768195569515228,-1.4877227544784546,0.12768195569515228,0.0,0.0,0.0,0.0
19.160191715,-4618.09814453125,-4335.09765625,-2091.0,-2017.0,386.7002868652344,562.9807739257812,-1.4877227544784546,0.12768195569515228,-1.4877227544784546,0.12768195569515228,-1.4877227544784546,0.12768195569515228,0.0,0.0,0.0,0.0
19.180672526,-4618.09814453125,-4335.09765625,-2091.0,-2017.0,386.7002868652344,562.9807739257812,-1.4877227544784546,0.12768195569515228,-1.4877227544784546,0.12768195569515228,-1.4877227544784546,0.12768195569515228,0.0,0.0,0.0,0.0
19.200389638,-4618.09814453125,-4335.09765625,-2080.0,-2034.0,383.2452087402344,559.5734252929688,-1.4877227544784546,0.12768195569515228,-1.4877227544784546,0.12768195569515228,-1.4877227544784546,0.12768195569515228,0.0,0.0,0.0,0.0
19.220229164,-4618.09814453125,-4335.09765625,-2080.0,-2034.0,383.2452087402344,559.5734252929688,-1.4877227544784546,0.12768195569515228,-1.4877227544784546,0.12768195569515228,-1.4877227544784546,0.12768195569515228,0.0,0.0,0.0,0.0
19.240187233,-4618.09814453125,-4335.09765625,-2080.0,-2034.0,383.2452087402344,559.5734252929688,-1.4877227544784546,0.12768195569515228,-1.4877227544784546,0.12768195569515228,-1.4877227544784546,0.12768195569515228,0.0,0.0,0.0,0.0
19.260187664,-4618.09814453125,-4335.09765625,-2080.0,-2034.0,383.2452087402344,559.5734252929688,-1.4877227544784546,0.12768195569515228,-1.4877227544784546,0.12768195569515228,-1.4877227544784546,0.12768195569515228,0.0,0.0,0.0,0.0
19.280795306,-4618.09814453125,-4335.09765625,-2080.0,-2023.0,379.76629638671875,556.213623046875,-1.4877227544784546,0.12768195569515228,-1.4877227544784546,0.12768195569515228,-1.4877227544784546,0.12768195569515228,0.0,0.0,0.0,0.0
19.300401937,-4618.09814453125,-4335.09765625,-2080.0,-2023.0,379.76629638671875,556.213623046875,-1.4877227544784546,0.12768195569515228,-1.4877227544784546,0.12768195569515228,-1.4877227544784546,0.12768195569515228,0.0,0.0,0.0,0.0
19.32020246,-4618.09814453125,-4335.09765625,-2080.0,-2023.0,379.76629638671875,556.213623046875,-1.4877227544784546,0.12768195569515228,-1.4877227544784546,0.12768195569515228,-1.4877227544784546,0.12768195569515228,0.0,0.0,0.0,0.0
19.340194413,-4618.09814453125,-4335.09765625,-2080.0,-2023.0,379.76629638671875,556.213623046875,-1.4877227544784546,0.12768195569515228,-1.4877227544784546,0.12768195569515228,-1.4877227544784546,0.12768195569515228,0.0,0.0,0.0,0.0
19.360370563,-4618.09814453125,-4335.09765625,-2080.0,-2023.0,379.76629638671875,556.213623046875,-1.4877227544784546,0.12768195569515228,-1.4877227544784546,0.12768195569515228,-1.4877227544784546,0.12768195569515228,0.0,0.0,0.0,0.0
19.380444872,-4618.09814453125,-4335.09765625,-2080.0,-2023.0,379.76629638671875,556.213623046875,-1.4877227544784546,0.12768195569515228,-1.4877227544784546,0.12768195569515228,-1.4877227544784546,0.12768195569515228,0.0,0.0,0.0,0.0
19.400409596,-4618.09814453125,-4335.09765625,-2091.0,-2011.0,376.26361083984375,552.8538208007812,-1.4877227544784546,0.12768195569515228,-1.4877227544784546,0.12768195569515228,-1.4877227544784546,0.12768195569515228,0.0,0.0,0.0,0.0
19.420172173,-4618.09814453125,-4335.09765625,-2091.0,-2011.0,376.26361083984375,552.8538208007812,-1.4877227544784546,0.12768195569515228,-1.4877227544784546,0.12768195569515228,-1.4877227544784546,0.12768195569515228,0.0,0.0,0.0,0.0
19.440324039,-4618.09814453125,-4335.09765625,-2091.0,-2011.0,376.26361083984375,552.8538208007812,-1.4877227544784546,0.12768195569515228,-1.4877227544784546,0.12768195569515228,-1.4877227544784546,0.12768195569515228,0.0,0.0,0.0,0.0
19.46018897,-4618.09814453125,-4335.09765625,-2091.0,-2011.0,376.26361083984375,552.8538208007812,-1.4877227544784546,0.12768195569515228,-1.4877227544784546,0.12768195569515228,-1.4877227544784546,0.12768195569515228,0.0,0.0,0.0,0.0
19.480402043,-4618.09814453125,-4335.09765625,-2086.0,-2017.0,373.49951171875,550.1613159179688,-1.4877227544784546,0.12768195569515228,-1.4877227544784546,0.12768195569515228,-1.4877227544784546,0.12768195569515228,0.0,0.0,0.0,0.0
19.500410217,-4618.09814453125,-4335.09765625,-2086.0,-2017.0,373.49951171875,550.1613159179688,-1.4877227544784546,0.12768195569515228,-1.4877227544784546,0.12768195569515228,-1.4877227544784546,0.12768195569515228,0.0,0.0,0.0,0.0
19.520188152,-4618.09814453125,-4335.09765625,-2086.0,-2017.0,373.49951171875,550.1613159179688,-1.4877227544784546,0.12768195569515228,-1.4877227544784546,0.12768195569515228,-1.4877227544784546,0.12768195569515228,0.0,0.0,0.0,0.0
19.540534582,-4618.09814453125,-4335.09765625,-2086.0,-2017.0,373.49951171875,550.1613159179688,-1.4877227544784546,0.12768195569515228,-1.4877227544784546,0.12768195569515228,-1.4877227544784546,0.12768195569515228,0.0,0.0,0.0,0.0
19.560309413,-4618.09814453125,-4335.09765625,-2086.0,-2017.0,373.49951171875,550.1613159179688,-1.4877227544784546,0.12768195569515228,-1.4877227544784546,0.12768195569515228,-1.4877227544784546,0.12768195569515228,0.0,0.0,0.0,0.0
19.580430179,-4618.09814453125,-4335.09765625,-2080.0,-2029.0,370.0205993652344,546.777587890625,-1.4877227544784546,0.12768195569515228,-1.4877227544784546,0.12768195569515228,-1.4877227544784546,0.12768195569515228,0.0,0.0,0.0,0.0
19.600421396,-4618.09814453125,-4335.09765625,-2080.0,-2029.0,370.0205993652344,546.777587890625,-1.4877227544784546,0.12768195569515228,-1.4877227544784546,0.12768195569515228,-1.4877227544784546,0.12768195569515228,0.0,0.0,0.0,0.0
19.620225919,-4618.09814453125,-4335.09765625,-2080.0,-2029.0,370.0205993652344,546.777587890625,-1.4877227544784546,0.12768195569515228,-1.4877227544784546,0.12768195569515228,-1.4877227544784546,0.12768195569515228,0.0,0.0,0.0,0.0
19.640473675,-4618.09814453125,-4335.09765625,-2080.0,-2029.0,370.0205993652344,546.777587890625,-1.4877227544784546,0.12768195569515228,-1.4877227544784546,0.12768195569515228,-1.4877227544784546,0.12768195569515228,0.0,0.0,0.0,0.0
19.660180132,-4618.09814453125,-4335.09765625,-2080.0,-2029.0,370.0205993652344,546.777587890625,-1.4877227544784546,0.12768195569515228,-1.4877227544784546,0.12768195569515228,-1.4877227544784546,0.12768195569515228,0.0,0.0,0.0,0.0
19.680405971,-4618.09814453125,-4335.09765625,-2086.0,-2034.0,366.54168701171875,543.3701782226562,-1.4877227544784546,0.12768195569515228,-1.4877227544784546,0.12768195569515228,-1.4877227544784546,0.12768195569515228,0.0,0.0,0.0,0.0
19.700215678,-4618.09814453125,-4335.09765625,-2086.0,-2034.0,366.54168701171875,543.3701782226562,-1.4877227544784546,0.12768195569515228,-1.4877227544784546,0.12768195569515228,-1.4877227544784546,0.12768195569515228,0.0,0.0,0.0,0.0
19.720177298,-4618.09814453125,-4335.09765625,-2086.0,-2034.0,366.54168701171875,543.3701782226562,-1.4877227544784546,0.12768195569515228,-1.4877227544784546,0.12768195569515228,-1.4877227544784546,0.12768195569515228,0.0,0.0,0.0,0.0
19.740435325,-4618.09814453125,-4335.09765625,-2086.0,-2034.0,366.54168701171875,543.3701782226562,-1.4877227544784546,0.12768195569515228,-1.4877227544784546,0.12768195569515228,-1.4877227544784546,0.12768195569515228,0.0,0.0,0.0,0.0
19.76019979,-4618.09814453125,-4335.09765625,-2086.0,-2034.0,366.54168701171875,543.3701782226562,-1.4877227544784546,0.12768195569515228,-1.4877227544784546,0.12768195569515228,-1.4877227544784546,0.12768195569515228,0.0,0.0,0.0,0.0
19.780199453,-4618.09814453125,-4335.09765625,-2091.0,-2023.0,363.0398864746094,540.0343017578125,-1.4877227544784546,0.12768195569515228,-1.4877227544784546,0.12768195569515228,-1.4877227544784546,0.12768195569515228,0.0,0.0,0.0,0.0
19.800157715,-4618.09814453125,-4335.09765625,-2091.0,-2023.0,363.0398864746094,540.0343017578125,-1.4877227544784546,0.12768195569515228,-1.4877227544784546,0.12768195569515228,-1.4877227544784546,0.12768195569515228,0.0,0.0,0.0,0.0
19.820219929,-4618.09814453125,-4335.09765625,-2091.0,-2023.0,363.0398864746094,540.0343017578125,-1.4877227544784546,0.12768195569515228,-1.4877227544784546,0.12768195569515228,-1.4877227544784546,0.12768195569515228,0.0,0.0,0.0,0.0
19.840415085,-4618.09814453125,-4335.09765625,-2091.0,-2023.0,363.0398864746094,540.0343017578125,-1.4877227544784546,0.12768195569515228,-1.4877227544784546,0.12768195569515228,-1.4877227544784546,0.12768195569515228,0.0,0.0,0.0,0.0
19.860174174,-4618.09814453125,-4335.09765625,-2091.0,-2023.0,363.0398864746094,540.0343017578125,-1.4877227544784546,0.12768195569515228,-1.4877227544784546,0.12768195569515228,-1.4877227544784546,0.12768195569515228,0.0,0.0,0.0,0.0
19.880204873,-4618.09814453125,-4335.09765625,-2091.0,-2034.0,359.564208984375,536.6268920898438,-1.4877227544784546,0.12768195569515228,-1.4877227544784546,0.12768195569515228,-1.4877227544784546,0.12768195569515228,0.0,0.0,0.0,0.0
19.900179964,-4618.09814453125,-4335.09765625,-2091.0,-2034.0,359.564208984375,536.6268920898438,-1.4877227544784546,0.12768195569515228,-1.4877227544784546,0.12768195569515228,-1.4877227544784546,0.12768195569515228,0.0,0.0,0.0,0.0
19.920227205,-4618.09814453125,-4335.09765625,-2091.0,-2034.0,359.564208984375,536.6268920898438,-1.4877227544784546,0.12768195569515228,-1.4877227544784546,0.12768195569515228,-1.4877227544784546,0.12768195569515228,0.0,0.0,0.0,0.0
19.940349059,-4618.09814453125,-4335.09765625,-2091.0,-2034.0,359.564208984375,536.6268920898438,-1.4877227544784546,0.12768195569515228,-1.4877227544784546,0.12768195569515228,-1.4877227544784546,0.12768195569515228,0.0,0.0,0.0,0.0
19.960226819,-4618.09814453125,-4335.09765625,-2091.0,-2034.0,359.564208984375,536.6268920898438,-1.4877227544784546,0.12768195569515228,-1.4877227544784546,0.12768195569515228,-1.4877227544784546,0.12768195569515228,0.0,0.0,0.0,0.0
19.980311367,-4618.09814453125,-4335.09765625,-2080.0,-2006.0,356.1361083984375,533.291015625,-1.4877227544784546,0.12768195569515228,-1.4877227544784546,0.12768195569515228,-1.4877227544784546,0.12768195569515228,0.0,0.0,0.0,0.0
20.000214755,-4618.09814453125,-4335.09765625,-2080.0,-2006.0,356.1361083984375,533.291015625,-1.4877227544784546,0.12768195569515228,-1.4877227544784546,0.12768195569515228,-1.4877227544784546,0.12768195569515228,0.0,0.0,0.0,0.0
20.0202188,-4618.09814453125,-4335.09765625,-2080.0,-2006.0,356.1361083984375,533.291015625,-1.4877227544784546,0.12768195569515228,-1.4877227544784546,0.12768195569515228,-1.4877227544784546,0.12768195569515228,0.0,0.0,0.0,0.0
20.040430337,-4618.09814453125,-4335.09765625,-2080.0,-2006.0,356.1361083984375,533.291015625,-1.4877227544784546,0.12768195569515228,-1.4877227544784546,0.12768195569515228,-1.4877227544784546,0.12768195569515228,0.0,0.0,0.0,0.0
20.060229995,-4618.09814453125,-4335.09765625,-2074.0,-2023.0,353.3507080078125,530.5745239257812,-1.4877227544784546,0.12768195569515228,-1.4877227544784546,0.12768195569515228,-1.4877227544784546,0.12768195569515228,0.0,0.0,0.0,0.0
20.080199934,-4618.09814453125,-4335.09765625,-2074.0,-2023.0,353.3507080078125,530.5745239257812,-1.4877227544784546,0.12768195569515228,-1.4877227544784546,0.12768195569515228,-1.4877227544784546,0.12768195569515228,0.0,0.0,0.0,0.0
20.10022884,-4618.09814453125,-4335.09765625,-2074.0,-2023.0,353.3507080078125,530.5745239257812,-1.4877227544784546,0.12768195569515228,-1.4877227544784546,0.12768195569515228,-1.4877227544784546,0.12768195569515228,0.0,0.0,0.0,0.0
20.120246228,-4618.09814453125,-4335.09765625,-2074.0,-2023.0,353.3507080078125,530.5745239257812,-1.4877227544784546,0.12768195569515228,-1.4877227544784546,0.12768195569515228,-1.4877227544784546,0.12768195569515228,0.0,0.0,0.0,0.0
20.140477217,-4618.09814453125,-4335.09765625,-2074.0,-2023.0,353.3507080078125,530.5745239257812,-1.4877227544784546,0.12768195569515228,-1.4877227544784546,0.12768195569515228,-1.4877227544784546,0.12768195569515228,0.0,0.0,0.0,0.0
20.160192504,-4618.09814453125,-4335.09765625,-2086.0,-2017.0,349.875,527.19091796875,-1.4877227544784546,0.12768195569515228,-1.4877227544784546,0.12768195569515228,-1.4877227544784546,0.12768195569515228,0.0,0.0,0.0,0.0
20.180246718,-4618.09814453125,-4335.09765625,-2086.0,-2017.0,349.875,527.19091796875,-1.4877227544784546,0.12768195569515228,-1.4877227544784546,0.12768195569515228,-1.4877227544784546,0.12768195569515228,0.0,0.0,0.0,0.0
20.200387769,-4618.09814453125,-4335.09765625,-2086.0,-2017.0,349.875,527.19091796875,-1.4877227544784546,0.12768195569515228,-1.4877227544784546,0.12768195569515228,-1.4877227544784546,0.12768195569515228,0.0,0.0,0.0,0.0
20.220224542,-4618.09814453125,-4335.09765625,-2086.0,-2017.0,349.875,527.19091796875,-1.4877227544784546,0.12768195569515228,-1.4877227544784546,0.12768195569515228,-1.4877227544784546,0.12768195569515228,0.0,0.0,0.0,0.0
20.240213038,-4618.09814453125,-4335.09765625,-2086.0,-2017.0,349.875,527.19091796875,-1.4877227544784546,0.12768195569515228,-1.4877227544784546,0.12768195569515228,-1.4877227544784546,0.12768195569515228,0.0,0.0,0.0,0.0
20.260256694,-4618.09814453125,-4335.09765625,-2086.0,-2034.0,346.3992919921875,523.807373046875,-1.4877227544784546,0.12768195569515228,-1.4877227544784546,0.12768195569515228,-1.4877227544784546,0.12768195569515228,0.0,0.0,0.0,0.0
20.280247685,-4618.09814453125,-4335.09765625,-2086.0,-2034.0,346.3992919921875,523.807373046875,-1.4877227544784546,0.12768195569515228,-1.4877227544784546,0.12768195569515228,-1.4877227544784546,0.12768195569515228,0.0,0.0,0.0,0.0
20.300377505,-4618.09814453125,-4335.09765625,-2086.0,-2034.0,346.3992919921875,523.807373046875,-1.4877227544784546,0.12768195569515228,-1.4877227544784546,0.12768195569515228,-1.4877227544784546,0.12768195569515228,0.0,0.0,0.0,0.0
20.320249058,-4618.09814453125,-4335.09765625,-2086.0,-2034.0,346.3992919921875,523.807373046875,-1.4877227544784546,0.12768195569515228,-1.4877227544784546,0.12768195569515228,-1.4877227544784546,0.12768195569515228,0.0,0.0,0.0,0.0
20.340524841,-4618.09814453125,-4335.09765625,-2080.0,-2023.0,342.9234924316406,520.4475708007812,-1.4877227544784546,0.12768195569515228,-1.4877227544784546,0.12768195569515228,-1.4877227544784546,0.12768195569515228,0.0,0.0,0.0,0.0
20.360254909,-4618.09814453125,-4335.09765625,-2080.0,-2023.0,342.9234924316406,520.4475708007812,-1.4877227544784546,0.12768195569515228,-1.4877227544784546,0.12768195569515228,-1.4877227544784546,0.12768195569515228,0.0,0.0,0.0,0.0
20.380423987,-4618.09814453125,-4335.09765625,-2080.0,-2023.0,342.9234924316406,520.4475708007812,-1.4877227544784546,0.12768195569515228,-1.4877227544784546,0.12768195569515228,-1.4877227544784546,0.12768195569515228,0.0,0.0,0.0,0.0
20.400213951,-4618.09814453125,-4335.09765625,-2080.0,-2023.0,342.9234924316406,520.4475708007812,-1.4877227544784546,0.12768195569515228,-1.4877227544784546,0.12768195569515228,-1.4877227544784546,0.12768195569515228,0.0,0.0,0.0,0.0
20.420200304,-4618.09814453125,-4335.09765625,-2080.0,-2023.0,342.9234924316406,520.4475708007812,-1.4877227544784546,0.12768195569515228,-1.4877227544784546,0.12768195569515228,-1.4877227544784546,0.12768195569515228,0.0,0.0,0.0,0.0
20.44018112,-4618.09814453125,-4335.09765625,-2080.0,-2023.0,342.9234924316406,520.4475708007812,-1.4877227544784546,0.12768195569515228,-1.4877227544784546,0.12768195569515228,-1.4877227544784546,0.12768195569515228,0.0,0.0,0.0,0.0
20.460199468,-4618.09814453125,-4335.09765625,-2086.0,-2023.0,339.44781494140625,517.0640258789062,-1.4877227544784546,0.12768195569515228,-1.4877227544784546,0.12768195569515228,-1.4877227544784546,0.12768195569515228,0.0,0.0,0.0,0.0
20.480251667,-4618.09814453125,-4335.09765625,-2086.0,-2023.0,339.44781494140625,517.0640258789062,-1.4877227544784546,0.12768195569515228,-1.4877227544784546,0.12768195569515228,-1.4877227544784546,0.12768195569515228,0.0,0.0,0.0,0.0
20.500160206,-4618.09814453125,-4335.09765625,-2086.0,-2023.0,339.44781494140625,517.0640258789062,-1.4877227544784546,0.12768195569515228,-1.4877227544784546,0.12768195569515228,-1.4877227544784546,0.12768195569515228,0.0,0.0,0.0,0.0
20.520226899,-4618.09814453125,-4335.09765625,-2086.0,-2023.0,339.44781494140625,517.0640258789062,-1.4877227544784546,0.12768195569515228,-1.4877227544784546,0.12768195569515228,-1.4877227544784546,0.12768195569515228,0.0,0.0,0.0,0.0
20.540183463,-4618.09814453125,-4335.09765625,-2080.0,-2029.0,335.97198486328125,513.7042236328125,-1.4877227544784546,0.12768195569515228,-1.4877227544784546,0.12768195569515228,-1.4877227544784546,0.12768195569515228,0.0,0.0,0.0,0.0
20.560169271,-4618.09814453125,-4335.09765625,-2080.0,-2029.0,335.97198486328125,513.7042236328125,-1.4877227544784546,0.12768195569515228,-1.4877227544784546,0.12768195569515228,-1.4877227544784546,0.12768195569515228,0.0,0.0,0.0,0.0
20.580257017,-4618.09814453125,-4335.09765625,-2080.0,-2029.0,335.97198486328125,513.7042236328125,-1.4877227544784546,0.12768195569515228,-1.4877227544784546,0.12768195569515228,-1.4877227544784546,0.12768195569515228,0.0,0.0,0.0,0.0
20.600598391,-4618.09814453125,-4335.09765625,-2080.0,-2029.0,335.97198486328125,513.7042236328125,-1.4877227544784546,0.12768195569515228,-1.4877227544784546,0.12768195569515228,-1.4877227544784546,0.12768195569515228,0.0,0.0,0.0,0.0
20.620208445,-4618.09814453125,-4335.09765625,-2080.0,-2029.0,335.97198486328125,513.7042236328125,-1.4877227544784546,0.12768195569515228,-1.4877227544784546,0.12768195569515228,-1.4877227544784546,0.12768195569515228,0.0,0.0,0.0,0.0
20.640205035,-4618.09814453125,-4335.09765625,-2086.0,-2023.0,333.18670654296875,511.0116882324219,-1.4877227544784546,0.12768195569515228,-1.4877227544784546,0.12768195569515228,-1.4877227544784546,0.12768195569515228,0.0,0.0,0.0,0.0
20.660196379,-4619.2685546875,-4331.298828125,-2086.0,-2023.0,333.18670654296875,511.0116882324219,-1.4872859716415405,0.12992383539676666,-1.4872859716415405,0.12992383539676666,-1.4872859716415405,0.12992383539676666,0.0,0.0,0.0,0.0
20.680262336,-4619.2685546875,-4331.298828125,-2086.0,-2023.0,333.18670654296875,511.0116882324219,-1.4872859716415405,0.12992383539676666,-1.4872859716415405,0.12992383539676666,-1.4872859716415405,0.12992383539676666,0.0,0.0,0.0,0.0
20.700196727,-4619.2685546875,-4331.298828125,-2086.0,-2023.0,333.18670654296875,511.0116882324219,-1.4872859716415405,0.12992383539676666,-1.4872859716415405,0.12992383539676666,-1.4872859716415405,0.12992383539676666,0.0,0.0,0.0,0.0
20.720262396,-4619.2685546875,-4331.298828125,-2086.0,-2023.0,333.18670654296875,511.0116882324219,-1.4872859716415405,0.12992383539676666,-1.4872859716415405,0.12992383539676666,-1.4872859716415405,0.12992383539676666,0.0,0.0,0.0,0.0
20.740163288,-4619.2685546875,-4331.298828125,-2086.0,-2029.0,329.73480224609375,507.60418701171875,-1.4872859716415405,0.12992383539676666,-1.4872859716415405,0.12992383539676666,-1.4872859716415405,0.12992383539676666,0.0,0.0,0.0,0.0
20.760164934,-4619.2685546875,-4331.298828125,-2086.0,-2029.0,329.73480224609375,507.60418701171875,-1.4872859716415405,0.12992383539676666,-1.4872859716415405,0.12992383539676666,-1.4872859716415405,0.12992383539676666,0.0,0.0,0.0,0.0
20.780234379,-4619.2685546875,-4331.298828125,-2086.0,-2029.0,329.73480224609375,507.60418701171875,-1.4872859716415405,0.12992383539676666,-1.4872859716415405,0.12992383539676666,-1.4872859716415405,0.12992383539676666,0.0,0.0,0.0,0.0
20.800165987,-4619.2685546875,-4331.298828125,-2086.0,-2029.0,329.73480224609375,507.60418701171875,-1.4872859716415405,0.12992383539676666,-1.4872859716415405,0.12992383539676666,-1.4872859716415405,0.12992383539676666,0.0,0.0,0.0,0.0
20.820207723,-4619.2685546875,-4331.298828125,-2086.0,-2029.0,329.73480224609375,507.60418701171875,-1.4872859716415405,0.12992383539676666,-1.4872859716415405,0.12992383539676666,-1.4872859716415405,0.12992383539676666,0.0,0.0,0.0,0.0
20.840169055,-4619.2685546875,-4331.298828125,-2086.0,-2029.0,326.2590026855469,504.2206115722656,-1.4872859716415405,0.12992383539676666,-1.4872859716415405,0.12992383539676666,-1.4872859716415405,0.12992383539676666,0.0,0.0,0.0,0.0
20.860604559,-4619.2685546875,-4331.298828125,-2086.0,-2029.0,326.2590026855469,504.2206115722656,-1.4872859716415405,0.12992383539676666,-1.4872859716415405,0.12992383539676666,-1.4872859716415405,0.12992383539676666,0.0,0.0,0.0,0.0
20.880321062,-4619.2685546875,-4331.298828125,-2086.0,-2029.0,326.2590026855469,504.2206115722656,-1.4872859716415405,0.12992383539676666,-1.4872859716415405,0.12992383539676666,-1.4872859716415405,0.12992383539676666,0.0,0.0,0.0,0.0
20.900186023,-4619.2685546875,-4331.298828125,-2086.0,-2029.0,326.2590026855469,504.2206115722656,-1.4872859716415405,0.12992383539676666,-1.4872859716415405,0.12992383539676666,-1.4872859716415405,0.12992383539676666,0.0,0.0,0.0,0.0
20.920228303,-4619.2685546875,-4331.298828125,-2086.0,-2029.0,326.2590026855469,504.2206115722656,-1.4872859716415405,0.12992383539676666,-1.4872859716415405,0.12992383539676666,-1.4872859716415405,0.12992383539676666,0.0,0.0,0.0,0.0
20.940193986,-4619.2685546875,-4331.298828125,-2086.0,-2029.0,322.7594909667969,500.8370056152344,-1.4872859716415405,0.12992383539676666,-1.4872859716415405,0.12992383539676666,-1.4872859716415405,0.12992383539676666,0.0,0.0,0.0,0.0
20.960365272,-4619.2685546875,-4331.298828125,-2086.0,-2029.0,322.7594909667969,500.8370056152344,-1.4872859716415405,0.12992383539676666,-1.4872859716415405,0.12992383539676666,-1.4872859716415405,0.12992383539676666,0.0,0.0,0.0,0.0
20.980257398,-4619.2685546875,-4331.298828125,-2086.0,-2029.0,322.7594909667969,500.8370056152344,-1.4872859716415405,0.12992383539676666,-1.4872859716415405,0.12992383539676666,-1.4872859716415405,0.12992383539676666,0.0,0.0,0.0,0.0
21.000186061,-4619.2685546875,-4331.298828125,-2086.0,-2029.0,322.7594909667969,500.8370056152344,-1.4872859716415405,0.12992383539676666,-1.4872859716415405,0.12992383539676666,-1.4872859716415405,0.12992383539676666,0.0,0.0,0.0,0.0
21.020169533,-4619.2685546875,-4331.298828125,-2086.0,-2029.0,322.7594909667969,500.8370056152344,-1.4872859716415405,0.12992383539676666,-1.4872859716415405,0.12992383539676666,-1.4872859716415405,0.12992383539676666,0.0,0.0,0.0,0.0
21.040493436,-4619.2685546875,-4331.298828125,-2091.0,-2017.0,319.2838134765625,497.5010986328125,-1.4872859716415405,0.12992383539676666,-1.4872859716415405,0.12992383539676666,-1.4872859716415405,0.12992383539676666,0.0,0.0,0.0,0.0
21.060544514,-4619.2685546875,-4331.298828125,-2091.0,-2017.0,319.2838134765625,497.5010986328125,-1.4872859716415405,0.12992383539676666,-1.4872859716415405,0.12992383539676666,-1.4872859716415405,0.12992383539676666,0.0,0.0,0.0,0.0
21.080289779,-4620.26318359375,-4327.9892578125,-2091.0,-2017.0,319.2838134765625,497.5010986328125,-1.4869012832641602,0.13186587393283844,-1.4869012832641602,0.13186587393283844,-1.4869012832641602,0.13186587393283844,0.0,0.0,0.0,0.0
21.100204652,-4620.26318359375,-4327.9892578125,-2091.0,-2017.0,319.2838134765625,497.5010986328125,-1.4869012832641602,0.13186587393283844,-1.4869012832641602,0.13186587393283844,-1.4869012832641602,0.13186587393283844,0.0,0.0,0.0,0.0
21.120244851,-4620.26318359375,-4327.9892578125,-2091.0,-2023.0,316.5221862792969,494.7846984863281,-1.4869012832641602,0.13186587393283844,-1.4869012832641602,0.13186587393283844,-1.4869012832641602,0.13186587393283844,0.0,0.0,0.0,0.0
21.140214085,-4620.26318359375,-4327.9892578125,-2091.0,-2023.0,316.5221862792969,494.7846984863281,-1.4869012832641602,0.13186587393283844,-1.4869012832641602,0.13186587393283844,-1.4869012832641602,0.13186587393283844,0.0,0.0,0.0,0.0
21.160188886,-4620.26318359375,-4327.9892578125,-2091.0,-2023.0,316.5221862792969,494.7846984863281,-1.4869012832641602,0.13186587393283844,-1.4869012832641602,0.13186587393283844,-1.4869012832641602,0.13186587393283844,0.0,0.0,0.0,0.0
21.18023878,-4621.23583984375,-4324.68017578125,-2091.0,-2023.0,316.5221862792969,494.7846984863281,-1.4865130186080933,0.1337975114583969,-1.4865130186080933,0.1337975114583969,-1.4865130186080933,0.1337975114583969,0.0,0.0,0.0,0.0
21.200167155,-4621.23583984375,-4324.68017578125,-2091.0,-2023.0,316.5221862792969,494.7846984863281,-1.4865130186080933,0.1337975114583969,-1.4865130186080933,0.1337975114583969,-1.4865130186080933,0.1337975114583969,0.0,0.0,0.0,0.0
21.220240534,-4622.3349609375,-4320.84521484375,-2080.0,-2011.0,313.0703125,491.44879150390625,-1.4860584735870361,0.1360236555337906,-1.4860584735870361,0.1360236555337906,-1.4860584735870361,0.1360236555337906,0.0,0.0,0.0,0.0
21.240171725,-4622.3349609375,-4320.84521484375,-2080.0,-2011.0,313.0703125,491.44879150390625,-1.4860584735870361,0.1360236555337906,-1.4860584735870361,0.1360236555337906,-1.4860584735870361,0.1360236555337906,0.0,0.0,0.0,0.0
21.260297832,-4622.3349609375,-4320.84521484375,-2080.0,-2011.0,313.0703125,491.44879150390625,-1.4860584735870361,0.1360236555337906,-1.4860584735870361,0.1360236555337906,-1.4860584735870361,0.1360236555337906,0.0,0.0,0.0,0.0
21.280232798,-4623.26123046875,-4317.52880859375,-2080.0,-2011.0,313.0703125,491.44879150390625,-1.485661268234253,0.13793811202049255,-1.485661268234253,0.13793811202049255,-1.485661268234253,0.13793811202049255,0.0,0.0,0.0,0.0
21.30017138,-4623.26123046875,-4317.52880859375,-2080.0,-2011.0,313.0703125,491.44879150390625,-1.485661268234253,0.13793811202049255,-1.485661268234253,0.13793811202049255,-1.485661268234253,0.13793811202049255,0.0,0.0,0.0,0.0
21.320185951,-4623.26123046875,-4317.52880859375,-2074.0,-2029.0,309.5707092285156,488.0174865722656,-1.485661268234253,0.13793811202049255,-1.485661268234253,0.13793811202049255,-1.485661268234253,0.13793811202049255,0.0,0.0,0.0,0.0
21.340142514,-4623.26123046875,-4317.52880859375,-2074.0,-2029.0,309.5707092285156,488.0174865722656,-1.485661268234253,0.13793811202049255,-1.485661268234253,0.13793811202049255,-1.485661268234253,0.13793811202049255,0.0,0.0,0.0,0.0
21.360361312,-4623.26123046875,-4317.52880859375,-2074.0,-2029.0,309.5707092285156,488.0174865722656,-1.485661268234253,0.13793811202049255,-1.485661268234253,0.13793811202049255,-1.485661268234253,0.13793811202049255,0.0,0.0,0.0,0.0
21.380245214,-4623.26123046875,-4317.52880859375,-2074.0,-2029.0,309.5707092285156,488.0174865722656,-1.485661268234253,0.13793811202049255,-1.485661268234253,0.13793811202049255,-1.485661268234253,0.13793811202049255,0.0,0.0,0.0,0.0
21.400174453,-4623.26123046875,-4317.52880859375,-2074.0,-2029.0,309.5707092285156,488.0174865722656,-1.485661268234253,0.13793811202049255,-1.485661268234253,0.13793811202049255,-1.485661268234253,0.13793811202049255,0.0,0.0,0.0,0.0
21.420280595,-4623.11328125,-4318.06396484375,-2086.0,-2023.0,306.0950012207031,484.6339111328125,-1.4857256412506104,0.13762985169887543,-1.4857256412506104,0.13762985169887543,-1.4857256412506104,0.13762985169887543,0.0,0.0,0.0,0.0
21.440238374,-4623.11328125,-4318.06396484375,-2086.0,-2023.0,306.0950012207031,484.6339111328125,-1.4857256412506104,0.13762985169887543,-1.4857256412506104,0.13762985169887543,-1.4857256412506104,0.13762985169887543,0.0,0.0,0.0,0.0
21.460195066,-4623.11328125,-4318.06396484375,-2086.0,-2023.0,306.0950012207031,484.6339111328125,-1.4857256412506104,0.13762985169887543,-1.4857256412506104,0.13762985169887543,-1.4857256412506104,0.13762985169887543,0.0,0.0,0.0,0.0
21.480219747,-4622.67041015625,-4319.65234375,-2086.0,-2023.0,306.0950012207031,484.6339111328125,-1.485916018486023,0.13671323657035828,-1.485916018486023,0.13671323657035828,-1.485916018486023,0.13671323657035828,0.0,0.0,0.0,0.0
21.500156313,-4622.67041015625,-4319.65234375,-2086.0,-2023.0,306.0950012207031,484.6339111328125,-1.485916018486023,0.13671323657035828,-1.485916018486023,0.13671323657035828,-1.485916018486023,0.13671323657035828,0.0,0.0,0.0,0.0
21.520160006,-4608.76025390625,-4362.3720703125,-2086.0,-2017.0,302.6430969238281,481.27410888671875,-1.4907032251358032,0.11116354912519455,-1.4907032251358032,0.11116354912519455,-1.4907032251358032,0.11116354912519455,0.0,0.0,0.0,0.0
21.540160467,-4608.76025390625,-4362.3720703125,-2086.0,-2017.0,302.6430969238281,481.27410888671875,-1.4907032251358032,0.11116354912519455,-1.4907032251358032,0.11116354912519455,-1.4907032251358032,0.11116354912519455,0.0,0.0,0.0,0.0
21.560216024,-4608.76025390625,-4362.3720703125,-2086.0,-2017.0,302.6430969238281,481.27410888671875,-1.4907032251358032,0.11116354912519455,-1.4907032251358032,0.11116354912519455,-1.4907032251358032,0.11116354912519455,0.0,0.0,0.0,0.0
21.580197224,-4582.25439453125,-4420.86376953125,-2086.0,-2017.0,302.6430969238281,481.27410888671875,-1.4960181713104248,0.07281504571437836,-1.4960181713104248,0.07281504571437836,-1.4960181713104248,0.07281504571437836,0.0,0.0,0.0,0.0
21.600180408,-4582.25439453125,-4420.86376953125,-2086.0,-2017.0,302.6430969238281,481.27410888671875,-1.4960181713104248,0.07281504571437836,-1.4960181713104248,0.07281504571437836,-1.4960181713104248,0.07281504571437836,0.0,0.0,0.0,0.0
21.620206593,-4582.25439453125,-4420.86376953125,-2074.0,-2034.0,299.16729736328125,477.8905944824219,-1.4960181713104248,0.07281504571437836,-1.4960181713104248,0.07281504571437836,-1.4960181713104248,0.07281504571437836,0.0,0.0,0.0,0.0
21.640194544,-4561.7958984375,-4454.751953125,-2074.0,-2034.0,299.16729736328125,477.8905944824219,-1.4982496500015259,0.04829522594809532,-1.4982496500015259,0.04829522594809532,-1.4982496500015259,0.04829522594809532,0.0,0.0,0.0,0.0
21.660189726,-4561.7958984375,-4454.751953125,-2074.0,-2034.0,299.16729736328125,477.8905944824219,-1.4982496500015259,0.04829522594809532,-1.4982496500015259,0.04829522594809532,-1.4982496500015259,0.04829522594809532,0.0,0.0,0.0,0.0
21.680232101,-4551.69384765625,-4469.12060546875,-2074.0,-2034.0,299.16729736328125,477.8905944824219,-1.498958706855774,0.03725482150912285,-1.498958706855774,0.03725482150912285,-1.498958706855774,0.03725482150912285,0.0,0.0,0.0,0.0
21.700226899,-4551.69384765625,-4469.12060546875,-2080.0,-2023.0,296.3819885253906,475.197998046875,-1.498958706855774,0.03725482150912285,-1.498958706855774,0.03725482150912285,-1.498958706855774,0.03725482150912285,0.0,0.0,0.0,0.0
21.720235998,-4547.466796875,-4474.755859375,-2080.0,-2023.0,296.3819885253906,475.197998046875,-1.499192714691162,0.03280509263277054,-1.499192714691162,0.03280509263277054,-1.499192714691162,0.03280509263277054,0.0,0.0,0.0,0.0
21.740163382,-4547.466796875,-4474.755859375,-2080.0,-2023.0,296.3819885253906,475.197998046875,-1.499192714691162,0.03280509263277054,-1.499192714691162,0.03280509263277054,-1.499192714691162,0.03280509263277054,0.0,0.0,0.0,0.0
21.76014471,-4547.466796875,-4474.755859375,-2080.0,-2023.0,296.3819885253906,475.197998046875,-1.499192714691162,0.03280509263277054,-1.499192714691162,0.03280509263277054,-1.499192714691162,0.03280509263277054,0.0,0.0,0.0,0.0
21.780306044,-4541.0185546875,-4482.9658203125,-2080.0,-2023.0,296.3819885253906,475.197998046875,-1.4994853734970093,0.02619188465178013,-1.4994853734970093,0.02619188465178013,-1.4994853734970093,0.02619188465178013,0.0,0.0,0.0,0.0
21.800448277,-4541.0185546875,-4482.9658203125,-2086.0,-2023.0,292.90618896484375,471.81439208984375,-1.4994853734970093,0.02619188465178013,-1.4994853734970093,0.02619188465178013,-1.4994853734970093,0.02619188465178013,0.0,0.0,0.0,0.0
21.821292714,-4536.6083984375,-4488.3310546875,-2086.0,-2023.0,292.90618896484375,471.81439208984375,-1.499644160270691,0.021781323477625847,-1.499644160270691,0.021781323477625847,-1.499644160270691,0.021781323477625847,0.0,0.0,0.0,0.0
21.840197811,-4536.6083984375,-4488.3310546875,-2086.0,-2023.0,292.90618896484375,471.81439208984375,-1.499644160270691,0.021781323477625847,-1.499644160270691,0.021781323477625847,-1.499644160270691,0.021781323477625847,0.0,0.0,0.0,0.0
21.860237274,-4536.6083984375,-4488.3310546875,-2086.0,-2023.0,292.90618896484375,471.81439208984375,-1.499644160270691,0.021781323477625847,-1.499644160270691,0.021781323477625847,-1.499644160270691,0.021781323477625847,0.0,0.0,0.0,0.0
21.880247366,-4532.12841796875,-4493.58740234375,-2086.0,-2023.0,292.90618896484375,471.81439208984375,-1.4997731447219849,0.01738867536187172,-1.4997731447219849,0.01738867536187172,-1.4997731447219849,0.01738867536187172,0.0,0.0,0.0,0.0
21.900206457,-4532.12841796875,-4493.58740234375,-2086.0,-2023.0,289.4543151855469,468.45458984375,-1.4997731447219849,0.01738867536187172,-1.4997731447219849,0.01738867536187172,-1.4997731447219849,0.01738867536187172,0.0,0.0,0.0,0.0
21.920232642,-4532.08984375,-4493.63232421875,-2086.0,-2023.0,289.4543151855469,468.45458984375,-1.4997742176055908,0.01735096611082554,-1.4997742176055908,0.01735096611082554,-1.4997742176055908,0.01735096611082554,0.0,0.0,0.0,0.0
21.940168248,-4532.08984375,-4493.63232421875,-2086.0,-2023.0,289.4543151855469,468.45458984375,-1.4997742176055908,0.01735096611082554,-1.4997742176055908,0.01735096611082554,-1.4997742176055908,0.01735096611082554,0.0,0.0,0.0,0.0
21.960187907,-4532.08984375,-4493.63232421875,-2086.0,-2023.0,289.4543151855469,468.45458984375,-1.4997742176055908,0.01735096611082554,-1.4997742176055908,0.01735096611082554,-1.4997742176055908,0.01735096611082554,0.0,0.0,0.0,0.0
21.98022785,-4532.08984375,-4493.63232421875,-2086.0,-2023.0,289.4543151855469,468.45458984375,-1.4997742176055908,0.01735096611082554,-1.4997742176055908,0.01735096611082554,-1.4997742176055908,0.01735096611082554,0.0,0.0,0.0,0.0
22.000204218,-4532.08984375,-4493.63232421875,-2086.0,-2034.0,285.9786071777344,465.0234069824219,-1.4997742176055908,0.01735096611082554,-1.4997742176055908,0.01735096611082554,-1.4997742176055908,0.01735096611082554,0.0,0.0,0.0,0.0
22.020374446,-4532.08984375,-4493.63232421875,-2086.0,-2034.0,285.9786071777344,465.0234069824219,-1.4997742176055908,0.01735096611082554,-1.4997742176055908,0.01735096611082554,-1.4997742176055908,0.01735096611082554,0.0,0.0,0.0,0.0
22.040176054,-4532.08984375,-4493.63232421875,-2086.0,-2034.0,285.9786071777344,465.0234069824219,-1.4997742176055908,0.01735096611082554,-1.4997742176055908,0.01735096611082554,-1.4997742176055908,0.01735096611082554,0.0,0.0,0.0,0.0
22.060172226,-4532.08984375,-4493.63232421875,-2086.0,-2034.0,285.9786071777344,465.0234069824219,-1.4997742176055908,0.01735096611082554,-1.4997742176055908,0.01735096611082554,-1.4997742176055908,0.01735096611082554,0.0,0.0,0.0,0.0
22.080243364,-4532.08984375,-4493.63232421875,-2086.0,-2034.0,285.9786071777344,465.0234069824219,-1.4997742176055908,0.01735096611082554,-1.4997742176055908,0.01735096611082554,-1.4997742176055908,0.01735096611082554,0.0,0.0,0.0,0.0
22.10021474,-4532.08984375,-4493.63232421875,-2086.0,-2023.0,282.5028076171875,461.6874084472656,-1.4997742176055908,0.01735096611082554,-1.4997742176055908,0.01735096611082554,-1.4997742176055908,0.01735096611082554,0.0,0.0,0.0,0.0
22.120194819,-4532.05126953125,-4493.6767578125,-2086.0,-2023.0,282.5028076171875,461.6874084472656,-1.4997751712799072,0.01731342263519764,-1.4997751712799072,0.01731342263519764,-1.4997751712799072,0.01731342263519764,0.0,0.0,0.0,0.0
22.140167827,-4532.05126953125,-4493.6767578125,-2086.0,-2023.0,282.5028076171875,461.6874084472656,-1.4997751712799072,0.01731342263519764,-1.4997751712799072,0.01731342263519764,-1.4997751712799072,0.01731342263519764,0.0,0.0,0.0,0.0
22.160150338,-4532.05126953125,-4493.6767578125,-2086.0,-2023.0,282.5028076171875,461.6874084472656,-1.4997751712799072,0.01731342263519764,-1.4997751712799072,0.01731342263519764,-1.4997751712799072,0.01731342263519764,0.0,0.0,0.0,0.0
22.180258622,-4532.05126953125,-4493.6767578125,-2086.0,-2023.0,282.5028076171875,461.6874084472656,-1.4997751712799072,0.01731342263519764,-1.4997751712799072,0.01731342263519764,-1.4997751712799072,0.01731342263519764,0.0,0.0,0.0,0.0
22.200512646,-4532.05126953125,-4493.6767578125,-2086.0,-2034.0,279.027099609375,458.3038024902344,-1.4997751712799072,0.01731342263519764,-1.4997751712799072,0.01731342263519764,-1.4997751712799072,0.01731342263519764,0.0,0.0,0.0,0.0
22.220230522,-4532.05126953125,-4493.6767578125,-2086.0,-2034.0,279.027099609375,458.3038024902344,-1.4997751712799072,0.01731342263519764,-1.4997751712799072,0.01731342263519764,-1.4997751712799072,0.01731342263519764,0.0,0.0,0.0,0.0
22.240181645,-4520.611328125,-4506.28125,-2086.0,-2034.0,279.027099609375,458.3038024902344,-1.4999686479568481,0.006465381942689419,-1.4999686479568481,0.006465381942689419,-1.4999686479568481,0.006465381942689419,0.0,0.0,0.0,0.0
22.260177594,-4520.611328125,-4506.28125,-2086.0,-2034.0,279.027099609375,458.3038024902344,-1.4999686479568481,0.006465381942689419,-1.4999686479568481,0.006465381942689419,-1.4999686479568481,0.006465381942689419,0.0,0.0,0.0,0.0
22.280477243,-4483.51611328125,-4540.5732421875,-2086.0,-2011.0,276.24169921875,455.6351013183594,-1.4995028972625732,-0.025742540135979652,-1.4995028972625732,-0.025742540135979652,-1.4995028972625732,-0.025742540135979652,0.0,0.0,0.0,0.0
22.300419504,-4483.51611328125,-4540.5732421875,-2086.0,-2011.0,276.24169921875,455.6351013183594,-1.4995028972625732,-0.025742540135979652,-1.4995028972625732,-0.025742540135979652,-1.4995028972625732,-0.025742540135979652,0.0,0.0,0.0,0.0
22.320206394,-4483.51611328125,-4540.5732421875,-2086.0,-2011.0,276.24169921875,455.6351013183594,-1.4995028972625732,-0.025742540135979652,-1.4995028972625732,-0.025742540135979652,-1.4995028972625732,-0.025742540135979652,0.0,0.0,0.0,0.0
22.34018049,-4429.45654296875,-4575.17138671875,-2086.0,-2011.0,276.24169921875,455.6351013183594,-1.4962689876556396,-0.07048804312944412,-1.4962689876556396,-0.06574253737926483,-1.4962689876556396,-0.06574253737926483,0.0,0.0,0.0,0.0
22.360180918,-4424.197265625,-4580.43017578125,-2086.0,-2011.0,276.24169921875,455.6351013183594,-1.4962689876556396,-0.07048804312944412,-1.4962689876556396,-0.07048804312944412,-1.4962689876556396,-0.07048804312944412,0.0,0.0,0.0,0.0
22.380250968,-4373.6015625,-4604.404296875,-2080.0,-2029.0,272.789794921875,452.2276916503906,-1.4918452501296997,-0.10413165390491486,-1.4918452501296997,-0.10413165390491486,-1.4918452501296997,-0.10413165390491486,0.0,0.0,0.0,0.0
22.400403278,-4373.6015625,-4604.404296875,-2080.0,-2029.0,272.789794921875,452.2276916503906,-1.4918452501296997,-0.10413165390491486,-1.4918452501296997,-0.10413165390491486,-1.4918452501296997,-0.10413165390491486,0.0,0.0,0.0,0.0
22.420200727,-4373.6015625,-4604.404296875,-2080.0,-2029.0,272.789794921875,452.2276916503906,-1.4918452501296997,-0.10413165390491486,-1.4918452501296997,-0.10413165390491486,-1.4918452501296997,-0.10413165390491486,0.0,0.0,0.0,0.0
22.440168967,-4325.8212890625,-4620.90283203125,-2080.0,-2029.0,272.789794921875,452.2276916503906,-1.486647367477417,-0.13313259184360504,-1.486647367477417,-0.13313259184360504,-1.486647367477417,-0.13313259184360504,0.0,0.0,0.0,0.0
22.460185265,-4325.8212890625,-4620.90283203125,-2080.0,-2029.0,272.789794921875,452.2276916503906,-1.486647367477417,-0.13313259184360504,-1.486647367477417,-0.13313259184360504,-1.486647367477417,-0.13313259184360504,0.0,0.0,0.0,0.0
22.480229303,-4293.68115234375,-4629.306640625,-2074.0,-2029.0,269.337890625,448.8440856933594,-1.4827032089233398,-0.15142500400543213,-1.4827032089233398,-0.15142500400543213,-1.4827032089233398,-0.15142500400543213,0.0,0.0,0.0,0.0
22.500381229,-4293.68115234375,-4629.306640625,-2074.0,-2029.0,269.337890625,448.8440856933594,-1.4827032089233398,-0.15142500400543213,-1.4827032089233398,-0.15142500400543213,-1.4827032089233398,-0.15142500400543213,0.0,0.0,0.0,0.0
22.520198803,-4293.68115234375,-4629.306640625,-2074.0,-2029.0,269.337890625,448.8440856933594,-1.4827032089233398,-0.15142500400543213,-1.4827032089233398,-0.15142500400543213,-1.4827032089233398,-0.15142500400543213,0.0,0.0,0.0,0.0
22.540170819,-4282.51416015625,-4631.78369140625,-2074.0,-2029.0,269.337890625,448.8440856933594,-1.4812591075897217,-0.15758076310157776,-1.4812591075897217,-0.15758076310157776,-1.4812591075897217,-0.15758076310157776,0.0,0.0,0.0,0.0
22.560145907,-4282.51416015625,-4631.78369140625,-2074.0,-2029.0,269.337890625,448.8440856933594,-1.4812591075897217,-0.15758076310157776,-1.4812591075897217,-0.15758076310157776,-1.4812591075897217,-0.15758076310157776,0.0,0.0,0.0,0.0
22.580242353,-4283.1103515625,-4631.6572265625,-2080.0,-2034.0,265.8382873535156,445.46051025390625,-1.4813371896743774,-0.15725447237491608,-1.4813371896743774,-0.15725447237491608,-1.4813371896743774,-0.15725447237491608,0.0,0.0,0.0,0.0
22.600397863,-4283.1103515625,-4631.6572265625,-2080.0,-2034.0,265.8382873535156,445.46051025390625,-1.4813371896743774,-0.15725447237491608,-1.4813371896743774,-0.15725447237491608,-1.4813371896743774,-0.15725447237491608,0.0,0.0,0.0,0.0
22.620219661,-4283.1103515625,-4631.6572265625,-2080.0,-2034.0,265.8382873535156,445.46051025390625,-1.4813371896743774,-0.15725447237491608,-1.4813371896743774,-0.15725447237491608,-1.4813371896743774,-0.15725447237491608,0.0,0.0,0.0,0.0
22.640189853,-4279.36669921875,-4632.443359375,-2080.0,-2034.0,265.8382873535156,445.46051025390625,-1.4808456897735596,-0.1592983454465866,-1.4808456897735596,-0.1592983454465866,-1.4808456897735596,-0.1592983454465866,0.0,0.0,0.0,0.0
22.660148239,-4279.36669921875,-4632.443359375,-2080.0,-2034.0,265.8382873535156,445.46051025390625,-1.4808456897735596,-0.1592983454465866,-1.4808456897735596,-0.1592983454465866,-1.4808456897735596,-0.1592983454465866,0.0,0.0,0.0,0.0
22.680237134,-4279.36669921875,-4632.443359375,-2080.0,-2029.0,262.38641357421875,442.076904296875,-1.4808456897735596,-0.1592983454465866,-1.4808456897735596,-0.1592983454465866,-1.4808456897735596,-0.1592983454465866,0.0,0.0,0.0,0.0
22.700236442,-4268.04052734375,-4634.68017578125,-2080.0,-2029.0,262.38641357421875,442.076904296875,-1.4793354272842407,-0.16541755199432373,-1.4793354272842407,-0.16541755199432373,-1.4793354272842407,-0.16541755199432373,0.0,0.0,0.0,0.0
22.720203211,-4268.04052734375,-4634.68017578125,-2080.0,-2029.0,262.38641357421875,442.076904296875,-1.4793354272842407,-0.16541755199432373,-1.4793354272842407,-0.16541755199432373,-1.4793354272842407,-0.16541755199432373,0.0,0.0,0.0,0.0
22.74016774,-4245.6708984375,-4638.50048828125,-2080.0,-2029.0,262.38641357421875,442.076904296875,-1.4762531518936157,-0.17723378539085388,-1.4762531518936157,-0.17723378539085388,-1.4762531518936157,-0.17723378539085388,0.0,0.0,0.0,0.0
22.760186373,-4245.6708984375,-4638.50048828125,-2080.0,-2029.0,262.38641357421875,442.076904296875,-1.4762531518936157,-0.17723378539085388,-1.4762531518936157,-0.17723378539085388,-1.4762531518936157,-0.17723378539085388,0.0,0.0,0.0,0.0
22.780163669,-4182.60986328125,-4645.45556640625,-2080.0,-2023.0,258.93450927734375,438.71710205078125,-1.4669301509857178,-0.2088230401277542,-1.4669301509857178,-0.2088230401277542,-1.4669301509857178,-0.2088230401277542,0.0,0.0,0.0,0.0
22.800261459,-4182.60986328125,-4645.45556640625,-2080.0,-2023.0,258.93450927734375,438.71710205078125,-1.4669301509857178,-0.2088230401277542,-1.4669301509857178,-0.2088230401277542,-1.4669301509857178,-0.2088230401277542,0.0,0.0,0.0,0.0
22.820192137,-4182.60986328125,-4645.45556640625,-2080.0,-2023.0,258.93450927734375,438.71710205078125,-1.4669301509857178,-0.2088230401277542,-1.4669301509857178,-0.2088230401277542,-1.4669301509857178,-0.2088230401277542,0.0,0.0,0.0,0.0
22.840201171,-4093.67236328125,-4645.17626953125,-2080.0,-2023.0,258.93450927734375,438.71710205078125,-1.4521052837371826,-0.25067922472953796,-1.4521052837371826,-0.24882304668426514,-1.4521052837371826,-0.24882304668426514,0.0,0.0,0.0,0.0
22.860173347,-4091.615234375,-4647.23291015625,-2074.0,-2023.0,256.14910888671875,436.0007019042969,-1.4521052837371826,-0.25067922472953796,-1.4521052837371826,-0.25067922472953796,-1.4521052837371826,-0.25067922472953796,0.0,0.0,0.0,0.0
22.880189773,-4027.7490234375,-4643.7255859375,-2074.0,-2023.0,256.14910888671875,436.0007019042969,-1.4409101009368896,-0.27791136503219604,-1.4409101009368896,-0.27791136503219604,-1.4409101009368896,-0.27791136503219604,0.0,0.0,0.0,0.0
22.900206135,-4027.7490234375,-4643.7255859375,-2074.0,-2023.0,256.14910888671875,436.0007019042969,-1.4409101009368896,-0.27791136503219604,-1.4409101009368896,-0.27791136503219604,-1.4409101009368896,-0.27791136503219604,0.0,0.0,0.0,0.0
22.920431459,-4027.7490234375,-4643.7255859375,-2074.0,-2023.0,256.14910888671875,436.0007019042969,-1.4409101009368896,-0.27791136503219604,-1.4409101009368896,-0.27791136503219604,-1.4409101009368896,-0.27791136503219604,0.0,0.0,0.0,0.0
22.940183058,-4000.655517578125,-4641.2197265625,-2074.0,-2023.0,256.14910888671875,436.0007019042969,-1.4359915256500244,-0.2890045940876007,-1.4359915256500244,-0.2890045940876007,-1.4359915256500244,-0.2890045940876007,0.0,0.0,0.0,0.0
22.96015325,-4000.655517578125,-4641.2197265625,-2080.0,-2011.0,252.69720458984375,432.6408996582031,-1.4359915256500244,-0.2890045940876007,-1.4359915256500244,-0.2890045940876007,-1.4359915256500244,-0.2890045940876007,0.0,0.0,0.0,0.0
22.980197992,-4000.655517578125,-4641.2197265625,-2080.0,-2011.0,252.69720458984375,432.6408996582031,-1.4359915256500244,-0.2890045940876007,-1.4359915256500244,-0.2890045940876007,-1.4359915256500244,-0.2890045940876007,0.0,0.0,0.0,0.0
23.000281479,-4002.024169921875,-4641.35986328125,-2080.0,-2011.0,252.69720458984375,432.6408996582031,-1.4362423419952393,-0.28845033049583435,-1.4362423419952393,-0.28845033049583435,-1.4362423419952393,-0.28845033049583435,0.0,0.0,0.0,0.0
23.020190943,-4002.024169921875,-4641.35986328125,-2080.0,-2011.0,252.69720458984375,432.6408996582031,-1.4362423419952393,-0.28845033049583435,-1.4362423419952393,-0.28845033049583435,-1.4362423419952393,-0.28845033049583435,0.0,0.0,0.0,0.0
23.040689955,-4002.024169921875,-4641.35986328125,-2080.0,-2011.0,252.69720458984375,432.6408996582031,-1.4362423419952393,-0.28845033049583435,-1.4362423419952393,-0.28845033049583435,-1.4362423419952393,-0.28845033049583435,0.0,0.0,0.0,0.0
23.060244302,-4002.024169921875,-4641.35986328125,-2086.0,-2034.0,249.22149658203125,429.2096862792969,-1.4362423419952393,-0.28845033049583435,-1.4362423419952393,-0.28845033049583435,-1.4362423419952393,-0.28845033049583435,0.0,0.0,0.0,0.0
23.080211741,-4002.024169921875,-4641.35986328125,-2086.0,-2034.0,249.22149658203125,429.2096862792969,-1.4362423419952393,-0.28845033049583435,-1.4362423419952393,-0.28845033049583435,-1.4362423419952393,-0.28845033049583435,0.0,0.0,0.0,0.0
23.100233701,-4003.38623046875,-4641.49755859375,-2086.0,-2034.0,249.22149658203125,429.2096862792969,-1.4364914894104004,-0.28789809346199036,-1.4364914894104004,-0.28789809346199036,-1.4364914894104004,-0.28789809346199036,0.0,0.0,0.0,0.0
23.120235664,-4003.38623046875,-4641.49755859375,-2086.0,-2034.0,249.22149658203125,429.2096862792969,-1.4364914894104004,-0.28789809346199036,-1.4364914894104004,-0.28789809346199036,-1.4364914894104004,-0.28789809346199036,0.0,0.0,0.0,0.0
23.140250936,-4003.38623046875,-4641.49755859375,-2086.0,-2034.0,249.22149658203125,429.2096862792969,-1.4364914894104004,-0.28789809346199036,-1.4364914894104004,-0.28789809346199036,-1.4364914894104004,-0.28789809346199036,0.0,0.0,0.0,0.0
23.160195179,-4003.38623046875,-4641.49755859375,-2080.0,-2029.0,245.74569702148438,425.84991455078125,-1.4364914894104004,-0.28789809346199036,-1.4364914894104004,-0.28789809346199036,-1.4364914894104004,-0.28789809346199036,0.0,0.0,0.0,0.0
23.18018492,-4003.38623046875,-4641.49755859375,-2080.0,-2029.0,245.74569702148438,425.84991455078125,-1.4364914894104004,-0.28789809346199036,-1.4364914894104004,-0.28789809346199036,-1.4364914894104004,-0.28789809346199036,0.0,0.0,0.0,0.0
23.200226717,-4003.38623046875,-4641.49755859375,-2080.0,-2029.0,245.74569702148438,425.84991455078125,-1.4364914894104004,-0.28789809346199036,-1.4364914894104004,-0.28789809346199036,-1.4364914894104004,-0.28789809346199036,0.0,0.0,0.0,0.0
23.220250244,-4003.38623046875,-4641.49755859375,-2080.0,-2029.0,245.74569702148438,425.84991455078125,-1.4364914894104004,-0.28789809346199036,-1.4364914894104004,-0.28789809346199036,-1.4364914894104004,-0.28789809346199036,0.0,0.0,0.0,0.0
23.240197943,-4003.38623046875,-4641.49755859375,-2080.0,-2029.0,245.74569702148438,425.84991455078125,-1.4364914894104004,-0.28789809346199036,-1.4364914894104004,-0.28789809346199036,-1.4364914894104004,-0.28789809346199036,0.0,0.0,0.0,0.0
23.260204193,-4003.38623046875,-4641.49755859375,-2080.0,-2034.0,242.27000427246094,422.4901123046875,-1.4364914894104004,-0.28789809346199036,-1.4364914894104004,-0.28789809346199036,-1.4364914894104004,-0.28789809346199036,0.0,0.0,0.0,0.0
23.280177232,-4003.38623046875,-4641.49755859375,-2080.0,-2034.0,242.27000427246094,422.4901123046875,-1.4364914894104004,-0.28789809346199036,-1.4364914894104004,-0.28789809346199036,-1.4364914894104004,-0.28789809346199036,0.0,0.0,0.0,0.0
23.300195608,-4004.74169921875,-4641.6337890625,-2080.0,-2034.0,242.27000427246094,422.4901123046875,-1.436739444732666,-0.2873478829860687,-1.436739444732666,-0.2873478829860687,-1.436739444732666,-0.2873478829860687,0.0,0.0,0.0,0.0
23.320214112,-4004.74169921875,-4641.6337890625,-2080.0,-2034.0,242.27000427246094,422.4901123046875,-1.436739444732666,-0.2873478829860687,-1.436739444732666,-0.2873478829860687,-1.436739444732666,-0.2873478829860687,0.0,0.0,0.0,0.0
23.340540829,-4004.74169921875,-4641.6337890625,-2080.0,-2034.0,242.27000427246094,422.4901123046875,-1.436739444732666,-0.2873478829860687,-1.436739444732666,-0.2873478829860687,-1.436739444732666,-0.2873478829860687,0.0,0.0,0.0,0.0
23.360175644,-4004.74169921875,-4641.6337890625,-2080.0,-2017.0,238.79420471191406,419.1304016113281,-1.436739444732666,-0.2873478829860687,-1.436739444732666,-0.2873478829860687,-1.436739444732666,-0.2873478829860687,0.0,0.0,0.0,0.0
23.380205826,-4004.74169921875,-4641.6337890625,-2080.0,-2017.0,238.79420471191406,419.1304016113281,-1.436739444732666,-0.2873478829860687,-1.436739444732666,-0.2873478829860687,-1.436739444732666,-0.2873478829860687,0.0,0.0,0.0,0.0
23.40024052,-4027.16015625,-4643.67724609375,-2080.0,-2017.0,238.79420471191406,419.1304016113281,-1.4408042430877686,-0.27815526723861694,-1.4408042430877686,-0.27815526723861694,-1.4408042430877686,-0.27815526723861694,0.0,0.0,0.0,0.0
23.420441815,-4027.16015625,-4643.67724609375,-2080.0,-2017.0,238.79420471191406,419.1304016113281,-1.4408042430877686,-0.27815526723861694,-1.4408042430877686,-0.27815526723861694,-1.4408042430877686,-0.27815526723861694,0.0,0.0,0.0,0.0
23.44039636,-4027.16015625,-4643.67724609375,-2086.0,-2023.0,236.03269958496094,416.41400146484375,-1.4408042430877686,-0.27815526723861694,-1.4408042430877686,-0.27815526723861694,-1.4408042430877686,-0.27815526723861694,0.0,0.0,0.0,0.0
23.460163764,-4129.50830078125,-4657.36767578125,-2086.0,-2023.0,236.03269958496094,416.41400146484375,-1.4600858688354492,-0.2291523665189743,-1.4600858688354492,-0.23815526068210602,-1.4600858688354492,-0.23815526068210602,0.0,0.0,0.0,0.0
23.480216376,-4139.48583984375,-4647.39013671875,-2086.0,-2023.0,236.03269958496094,416.41400146484375,-1.4600858688354492,-0.2291523665189743,-1.4600858688354492,-0.2291523665189743,-1.4600858688354492,-0.2291523665189743,0.0,0.0,0.0,0.0
23.50026374,-4243.9951171875,-4663.24169921875,-2086.0,-2023.0,236.03269958496094,416.41400146484375,-1.4875239133834839,-0.12870773673057556,-1.480085849761963,-0.18915235996246338,-1.480085849761963,-0.18915235996246338,0.0,0.0,0.0,0.0
23.520240522,-4310.705078125,-4641.2939453125,-2086.0,-2023.0,236.03269958496094,416.41400146484375,-1.4875239133834839,-0.12870773673057556,-1.4875239133834839,-0.14915236830711365,-1.4875239133834839,-0.14915236830711365,0.0,0.0,0.0,0.0
23.540214841,-4333.36279296875,-4618.63671875,-2080.0,-2023.0,232.55690002441406,413.05419921875,-1.4875239133834839,-0.12870773673057556,-1.4875239133834839,-0.12870773673057556,-1.4875239133834839,-0.12870773673057556,0.0,0.0,0.0,0.0
23.560217827,-4399.44091796875,-4596.05712890625,-2080.0,-2023.0,232.55690002441406,413.05419921875,-1.4947519302368164,-0.08357752859592438,-1.4947519302368164,-0.08870773762464523,-1.4947519302368164,-0.08870773762464523,0.0,0.0,0.0,0.0
23.580242315,-4405.12646484375,-4590.37158203125,-2080.0,-2023.0,232.55690002441406,413.05419921875,-1.4947519302368164,-0.08357752859592438,-1.4947519302368164,-0.08357752859592438,-1.4947519302368164,-0.08357752859592438,0.0,0.0,0.0,0.0
23.600224888,-4432.6328125,-4575.63916015625,-2080.0,-2023.0,232.55690002441406,413.05419921875,-1.4968745708465576,-0.0645204558968544,-1.4968745708465576,-0.0645204558968544,-1.4968745708465576,-0.0645204558968544,0.0,0.0,0.0,0.0
23.620257694,-4432.6328125,-4575.63916015625,-2080.0,-2023.0,232.55690002441406,413.05419921875,-1.4968745708465576,-0.0645204558968544,-1.4968745708465576,-0.0645204558968544,-1.4968745708465576,-0.0645204558968544,0.0,0.0,0.0,0.0
23.640739237,-4435.62158203125,-4573.8798828125,-2074.0,-2029.0,229.10499572753906,409.67059326171875,-1.4970788955688477,-0.06237828731536865,-1.4970788955688477,-0.06237828731536865,-1.4970788955688477,-0.06237828731536865,0.0,0.0,0.0,0.0
23.660189854,-4435.62158203125,-4573.8798828125,-2074.0,-2029.0,229.10499572753906,409.67059326171875,-1.4970788955688477,-0.06237828731536865,-1.4970788955688477,-0.06237828731536865,-1.4970788955688477,-0.06237828731536865,0.0,0.0,0.0,0.0
23.680225508,-4435.62158203125,-4573.8798828125,-2074.0,-2029.0,229.10499572753906,409.67059326171875,-1.4970788955688477,-0.06237828731536865,-1.4970788955688477,-0.06237828731536865,-1.4970788955688477,-0.06237828731536865,0.0,0.0,0.0,0.0
23.700326496,-4435.62158203125,-4573.8798828125,-2074.0,-2029.0,229.10499572753906,409.67059326171875,-1.4970788955688477,-0.06237828731536865,-1.4970788955688477,-0.06237828731536865,-1.4970788955688477,-0.06237828731536865,0.0,0.0,0.0,0.0
23.720227129,-4435.62158203125,-4573.8798828125,-2074.0,-2029.0,229.10499572753906,409.67059326171875,-1.4970788955688477,-0.06237828731536865,-1.4970788955688477,-0.06237828731536865,-1.4970788955688477,-0.06237828731536865,0.0,0.0,0.0,0.0
23.740320215,-4435.62158203125,-4573.8798828125,-2080.0,-2034.0,225.65310668945312,406.2632141113281,-1.4970788955688477,-0.06237828731536865,-1.4970788955688477,-0.06237828731536865,-1.4970788955688477,-0.06237828731536865,0.0,0.0,0.0,0.0
23.760200371,-4435.62158203125,-4573.8798828125,-2080.0,-2034.0,225.65310668945312,406.2632141113281,-1.4970788955688477,-0.06237828731536865,-1.4970788955688477,-0.06237828731536865,-1.4970788955688477,-0.06237828731536865,0.0,0.0,0.0,0.0
23.780180225,-4435.62158203125,-4573.8798828125,-2080.0,-2034.0,225.65310668945312,406.2632141113281,-1.4970788955688477,-0.06237828731536865,-1.4970788955688477,-0.06237828731536865,-1.4970788955688477,-0.06237828731536865,0.0,0.0,0.0,0.0
23.800196522,-4435.62158203125,-4573.8798828125,-2080.0,-2034.0,225.65310668945312,406.2632141113281,-1.4970788955688477,-0.06237828731536865,-1.4970788955688477,-0.06237828731536865,-1.4970788955688477,-0.06237828731536865,0.0,0.0,0.0,0.0
23.820435795,-4435.62158203125,-4573.8798828125,-2080.0,-2034.0,225.65310668945312,406.2632141113281,-1.4970788955688477,-0.06237828731536865,-1.4970788955688477,-0.06237828731536865,-1.4970788955688477,-0.06237828731536865,0.0,0.0,0.0,0.0
23.840999822,-4435.62158203125,-4573.8798828125,-2080.0,-2023.0,222.15350341796875,402.9034118652344,-1.4970788955688477,-0.06237828731536865,-1.4970788955688477,-0.06237828731536865,-1.4970788955688477,-0.06237828731536865,0.0,0.0,0.0,0.0
23.860222279,-4436.359375,-4573.4404296875,-2080.0,-2023.0,222.15350341796875,402.9034118652344,-1.4971284866333008,-0.06184718757867813,-1.4971284866333008,-0.06184718757867813,-1.4971284866333008,-0.06184718757867813,0.0,0.0,0.0,0.0
23.880192086,-4436.359375,-4573.4404296875,-2080.0,-2023.0,222.15350341796875,402.9034118652344,-1.4971284866333008,-0.06184718757867813,-1.4971284866333008,-0.06184718757867813,-1.4971284866333008,-0.06184718757867813,0.0,0.0,0.0,0.0
23.900203007,-4437.79443359375,-4572.580078125,-2080.0,-2023.0,222.15350341796875,402.9034118652344,-1.4972238540649414,-0.060811616480350494,-1.4972238540649414,-0.060811616480350494,-1.4972238540649414,-0.060811616480350494,0.0,0.0,0.0,0.0
23.920445288,-4437.79443359375,-4572.580078125,-2080.0,-2023.0,222.15350341796875,402.9034118652344,-1.4972238540649414,-0.060811616480350494,-1.4972238540649414,-0.060811616480350494,-1.4972238540649414,-0.060811616480350494,0.0,0.0,0.0,0.0
23.940376669,-4437.79443359375,-4572.580078125,-2086.0,-2040.0,218.70159912109375,399.5198059082031,-1.4972238540649414,-0.060811616480350494,-1.4972238540649414,-0.060811616480350494,-1.4972238540649414,-0.060811616480350494,0.0,0.0,0.0,0.0
23.960193378,-4433.29052734375,-4575.2548828125,-2086.0,-2040.0,218.70159912109375,399.5198059082031,-1.4969199895858765,-0.06405040621757507,-1.4969199895858765,-0.06405040621757507,-1.4969199895858765,-0.06405040621757507,0.0,0.0,0.0,0.0
23.980261059,-4433.29052734375,-4575.2548828125,-2086.0,-2040.0,218.70159912109375,399.5198059082031,-1.4969199895858765,-0.06405040621757507,-1.4969199895858765,-0.06405040621757507,-1.4969199895858765,-0.06405040621757507,0.0,0.0,0.0,0.0
24.000170682,-4431.5400390625,-4576.2744140625,-2086.0,-2040.0,218.70159912109375,399.5198059082031,-1.4967985153198242,-0.06530000269412994,-1.4967985153198242,-0.06530000269412994,-1.4967985153198242,-0.06530000269412994,0.0,0.0,0.0,0.0
24.020217629,-4431.5400390625,-4576.2744140625,-2080.0,-2011.0,215.94009399414062,396.8749084472656,-1.4967985153198242,-0.06530000269412994,-1.4967985153198242,-0.06530000269412994,-1.4967985153198242,-0.06530000269412994,0.0,0.0,0.0,0.0
24.04013909,-4431.5400390625,-4576.2744140625,-2080.0,-2011.0,215.94009399414062,396.8749084472656,-1.4967985153198242,-0.06530000269412994,-1.4967985153198242,-0.06530000269412994,-1.4967985153198242,-0.06530000269412994,0.0,0.0,0.0,0.0
24.060343519,-4432.09619140625,-4575.95166015625,-2080.0,-2011.0,215.94009399414062,396.8749084472656,-1.4968373775482178,-0.06490351259708405,-1.4968373775482178,-0.06490351259708405,-1.4968373775482178,-0.06490351259708405,0.0,0.0,0.0,0.0
24.080234584,-4432.09619140625,-4575.95166015625,-2080.0,-2011.0,215.94009399414062,396.8749084472656,-1.4968373775482178,-0.06490351259708405,-1.4968373775482178,-0.06490351259708405,-1.4968373775482178,-0.06490351259708405,0.0,0.0,0.0,0.0
24.100171691,-4432.462890625,-4575.73828125,-2080.0,-2011.0,215.94009399414062,396.8749084472656,-1.496862769126892,-0.06464184820652008,-1.496862769126892,-0.06464184820652008,-1.496862769126892,-0.06464184820652008,0.0,0.0,0.0,0.0
24.12019269,-4432.462890625,-4575.73828125,-2074.0,-2023.0,212.48809814453125,393.4436950683594,-1.496862769126892,-0.06464184820652008,-1.496862769126892,-0.06464184820652008,-1.496862769126892,-0.06464184820652008,0.0,0.0,0.0,0.0
24.140141795,-4432.462890625,-4575.73828125,-2074.0,-2023.0,212.48809814453125,393.4436950683594,-1.496862769126892,-0.06464184820652008,-1.496862769126892,-0.06464184820652008,-1.496862769126892,-0.06464184820652008,0.0,0.0,0.0,0.0
24.160282841,-4432.826171875,-4575.5263671875,-2074.0,-2023.0,212.48809814453125,393.4436950683594,-1.4968879222869873,-0.06438227742910385,-1.4968879222869873,-0.06438227742910385,-1.4968879222869873,-0.06438227742910385,0.0,0.0,0.0,0.0
24.180350777,-4432.826171875,-4575.5263671875,-2074.0,-2023.0,212.48809814453125,393.4436950683594,-1.4968879222869873,-0.06438227742910385,-1.4968879222869873,-0.06438227742910385,-1.4968879222869873,-0.06438227742910385,0.0,0.0,0.0,0.0
24.200198201,-4433.365234375,-4575.2109375,-2074.0,-2023.0,212.48809814453125,393.4436950683594,-1.4969251155853271,-0.0639967992901802,-1.4969251155853271,-0.0639967992901802,-1.4969251155853271,-0.0639967992901802,0.0,0.0,0.0,0.0
24.220220895,-4433.365234375,-4575.2109375,-2086.0,-2023.0,208.9886016845703,390.0838928222656,-1.4969251155853271,-0.0639967992901802,-1.4969251155853271,-0.0639967992901802,-1.4969251155853271,-0.0639967992901802,0.0,0.0,0.0,0.0
24.240187982,-4433.365234375,-4575.2109375,-2086.0,-2023.0,208.9886016845703,390.0838928222656,-1.4969251155853271,-0.0639967992901802,-1.4969251155853271,-0.0639967992901802,-1.4969251155853271,-0.0639967992901802,0.0,0.0,0.0,0.0
24.260269996,-4433.72119140625,-4575.0029296875,-2086.0,-2023.0,208.9886016845703,390.0838928222656,-1.4969496726989746,-0.06374236196279526,-1.4969496726989746,-0.06374236196279526,-1.4969496726989746,-0.06374236196279526,0.0,0.0,0.0,0.0
24.280228924,-4433.72119140625,-4575.0029296875,-2086.0,-2023.0,208.9886016845703,390.0838928222656,-1.4969496726989746,-0.06374236196279526,-1.4969496726989746,-0.06374236196279526,-1.4969496726989746,-0.06374236196279526,0.0,0.0,0.0,0.0
24.30019985,-4433.8974609375,-4574.89892578125,-2086.0,-2023.0,208.9886016845703,390.0838928222656,-1.4969617128372192,-0.06361590325832367,-1.4969617128372192,-0.06361590325832367,-1.4969617128372192,-0.06361590325832367,0.0,0.0,0.0,0.0
24.320250797,-4433.8974609375,-4574.89892578125,-2080.0,-2034.0,205.5366973876953,386.7002868652344,-1.4969617128372192,-0.06361590325832367,-1.4969617128372192,-0.06361590325832367,-1.4969617128372192,-0.06361590325832367,0.0,0.0,0.0,0.0
24.340319981,-4433.8974609375,-4574.89892578125,-2080.0,-2034.0,205.5366973876953,386.7002868652344,-1.4969617128372192,-0.06361590325832367,-1.4969617128372192,-0.06361590325832367,-1.4969617128372192,-0.06361590325832367,0.0,0.0,0.0,0.0
24.360175339,-4434.0732421875,-4574.7958984375,-2080.0,-2034.0,205.5366973876953,386.7002868652344,-1.4969737529754639,-0.06348993629217148,-1.4969737529754639,-0.06348993629217148,-1.4969737529754639,-0.06348993629217148,0.0,0.0,0.0,0.0
24.380205777,-4434.0732421875,-4574.7958984375,-2080.0,-2034.0,205.5366973876953,386.7002868652344,-1.4969737529754639,-0.06348993629217148,-1.4969737529754639,-0.06348993629217148,-1.4969737529754639,-0.06348993629217148,0.0,0.0,0.0,0.0
24.400155362,-4434.0732421875,-4574.7958984375,-2080.0,-2034.0,205.5366973876953,386.7002868652344,-1.4969737529754639,-0.06348993629217148,-1.4969737529754639,-0.06348993629217148,-1.4969737529754639,-0.06348993629217148,0.0,0.0,0.0,0.0
24.420305814,-4434.248046875,-4574.6923828125,-2080.0,-2017.0,202.08470153808594,383.31671142578125,-1.496985673904419,-0.06336447596549988,-1.496985673904419,-0.06336447596549988,-1.496985673904419,-0.06336447596549988,0.0,0.0,0.0,0.0
24.440171315,-4434.248046875,-4574.6923828125,-2080.0,-2017.0,202.08470153808594,383.31671142578125,-1.496985673904419,-0.06336447596549988,-1.496985673904419,-0.06336447596549988,-1.496985673904419,-0.06336447596549988,0.0,0.0,0.0,0.0
24.460165022,-4434.42236328125,-4574.58984375,-2080.0,-2017.0,202.08470153808594,383.31671142578125,-1.496997594833374,-0.06323949992656708,-1.496997594833374,-0.06323949992656708,-1.496997594833374,-0.06323949992656708,0.0,0.0,0.0,0.0
24.480224863,-4434.42236328125,-4574.58984375,-2080.0,-2017.0,202.08470153808594,383.31671142578125,-1.496997594833374,-0.06323949992656708,-1.496997594833374,-0.06323949992656708,-1.496997594833374,-0.06323949992656708,0.0,0.0,0.0,0.0
24.500270787,-4434.59619140625,-4574.4873046875,-2080.0,-2017.0,202.08470153808594,383.31671142578125,-1.4970093965530396,-0.06311502307653427,-1.4970093965530396,-0.06311502307653427,-1.4970093965530396,-0.06311502307653427,0.0,0.0,0.0,0.0
24.520252431,-4434.59619140625,-4574.4873046875,-2080.0,-2017.0,198.585205078125,379.9808044433594,-1.4970093965530396,-0.06311502307653427,-1.4970093965530396,-0.06311502307653427,-1.4970093965530396,-0.06311502307653427,0.0,0.0,0.0,0.0
24.540192641,-4434.59619140625,-4574.4873046875,-2080.0,-2017.0,198.585205078125,379.9808044433594,-1.4970093965530396,-0.06311502307653427,-1.4970093965530396,-0.06311502307653427,-1.4970093965530396,-0.06311502307653427,0.0,0.0,0.0,0.0
24.560166831,-4440.19873046875,-4571.12060546875,-2080.0,-2017.0,198.585205078125,379.9808044433594,-1.4973809719085693,-0.05906828120350838,-1.4973809719085693,-0.05906828120350838,-1.4973809719085693,-0.05906828120350838,0.0,0.0,0.0,0.0
24.580236143,-4440.19873046875,-4571.12060546875,-2080.0,-2017.0,198.585205078125,379.9808044433594,-1.4973809719085693,-0.05906828120350838,-1.4973809719085693,-0.05906828120350838,-1.4973809719085693,-0.05906828120350838,0.0,0.0,0.0,0.0
24.600226714,-4440.19873046875,-4571.12060546875,-2091.0,-2017.0,195.7998046875,377.264404296875,-1.4973809719085693,-0.05906828120350838,-1.4973809719085693,-0.05906828120350838,-1.4973809719085693,-0.05906828120350838,0.0,0.0,0.0,0.0
24.62025824,-4443.0419921875,-4569.36572265625,-2091.0,-2017.0,195.7998046875,377.264404296875,-1.4975618124008179,-0.05699382349848747,-1.4975618124008179,-0.05699382349848747,-1.4975618124008179,-0.05699382349848747,0.0,0.0,0.0,0.0
24.640182452,-4443.0419921875,-4569.36572265625,-2091.0,-2017.0,195.7998046875,377.264404296875,-1.4975618124008179,-0.05699382349848747,-1.4975618124008179,-0.05699382349848747,-1.4975618124008179,-0.05699382349848747,0.0,0.0,0.0,0.0
24.660193916,-4445.70947265625,-4567.69091796875,-2091.0,-2017.0,195.7998046875,377.264404296875,-1.4977266788482666,-0.0550345741212368,-1.4977266788482666,-0.0550345741212368,-1.4977266788482666,-0.0550345741212368,0.0,0.0,0.0,0.0
24.680212036,-4445.70947265625,-4567.69091796875,-2091.0,-2017.0,195.7998046875,377.264404296875,-1.4977266788482666,-0.0550345741212368,-1.4977266788482666,-0.0550345741212368,-1.4977266788482666,-0.0550345741212368,0.0,0.0,0.0,0.0
24.70027898,-4445.70947265625,-4567.69091796875,-2091.0,-2017.0,192.3240966796875,373.90460205078125,-1.4977266788482666,-0.0550345741212368,-1.4977266788482666,-0.0550345741212368,-1.4977266788482666,-0.0550345741212368,0.0,0.0,0.0,0.0
24.720264944,-4445.85595703125,-4567.59814453125,-2091.0,-2017.0,192.3240966796875,373.90460205078125,-1.497735619544983,-0.05492677912116051,-1.497735619544983,-0.05492677912116051,-1.497735619544983,-0.05492677912116051,0.0,0.0,0.0,0.0
24.740161769,-4445.85595703125,-4567.59814453125,-2091.0,-2017.0,192.3240966796875,373.90460205078125,-1.497735619544983,-0.05492677912116051,-1.497735619544983,-0.05492677912116051,-1.497735619544983,-0.05492677912116051,0.0,0.0,0.0,0.0
24.760161682,-4445.85595703125,-4567.59814453125,-2091.0,-2017.0,192.3240966796875,373.90460205078125,-1.497735619544983,-0.05492677912116051,-1.497735619544983,-0.05492677912116051,-1.497735619544983,-0.05492677912116051,0.0,0.0,0.0,0.0
24.780242801,-4445.85595703125,-4567.59814453125,-2091.0,-2017.0,192.3240966796875,373.90460205078125,-1.497735619544983,-0.05492677912116051,-1.497735619544983,-0.05492677912116051,-1.497735619544983,-0.05492677912116051,0.0,0.0,0.0,0.0
24.800167205,-4445.85595703125,-4567.59814453125,-2074.0,-2034.0,188.89599609375,370.4971923828125,-1.497735619544983,-0.05492677912116051,-1.497735619544983,-0.05492677912116051,-1.497735619544983,-0.05492677912116051,0.0,0.0,0.0,0.0
24.82026109,-4445.85595703125,-4567.59814453125,-2074.0,-2034.0,188.89599609375,370.4971923828125,-1.497735619544983,-0.05492677912116051,-1.497735619544983,-0.05492677912116051,-1.497735619544983,-0.05492677912116051,0.0,0.0,0.0,0.0
24.840223345,-4445.85595703125,-4567.59814453125,-2074.0,-2034.0,188.89599609375,370.4971923828125,-1.497735619544983,-0.05492677912116051,-1.497735619544983,-0.05492677912116051,-1.497735619544983,-0.05492677912116051,0.0,0.0,0.0,0.0
24.860187456,-4448.50048828125,-4565.9072265625,-2074.0,-2034.0,188.89599609375,370.4971923828125,-1.497894048690796,-0.05297071486711502,-1.497894048690796,-0.05297071486711502,-1.497894048690796,-0.05297071486711502,0.0,0.0,0.0,0.0
24.880223301,-4448.50048828125,-4565.9072265625,-2074.0,-2034.0,188.89599609375,370.4971923828125,-1.497894048690796,-0.05297071486711502,-1.497894048690796,-0.05297071486711502,-1.497894048690796,-0.05297071486711502,0.0,0.0,0.0,0.0
24.900372026,-4448.50048828125,-4565.9072265625,-2069.0,-2023.0,185.42019653320312,367.13739013671875,-1.497894048690796,-0.05297071486711502,-1.497894048690796,-0.05297071486711502,-1.497894048690796,-0.05297071486711502,0.0,0.0,0.0,0.0
24.920188702,-4451.12890625,-4564.19873046875,-2069.0,-2023.0,185.42019653320312,367.13739013671875,-1.498046875,-0.05101403966546059,-1.498046875,-0.05101403966546059,-1.498046875,-0.05101403966546059,0.0,0.0,0.0,0.0
24.940177417,-4451.12890625,-4564.19873046875,-2069.0,-2023.0,185.42019653320312,367.13739013671875,-1.498046875,-0.05101403966546059,-1.498046875,-0.05101403966546059,-1.498046875,-0.05101403966546059,0.0,0.0,0.0,0.0
24.960154262,-4453.8681640625,-4562.38720703125,-2069.0,-2023.0,185.42019653320312,367.13739013671875,-1.4982010126113892,-0.04896081984043121,-1.4982010126113892,-0.04896081984043121,-1.4982010126113892,-0.04896081984043121,0.0,0.0,0.0,0.0
24.980300235,-4453.8681640625,-4562.38720703125,-2069.0,-2023.0,185.42019653320312,367.13739013671875,-1.4982010126113892,-0.04896081984043121,-1.4982010126113892,-0.04896081984043121,-1.4982010126113892,-0.04896081984043121,0.0,0.0,0.0,0.0
25.0001602,-4453.8681640625,-4562.38720703125,-2080.0,-2029.0,181.9207000732422,363.75421142578125,-1.4982010126113892,-0.04896081984043121,-1.4982010126113892,-0.04896081984043121,-1.4982010126113892,-0.04896081984043121,0.0,0.0,0.0,0.0
25.020204427,-4453.8681640625,-4562.38720703125,-2080.0,-2029.0,181.9207000732422,363.75421142578125,-1.4982010126113892,-0.04896081984043121,-1.4982010126113892,-0.04896081984043121,-1.4982010126113892,-0.04896081984043121,0.0,0.0,0.0,0.0
25.040175128,-4453.8681640625,-4562.38720703125,-2080.0,-2029.0,181.9207000732422,363.75421142578125,-1.4982010126113892,-0.04896081984043121,-1.4982010126113892,-0.04896081984043121,-1.4982010126113892,-0.04896081984043121,0.0,0.0,0.0,0.0
25.060158467,-4456.45703125,-4560.6455078125,-2080.0,-2029.0,181.9207000732422,363.75421142578125,-1.4983417987823486,-0.04700680449604988,-1.4983417987823486,-0.04700680449604988,-1.4983417987823486,-0.04700680449604988,0.0,0.0,0.0,0.0
25.080204901,-4456.45703125,-4560.6455078125,-2080.0,-2029.0,181.9207000732422,363.75421142578125,-1.4983417987823486,-0.04700680449604988,-1.4983417987823486,-0.04700680449604988,-1.4983417987823486,-0.04700680449604988,0.0,0.0,0.0,0.0
25.100166643,-4456.45703125,-4560.6455078125,-2086.0,-2023.0,178.4687957763672,360.3974914550781,-1.4983417987823486,-0.04700680449604988,-1.4983417987823486,-0.04700680449604988,-1.4983417987823486,-0.04700680449604988,0.0,0.0,0.0,0.0
25.120425815,-4456.45703125,-4560.6455078125,-2086.0,-2023.0,178.4687957763672,360.3974914550781,-1.4983417987823486,-0.04700680449604988,-1.4983417987823486,-0.04700680449604988,-1.4983417987823486,-0.04700680449604988,0.0,0.0,0.0,0.0
25.140195841,-4456.45703125,-4560.6455078125,-2086.0,-2023.0,178.4687957763672,360.3974914550781,-1.4983417987823486,-0.04700680449604988,-1.4983417987823486,-0.04700680449604988,-1.4983417987823486,-0.04700680449604988,0.0,0.0,0.0,0.0
25.160147953,-4456.45703125,-4560.6455078125,-2086.0,-2023.0,178.4687957763672,360.3974914550781,-1.4983417987823486,-0.04700680449604988,-1.4983417987823486,-0.04700680449604988,-1.4983417987823486,-0.04700680449604988,0.0,0.0,0.0,0.0
25.18046622,-4456.45703125,-4560.6455078125,-2086.0,-2017.0,175.7071990966797,357.7073059082031,-1.4983417987823486,-0.04700680449604988,-1.4983417987823486,-0.04700680449604988,-1.4983417987823486,-0.04700680449604988,0.0,0.0,0.0,0.0
25.20017603,-4456.45703125,-4560.6455078125,-2086.0,-2017.0,175.7071990966797,357.7073059082031,-1.4983417987823486,-0.04700680449604988,-1.4983417987823486,-0.04700680449604988,-1.4983417987823486,-0.04700680449604988,0.0,0.0,0.0,0.0
25.220415653,-4456.45703125,-4560.6455078125,-2086.0,-2017.0,175.7071990966797,357.7073059082031,-1.4983417987823486,-0.04700680449604988,-1.4983417987823486,-0.04700680449604988,-1.4983417987823486,-0.04700680449604988,0.0,0.0,0.0,0.0
25.24016197,-4456.45703125,-4560.6455078125,-2086.0,-2017.0,175.7071990966797,357.7073059082031,-1.4983417987823486,-0.04700680449604988,-1.4983417987823486,-0.04700680449604988,-1.4983417987823486,-0.04700680449604988,0.0,0.0,0.0,0.0
25.260252078,-4456.45703125,-4560.6455078125,-2086.0,-2017.0,175.7071990966797,357.7073059082031,-1.4983417987823486,-0.04700680449604988,-1.4983417987823486,-0.04700680449604988,-1.4983417987823486,-0.04700680449604988,0.0,0.0,0.0,0.0
25.280225562,-4456.45703125,-4560.6455078125,-2074.0,-2011.0,172.23150634765625,354.3505859375,-1.4983417987823486,-0.04700680449604988,-1.4983417987823486,-0.04700680449604988,-1.4983417987823486,-0.04700680449604988,0.0,0.0,0.0,0.0
25.300195112,-4456.45703125,-4560.6455078125,-2074.0,-2011.0,172.23150634765625,354.3505859375,-1.4983417987823486,-0.04700680449604988,-1.4983417987823486,-0.04700680449604988,-1.4983417987823486,-0.04700680449604988,0.0,0.0,0.0,0.0
25.320428687,-4456.45703125,-4560.6455078125,-2074.0,-2011.0,172.23150634765625,354.3505859375,-1.4983417987823486,-0.04700680449604988,-1.4983417987823486,-0.04700680449604988,-1.4983417987823486,-0.04700680449604988,0.0,0.0,0.0,0.0
25.340179611,-4456.45703125,-4560.6455078125,-2074.0,-2011.0,172.23150634765625,354.3505859375,-1.4983417987823486,-0.04700680449604988,-1.4983417987823486,-0.04700680449604988,-1.4983417987823486,-0.04700680449604988,0.0,0.0,0.0,0.0
25.360225406,-4456.45703125,-4560.6455078125,-2074.0,-2011.0,172.23150634765625,354.3505859375,-1.4983417987823486,-0.04700680449604988,-1.4983417987823486,-0.04700680449604988,-1.4983417987823486,-0.04700680449604988,0.0,0.0,0.0,0.0
25.380218024,-4456.45703125,-4560.6455078125,-2080.0,-2029.0,168.75570678710938,350.9462890625,-1.4983417987823486,-0.04700680449604988,-1.4983417987823486,-0.04700680449604988,-1.4983417987823486,-0.04700680449604988,0.0,0.0,0.0,0.0
25.400418548,-4456.45703125,-4560.6455078125,-2080.0,-2029.0,168.75570678710938,350.9462890625,-1.4983417987823486,-0.04700680449604988,-1.4983417987823486,-0.04700680449604988,-1.4983417987823486,-0.04700680449604988,0.0,0.0,0.0,0.0
25.420204059,-4456.45703125,-4560.6455078125,-2080.0,-2029.0,168.75570678710938,350.9462890625,-1.4983417987823486,-0.04700680449604988,-1.4983417987823486,-0.04700680449604988,-1.4983417987823486,-0.04700680449604988,0.0,0.0,0.0,0.0
25.440216418,-4456.45703125,-4560.6455078125,-2080.0,-2029.0,168.75570678710938,350.9462890625,-1.4983417987823486,-0.04700680449604988,-1.4983417987823486,-0.04700680449604988,-1.4983417987823486,-0.04700680449604988,0.0,0.0,0.0,0.0
25.460237256,-4456.45703125,-4560.6455078125,-2080.0,-2029.0,168.75570678710938,350.9462890625,-1.4983417987823486,-0.04700680449604988,-1.4983417987823486,-0.04700680449604988,-1.4983417987823486,-0.04700680449604988,0.0,0.0,0.0,0.0
25.480222419,-4456.45703125,-4560.6455078125,-2086.0,-2029.0,165.27999877929688,347.589599609375,-1.4983417987823486,-0.04700680449604988,-1.4983417987823486,-0.04700680449604988,-1.4983417987823486,-0.04700680449604988,0.0,0.0,0.0,0.0
25.500152262,-4456.45703125,-4560.6455078125,-2086.0,-2029.0,165.27999877929688,347.589599609375,-1.4983417987823486,-0.04700680449604988,-1.4983417987823486,-0.04700680449604988,-1.4983417987823486,-0.04700680449604988,0.0,0.0,0.0,0.0
25.520179979,-4410.51513671875,-4426.04541015625,-2086.0,-2029.0,165.27999877929688,347.589599609375,0.0,-0.0,-1.4683418273925781,-0.007006804458796978,-1.4683418273925781,-0.007006804458796978,0.0,0.0,0.0,0.0
25.540197329,-4328.009765625,-4328.009765625,-2086.0,-2029.0,165.27999877929688,347.589599609375,0.0,-0.0,-1.4383418560028076,0.0,-1.4383418560028076,0.0,0.0,0.0,0.0,0.0
25.560145121,-4237.73876953125,-4237.73876953125,-2086.0,-2029.0,165.27999877929688,347.589599609375,0.0,-0.0,-1.408341884613037,0.0,-1.408341884613037,0.0,0.0,0.0,0.0,0.0
25.58039927,-4147.4677734375,-4147.4677734375,-2080.0,-2029.0,161.82809448242188,344.23291015625,0.0,-0.0,-1.3783419132232666,0.0,-1.3783419132232666,0.0,0.0,0.0,0.0,0.0
25.600371507,-4057.197265625,-4057.197265625,-2080.0,-2029.0,161.82809448242188,344.23291015625,0.0,-0.0,-1.3483418226242065,0.0,-1.3483418226242065,0.0,0.0,0.0,0.0,0.0
25.620314532,-3966.92626953125,-3966.92626953125,-2080.0,-2029.0,161.82809448242188,344.23291015625,0.0,-0.0,-1.318341851234436,0.0,-1.318341851234436,0.0,0.0,0.0,0.0,0.0
25.640395169,-3876.655517578125,-3876.655517578125,-2080.0,-2029.0,161.82809448242188,344.23291015625,0.0,-0.0,-1.2883418798446655,0.0,-1.2883418798446655,0.0,0.0,0.0,0.0,0.0
25.660340721,-3786.384765625,-3786.384765625,-2080.0,-2023.0,158.32850646972656,340.8523864746094,0.0,-0.0,-1.258341908454895,0.0,-1.258341908454895,0.0,0.0,0.0,0.0,0.0
25.680351545,-3696.114013671875,-3696.114013671875,-2080.0,-2023.0,158.32850646972656,340.8523864746094,0.0,-0.0,-1.228341817855835,0.0,-1.228341817855835,0.0,0.0,0.0,0.0,0.0
25.700351746,-3605.843017578125,-3605.843017578125,-2080.0,-2023.0,158.32850646972656,340.8523864746094,0.0,-0.0,-1.1983418464660645,0.0,-1.1983418464660645,0.0,0.0,0.0,0.0,0.0
25.720321263,-3515.572265625,-3515.572265625,-2080.0,-2023.0,158.32850646972656,340.8523864746094,0.0,-0.0,-1.168341875076294,0.0,-1.168341875076294,0.0,0.0,0.0,0.0,0.0
25.740380847,-3425.301513671875,-3425.301513671875,-2080.0,-2023.0,158.32850646972656,340.8523864746094,0.0,-0.0,-1.1383419036865234,0.0,-1.1383419036865234,0.0,0.0,0.0,0.0,0.0
25.760354876,-3335.03076171875,-3335.03076171875,-2091.0,-2011.0,155.51939392089844,338.18609619140625,0.0,-0.0,-1.1083418130874634,0.0,-1.1083418130874634,0.0,0.0,0.0,0.0,0.0
25.780375009,-3244.759765625,-3244.759765625,-2091.0,-2011.0,155.51939392089844,338.18609619140625,0.0,-0.0,-1.0783418416976929,0.0,-1.0783418416976929,0.0,0.0,0.0,0.0,0.0
25.800370955,-3154.489013671875,-3154.489013671875,-2091.0,-2011.0,155.51939392089844,338.18609619140625,0.0,-0.0,-1.0483418703079224,0.0,-1.0483418703079224,0.0,0.0,0.0,0.0,0.0
25.820485571,-3064.21826171875,-3064.21826171875,-2091.0,-2011.0,155.51939392089844,338.18609619140625,0.0,-0.0,-1.0183418989181519,0.0,-1.0183418989181519,0.0,0.0,0.0,0.0,0.0
25.840576959,-2973.947509765625,-2973.947509765625,-2091.0,-2011.0,155.51939392089844,338.18609619140625,0.0,-0.0,-0.9883418679237366,0.0,-0.9883418679237366,0.0,0.0,0.0,0.0,0.0
25.860219259,-2883.676513671875,-2883.676513671875,-2091.0,-2023.0,152.06739807128906,334.7817077636719,0.0,-0.0,-0.9583418369293213,0.0,-0.9583418369293213,0.0,0.0,0.0,0.0,0.0
25.880237089,-2793.40576171875,-2793.40576171875,-2091.0,-2023.0,152.06739807128906,334.7817077636719,0.0,-0.0,-0.9283418655395508,0.0,-0.9283418655395508,0.0,0.0,0.0,0.0,0.0
25.900179666,-2703.135009765625,-2703.135009765625,-2091.0,-2023.0,152.06739807128906,334.7817077636719,0.0,-0.0,-0.8983418345451355,0.0,-0.8983418345451355,0.0,0.0,0.0,0.0,0.0
25.921032002,-2612.8642578125,-2612.8642578125,-2091.0,-2023.0,152.06739807128906,334.7817077636719,0.0,-0.0,-0.868341863155365,0.0,-0.868341863155365,0.0,0.0,0.0,0.0,0.0
25.940158791,-2522.59326171875,-2522.59326171875,-2091.0,-2023.0,152.06739807128906,334.7817077636719,0.0,-0.0,-0.8383418321609497,0.0,-0.8383418321609497,0.0,0.0,0.0,0.0,0.0
25.960194858,-2432.322509765625,-2432.322509765625,-2063.0,-1977.0,148.78219604492188,331.6630859375,0.0,-0.0,-0.8083418607711792,0.0,-0.8083418607711792,0.0,0.0,0.0,0.0,0.0
25.980199027,-2342.0517578125,-2342.0517578125,-2063.0,-1977.0,148.78219604492188,331.6630859375,0.0,-0.0,-0.7783418297767639,0.0,-0.7783418297767639,0.0,0.0,0.0,0.0,0.0
26.000163136,-2251.781005859375,-2251.781005859375,-2063.0,-1977.0,148.78219604492188,331.6630859375,0.0,-0.0,-0.7483418583869934,0.0,-0.7483418583869934,0.0,0.0,0.0,0.0,0.0
26.020330224,-2161.510009765625,-2161.510009765625,-2063.0,-1977.0,148.78219604492188,331.6630859375,0.0,-0.0,-0.7183418869972229,0.0,-0.7183418869972229,0.0,0.0,0.0,0.0,0.0
26.040150193,-2071.2392578125,-2071.2392578125,-2063.0,-1977.0,148.78219604492188,331.6630859375,0.0,-0.0,-0.6883418560028076,0.0,-0.6883418560028076,0.0,0.0,0.0,0.0,0.0
26.060188659,-1980.968505859375,-1980.968505859375,-1811.0,-1709.0,146.56809997558594,329.5443115234375,0.0,-0.0,-0.6583418846130371,0.0,-0.6583418846130371,0.0,0.0,0.0,0.0,0.0
26.080217879,-1890.6976318359375,-1890.6976318359375,-1811.0,-1709.0,146.56809997558594,329.5443115234375,0.0,-0.0,-0.6283418536186218,0.0,-0.6283418536186218,0.0,0.0,0.0,0.0,0.0
26.100199969,-1800.4268798828125,-1800.4268798828125,-1811.0,-1709.0,146.56809997558594,329.5443115234375,0.0,-0.0,-0.5983418822288513,0.0,-0.5983418822288513,0.0,0.0,0.0,0.0,0.0
26.120170733,-1710.156005859375,-1710.156005859375,-1811.0,-1709.0,146.56809997558594,329.5443115234375,0.0,-0.0,-0.568341851234436,0.0,-0.568341851234436,0.0,0.0,0.0,0.0,0.0
26.140227981,-1619.88525390625,-1619.88525390625,-1811.0,-1709.0,146.56809997558594,329.5443115234375,0.0,-0.0,-0.5383418798446655,0.0,-0.5383418798446655,0.0,0.0,0.0,0.0,0.0
26.160553126,-1529.6143798828125,-1529.6143798828125,-1434.0,-1303.0,144.87789916992188,327.9731140136719,0.0,-0.0,-0.5083418488502502,0.0,-0.5083418488502502,0.0,0.0,0.0,0.0,0.0
26.180204128,-1439.3436279296875,-1439.3436279296875,-1434.0,-1303.0,144.87789916992188,327.9731140136719,0.0,-0.0,-0.47834184765815735,0.0,-0.47834184765815735,0.0,0.0,0.0,0.0,0.0
26.200231396,-1349.07275390625,-1349.07275390625,-1434.0,-1303.0,144.87789916992188,327.9731140136719,0.0,-0.0,-0.44834184646606445,0.0,-0.44834184646606445,0.0,0.0,0.0,0.0,0.0
26.220318495,-1258.802001953125,-1258.802001953125,-1434.0,-1303.0,144.87789916992188,327.9731140136719,0.0,-0.0,-0.41834184527397156,0.0,-0.41834184527397156,0.0,0.0,0.0,0.0,0.0
26.24018457,-1168.5311279296875,-1168.5311279296875,-1434.0,-1303.0,144.87789916992188,327.9731140136719,0.0,-0.0,-0.38834184408187866,0.0,-0.38834184408187866,0.0,0.0,0.0,0.0,0.0
26.260302001,-1078.2603759765625,-1078.2603759765625,-1011.0,-989.0,143.4019012451172,326.6400146484375,0.0,-0.0,-0.35834187269210815,0.0,-0.35834187269210815,0.0,0.0,0.0,0.0,0.0
26.280290938,-987.9895629882812,-987.9895629882812,-1011.0,-989.0,143.4019012451172,326.6400146484375,0.0,-0.0,-0.32834187150001526,0.0,-0.32834187150001526,0.0,0.0,0.0,0.0,0.0
26.300571322,-897.71875,-897.71875,-1011.0,-989.0,143.4019012451172,326.6400146484375,0.0,-0.0,-0.29834187030792236,0.0,-0.29834187030792236,0.0,0.0,0.0,0.0,0.0
26.320218164,-807.4479370117188,-807.4479370117188,-1011.0,-989.0,143.4019012451172,326.6400146484375,0.0,-0.0,-0.26834186911582947,0.0,-0.26834186911582947,0.0,0.0,0.0,0.0,0.0
26.340199486,-717.1771240234375,-717.1771240234375,-1011.0,-989.0,143.4019012451172,326.6400146484375,0.0,-0.0,-0.23834185302257538,0.0,-0.23834185302257538,0.0,0.0,0.0,0.0,0.0
26.360222051,-626.9063110351562,-626.9063110351562,-766.0,-754.0,142.61630249023438,325.9258117675781,0.0,-0.0,-0.20834185183048248,0.0,-0.20834185183048248,0.0,0.0,0.0,0.0,0.0
26.380203629,-536.635498046875,-536.635498046875,-766.0,-754.0,142.61630249023438,325.9258117675781,0.0,-0.0,-0.17834186553955078,0.0,-0.17834186553955078,0.0,0.0,0.0,0.0,0.0
26.400183064,-446.3646545410156,-446.3646545410156,-766.0,-754.0,142.61630249023438,325.9258117675781,0.0,-0.0,-0.14834186434745789,0.0,-0.14834186434745789,0.0,0.0,0.0,0.0,0.0
26.420399425,-356.0938415527344,-356.0938415527344,-766.0,-754.0,142.61630249023438,325.9258117675781,0.0,-0.0,-0.1183418557047844,0.0,-0.1183418557047844,0.0,0.0,0.0,0.0,0.0
26.440218338,-221.4940643310547,-310.15203857421875,-766.0,-754.0,142.61630249023438,325.9258117675781,-0.046289797872304916,-0.12993627786636353,-0.0883418619632721,-0.03999999910593033,-0.0883418619632721,-0.03999999910593033,0.0,0.0,0.0,0.0
26.460222986,-86.89425659179688,-264.210205078125,-440.0,-354.0,142.47340393066406,325.83050537109375,-0.046289797872304916,-0.12993627786636353,-0.0583418570458889,-0.07999999821186066,-0.0583418570458889,-0.07999999821186066,0.0,0.0,0.0,0.0
26.480189782,-79.25928497314453,-345.23321533203125,-440.0,-354.0,142.47340393066406,325.83050537109375,-0.07053650170564651,-0.3844931125640869,-0.07053650170564651,-0.11999999731779099,-0.07053650170564651,-0.11999999731779099,0.0,0.0,0.0,0.0
26.500198109,-34.930301666259766,-389.56219482421875,-440.0,-354.0,142.47340393066406,325.83050537109375,-0.07053650170564651,-0.3844931125640869,-0.07053650170564651,-0.1599999964237213,-0.07053650170564651,-0.1599999964237213,0.0,0.0,0.0,0.0
26.520223137,9.398685455322266,-433.89117431640625,-440.0,-354.0,142.47340393066406,325.83050537109375,-0.07053650170564651,-0.3844931125640869,-0.07053650170564651,-0.20000000298023224,-0.07053650170564651,-0.20000000298023224,0.0,0.0,0.0,0.0
26.540168976,143.9984893798828,-387.9493713378906,-440.0,-354.0,142.47340393066406,325.83050537109375,-0.033045340329408646,-0.9825481176376343,-0.04053650423884392,-0.23999999463558197,-0.04053650423884392,-0.23999999463558197,0.0,0.0,0.0,0.0
26.560219473,210.86859130859375,-409.73724365234375,-126.0,-120.0,142.64010620117188,325.75909423828125,-0.033045340329408646,-0.9825481176376343,-0.033045340329408646,-0.2800000011920929,-0.033045340329408646,-0.2800000011920929,0.0,0.0,0.0,0.0
26.58020937,345.4683837890625,-363.79541015625,-126.0,-120.0,142.64010620117188,325.75909423828125,0.010203845798969269,-0.9999768733978271,-0.0030453403014689684,-0.3199999928474426,-0.0030453403014689684,-0.3199999928474426,0.0,0.0,0.0,0.0
26.60021101,429.6645202636719,-368.2572326660156,-126.0,-120.0,142.64010620117188,325.75909423828125,0.010203845798969269,-0.9999768733978271,0.010203845798969269,-0.36000001430511475,0.010203845798969269,-0.36000001430511475,0.0,0.0,0.0,0.0
26.620224775,473.9935302734375,-412.5862121582031,-126.0,-120.0,142.64010620117188,325.75909423828125,0.010203845798969269,-0.9999768733978271,0.010203845798969269,-0.4000000059604645,0.010203845798969269,-0.4000000059604645,0.0,0.0,0.0,0.0
26.640199347,515.6527099609375,-459.5849914550781,-126.0,-120.0,142.64010620117188,325.75909423828125,0.009316589683294296,-0.9999806880950928,0.009316589683294296,-0.4399999976158142,0.009316589683294296,-0.4399999976158142,0.0,0.0,0.0,0.0
26.660223479,559.981689453125,-503.9139709472656,69.0,-143.0,142.97340393066406,325.1639099121094,0.009316589683294296,-0.9999806880950928,0.009316589683294296,-0.47999998927116394,0.009316589683294296,-0.47999998927116394,0.0,0.0,0.0,0.0
26.680274775,604.3107299804688,-548.2429809570312,69.0,-143.0,142.97340393066406,325.1639099121094,0.009316589683294296,-0.9999806880950928,0.009316589683294296,-0.5199999809265137,0.009316589683294296,-0.5199999809265137,0.0,0.0,0.0,0.0
26.700219015,593.739990234375,-647.4716796875,69.0,-143.0,142.97340393066406,325.1639099121094,-0.008928412571549416,-0.9999822974205017,-0.008928412571549416,-0.5600000023841858,-0.008928412571549416,-0.5600000023841858,0.0,0.0,0.0,0.0
26.72023934,638.0689697265625,-691.8006591796875,69.0,-143.0,142.97340393066406,325.1639099121094,-0.008928412571549416,-0.9999822974205017,-0.008928412571549416,-0.6000000238418579,-0.008928412571549416,-0.6000000238418579,0.0,0.0,0.0,0.0
26.74023586,643.8570556640625,-774.6705322265625,69.0,-143.0,142.97340393066406,325.1639099121094,-0.02173684909939766,-0.9998949766159058,-0.02173684909939766,-0.6399999856948853,-0.02173684909939766,-0.6399999856948853,0.0,0.0,0.0,0.0
26.760566733,688.18603515625,-818.9995727539062,331.0,-257.0,143.90179443359375,324.56878662109375,-0.02173684909939766,-0.9998949766159058,-0.02173684909939766,-0.6800000071525574,-0.02173684909939766,-0.6800000071525574,0.0,0.0,0.0,0.0
26.780272767,732.5150146484375,-863.3285522460938,331.0,-257.0,143.90179443359375,324.56878662109375,-0.02173684909939766,-0.9998949766159058,-0.02173684909939766,-0.7200000286102295,-0.02173684909939766,-0.7200000286102295,0.0,0.0,0.0,0.0
26.80024609,739.1110229492188,-945.3904418945312,331.0,-257.0,143.90179443359375,324.56878662109375,-0.03427676111459732,-0.999738872051239,-0.03427676111459732,-0.7599999904632568,-0.03427676111459732,-0.7599999904632568,0.0,0.0,0.0,0.0
26.820254161,783.4400634765625,-989.7194213867188,331.0,-257.0,143.90179443359375,324.56878662109375,-0.03427676111459732,-0.999738872051239,-0.03427676111459732,-0.800000011920929,-0.03427676111459732,-0.800000011920929,0.0,0.0,0.0,0.0
26.840200896,790.7251586914062,-1071.09228515625,331.0,-257.0,143.90179443359375,324.56878662109375,-0.046587683260440826,-0.999517560005188,-0.046587683260440826,-0.8399999737739563,-0.046587683260440826,-0.8399999737739563,0.0,0.0,0.0,0.0
26.860224772,835.0541381835938,-1115.4212646484375,463.0,-440.0,144.68739318847656,323.47369384765625,-0.046587683260440826,-0.999517560005188,-0.046587683260440826,-0.8799999952316284,-0.046587683260440826,-0.8799999952316284,0.0,0.0,0.0,0.0
26.880218349,879.3831176757812,-1159.750244140625,463.0,-440.0,144.68739318847656,323.47369384765625,-0.046587683260440826,-0.999517560005188,-0.046587683260440826,-0.9200000166893005,-0.046587683260440826,-0.9200000166893005,0.0,0.0,0.0,0.0
26.900203095,886.5339965820312,-1241.25732421875,463.0,-440.0,144.68739318847656,323.47369384765625,-0.05894320458173752,-0.9992276430130005,-0.05894320458173752,-0.9599999785423279,-0.05894320458173752,-0.9599999785423279,0.0,0.0,0.0,0.0
26.92020883,930.0070190429688,-1284.73046875,463.0,-440.0,144.68739318847656,323.47369384765625,-0.05894320458173752,-0.9992276430130005,-0.05894320458173752,-0.9992276430130005,-0.05894320458173752,-0.9992276430130005,0.0,0.0,0.0,0.0
26.940223396,893.4903564453125,-1320.4781494140625,463.0,-440.0,144.68739318847656,323.47369384765625,-0.07095113396644592,-0.9988806843757629,-0.07095113396644592,-0.9988806843757629,-0.07095113396644592,-0.9988806843757629,0.0,0.0,0.0,0.0
26.960232362,893.4903564453125,-1320.4781494140625,514.0,-703.0,145.59210205078125,321.9501037597656,-0.07095113396644592,-0.9988806843757629,-0.07095113396644592,-0.9988806843757629,-0.07095113396644592,-0.9988806843757629,0.0,0.0,0.0,0.0
26.980242864,893.4903564453125,-1320.4781494140625,514.0,-703.0,145.59210205078125,321.9501037597656,-0.07095113396644592,-0.9988806843757629,-0.07095113396644592,-0.9988806843757629,-0.07095113396644592,-0.9988806843757629,0.0,0.0,0.0,0.0
27.000390754,894.0889282226562,-1319.893310546875,514.0,-703.0,145.59210205078125,321.9501037597656,-0.07075449079275131,-0.9988868832588196,-0.07075449079275131,-0.9988868832588196,-0.07075449079275131,-0.9988868832588196,0.0,0.0,0.0,0.0
27.020617289,894.0889282226562,-1319.893310546875,514.0,-703.0,145.59210205078125,321.9501037597656,-0.07075449079275131,-0.9988868832588196,-0.07075449079275131,-0.9988868832588196,-0.07075449079275131,-0.9988868832588196,0.0,0.0,0.0,0.0
27.040565879,882.7039184570312,-1331.010498046875,514.0,-703.0,145.59210205078125,321.9501037597656,-0.07449360191822052,-0.9987660646438599,-0.07449360191822052,-0.9987660646438599,-0.07449360191822052,-0.9987660646438599,0.0,0.0,0.0,0.0
27.060552895,882.7039184570312,-1331.010498046875,560.0,-869.0,146.68719482421875,320.402587890625,-0.07449360191822052,-0.9987660646438599,-0.07449360191822052,-0.9987660646438599,-0.07449360191822052,-0.9987660646438599,0.0,0.0,0.0,0.0
27.080601247,882.7039184570312,-1331.010498046875,560.0,-869.0,146.68719482421875,320.402587890625,-0.07449360191822052,-0.9987660646438599,-0.07449360191822052,-0.9987660646438599,-0.07449360191822052,-0.9987660646438599,0.0,0.0,0.0,0.0
27.100562443,883.3274536132812,-1330.4019775390625,560.0,-869.0,146.68719482421875,320.402587890625,-0.07428888976573944,-0.9987728595733643,-0.07428888976573944,-0.9987728595733643,-0.07428888976573944,-0.9987728595733643,0.0,0.0,0.0,0.0
27.120560338,883.3274536132812,-1330.4019775390625,560.0,-869.0,146.68719482421875,320.402587890625,-0.07428888976573944,-0.9987728595733643,-0.07428888976573944,-0.9987728595733643,-0.07428888976573944,-0.9987728595733643,0.0,0.0,0.0,0.0
27.140558585,883.3274536132812,-1330.4019775390625,560.0,-869.0,146.68719482421875,320.402587890625,-0.07428888976573944,-0.9987728595733643,-0.07428888976573944,-0.9987728595733643,-0.07428888976573944,-0.9987728595733643,0.0,0.0,0.0,0.0
27.160537315,883.3274536132812,-1330.4019775390625,600.0,-880.0,147.5679931640625,319.1408996582031,-0.07428888976573944,-0.9987728595733643,-0.07428888976573944,-0.9987728595733643,-0.07428888976573944,-0.9987728595733643,0.0,0.0,0.0,0.0
27.180533226,883.3274536132812,-1330.4019775390625,600.0,-880.0,147.5679931640625,319.1408996582031,-0.07428888976573944,-0.9987728595733643,-0.07428888976573944,-0.9987728595733643,-0.07428888976573944,-0.9987728595733643,0.0,0.0,0.0,0.0
27.200489079,883.3274536132812,-1330.4019775390625,600.0,-880.0,147.5679931640625,319.1408996582031,-0.07428888976573944,-0.9987728595733643,-0.07428888976573944,-0.9987728595733643,-0.07428888976573944,-0.9987728595733643,0.0,0.0,0.0,0.0
27.220511547,883.3274536132812,-1330.4019775390625,600.0,-880.0,147.5679931640625,319.1408996582031,-0.07428888976573944,-0.9987728595733643,-0.07428888976573944,-0.9987728595733643,-0.07428888976573944,-0.9987728595733643,0.0,0.0,0.0,0.0
27.240958882,883.9474487304688,-1329.7967529296875,600.0,-880.0,147.5679931640625,319.1408996582031,-0.0740852952003479,-0.9987795352935791,-0.0740852952003479,-0.9987795352935791,-0.0740852952003479,-0.9987795352935791,0.0,0.0,0.0,0.0
27.260490155,883.9474487304688,-1329.7967529296875,549.0,-823.0,148.4488983154297,317.7362976074219,-0.0740852952003479,-0.9987795352935791,-0.0740852952003479,-0.9987795352935791,-0.0740852952003479,-0.9987795352935791,0.0,0.0,0.0,0.0
27.280400735,883.9474487304688,-1329.7967529296875,549.0,-823.0,148.4488983154297,317.7362976074219,-0.0740852952003479,-0.9987795352935791,-0.0740852952003479,-0.9987795352935791,-0.0740852952003479,-0.9987795352935791,0.0,0.0,0.0,0.0
27.300565006,885.1774291992188,-1328.5963134765625,549.0,-823.0,148.4488983154297,317.7362976074219,-0.07368143647909164,-0.998792827129364,-0.07368143647909164,-0.998792827129364,-0.07368143647909164,-0.998792827129364,0.0,0.0,0.0,0.0
27.320341781,885.1774291992188,-1328.5963134765625,549.0,-823.0,148.4488983154297,317.7362976074219,-0.07368143647909164,-0.998792827129364,-0.07368143647909164,-0.998792827129364,-0.07368143647909164,-0.998792827129364,0.0,0.0,0.0,0.0
27.340588824,885.1774291992188,-1328.5963134765625,549.0,-823.0,148.4488983154297,317.7362976074219,-0.07368143647909164,-0.998792827129364,-0.07368143647909164,-0.998792827129364,-0.07368143647909164,-0.998792827129364,0.0,0.0,0.0,0.0
27.360541702,886.3939208984375,-1327.40869140625,554.0,-834.0,149.47250366210938,316.23651123046875,-0.07328195869922638,-0.9988058805465698,-0.07328195869922638,-0.9988058805465698,-0.07328195869922638,-0.9988058805465698,0.0,0.0,0.0,0.0
27.380597636,886.3939208984375,-1327.40869140625,554.0,-834.0,149.47250366210938,316.23651123046875,-0.07328195869922638,-0.9988058805465698,-0.07328195869922638,-0.9988058805465698,-0.07328195869922638,-0.9988058805465698,0.0,0.0,0.0,0.0
27.400736567,863.653076171875,-1349.5826416015625,554.0,-834.0,149.47250366210938,316.23651123046875,-0.08074529469013214,-0.9985501170158386,-0.08074529469013214,-0.9985501170158386,-0.08074529469013214,-0.9985501170158386,0.0,0.0,0.0,0.0
27.420281535,863.653076171875,-1349.5826416015625,554.0,-834.0,149.47250366210938,316.23651123046875,-0.08074529469013214,-0.9985501170158386,-0.08074529469013214,-0.9985501170158386,-0.08074529469013214,-0.9985501170158386,0.0,0.0,0.0,0.0
27.440562557,863.653076171875,-1349.5826416015625,554.0,-834.0,149.47250366210938,316.23651123046875,-0.08074529469013214,-0.9985501170158386,-0.08074529469013214,-0.9985501170158386,-0.08074529469013214,-0.9985501170158386,0.0,0.0,0.0,0.0
27.460493486,854.128173828125,-1358.8538818359375,577.0,-863.0,150.4248046875,314.855712890625,-0.0838685929775238,-0.9984356760978699,-0.0838685929775238,-0.9984356760978699,-0.0838685929775238,-0.9984356760978699,0.0,0.0,0.0,0.0
27.480744177,854.128173828125,-1358.8538818359375,577.0,-863.0,150.4248046875,314.855712890625,-0.0838685929775238,-0.9984356760978699,-0.0838685929775238,-0.9984356760978699,-0.0838685929775238,-0.9984356760978699,0.0,0.0,0.0,0.0
27.500424677,832.7838134765625,-1379.595458984375,577.0,-863.0,150.4248046875,314.855712890625,-0.09086186438798904,-0.9981637001037598,-0.09086186438798904,-0.9981637001037598,-0.09086186438798904,-0.9981637001037598,0.0,0.0,0.0,0.0
27.520367348,832.7838134765625,-1379.595458984375,577.0,-863.0,150.4248046875,314.855712890625,-0.09086186438798904,-0.9981637001037598,-0.09086186438798904,-0.9981637001037598,-0.09086186438798904,-0.9981637001037598,0.0,0.0,0.0,0.0
27.540756931,812.6539916992188,-1399.113037109375,577.0,-863.0,150.4248046875,314.855712890625,-0.09744994342327118,-0.9978874325752258,-0.09744994342327118,-0.9978874325752258,-0.09744994342327118,-0.9978874325752258,0.0,0.0,0.0,0.0
27.560672918,812.6539916992188,-1399.113037109375,560.0,-851.0,151.2342071533203,313.4512023925781,-0.09744994342327118,-0.9978874325752258,-0.09744994342327118,-0.9978874325752258,-0.09744994342327118,-0.9978874325752258,0.0,0.0,0.0,0.0
27.580372199,812.6539916992188,-1399.113037109375,560.0,-851.0,151.2342071533203,313.4512023925781,-0.09744994342327118,-0.9978874325752258,-0.09744994342327118,-0.9978874325752258,-0.09744994342327118,-0.9978874325752258,0.0,0.0,0.0,0.0
27.600589455,805.5338745117188,-1406.00634765625,560.0,-851.0,151.2342071533203,313.4512023925781,-0.09977851063013077,-0.9977851510047913,-0.09977851063013077,-0.9977851510047913,-0.09977851063013077,-0.9977851510047913,0.0,0.0,0.0,0.0
27.620355543,805.5338745117188,-1406.00634765625,560.0,-851.0,151.2342071533203,313.4512023925781,-0.09977851063013077,-0.9977851510047913,-0.09977851063013077,-0.9977851510047913,-0.09977851063013077,-0.9977851510047913,0.0,0.0,0.0,0.0
27.640322595,805.5338745117188,-1406.00634765625,560.0,-851.0,151.2342071533203,313.4512023925781,-0.09977851063013077,-0.9977851510047913,-0.09977851063013077,-0.9977851510047913,-0.09977851063013077,-0.9977851510047913,0.0,0.0,0.0,0.0
27.660353957,809.37939453125,-1402.283935546875,509.0,-874.0,152.04359436035156,311.8561096191406,-0.09852097928524017,-0.9978407025337219,-0.09852097928524017,-0.9978407025337219,-0.09852097928524017,-0.9978407025337219,0.0,0.0,0.0,0.0
27.68033899,809.37939453125,-1402.283935546875,509.0,-874.0,152.04359436035156,311.8561096191406,-0.09852097928524017,-0.9978407025337219,-0.09852097928524017,-0.9978407025337219,-0.09852097928524017,-0.9978407025337219,0.0,0.0,0.0,0.0
27.700575251,814.6021728515625,-1397.2259521484375,509.0,-874.0,152.04359436035156,311.8561096191406,-0.0968126505613327,-0.9979150295257568,-0.0968126505613327,-0.9979150295257568,-0.0968126505613327,-0.9979150295257568,0.0,0.0,0.0,0.0
27.720521729,814.6021728515625,-1397.2259521484375,509.0,-874.0,152.04359436035156,311.8561096191406,-0.0968126505613327,-0.9979150295257568,-0.0968126505613327,-0.9979150295257568,-0.0968126505613327,-0.9979150295257568,0.0,0.0,0.0,0.0
27.740742536,900.63720703125,-1313.4927978515625,509.0,-874.0,152.04359436035156,311.8561096191406,-0.06860283762216568,-0.9989535808563232,-0.06860283762216568,-0.9989535808563232,-0.06860283762216568,-0.9989535808563232,0.0,0.0,0.0,0.0
27.760279729,900.63720703125,-1313.4927978515625,497.0,-920.0,152.90069580078125,310.3086853027344,-0.06860283762216568,-0.9989535808563232,-0.06860283762216568,-0.9989535808563232,-0.06860283762216568,-0.9989535808563232,0.0,0.0,0.0,0.0
27.780359852,900.63720703125,-1313.4927978515625,497.0,-920.0,152.90069580078125,310.3086853027344,-0.06860283762216568,-0.9989535808563232,-0.06860283762216568,-0.9989535808563232,-0.06860283762216568,-0.9989535808563232,0.0,0.0,0.0,0.0
27.800360083,992.0404663085938,-1224.3544921875,497.0,-920.0,152.90069580078125,310.3086853027344,-0.010513760149478912,-0.9999754428863525,-0.038602836430072784,-0.9999754428863525,-0.038602836430072784,-0.9999754428863525,0.0,0.0,0.0,0.0
27.820594296,1076.561279296875,-1139.8336181640625,497.0,-920.0,152.90069580078125,310.3086853027344,-0.010513760149478912,-0.9999754428863525,-0.010513760149478912,-0.9999754428863525,-0.010513760149478912,-0.9999754428863525,0.0,0.0,0.0,0.0
27.8405569,1076.561279296875,-1139.8336181640625,497.0,-920.0,152.90069580078125,310.3086853027344,-0.010513760149478912,-0.9999754428863525,-0.010513760149478912,-0.9999754428863525,-0.010513760149478912,-0.9999754428863525,0.0,0.0,0.0,0.0
27.860606692,1139.468994140625,-1076.9271240234375,543.0,-891.0,153.92430114746094,309.0946044921875,0.010392360389232635,-0.9999759793281555,0.010392360389232635,-0.9999759793281555,0.010392360389232635,-0.9999759793281555,0.0,0.0,0.0,0.0
27.880623752,1139.468994140625,-1076.9271240234375,543.0,-891.0,153.92430114746094,309.0946044921875,0.010392360389232635,-0.9999759793281555,0.010392360389232635,-0.9999759793281555,0.010392360389232635,-0.9999759793281555,0.0,0.0,0.0,0.0
27.900601202,1139.468994140625,-1076.9271240234375,543.0,-891.0,153.92430114746094,309.0946044921875,0.010392360389232635,-0.9999759793281555,0.010392360389232635,-0.9999759793281555,0.010392360389232635,-0.9999759793281555,0.0,0.0,0.0,0.0
27.920500199,1139.468994140625,-1076.9271240234375,543.0,-891.0,153.92430114746094,309.0946044921875,0.010392360389232635,-0.9999759793281555,0.010392360389232635,-0.9999759793281555,0.010392360389232635,-0.9999759793281555,0.0,0.0,0.0,0.0
27.940533641,1139.468994140625,-1076.9271240234375,543.0,-891.0,153.92430114746094,309.0946044921875,0.010392360389232635,-0.9999759793281555,0.010392360389232635,-0.9999759793281555,0.010392360389232635,-0.9999759793281555,0.0,0.0,0.0,0.0
27.960562732,1139.468994140625,-1076.9271240234375,686.0,-669.0,155.42410278320312,308.2851867675781,0.010392360389232635,-0.9999759793281555,0.010392360389232635,-0.9999759793281555,0.010392360389232635,-0.9999759793281555,0.0,0.0,0.0,0.0
27.980544405,1139.468994140625,-1076.9271240234375,686.0,-669.0,155.42410278320312,308.2851867675781,0.010392360389232635,-0.9999759793281555,0.010392360389232635,-0.9999759793281555,0.010392360389232635,-0.9999759793281555,0.0,0.0,0.0,0.0
28.00049725,1139.468994140625,-1076.9271240234375,686.0,-669.0,155.42410278320312,308.2851867675781,0.010392360389232635,-0.9999759793281555,0.010392360389232635,-0.9999759793281555,0.010392360389232635,-0.9999759793281555,0.0,0.0,0.0,0.0
28.020508742,1139.468994140625,-1076.9271240234375,686.0,-669.0,155.42410278320312,308.2851867675781,0.010392360389232635,-0.9999759793281555,0.010392360389232635,-0.9999759793281555,0.010392360389232635,-0.9999759793281555,0.0,0.0,0.0,0.0
28.040485263,1139.468994140625,-1076.9271240234375,686.0,-669.0,155.42410278320312,308.2851867675781,0.010392360389232635,-0.9999759793281555,0.010392360389232635,-0.9999759793281555,0.010392360389232635,-0.9999759793281555,0.0,0.0,0.0,0.0
28.060580551,1170.511962890625,-1045.7255859375,789.0,-606.0,156.70970153808594,307.11871337890625,0.020735345780849457,-0.999904453754425,0.020735345780849457,-0.999904453754425,0.020735345780849457,-0.999904453754425,0.0,0.0,0.0,0.0
28.080600714,1170.511962890625,-1045.7255859375,789.0,-606.0,156.70970153808594,307.11871337890625,0.020735345780849457,-0.999904453754425,0.020735345780849457,-0.999904453754425,0.020735345780849457,-0.999904453754425,0.0,0.0,0.0,0.0
28.100586641,1191.22119140625,-1024.8516845703125,789.0,-606.0,156.70970153808594,307.11871337890625,0.02764507383108139,-0.9998301267623901,0.02764507383108139,-0.9998301267623901,0.02764507383108139,-0.9998301267623901,0.0,0.0,0.0,0.0
28.120571289,1191.22119140625,-1024.8516845703125,789.0,-606.0,156.70970153808594,307.11871337890625,0.02764507383108139,-0.9998301267623901,0.02764507383108139,-0.9998301267623901,0.02764507383108139,-0.9998301267623901,0.0,0.0,0.0,0.0
28.140533828,1191.22119140625,-1024.8516845703125,789.0,-606.0,156.70970153808594,307.11871337890625,0.02764507383108139,-0.9998301267623901,0.02764507383108139,-0.9998301267623901,0.02764507383108139,-0.9998301267623901,0.0,0.0,0.0,0.0
28.160631452,1191.031005859375,-1025.043701171875,783.0,-669.0,157.80479431152344,305.8569030761719,0.02758154273033142,-0.999830961227417,0.02758154273033142,-0.999830961227417,0.02758154273033142,-0.999830961227417,0.0,0.0,0.0,0.0
28.180588296,1191.031005859375,-1025.043701171875,783.0,-669.0,157.80479431152344,305.8569030761719,0.02758154273033142,-0.999830961227417,0.02758154273033142,-0.999830961227417,0.02758154273033142,-0.999830961227417,0.0,0.0,0.0,0.0
28.200420133,1191.031005859375,-1025.043701171875,783.0,-669.0,157.80479431152344,305.8569030761719,0.02758154273033142,-0.999830961227417,0.02758154273033142,-0.999830961227417,0.02758154273033142,-0.999830961227417,0.0,0.0,0.0,0.0
28.220330648,1191.031005859375,-1025.043701171875,783.0,-669.0,157.80479431152344,305.8569030761719,0.02758154273033142,-0.999830961227417,0.02758154273033142,-0.999830961227417,0.02758154273033142,-0.999830961227417,0.0,0.0,0.0,0.0
28.240537952,1191.031005859375,-1025.043701171875,783.0,-669.0,157.80479431152344,305.8569030761719,0.02758154273033142,-0.999830961227417,0.02758154273033142,-0.999830961227417,0.02758154273033142,-0.999830961227417,0.0,0.0,0.0,0.0
28.260645878,1190.841552734375,-1025.23486328125,743.0,-686.0,159.2332000732422,304.9523010253906,0.02751830592751503,-0.9998317360877991,0.02751830592751503,-0.9998317360877991,0.02751830592751503,-0.9998317360877991,0.0,0.0,0.0,0.0
28.280501872,1190.841552734375,-1025.23486328125,743.0,-686.0,159.2332000732422,304.9523010253906,0.02751830592751503,-0.9998317360877991,0.02751830592751503,-0.9998317360877991,0.02751830592751503,-0.9998317360877991,0.0,0.0,0.0,0.0
28.300260536,1190.841552734375,-1025.23486328125,743.0,-686.0,159.2332000732422,304.9523010253906,0.02751830592751503,-0.9998317360877991,0.02751830592751503,-0.9998317360877991,0.02751830592751503,-0.9998317360877991,0.0,0.0,0.0,0.0
28.320263997,1190.841552734375,-1025.23486328125,743.0,-686.0,159.2332000732422,304.9523010253906,0.02751830592751503,-0.9998317360877991,0.02751830592751503,-0.9998317360877991,0.02751830592751503,-0.9998317360877991,0.0,0.0,0.0,0.0
28.340504161,1190.841552734375,-1025.23486328125,743.0,-686.0,159.2332000732422,304.9523010253906,0.02751830592751503,-0.9998317360877991,0.02751830592751503,-0.9998317360877991,0.02751830592751503,-0.9998317360877991,0.0,0.0,0.0,0.0
28.36056195,1190.841552734375,-1025.23486328125,806.0,-611.0,160.61390686035156,303.9761962890625,0.02751830592751503,-0.9998317360877991,0.02751830592751503,-0.9998317360877991,0.02751830592751503,-0.9998317360877991,0.0,0.0,0.0,0.0
28.38065871,1190.841552734375,-1025.23486328125,806.0,-611.0,160.61390686035156,303.9761962890625,0.02751830592751503,-0.9998317360877991,0.02751830592751503,-0.9998317360877991,0.02751830592751503,-0.9998317360877991,0.0,0.0,0.0,0.0
28.40061405,1200.92626953125,-1015.05322265625,806.0,-611.0,160.61390686035156,303.9761962890625,0.03088589943945408,-0.9997879862785339,0.03088589943945408,-0.9997879862785339,0.03088589943945408,-0.9997879862785339,0.0,0.0,0.0,0.0
28.420637157,1200.92626953125,-1015.05322265625,806.0,-611.0,160.61390686035156,303.9761962890625,0.03088589943945408,-0.9997879862785339,0.03088589943945408,-0.9997879862785339,0.03088589943945408,-0.9997879862785339,0.0,0.0,0.0,0.0
28.440536185,1200.92626953125,-1015.05322265625,806.0,-611.0,160.61390686035156,303.9761962890625,0.03088589943945408,-0.9997879862785339,0.03088589943945408,-0.9997879862785339,0.03088589943945408,-0.9997879862785339,0.0,0.0,0.0,0.0
28.460567418,1200.92626953125,-1015.05322265625,806.0,-600.0,161.80430603027344,302.8572998046875,0.03088589943945408,-0.9997879862785339,0.03088589943945408,-0.9997879862785339,0.03088589943945408,-0.9997879862785339,0.0,0.0,0.0,0.0
28.480340224,1221.450927734375,-994.2965698242188,806.0,-600.0,161.80430603027344,302.8572998046875,0.037745483219623566,-0.9996833205223083,0.037745483219623566,-0.9996833205223083,0.037745483219623566,-0.9996833205223083,0.0,0.0,0.0,0.0
28.500577636,1221.450927734375,-994.2965698242188,806.0,-600.0,161.80430603027344,302.8572998046875,0.037745483219623566,-0.9996833205223083,0.037745483219623566,-0.9996833205223083,0.037745483219623566,-0.9996833205223083,0.0,0.0,0.0,0.0
28.520272917,1251.853759765625,-963.4641723632812,806.0,-600.0,161.80430603027344,302.8572998046875,0.04792073369026184,-0.9994895458221436,0.04792073369026184,-0.9994895458221436,0.04792073369026184,-0.9994895458221436,0.0,0.0,0.0,0.0
28.540529974,1251.853759765625,-963.4641723632812,806.0,-600.0,161.80430603027344,302.8572998046875,0.04792073369026184,-0.9994895458221436,0.04792073369026184,-0.9994895458221436,0.04792073369026184,-0.9994895458221436,0.0,0.0,0.0,0.0
28.560550329,1271.8828125,-943.0958862304688,771.0,-634.0,163.16119384765625,301.8575134277344,0.054633431136608124,-0.9993364810943604,0.054633431136608124,-0.9993364810943604,0.054633431136608124,-0.9993364810943604,0.0,0.0,0.0,0.0
28.580578586,1271.8828125,-943.0958862304688,771.0,-634.0,163.16119384765625,301.8575134277344,0.054633431136608124,-0.9993364810943604,0.054633431136608124,-0.9993364810943604,0.054633431136608124,-0.9993364810943604,0.0,0.0,0.0,0.0
28.600222323,1282.0478515625,-932.7415771484375,771.0,-634.0,163.16119384765625,301.8575134277344,0.05804305896162987,-0.9992510676383972,0.05804305896162987,-0.9992510676383972,0.05804305896162987,-0.9992510676383972,0.0,0.0,0.0,0.0
28.620551146,1282.0478515625,-932.7415771484375,771.0,-634.0,163.16119384765625,301.8575134277344,0.05804305896162987,-0.9992510676383972,0.05804305896162987,-0.9992510676383972,0.05804305896162987,-0.9992510676383972,0.0,0.0,0.0,0.0
28.640656896,1282.0478515625,-932.7415771484375,771.0,-634.0,163.16119384765625,301.8575134277344,0.05804305896162987,-0.9992510676383972,0.05804305896162987,-0.9992510676383972,0.05804305896162987,-0.9992510676383972,0.0,0.0,0.0,0.0
28.660571186,1282.0478515625,-932.7415771484375,811.0,-583.0,164.70860290527344,301.0242004394531,0.05804305896162987,-0.9992510676383972,0.05804305896162987,-0.9992510676383972,0.05804305896162987,-0.9992510676383972,0.0,0.0,0.0,0.0
28.68061365,1282.0478515625,-932.7415771484375,811.0,-583.0,164.70860290527344,301.0242004394531,0.05804305896162987,-0.9992510676383972,0.05804305896162987,-0.9992510676383972,0.05804305896162987,-0.9992510676383972,0.0,0.0,0.0,0.0
28.700637172,1282.0478515625,-932.7415771484375,811.0,-583.0,164.70860290527344,301.0242004394531,0.05804305896162987,-0.9992510676383972,0.05804305896162987,-0.9992510676383972,0.05804305896162987,-0.9992510676383972,0.0,0.0,0.0,0.0
28.720385597,1282.0478515625,-932.7415771484375,811.0,-583.0,164.70860290527344,301.0242004394531,0.05804305896162987,-0.9992510676383972,0.05804305896162987,-0.9992510676383972,0.05804305896162987,-0.9992510676383972,0.0,0.0,0.0,0.0
28.740545452,1282.0478515625,-932.7415771484375,811.0,-583.0,164.70860290527344,301.0242004394531,0.05804305896162987,-0.9992510676383972,0.05804305896162987,-0.9992510676383972,0.05804305896162987,-0.9992510676383972,0.0,0.0,0.0,0.0
28.760538355,1292.204345703125,-922.3842163085938,874.0,-549.0,166.1132049560547,300.0719909667969,0.061451785266399384,-0.9991604685783386,0.061451785266399384,-0.9991604685783386,0.061451785266399384,-0.9991604685783386,0.0,0.0,0.0,0.0
28.780581139,1292.204345703125,-922.3842163085938,874.0,-549.0,166.1132049560547,300.0719909667969,0.061451785266399384,-0.9991604685783386,0.061451785266399384,-0.9991604685783386,0.061451785266399384,-0.9991604685783386,0.0,0.0,0.0,0.0
28.8005543,1292.204345703125,-922.3842163085938,874.0,-549.0,166.1132049560547,300.0719909667969,0.061451785266399384,-0.9991604685783386,0.061451785266399384,-0.9991604685783386,0.061451785266399384,-0.9991604685783386,0.0,0.0,0.0,0.0
28.820329186,1322.6219482421875,-891.2957763671875,874.0,-549.0,166.1132049560547,300.0719909667969,0.07167202979326248,-0.9988577961921692,0.07167202979326248,-0.9988577961921692,0.07167202979326248,-0.9988577961921692,0.0,0.0,0.0,0.0
28.84026584,1322.6219482421875,-891.2957763671875,874.0,-549.0,166.1132049560547,300.0719909667969,0.07167202979326248,-0.9988577961921692,0.07167202979326248,-0.9988577961921692,0.07167202979326248,-0.9988577961921692,0.0,0.0,0.0,0.0
28.860526545,1363.051513671875,-849.8124389648438,863.0,-560.0,167.47019958496094,299.0721130371094,0.08528323471546173,-0.9983823895454407,0.08528323471546173,-0.9983823895454407,0.08528323471546173,-0.9983823895454407,0.0,0.0,0.0,0.0
28.88062788,1363.051513671875,-849.8124389648438,863.0,-560.0,167.47019958496094,299.0721130371094,0.08528323471546173,-0.9983823895454407,0.08528323471546173,-0.9983823895454407,0.08528323471546173,-0.9983823895454407,0.0,0.0,0.0,0.0
28.900579477,1363.051513671875,-849.8124389648438,863.0,-560.0,167.47019958496094,299.0721130371094,0.08528323471546173,-0.9983823895454407,0.08528323471546173,-0.9983823895454407,0.08528323471546173,-0.9983823895454407,0.0,0.0,0.0,0.0
28.920657999,1413.3707275390625,-797.9213256835938,863.0,-560.0,167.47019958496094,299.0721130371094,0.10226717591285706,-0.9976731538772583,0.10226717591285706,-0.9976731538772583,0.10226717591285706,-0.9976731538772583,0.0,0.0,0.0,0.0
28.940373789,1413.3707275390625,-797.9213256835938,863.0,-560.0,167.47019958496094,299.0721130371094,0.10226717591285706,-0.9976731538772583,0.10226717591285706,-0.9976731538772583,0.10226717591285706,-0.9976731538772583,0.0,0.0,0.0,0.0
28.960354854,1433.4267578125,-777.1575317382812,857.0,-537.0,169.04139709472656,298.3341064453125,0.10905008018016815,-0.9973538517951965,0.10905008018016815,-0.9973538517951965,0.10905008018016815,-0.9973538517951965,0.0,0.0,0.0,0.0
28.980334862,1433.4267578125,-777.1575317382812,857.0,-537.0,169.04139709472656,298.3341064453125,0.10905008018016815,-0.9973538517951965,0.10905008018016815,-0.9973538517951965,0.10905008018016815,-0.9973538517951965,0.0,0.0,0.0,0.0
29.000348785,1433.4267578125,-777.1575317382812,857.0,-537.0,169.04139709472656,298.3341064453125,0.10905008018016815,-0.9973538517951965,0.10905008018016815,-0.9973538517951965,0.10905008018016815,-0.9973538517951965,0.0,0.0,0.0,0.0
29.020580725,1453.440185546875,-756.3914794921875,857.0,-537.0,169.04139709472656,298.3341064453125,0.11582625657320023,-0.9970142841339111,0.11582625657320023,-0.9970142841339111,0.11582625657320023,-0.9970142841339111,0.0,0.0,0.0,0.0
29.040303873,1453.440185546875,-756.3914794921875,857.0,-537.0,169.04139709472656,298.3341064453125,0.11582625657320023,-0.9970142841339111,0.11582625657320023,-0.9970142841339111,0.11582625657320023,-0.9970142841339111,0.0,0.0,0.0,0.0
29.060329154,1483.377685546875,-725.2410278320312,937.0,-451.0,170.8031005859375,297.739013671875,0.1259770393371582,-0.9964670538902283,0.1259770393371582,-0.9964670538902283,0.1259770393371582,-0.9964670538902283,0.0,0.0,0.0,0.0
29.080275726,1483.377685546875,-725.2410278320312,937.0,-451.0,170.8031005859375,297.739013671875,0.1259770393371582,-0.9964670538902283,0.1259770393371582,-0.9964670538902283,0.1259770393371582,-0.9964670538902283,0.0,0.0,0.0,0.0
29.100267508,1483.377685546875,-725.2410278320312,937.0,-451.0,170.8031005859375,297.739013671875,0.1259770393371582,-0.9964670538902283,0.1259770393371582,-0.9964670538902283,0.1259770393371582,-0.9964670538902283,0.0,0.0,0.0,0.0
29.120615399,1493.3343505859375,-714.8578491210938,937.0,-451.0,170.8031005859375,297.739013671875,0.12935683131217957,-0.9962745904922485,0.12935683131217957,-0.9962745904922485,0.12935683131217957,-0.9962745904922485,0.0,0.0,0.0,0.0
29.140264798,1493.3343505859375,-714.8578491210938,937.0,-451.0,170.8031005859375,297.739013671875,0.12935683131217957,-0.9962745904922485,0.12935683131217957,-0.9962745904922485,0.12935683131217957,-0.9962745904922485,0.0,0.0,0.0,0.0
29.160569143,1513.2127685546875,-694.0928344726562,1000.0,-400.0,172.42190551757812,297.0246887207031,0.13611042499542236,-0.9958745837211609,0.13611042499542236,-0.9958745837211609,0.13611042499542236,-0.9958745837211609,0.0,0.0,0.0,0.0
29.180232108,1513.2127685546875,-694.0928344726562,1000.0,-400.0,172.42190551757812,297.0246887207031,0.13611042499542236,-0.9958745837211609,0.13611042499542236,-0.9958745837211609,0.13611042499542236,-0.9958745837211609,0.0,0.0,0.0,0.0
29.200334786,1513.2127685546875,-694.0928344726562,1000.0,-400.0,172.42190551757812,297.0246887207031,0.13611042499542236,-0.9958745837211609,0.13611042499542236,-0.9958745837211609,0.13611042499542236,-0.9958745837211609,0.0,0.0,0.0,0.0
29.22026808,1533.0439453125,-673.3307495117188,1000.0,-400.0,172.42190551757812,297.0246887207031,0.1428556740283966,-0.9954546093940735,0.1428556740283966,-0.9954546093940735,0.1428556740283966,-0.9954546093940735,0.0,0.0,0.0,0.0
29.240206781,1533.0439453125,-673.3307495117188,1000.0,-400.0,172.42190551757812,297.0246887207031,0.1428556740283966,-0.9954546093940735,0.1428556740283966,-0.9954546093940735,0.1428556740283966,-0.9954546093940735,0.0,0.0,0.0,0.0
29.260379241,1552.8267822265625,-652.5729370117188,1000.0,-406.0,174.08839416503906,296.33441162109375,0.14959219098091125,-0.9950147271156311,0.14959219098091125,-0.9950147271156311,0.14959219098091125,-0.9950147271156311,0.0,0.0,0.0,0.0
29.280427591,1552.8267822265625,-652.5729370117188,1000.0,-406.0,174.08839416503906,296.33441162109375,0.14959219098091125,-0.9950147271156311,0.14959219098091125,-0.9950147271156311,0.14959219098091125,-0.9950147271156311,0.0,0.0,0.0,0.0
29.300594676,1552.8267822265625,-652.5729370117188,1000.0,-406.0,174.08839416503906,296.33441162109375,0.14959219098091125,-0.9950147271156311,0.14959219098091125,-0.9950147271156311,0.14959219098091125,-0.9950147271156311,0.0,0.0,0.0,0.0
29.320576667,1582.4080810546875,-621.44677734375,1000.0,-406.0,174.08839416503906,296.33441162109375,0.15967972576618195,-0.9943177103996277,0.15967972576618195,-0.9943177103996277,0.15967972576618195,-0.9943177103996277,0.0,0.0,0.0,0.0
29.340513641,1582.4080810546875,-621.44677734375,1000.0,-406.0,174.08839416503906,296.33441162109375,0.15967972576618195,-0.9943177103996277,0.15967972576618195,-0.9943177103996277,0.15967972576618195,-0.9943177103996277,0.0,0.0,0.0,0.0
29.360278255,1582.4080810546875,-621.44677734375,1023.0,-400.0,175.897705078125,295.76300048828125,0.15967972576618195,-0.9943177103996277,0.15967972576618195,-0.9943177103996277,0.15967972576618195,-0.9943177103996277,0.0,0.0,0.0,0.0
29.380532207,1602.0653076171875,-600.705078125,1023.0,-400.0,175.897705078125,295.76300048828125,0.16639268398284912,-0.9938284158706665,0.16639268398284912,-0.9938284158706665,0.16639268398284912,-0.9938284158706665,0.0,0.0,0.0,0.0
29.400519798,1602.0653076171875,-600.705078125,1023.0,-400.0,175.897705078125,295.76300048828125,0.16639268398284912,-0.9938284158706665,0.16639268398284912,-0.9938284158706665,0.16639268398284912,-0.9938284158706665,0.0,0.0,0.0,0.0
29.420385326,1631.452880859375,-569.609130859375,1023.0,-400.0,175.897705078125,295.76300048828125,0.17644304037094116,-0.9930576682090759,0.17644304037094116,-0.9930576682090759,0.17644304037094116,-0.9930576682090759,0.0,0.0,0.0,0.0
29.440606035,1631.452880859375,-569.609130859375,1023.0,-400.0,175.897705078125,295.76300048828125,0.17644304037094116,-0.9930576682090759,0.17644304037094116,-0.9930576682090759,0.17644304037094116,-0.9930576682090759,0.0,0.0,0.0,0.0
29.460530562,1660.7196044921875,-538.536865234375,1069.0,-343.0,177.73080444335938,295.2392883300781,0.18646937608718872,-0.9922430515289307,0.18646937608718872,-0.9922430515289307,0.18646937608718872,-0.9922430515289307,0.0,0.0,0.0,0.0
29.480648502,1660.7196044921875,-538.536865234375,1069.0,-343.0,177.73080444335938,295.2392883300781,0.18646937608718872,-0.9922430515289307,0.18646937608718872,-0.9922430515289307,0.18646937608718872,-0.9922430515289307,0.0,0.0,0.0,0.0
29.500326312,1660.7196044921875,-538.536865234375,1069.0,-343.0,177.73080444335938,295.2392883300781,0.18646937608718872,-0.9922430515289307,0.18646937608718872,-0.9922430515289307,0.18646937608718872,-0.9922430515289307,0.0,0.0,0.0,0.0
29.52035908,1699.5478515625,-497.1514892578125,1069.0,-343.0,177.73080444335938,295.2392883300781,0.19979819655418396,-0.9910893440246582,0.19979819655418396,-0.9910893440246582,0.19979819655418396,-0.9910893440246582,0.0,0.0,0.0,0.0
29.540325746,1699.5478515625,-497.1514892578125,1069.0,-343.0,177.73080444335938,295.2392883300781,0.19979819655418396,-0.9910893440246582,0.19979819655418396,-0.9910893440246582,0.19979819655418396,-0.9910893440246582,0.0,0.0,0.0,0.0
29.560308505,1699.5478515625,-497.1514892578125,1103.0,-303.0,179.58770751953125,294.7869873046875,0.19979819655418396,-0.9910893440246582,0.19979819655418396,-0.9910893440246582,0.19979819655418396,-0.9910893440246582,0.0,0.0,0.0,0.0
29.580568633,1757.3577880859375,-435.1883239746094,1103.0,-303.0,179.58770751953125,294.7869873046875,0.21970050036907196,-0.9892155528068542,0.21970050036907196,-0.9892155528068542,0.21970050036907196,-0.9892155528068542,0.0,0.0,0.0,0.0
29.600304035,1757.3577880859375,-435.1883239746094,1103.0,-303.0,179.58770751953125,294.7869873046875,0.21970050036907196,-0.9892155528068542,0.21970050036907196,-0.9892155528068542,0.21970050036907196,-0.9892155528068542,0.0,0.0,0.0,0.0
29.620307431,1814.0731201171875,-371.5425109863281,1103.0,-303.0,179.58770751953125,294.7869873046875,0.24932995438575745,-0.9860886931419373,0.23970049619674683,-0.9860886931419373,0.23970049619674683,-0.9860886931419373,0.0,0.0,0.0,0.0
29.640286959,1843.04833984375,-342.5672607421875,1103.0,-303.0,179.58770751953125,294.7869873046875,0.24932995438575745,-0.9860886931419373,0.24932995438575745,-0.9860886931419373,0.24932995438575745,-0.9860886931419373,0.0,0.0,0.0,0.0
29.660248057,1900.25,-279.4077453613281,1137.0,-263.0,181.63499450683594,294.45361328125,0.2721712291240692,-0.9834006428718567,0.2693299353122711,-0.9834006428718567,0.2693299353122711,-0.9834006428718567,0.0,0.0,0.0,0.0
29.680255964,1908.7994384765625,-270.8582458496094,1137.0,-263.0,181.63499450683594,294.45361328125,0.2721712291240692,-0.9834006428718567,0.2721712291240692,-0.9834006428718567,0.2721712291240692,-0.9834006428718567,0.0,0.0,0.0,0.0
29.70050019,1908.7994384765625,-270.8582458496094,1137.0,-263.0,181.63499450683594,294.45361328125,0.2721712291240692,-0.9834006428718567,0.2721712291240692,-0.9834006428718567,0.2721712291240692,-0.9834006428718567,0.0,0.0,0.0,0.0
29.720385971,1946.003173828125,-230.03228759765625,1137.0,-263.0,181.63499450683594,294.45361328125,0.2851371765136719,-0.981766402721405,0.2851371765136719,-0.981766402721405,0.2851371765136719,-0.981766402721405,0.0,0.0,0.0,0.0
29.740402837,1946.003173828125,-230.03228759765625,1137.0,-263.0,181.63499450683594,294.45361328125,0.2851371765136719,-0.981766402721405,0.2851371765136719,-0.981766402721405,0.2851371765136719,-0.981766402721405,0.0,0.0,0.0,0.0
29.760396027,1946.003173828125,-230.03228759765625,1269.0,-171.0,183.94419860839844,294.406005859375,0.2851371765136719,-0.981766402721405,0.2851371765136719,-0.981766402721405,0.2851371765136719,-0.981766402721405,0.0,0.0,0.0,0.0
29.780348614,1964.501953125,-209.6641082763672,1269.0,-171.0,183.94419860839844,294.406005859375,0.29159554839134216,-0.9809229373931885,0.29159554839134216,-0.9809229373931885,0.29159554839134216,-0.9809229373931885,0.0,0.0,0.0,0.0
29.800334861,1964.501953125,-209.6641082763672,1269.0,-171.0,183.94419860839844,294.406005859375,0.29159554839134216,-0.9809229373931885,0.29159554839134216,-0.9809229373931885,0.29159554839134216,-0.9809229373931885,0.0,0.0,0.0,0.0
29.820638214,1964.501953125,-209.6641082763672,1269.0,-171.0,183.94419860839844,294.406005859375,0.29159554839134216,-0.9809229373931885,0.29159554839134216,-0.9809229373931885,0.29159554839134216,-0.9809229373931885,0.0,0.0,0.0,0.0
29.840455205,1992.1187744140625,-179.17092895507812,1269.0,-171.0,183.94419860839844,294.406005859375,0.30125150084495544,-0.9796252250671387,0.30125150084495544,-0.9796252250671387,0.30125150084495544,-0.9796252250671387,0.0,0.0,0.0,0.0
29.860347833,1992.1187744140625,-179.17092895507812,1354.0,-74.0,186.22959899902344,294.3822021484375,0.30125150084495544,-0.9796252250671387,0.30125150084495544,-0.9796252250671387,0.30125150084495544,-0.9796252250671387,0.0,0.0,0.0,0.0
29.880280871,2028.6923828125,-138.62939453125,1354.0,-74.0,186.22959899902344,294.3822021484375,0.31406545639038086,-0.9778349995613098,0.31406545639038086,-0.9778349995613098,0.31406545639038086,-0.9778349995613098,0.0,0.0,0.0,0.0
29.900358241,2028.6923828125,-138.62939453125,1354.0,-74.0,186.22959899902344,294.3822021484375,0.31406545639038086,-0.9778349995613098,0.31406545639038086,-0.9778349995613098,0.31406545639038086,-0.9778349995613098,0.0,0.0,0.0,0.0
29.920291631,2074.0009765625,-88.15100860595703,1354.0,-74.0,186.22959899902344,294.3822021484375,0.32998207211494446,-0.9755025506019592,0.32998207211494446,-0.9755025506019592,0.32998207211494446,-0.9755025506019592,0.0,0.0,0.0,0.0
29.940191234,2074.0009765625,-88.15100860595703,1354.0,-74.0,186.22959899902344,294.3822021484375,0.32998207211494446,-0.9755025506019592,0.32998207211494446,-0.9755025506019592,0.32998207211494446,-0.9755025506019592,0.0,0.0,0.0,0.0
29.960240255,2103.05029296875,-55.63745880126953,1377.0,-23.0,188.46749877929688,294.310791015625,0.34021174907684326,-0.9739395380020142,0.34021174907684326,-0.9739395380020142,0.34021174907684326,-0.9739395380020142,0.0,0.0,0.0,0.0
29.980252418,2103.05029296875,-55.63745880126953,1377.0,-23.0,188.46749877929688,294.310791015625,0.34021174907684326,-0.9739395380020142,0.34021174907684326,-0.9739395380020142,0.34021174907684326,-0.9739395380020142,0.0,0.0,0.0,0.0
30.000206957,2103.05029296875,-55.63745880126953,1377.0,-23.0,188.46749877929688,294.310791015625,0.34021174907684326,-0.9739395380020142,0.34021174907684326,-0.9739395380020142,0.34021174907684326,-0.9739395380020142,0.0,0.0,0.0,0.0
30.020303043,2134.185302734375,-20.65756607055664,1377.0,-23.0,188.46749877929688,294.310791015625,0.35119783878326416,-0.972204864025116,0.35119783878326416,-0.972204864025116,0.35119783878326416,-0.972204864025116,0.0,0.0,0.0,0.0
30.040453425,2134.185302734375,-20.65756607055664,1377.0,-23.0,188.46749877929688,294.310791015625,0.35119783878326416,-0.972204864025116,0.35119783878326416,-0.972204864025116,0.35119783878326416,-0.972204864025116,0.0,0.0,0.0,0.0
30.060320167,2134.185302734375,-20.65756607055664,1389.0,-23.0,190.96710205078125,294.310791015625,0.35119783878326416,-0.972204864025116,0.35119783878326416,-0.972204864025116,0.35119783878326416,-0.972204864025116,0.0,0.0,0.0,0.0
30.080433275,2160.948486328125,9.520590782165527,1389.0,-23.0,190.96710205078125,294.310791015625,0.3606595993041992,-0.9706640839576721,0.3606595993041992,-0.9706640839576721,0.3606595993041992,-0.9706640839576721,0.0,0.0,0.0,0.0
30.100471609,2160.948486328125,9.520590782165527,1389.0,-23.0,190.96710205078125,294.310791015625,0.3606595993041992,-0.9706640839576721,0.3606595993041992,-0.9706640839576721,0.3606595993041992,-0.9706640839576721,0.0,0.0,0.0,0.0
30.120390248,2200.9033203125,54.76575469970703,1389.0,-23.0,190.96710205078125,294.310791015625,0.37481701374053955,-0.9682773351669312,0.37481701374053955,-0.9682773351669312,0.37481701374053955,-0.9682773351669312,0.0,0.0,0.0,0.0
30.140335892,2200.9033203125,54.76575469970703,1389.0,-23.0,190.96710205078125,294.310791015625,0.37481701374053955,-0.9682773351669312,0.37481701374053955,-0.9682773351669312,0.37481701374053955,-0.9682773351669312,0.0,0.0,0.0,0.0
30.160264481,2200.9033203125,54.76575469970703,1463.0,-6.0,193.514404296875,294.3345947265625,0.37481701374053955,-0.9682773351669312,0.37481701374053955,-0.9682773351669312,0.37481701374053955,-0.9682773351669312,0.0,0.0,0.0,0.0
30.180459593,2232.01416015625,90.15679931640625,1463.0,-6.0,193.514404296875,294.3345947265625,0.3858674168586731,-0.9663462042808533,0.3858674168586731,-0.9663462042808533,0.3858674168586731,-0.9663462042808533,0.0,0.0,0.0,0.0
30.200285638,2232.01416015625,90.15679931640625,1463.0,-6.0,193.514404296875,294.3345947265625,0.3858674168586731,-0.9663462042808533,0.3858674168586731,-0.9663462042808533,0.3858674168586731,-0.9663462042808533,0.0,0.0,0.0,0.0
30.220419318,2260.752197265625,122.97539520263672,1463.0,-6.0,193.514404296875,294.3345947265625,0.39609605073928833,-0.964505136013031,0.39609605073928833,-0.964505136013031,0.39609605073928833,-0.964505136013031,0.0,0.0,0.0,0.0
30.240311977,2260.752197265625,122.97539520263672,1463.0,-6.0,193.514404296875,294.3345947265625,0.39609605073928833,-0.964505136013031,0.39609605073928833,-0.964505136013031,0.39609605073928833,-0.964505136013031,0.0,0.0,0.0,0.0
30.260373092,2260.752197265625,122.97539520263672,1526.0,23.0,196.03790283203125,294.4298095703125,0.39609605073928833,-0.964505136013031,0.39609605073928833,-0.964505136013031,0.39609605073928833,-0.964505136013031,0.0,0.0,0.0,0.0
30.280338445,2280.673095703125,145.79722595214844,1526.0,23.0,196.03790283203125,294.4298095703125,0.4031984806060791,-0.9631962776184082,0.4031984806060791,-0.9631962776184082,0.4031984806060791,-0.9631962776184082,0.0,0.0,0.0,0.0
30.300357869,2280.673095703125,145.79722595214844,1526.0,23.0,196.03790283203125,294.4298095703125,0.4031984806060791,-0.9631962776184082,0.4031984806060791,-0.9631962776184082,0.4031984806060791,-0.9631962776184082,0.0,0.0,0.0,0.0
30.320518042,2289.399658203125,155.8133087158203,1526.0,23.0,196.03790283203125,294.4298095703125,0.40631288290023804,-0.9626144766807556,0.40631288290023804,-0.9626144766807556,0.40631288290023804,-0.9626144766807556,0.0,0.0,0.0,0.0
30.340316762,2289.399658203125,155.8133087158203,1526.0,23.0,196.03790283203125,294.4298095703125,0.40631288290023804,-0.9626144766807556,0.40631288290023804,-0.9626144766807556,0.40631288290023804,-0.9626144766807556,0.0,0.0,0.0,0.0
30.360355545,2289.399658203125,155.8133087158203,1531.0,34.0,198.65660095214844,294.45361328125,0.40631288290023804,-0.9626144766807556,0.40631288290023804,-0.9626144766807556,0.40631288290023804,-0.9626144766807556,0.0,0.0,0.0,0.0
30.380307811,2300.57666015625,168.65887451171875,1531.0,34.0,198.65660095214844,294.45361328125,0.41030460596084595,-0.9618616700172424,0.41030460596084595,-0.9618616700172424,0.41030460596084595,-0.9618616700172424,0.0,0.0,0.0,0.0
30.400358591,2300.57666015625,168.65887451171875,1531.0,34.0,198.65660095214844,294.45361328125,0.41030460596084595,-0.9618616700172424,0.41030460596084595,-0.9618616700172424,0.41030460596084595,-0.9618616700172424,0.0,0.0,0.0,0.0
30.420388223,2326.606689453125,198.64874267578125,1531.0,34.0,198.65660095214844,294.45361328125,0.4196132719516754,-0.9600751399993896,0.4196132719516754,-0.9600751399993896,0.4196132719516754,-0.9600751399993896,0.0,0.0,0.0,0.0
30.440270067,2326.606689453125,198.64874267578125,1531.0,34.0,198.65660095214844,294.45361328125,0.4196132719516754,-0.9600751399993896,0.4196132719516754,-0.9600751399993896,0.4196132719516754,-0.9600751399993896,0.0,0.0,0.0,0.0
30.460262328,2326.606689453125,198.64874267578125,1583.0,34.0,201.37049865722656,294.52508544921875,0.4196132719516754,-0.9600751399993896,0.4196132719516754,-0.9600751399993896,0.4196132719516754,-0.9600751399993896,0.0,0.0,0.0,0.0
30.480389641,2372.14990234375,251.3709716796875,1583.0,34.0,201.37049865722656,294.52508544921875,0.4359416961669922,-0.9568361639976501,0.4359416961669922,-0.9568361639976501,0.4359416961669922,-0.9568361639976501,0.0,0.0,0.0,0.0
30.500266942,2372.14990234375,251.3709716796875,1583.0,34.0,201.37049865722656,294.52508544921875,0.4359416961669922,-0.9568361639976501,0.4359416961669922,-0.9568361639976501,0.4359416961669922,-0.9568361639976501,0.0,0.0,0.0,0.0
30.520423468,2417.287109375,303.94403076171875,1583.0,34.0,201.37049865722656,294.52508544921875,0.4521779417991638,-0.9534813761711121,0.4521779417991638,-0.9534813761711121,0.4521779417991638,-0.9534813761711121,0.0,0.0,0.0,0.0
30.540290466,2417.287109375,303.94403076171875,1583.0,34.0,201.37049865722656,294.52508544921875,0.4521779417991638,-0.9534813761711121,0.4521779417991638,-0.9534813761711121,0.4521779417991638,-0.9534813761711121,0.0,0.0,0.0,0.0
30.560454863,2417.287109375,303.94403076171875,1611.0,57.0,204.03680419921875,294.7392883300781,0.4521779417991638,-0.9534813761711121,0.4521779417991638,-0.9534813761711121,0.4521779417991638,-0.9534813761711121,0.0,0.0,0.0,0.0
30.58044114,2456.378662109375,349.7384338378906,1611.0,57.0,204.03680419921875,294.7392883300781,0.4662831425666809,-0.9504572153091431,0.4662831425666809,-0.9504572153091431,0.4662831425666809,-0.9504572153091431,0.0,0.0,0.0,0.0
30.600345349,2456.378662109375,349.7384338378906,1611.0,57.0,204.03680419921875,294.7392883300781,0.4662831425666809,-0.9504572153091431,0.4662831425666809,-0.9504572153091431,0.4662831425666809,-0.9504572153091431,0.0,0.0,0.0,0.0
30.621035623,2492.53759765625,392.3190612792969,1611.0,57.0,204.03680419921875,294.7392883300781,0.4793670177459717,-0.9475599527359009,0.4793670177459717,-0.9475599527359009,0.4793670177459717,-0.9475599527359009,0.0,0.0,0.0,0.0
30.640361066,2492.53759765625,392.3190612792969,1611.0,57.0,204.03680419921875,294.7392883300781,0.4793670177459717,-0.9475599527359009,0.4793670177459717,-0.9475599527359009,0.4793670177459717,-0.9475599527359009,0.0,0.0,0.0,0.0
30.660599596,2492.53759765625,392.3190612792969,1646.0,131.0,206.9174041748047,295.0726013183594,0.4793670177459717,-0.9475599527359009,0.4793670177459717,-0.9475599527359009,0.4793670177459717,-0.9475599527359009,0.0,0.0,0.0,0.0
30.680426248,2509.10498046875,411.9007568359375,1646.0,131.0,206.9174041748047,295.0726013183594,0.4853737950325012,-0.9461999535560608,0.4853737950325012,-0.9461999535560608,0.4853737950325012,-0.9461999535560608,0.0,0.0,0.0,0.0
30.70049789,2509.10498046875,411.9007568359375,1646.0,131.0,206.9174041748047,295.0726013183594,0.4853737950325012,-0.9461999535560608,0.4853737950325012,-0.9461999535560608,0.4853737950325012,-0.9461999535560608,0.0,0.0,0.0,0.0
30.720376919,2509.10498046875,411.9007568359375,1646.0,131.0,206.9174041748047,295.0726013183594,0.4853737950325012,-0.9461999535560608,0.4853737950325012,-0.9461999535560608,0.4853737950325012,-0.9461999535560608,0.0,0.0,0.0,0.0
30.740284071,2509.10498046875,411.9007568359375,1646.0,131.0,206.9174041748047,295.0726013183594,0.4853737950325012,-0.9461999535560608,0.4853737950325012,-0.9461999535560608,0.4853737950325012,-0.9461999535560608,0.0,0.0,0.0,0.0
30.760282411,2509.10498046875,411.9007568359375,1731.0,189.0,209.89320373535156,295.4534912109375,0.4853737950325012,-0.9461999535560608,0.4853737950325012,-0.9461999535560608,0.4853737950325012,-0.9461999535560608,0.0,0.0,0.0,0.0
30.780267889,2509.10498046875,411.9007568359375,1731.0,189.0,209.89320373535156,295.4534912109375,0.4853737950325012,-0.9461999535560608,0.4853737950325012,-0.9461999535560608,0.4853737950325012,-0.9461999535560608,0.0,0.0,0.0,0.0
30.800276083,2441.613037109375,298.8512268066406,1731.0,189.0,209.89320373535156,295.4534912109375,0.383561372756958,-0.9667541980743408,0.4553737938404083,-0.9667541980743408,0.4553737938404083,-0.9667541980743408,0.0,0.0,0.0,0.0
30.820624613,2351.342041015625,208.58041381835938,1731.0,189.0,209.89320373535156,295.4534912109375,0.383561372756958,-0.9667541980743408,0.42537379264831543,-0.9667541980743408,0.42537379264831543,-0.9667541980743408,0.0,0.0,0.0,0.0
30.840617066,2284.25439453125,95.12641906738281,1731.0,189.0,209.89320373535156,295.4534912109375,0.23479291796684265,-0.9876734018325806,0.39537379145622253,-0.9876734018325806,0.39537379145622253,-0.9876734018325806,0.0,0.0,0.0,0.0
30.860364849,2193.983642578125,4.855610370635986,1749.0,206.0,212.75,295.69158935546875,0.23479291796684265,-0.9876734018325806,0.36537379026412964,-0.9876734018325806,0.36537379026412964,-0.9876734018325806,0.0,0.0,0.0,0.0
30.88037042,2113.759033203125,-95.46142578125,1749.0,206.0,212.75,295.69158935546875,0.12104811519384384,-0.9967385530471802,0.33537378907203674,-0.9967385530471802,0.33537378907203674,-0.9967385530471802,0.0,0.0,0.0,0.0
30.900328126,2023.48828125,-185.73223876953125,1749.0,206.0,212.75,295.69158935546875,0.12104811519384384,-0.9967385530471802,0.30537378787994385,-0.9967385530471802,0.30537378787994385,-0.9967385530471802,0.0,0.0,0.0,0.0
30.920454,1933.2174072265625,-276.0030517578125,1749.0,206.0,212.75,295.69158935546875,0.12104811519384384,-0.9967385530471802,0.27537378668785095,-0.9967385530471802,0.27537378668785095,-0.9967385530471802,0.0,0.0,0.0,0.0
30.94039142,1844.8253173828125,-368.1525573730469,1749.0,206.0,212.75,295.69158935546875,0.08392007648944855,-0.9984337687492371,0.24537380039691925,-0.9984337687492371,0.24537380039691925,-0.9984337687492371,0.0,0.0,0.0,0.0
30.960393919,1754.5545654296875,-458.4233703613281,1611.0,51.0,214.94020080566406,295.4059143066406,0.08392007648944855,-0.9984337687492371,0.21537379920482635,-0.9984337687492371,0.21537379920482635,-0.9984337687492371,0.0,0.0,0.0,0.0
30.980391171,1664.28369140625,-548.6941528320312,1611.0,51.0,214.94020080566406,295.4059143066406,0.08392007648944855,-0.9984337687492371,0.18537379801273346,-0.9984337687492371,0.18537379801273346,-0.9984337687492371,0.0,0.0,0.0,0.0
31.000265752,1574.012939453125,-638.9649658203125,1611.0,51.0,214.94020080566406,295.4059143066406,0.08392007648944855,-0.9984337687492371,0.15537379682064056,-0.9984337687492371,0.15537379682064056,-0.9984337687492371,0.0,0.0,0.0,0.0
31.020550418,1483.7420654296875,-729.2357788085938,1611.0,51.0,214.94020080566406,295.4059143066406,0.08392007648944855,-0.9984337687492371,0.12537379562854767,-0.9984337687492371,0.12537379562854767,-0.9984337687492371,0.0,0.0,0.0,0.0
31.040341939,1393.4713134765625,-819.506591796875,1611.0,51.0,214.94020080566406,295.4059143066406,0.08392007648944855,-0.9984337687492371,0.09537379443645477,-0.9984337687492371,0.09537379443645477,-0.9984337687492371,0.0,0.0,0.0,0.0
31.060271423,1359.0067138671875,-853.9711303710938,1291.0,-223.0,216.3686065673828,294.52508544921875,0.08392007648944855,-0.9984337687492371,0.08392007648944855,-0.9984337687492371,0.08392007648944855,-0.9984337687492371,0.0,0.0,0.0,0.0
31.080396624,1359.0067138671875,-853.9711303710938,1291.0,-223.0,216.3686065673828,294.52508544921875,0.08392007648944855,-0.9984337687492371,0.08392007648944855,-0.9984337687492371,0.08392007648944855,-0.9984337687492371,0.0,0.0,0.0,0.0
31.100389524,1359.0067138671875,-853.9711303710938,1291.0,-223.0,216.3686065673828,294.52508544921875,0.08392007648944855,-0.9984337687492371,0.08392007648944855,-0.9984337687492371,0.08392007648944855,-0.9984337687492371,0.0,0.0,0.0,0.0
31.12035046,1359.0067138671875,-853.9711303710938,1291.0,-223.0,216.3686065673828,294.52508544921875,0.08392007648944855,-0.9984337687492371,0.08392007648944855,-0.9984337687492371,0.08392007648944855,-0.9984337687492371,0.0,0.0,0.0,0.0
31.140402903,1339.8924560546875,-873.5978393554688,1291.0,-223.0,216.3686065673828,294.52508544921875,0.07748262584209442,-0.9986649751663208,0.07748262584209442,-0.9986649751663208,0.07748262584209442,-0.9986649751663208,0.0,0.0,0.0,0.0
31.16033018,1339.8924560546875,-873.5978393554688,914.0,-520.0,217.5113067626953,293.3109130859375,0.07748262584209442,-0.9986649751663208,0.07748262584209442,-0.9986649751663208,0.07748262584209442,-0.9986649751663208,0.0,0.0,0.0,0.0
31.180492623,1320.2916259765625,-893.68115234375,914.0,-520.0,217.5113067626953,293.3109130859375,0.0708884447813034,-0.9988826513290405,0.0708884447813034,-0.9988826513290405,0.0708884447813034,-0.9988826513290405,0.0,0.0,0.0,0.0
31.200402399,1320.2916259765625,-893.68115234375,914.0,-520.0,217.5113067626953,293.3109130859375,0.0708884447813034,-0.9988826513290405,0.0708884447813034,-0.9988826513290405,0.0708884447813034,-0.9988826513290405,0.0,0.0,0.0,0.0
31.220354184,1320.2916259765625,-893.68115234375,914.0,-520.0,217.5113067626953,293.3109130859375,0.0708884447813034,-0.9988826513290405,0.0708884447813034,-0.9988826513290405,0.0708884447813034,-0.9988826513290405,0.0,0.0,0.0,0.0
31.240364585,1310.72607421875,-903.4664916992188,914.0,-520.0,217.5113067626953,293.3109130859375,0.067672960460186,-0.998981773853302,0.067672960460186,-0.998981773853302,0.067672960460186,-0.998981773853302,0.0,0.0,0.0,0.0
31.260346095,1310.72607421875,-903.4664916992188,840.0,-589.0,219.20159912109375,292.6205139160156,0.067672960460186,-0.998981773853302,0.067672960460186,-0.998981773853302,0.067672960460186,-0.998981773853302,0.0,0.0,0.0,0.0
31.280329108,1291.1802978515625,-923.428955078125,840.0,-589.0,219.20159912109375,292.6205139160156,0.061108022928237915,-0.9991698265075684,0.061108022928237915,-0.9991698265075684,0.061108022928237915,-0.9991698265075684,0.0,0.0,0.0,0.0
31.300264223,1291.1802978515625,-923.428955078125,840.0,-589.0,219.20159912109375,292.6205139160156,0.061108022928237915,-0.9991698265075684,0.061108022928237915,-0.9991698265075684,0.061108022928237915,-0.9991698265075684,0.0,0.0,0.0,0.0
31.320314235,1291.1802978515625,-923.428955078125,840.0,-589.0,219.20159912109375,292.6205139160156,0.061108022928237915,-0.9991698265075684,0.061108022928237915,-0.9991698265075684,0.061108022928237915,-0.9991698265075684,0.0,0.0,0.0,0.0
31.340324092,1281.24267578125,-933.56201171875,840.0,-589.0,219.20159912109375,292.6205139160156,0.05777294933795929,-0.9992579817771912,0.05777294933795929,-0.9992579817771912,0.05777294933795929,-0.9992579817771912,0.0,0.0,0.0,0.0
31.360353147,1281.24267578125,-933.56201171875,909.0,-520.0,220.72520446777344,291.81109619140625,0.05777294933795929,-0.9992579817771912,0.05777294933795929,-0.9992579817771912,0.05777294933795929,-0.9992579817771912,0.0,0.0,0.0,0.0
31.380461134,1261.796630859375,-953.358642578125,909.0,-520.0,220.72520446777344,291.81109619140625,0.051252108067274094,-0.9994161128997803,0.051252108067274094,-0.9994161128997803,0.051252108067274094,-0.9994161128997803,0.0,0.0,0.0,0.0
31.400321892,1261.796630859375,-953.358642578125,909.0,-520.0,220.72520446777344,291.81109619140625,0.051252108067274094,-0.9994161128997803,0.051252108067274094,-0.9994161128997803,0.051252108067274094,-0.9994161128997803,0.0,0.0,0.0,0.0
31.420319111,1261.796630859375,-953.358642578125,909.0,-520.0,220.72520446777344,291.81109619140625,0.051252108067274094,-0.9994161128997803,0.051252108067274094,-0.9994161128997803,0.051252108067274094,-0.9994161128997803,0.0,0.0,0.0,0.0
31.440397887,1242.40380859375,-973.0586547851562,909.0,-520.0,220.72520446777344,291.81109619140625,0.04475618153810501,-0.9995547533035278,0.04475618153810501,-0.9995547533035278,0.04475618153810501,-0.9995547533035278,0.0,0.0,0.0,0.0
31.46036231,1242.40380859375,-973.0586547851562,880.0,-537.0,221.89169311523438,290.66839599609375,0.04475618153810501,-0.9995547533035278,0.04475618153810501,-0.9995547533035278,0.04475618153810501,-0.9995547533035278,0.0,0.0,0.0,0.0
31.480378119,1232.5958251953125,-983.006103515625,880.0,-537.0,221.89169311523438,290.66839599609375,0.041473500430583954,-0.9996176958084106,0.041473500430583954,-0.9996176958084106,0.041473500430583954,-0.9996176958084106,0.0,0.0,0.0,0.0
31.500546417,1232.5958251953125,-983.006103515625,880.0,-537.0,221.89169311523438,290.66839599609375,0.041473500430583954,-0.9996176958084106,0.041473500430583954,-0.9996176958084106,0.041473500430583954,-0.9996176958084106,0.0,0.0,0.0,0.0
31.520339505,1232.5958251953125,-983.006103515625,880.0,-537.0,221.89169311523438,290.66839599609375,0.041473500430583954,-0.9996176958084106,0.041473500430583954,-0.9996176958084106,0.041473500430583954,-0.9996176958084106,0.0,0.0,0.0,0.0
31.540373775,1223.0654296875,-992.6618041992188,880.0,-537.0,221.89169311523438,290.66839599609375,0.03828539699316025,-0.9996742010116577,0.03828539699316025,-0.9996742010116577,0.03828539699316025,-0.9996742010116577,0.0,0.0,0.0,0.0
31.560284062,1223.0654296875,-992.6618041992188,789.0,-629.0,223.27239990234375,289.59710693359375,0.03828539699316025,-0.9996742010116577,0.03828539699316025,-0.9996742010116577,0.03828539699316025,-0.9996742010116577,0.0,0.0,0.0,0.0
31.580322171,1213.3055419921875,-1002.5394897460938,789.0,-629.0,223.27239990234375,289.59710693359375,0.035022296011447906,-0.9997273683547974,0.035022296011447906,-0.9997273683547974,0.035022296011447906,-0.9997273683547974,0.0,0.0,0.0,0.0
31.60026983,1213.3055419921875,-1002.5394897460938,789.0,-629.0,223.27239990234375,289.59710693359375,0.035022296011447906,-0.9997273683547974,0.035022296011447906,-0.9997273683547974,0.035022296011447906,-0.9997273683547974,0.0,0.0,0.0,0.0
31.620283494,1213.3055419921875,-1002.5394897460938,789.0,-629.0,223.27239990234375,289.59710693359375,0.035022296011447906,-0.9997273683547974,0.035022296011447906,-0.9997273683547974,0.035022296011447906,-0.9997273683547974,0.0,0.0,0.0,0.0
31.64044533,1213.3055419921875,-1002.5394897460938,789.0,-629.0,223.27239990234375,289.59710693359375,0.035022296011447906,-0.9997273683547974,0.035022296011447906,-0.9997273683547974,0.035022296011447906,-0.9997273683547974,0.0,0.0,0.0,0.0
31.660335588,1213.3055419921875,-1002.5394897460938,794.0,-640.0,224.7008056640625,288.6448974609375,0.035022296011447906,-0.9997273683547974,0.035022296011447906,-0.9997273683547974,0.035022296011447906,-0.9997273683547974,0.0,0.0,0.0,0.0
31.68038272,1184.7169189453125,-1031.4127197265625,794.0,-640.0,224.7008056640625,288.6448974609375,0.025474030524492264,-0.9998557567596436,0.025474030524492264,-0.9998557567596436,0.025474030524492264,-0.9998557567596436,0.0,0.0,0.0,0.0
31.700339177,1184.7169189453125,-1031.4127197265625,794.0,-640.0,224.7008056640625,288.6448974609375,0.025474030524492264,-0.9998557567596436,0.025474030524492264,-0.9998557567596436,0.025474030524492264,-0.9998557567596436,0.0,0.0,0.0,0.0
31.720342475,1184.7169189453125,-1031.4127197265625,794.0,-640.0,224.7008056640625,288.6448974609375,0.025474030524492264,-0.9998557567596436,0.025474030524492264,-0.9998557567596436,0.025474030524492264,-0.9998557567596436,0.0,0.0,0.0,0.0
31.740413763,1094.5445556640625,-1121.7821044921875,794.0,-640.0,224.7008056640625,288.6448974609375,-0.015788597986102104,-0.9999446272850037,-0.004525968339294195,-0.9999446272850037,-0.004525968339294195,-0.9999446272850037,0.0,0.0,0.0,0.0
31.76037278,1060.655029296875,-1155.671630859375,823.0,-606.0,226.2006072998047,287.35931396484375,-0.015788597986102104,-0.9999446272850037,-0.015788597986102104,-0.9999446272850037,-0.015788597986102104,-0.9999446272850037,0.0,0.0,0.0,0.0
31.780372718,999.6576538085938,-1215.035400390625,823.0,-606.0,226.2006072998047,287.35931396484375,-0.05970108509063721,-0.999207615852356,-0.03578859940171242,-0.999207615852356,-0.03578859940171242,-0.999207615852356,0.0,0.0,0.0,0.0
31.800307514,939.4771118164062,-1275.2159423828125,823.0,-606.0,226.2006072998047,287.35931396484375,-0.05970108509063721,-0.999207615852356,-0.05578859895467758,-0.999207615852356,-0.05578859895467758,-0.999207615852356,0.0,0.0,0.0,0.0
31.820385778,927.704345703125,-1286.98876953125,823.0,-606.0,226.2006072998047,287.35931396484375,-0.05970108509063721,-0.999207615852356,-0.05970108509063721,-0.999207615852356,-0.05970108509063721,-0.999207615852356,0.0,0.0,0.0,0.0
31.8403901,866.5054931640625,-1346.1510009765625,823.0,-606.0,226.2006072998047,287.35931396484375,-0.087715744972229,-0.9982887506484985,-0.07970108091831207,-0.9982887506484985,-0.07970108091831207,-0.9982887506484985,0.0,0.0,0.0,0.0
31.860350396,842.38916015625,-1370.267333984375,726.0,-714.0,227.1053009033203,285.835693359375,-0.087715744972229,-0.9982887506484985,-0.087715744972229,-0.9982887506484985,-0.087715744972229,-0.9982887506484985,0.0,0.0,0.0,0.0
31.880602427,804.8995971679688,-1406.6201171875,726.0,-714.0,227.1053009033203,285.835693359375,-0.09998589754104614,-0.9977759122848511,-0.09998589754104614,-0.9977759122848511,-0.09998589754104614,-0.9977759122848511,0.0,0.0,0.0,0.0
31.900308903,804.8995971679688,-1406.6201171875,726.0,-714.0,227.1053009033203,285.835693359375,-0.09998589754104614,-0.9977759122848511,-0.09998589754104614,-0.9977759122848511,-0.09998589754104614,-0.9977759122848511,0.0,0.0,0.0,0.0
31.920254481,804.8995971679688,-1406.6201171875,726.0,-714.0,227.1053009033203,285.835693359375,-0.09998589754104614,-0.9977759122848511,-0.09998589754104614,-0.9977759122848511,-0.09998589754104614,-0.9977759122848511,0.0,0.0,0.0,0.0
31.940415069,785.870849609375,-1425.015869140625,726.0,-714.0,227.1053009033203,285.835693359375,-0.10620459914207458,-0.9974902868270874,-0.10620459914207458,-0.9974902868270874,-0.10620459914207458,-0.9974902868270874,0.0,0.0,0.0,0.0
31.960402049,785.870849609375,-1425.015869140625,514.0,-880.0,227.7241973876953,284.1217041015625,-0.10620459914207458,-0.9974902868270874,-0.10620459914207458,-0.9974902868270874,-0.10620459914207458,-0.9974902868270874,0.0,0.0,0.0,0.0
31.980421537,777.0493774414062,-1433.5311279296875,514.0,-880.0,227.7241973876953,284.1217041015625,-0.10908538103103638,-0.997352123260498,-0.10908538103103638,-0.997352123260498,-0.10908538103103638,-0.997352123260498,0.0,0.0,0.0,0.0
32.000349581,777.0493774414062,-1433.5311279296875,514.0,-880.0,227.7241973876953,284.1217041015625,-0.10908538103103638,-0.997352123260498,-0.10908538103103638,-0.997352123260498,-0.10908538103103638,-0.997352123260498,0.0,0.0,0.0,0.0
32.020586413,777.0493774414062,-1433.5311279296875,514.0,-880.0,227.7241973876953,284.1217041015625,-0.10908538103103638,-0.997352123260498,-0.10908538103103638,-0.997352123260498,-0.10908538103103638,-0.997352123260498,0.0,0.0,0.0,0.0
32.040325428,758.05712890625,-1451.8365478515625,514.0,-880.0,227.7241973876953,284.1217041015625,-0.11528301239013672,-0.9970422387123108,-0.11528301239013672,-0.9970422387123108,-0.11528301239013672,-0.9970422387123108,0.0,0.0,0.0,0.0
32.060318199,758.05712890625,-1451.8365478515625,446.0,-971.0,228.581298828125,282.64569091796875,-0.11528301239013672,-0.9970422387123108,-0.11528301239013672,-0.9970422387123108,-0.11528301239013672,-0.9970422387123108,0.0,0.0,0.0,0.0
32.080360562,758.05712890625,-1451.8365478515625,446.0,-971.0,228.581298828125,282.64569091796875,-0.11528301239013672,-0.9970422387123108,-0.11528301239013672,-0.9970422387123108,-0.11528301239013672,-0.9970422387123108,0.0,0.0,0.0,0.0
32.10023031,748.5606079101562,-1460.9755859375,446.0,-971.0,228.581298828125,282.64569091796875,-0.1183796226978302,-0.9968809485435486,-0.1183796226978302,-0.9968809485435486,-0.1183796226978302,-0.9968809485435486,0.0,0.0,0.0,0.0
32.120241222,748.5606079101562,-1460.9755859375,446.0,-971.0,228.581298828125,282.64569091796875,-0.1183796226978302,-0.9968809485435486,-0.1183796226978302,-0.9968809485435486,-0.1183796226978302,-0.9968809485435486,0.0,0.0,0.0,0.0
32.140192399,749.3108520507812,-1460.25390625,446.0,-971.0,228.581298828125,282.64569091796875,-0.11813503503799438,-0.9968938827514648,-0.11813503503799438,-0.9968938827514648,-0.11813503503799438,-0.9968938827514648,0.0,0.0,0.0,0.0
32.160331101,749.3108520507812,-1460.25390625,480.0,-914.0,229.43829345703125,281.1697082519531,-0.11813503503799438,-0.9968938827514648,-0.11813503503799438,-0.9968938827514648,-0.11813503503799438,-0.9968938827514648,0.0,0.0,0.0,0.0
32.180227533,749.3108520507812,-1460.25390625,480.0,-914.0,229.43829345703125,281.1697082519531,-0.11813503503799438,-0.9968938827514648,-0.11813503503799438,-0.9968938827514648,-0.11813503503799438,-0.9968938827514648,0.0,0.0,0.0,0.0
32.200445872,749.3108520507812,-1460.25390625,480.0,-914.0,229.43829345703125,281.1697082519531,-0.11813503503799438,-0.9968938827514648,-0.11813503503799438,-0.9968938827514648,-0.11813503503799438,-0.9968938827514648,0.0,0.0,0.0,0.0
32.220487915,749.3108520507812,-1460.25390625,480.0,-914.0,229.43829345703125,281.1697082519531,-0.11813503503799438,-0.9968938827514648,-0.11813503503799438,-0.9968938827514648,-0.11813503503799438,-0.9968938827514648,0.0,0.0,0.0,0.0
32.240189911,740.600830078125,-1468.6285400390625,480.0,-914.0,229.43829345703125,281.1697082519531,-0.12097394466400146,-0.9967425465583801,-0.12097394466400146,-0.9967425465583801,-0.12097394466400146,-0.9967425465583801,0.0,0.0,0.0,0.0
32.260357569,740.600830078125,-1468.6285400390625,491.0,-909.0,230.15249633789062,279.5508117675781,-0.12097394466400146,-0.9967425465583801,-0.12097394466400146,-0.9967425465583801,-0.12097394466400146,-0.9967425465583801,0.0,0.0,0.0,0.0
32.280271695,740.600830078125,-1468.6285400390625,491.0,-909.0,230.15249633789062,279.5508117675781,-0.12097394466400146,-0.9967425465583801,-0.12097394466400146,-0.9967425465583801,-0.12097394466400146,-0.9967425465583801,0.0,0.0,0.0,0.0
32.300223767,731.1436157226562,-1477.712646484375,491.0,-909.0,230.15249633789062,279.5508117675781,-0.12405487895011902,-0.9965742230415344,-0.12405487895011902,-0.9965742230415344,-0.12405487895011902,-0.9965742230415344,0.0,0.0,0.0,0.0
32.320244566,731.1436157226562,-1477.712646484375,491.0,-909.0,230.15249633789062,279.5508117675781,-0.12405487895011902,-0.9965742230415344,-0.12405487895011902,-0.9965742230415344,-0.12405487895011902,-0.9965742230415344,0.0,0.0,0.0,0.0
32.340220635,731.9268188476562,-1476.960693359375,491.0,-909.0,230.15249633789062,279.5508117675781,-0.12379979342222214,-0.9965882897377014,-0.12379979342222214,-0.9965882897377014,-0.12379979342222214,-0.9965882897377014,0.0,0.0,0.0,0.0
32.360302257,731.9268188476562,-1476.960693359375,451.0,-954.0,230.8905029296875,277.955810546875,-0.12379979342222214,-0.9965882897377014,-0.12379979342222214,-0.9965882897377014,-0.12379979342222214,-0.9965882897377014,0.0,0.0,0.0,0.0
32.380199137,731.9268188476562,-1476.960693359375,451.0,-954.0,230.8905029296875,277.955810546875,-0.12379979342222214,-0.9965882897377014,-0.12379979342222214,-0.9965882897377014,-0.12379979342222214,-0.9965882897377014,0.0,0.0,0.0,0.0
32.400264537,713.0521240234375,-1495.064697265625,451.0,-954.0,230.8905029296875,277.955810546875,-0.12994441390037537,-0.9962406158447266,-0.12994441390037537,-0.9962406158447266,-0.12994441390037537,-0.9962406158447266,0.0,0.0,0.0,0.0
32.420229152,713.0521240234375,-1495.064697265625,451.0,-954.0,230.8905029296875,277.955810546875,-0.12994441390037537,-0.9962406158447266,-0.12994441390037537,-0.9962406158447266,-0.12994441390037537,-0.9962406158447266,0.0,0.0,0.0,0.0
32.440420358,713.0521240234375,-1495.064697265625,451.0,-954.0,230.8905029296875,277.955810546875,-0.12994441390037537,-0.9962406158447266,-0.12994441390037537,-0.9962406158447266,-0.12994441390037537,-0.9962406158447266,0.0,0.0,0.0,0.0
32.460311991,704.45361328125,-1503.2998046875,446.0,-960.0,231.6761016845703,276.3370056152344,-0.13274161517620087,-0.9960766434669495,-0.13274161517620087,-0.9960766434669495,-0.13274161517620087,-0.9960766434669495,0.0,0.0,0.0,0.0
32.480256065,704.45361328125,-1503.2998046875,446.0,-960.0,231.6761016845703,276.3370056152344,-0.13274161517620087,-0.9960766434669495,-0.13274161517620087,-0.9960766434669495,-0.13274161517620087,-0.9960766434669495,0.0,0.0,0.0,0.0
32.500183725,677.0975952148438,-1529.44921875,446.0,-960.0,231.6761016845703,276.3370056152344,-0.14163242280483246,-0.9955322742462158,-0.14163242280483246,-0.9955322742462158,-0.14163242280483246,-0.9955322742462158,0.0,0.0,0.0,0.0
32.520215242,677.0975952148438,-1529.44921875,446.0,-960.0,231.6761016845703,276.3370056152344,-0.14163242280483246,-0.9955322742462158,-0.14163242280483246,-0.9955322742462158,-0.14163242280483246,-0.9955322742462158,0.0,0.0,0.0,0.0
32.540137942,677.0975952148438,-1529.44921875,446.0,-960.0,231.6761016845703,276.3370056152344,-0.14163242280483246,-0.9955322742462158,-0.14163242280483246,-0.9955322742462158,-0.14163242280483246,-0.9955322742462158,0.0,0.0,0.0,0.0
32.560291586,639.521728515625,-1565.2423095703125,451.0,-971.0,232.3426971435547,274.6943054199219,-0.15382391214370728,-0.9947279095649719,-0.15382391214370728,-0.9947279095649719,-0.15382391214370728,-0.9947279095649719,0.0,0.0,0.0,0.0
32.580190962,639.521728515625,-1565.2423095703125,451.0,-971.0,232.3426971435547,274.6943054199219,-0.15382391214370728,-0.9947279095649719,-0.15382391214370728,-0.9947279095649719,-0.15382391214370728,-0.9947279095649719,0.0,0.0,0.0,0.0
32.600193907,592.5817260742188,-1609.7518310546875,451.0,-971.0,232.3426971435547,274.6943054199219,-0.16901977360248566,-0.9936313629150391,-0.16901977360248566,-0.9936313629150391,-0.16901977360248566,-0.9936313629150391,0.0,0.0,0.0,0.0
32.62022648,592.5817260742188,-1609.7518310546875,451.0,-971.0,232.3426971435547,274.6943054199219,-0.16901977360248566,-0.9936313629150391,-0.16901977360248566,-0.9936313629150391,-0.16901977360248566,-0.9936313629150391,0.0,0.0,0.0,0.0
32.640338818,530.2261352539062,-1667.75732421875,451.0,-971.0,232.3426971435547,274.6943054199219,-0.1932220458984375,-0.991668701171875,-0.18901976943016052,-0.991668701171875,-0.18901976943016052,-0.991668701171875,0.0,0.0,0.0,0.0
32.660534631,517.5813598632812,-1680.402099609375,400.0,-1000.0,232.91400146484375,272.98028564453125,-0.1932220458984375,-0.991668701171875,-0.1932220458984375,-0.991668701171875,-0.1932220458984375,-0.991668701171875,0.0,0.0,0.0,0.0
32.680204056,517.5813598632812,-1680.402099609375,400.0,-1000.0,232.91400146484375,272.98028564453125,-0.1932220458984375,-0.991668701171875,-0.1932220458984375,-0.991668701171875,-0.1932220458984375,-0.991668701171875,0.0,0.0,0.0,0.0
32.700178365,517.5813598632812,-1680.402099609375,400.0,-1000.0,232.91400146484375,272.98028564453125,-0.1932220458984375,-0.991668701171875,-0.1932220458984375,-0.991668701171875,-0.1932220458984375,-0.991668701171875,0.0,0.0,0.0,0.0
32.720236951,453.27294921875,-1736.4547119140625,400.0,-1000.0,232.91400146484375,272.98028564453125,-0.23221775889396667,-0.9879439473152161,-0.21322204172611237,-0.9879439473152161,-0.21322204172611237,-0.9879439473152161,0.0,0.0,0.0,0.0
32.740230713,396.11431884765625,-1793.6134033203125,400.0,-1000.0,232.91400146484375,272.98028564453125,-0.23221775889396667,-0.9879439473152161,-0.23221775889396667,-0.9879439473152161,-0.23221775889396667,-0.9879439473152161,0.0,0.0,0.0,0.0
32.760422079,333.037841796875,-1850.8980712890625,320.0,-1080.0,233.2949981689453,270.9566955566406,-0.2559828460216522,-0.9853308200836182,-0.25221776962280273,-0.9853308200836182,-0.25221776962280273,-0.9853308200836182,0.0,0.0,0.0,0.0
32.780209503,321.7085876464844,-1862.227294921875,320.0,-1080.0,233.2949981689453,270.9566955566406,-0.2559828460216522,-0.9853308200836182,-0.2559828460216522,-0.9853308200836182,-0.2559828460216522,-0.9853308200836182,0.0,0.0,0.0,0.0
32.80019869,321.7085876464844,-1862.227294921875,320.0,-1080.0,233.2949981689453,270.9566955566406,-0.2559828460216522,-0.9853308200836182,-0.2559828460216522,-0.9853308200836182,-0.2559828460216522,-0.9853308200836182,0.0,0.0,0.0,0.0
32.820311124,258.77789306640625,-1919.65771484375,320.0,-1080.0,233.2949981689453,270.9566955566406,-0.27661633491516113,-0.9828492403030396,-0.2759828567504883,-0.9828492403030396,-0.2759828567504883,-0.9828492403030396,0.0,0.0,0.0,0.0
32.840197318,256.87176513671875,-1921.5638427734375,320.0,-1080.0,233.2949981689453,270.9566955566406,-0.27661633491516113,-0.9828492403030396,-0.27661633491516113,-0.9828492403030396,-0.27661633491516113,-0.9828492403030396,0.0,0.0,0.0,0.0
32.860413769,201.52557373046875,-1971.8818359375,223.0,-1217.0,233.41400146484375,268.6712951660156,-0.2941741943359375,-0.9805806875228882,-0.2941741943359375,-0.9805806875228882,-0.2941741943359375,-0.9805806875228882,0.0,0.0,0.0,0.0
32.880250241,201.52557373046875,-1971.8818359375,223.0,-1217.0,233.41400146484375,268.6712951660156,-0.2941741943359375,-0.9805806875228882,-0.2941741943359375,-0.9805806875228882,-0.2941741943359375,-0.9805806875228882,0.0,0.0,0.0,0.0
32.900266049,146.41358947753906,-2021.6827392578125,223.0,-1217.0,233.41400146484375,268.6712951660156,-0.3116072118282318,-0.9781844615936279,-0.3116072118282318,-0.9781844615936279,-0.3116072118282318,-0.9781844615936279,0.0,0.0,0.0,0.0
32.920250053,146.41358947753906,-2021.6827392578125,223.0,-1217.0,233.41400146484375,268.6712951660156,-0.3116072118282318,-0.9781844615936279,-0.3116072118282318,-0.9781844615936279,-0.3116072118282318,-0.9781844615936279,0.0,0.0,0.0,0.0
32.941015673,91.55755615234375,-2070.951416015625,223.0,-1217.0,233.41400146484375,268.6712951660156,-0.3289092779159546,-0.9756636023521423,-0.3289092779159546,-0.9756636023521423,-0.3289092779159546,-0.9756636023521423,0.0,0.0,0.0,0.0
32.960267781,91.55755615234375,-2070.951416015625,80.0,-1309.0,233.41400146484375,266.4573059082031,-0.3289092779159546,-0.9756636023521423,-0.3289092779159546,-0.9756636023521423,-0.3289092779159546,-0.9756636023521423,0.0,0.0,0.0,0.0
32.980197265,91.55755615234375,-2070.951416015625,80.0,-1309.0,233.41400146484375,266.4573059082031,-0.3289092779159546,-0.9756636023521423,-0.3289092779159546,-0.9756636023521423,-0.3289092779159546,-0.9756636023521423,0.0,0.0,0.0,0.0
33.000192978,36.97837448120117,-2119.67333984375,80.0,-1309.0,233.41400146484375,266.4573059082031,-0.34607449173927307,-0.9730210304260254,-0.34607449173927307,-0.9730210304260254,-0.34607449173927307,-0.9730210304260254,0.0,0.0,0.0,0.0
33.020250507,36.97837448120117,-2119.67333984375,80.0,-1309.0,233.41400146484375,266.4573059082031,-0.34607449173927307,-0.9730210304260254,-0.34607449173927307,-0.9730210304260254,-0.34607449173927307,-0.9730210304260254,0.0,0.0,0.0,0.0
33.040242829,36.97837448120117,-2119.67333984375,80.0,-1309.0,233.41400146484375,266.4573059082031,-0.34607449173927307,-0.9730210304260254,-0.34607449173927307,-0.9730210304260254,-0.34607449173927307,-0.9730210304260254,0.0,0.0,0.0,0.0
33.060215249,-26.916656494140625,-2176.139404296875,6.0,-1377.0,233.41400146484375,264.0528869628906,-0.3666311502456665,-0.9696692824363708,-0.36607450246810913,-0.9696692824363708,-0.36607450246810913,-0.9696692824363708,0.0,0.0,0.0,0.0
33.080204563,-28.59163475036621,-2177.814453125,6.0,-1377.0,233.41400146484375,264.0528869628906,-0.3666311502456665,-0.9696692824363708,-0.3666311502456665,-0.9696692824363708,-0.3666311502456665,-0.9696692824363708,0.0,0.0,0.0,0.0
33.100183351,-82.59933471679688,-2225.38134765625,6.0,-1377.0,233.41400146484375,264.0528869628906,-0.38350945711135864,-0.9667633175849915,-0.38350945711135864,-0.9667633175849915,-0.38350945711135864,-0.9667633175849915,0.0,0.0,0.0,0.0
33.120215891,-82.59933471679688,-2225.38134765625,6.0,-1377.0,233.41400146484375,264.0528869628906,-0.38350945711135864,-0.9667633175849915,-0.38350945711135864,-0.9667633175849915,-0.38350945711135864,-0.9667633175849915,0.0,0.0,0.0,0.0
33.1401838,-82.59933471679688,-2225.38134765625,6.0,-1377.0,233.41400146484375,264.0528869628906,-0.38350945711135864,-0.9667633175849915,-0.38350945711135864,-0.9667633175849915,-0.38350945711135864,-0.9667633175849915,0.0,0.0,0.0,0.0
33.16014291,-127.34591674804688,-2264.571044921875,-6.0,-1440.0,233.3426055908203,261.5531921386719,-0.3974568843841553,-0.9642562866210938,-0.3974568843841553,-0.9642562866210938,-0.3974568843841553,-0.9642562866210938,0.0,0.0,0.0,0.0
33.180217268,-127.34591674804688,-2264.571044921875,-6.0,-1440.0,233.3426055908203,261.5531921386719,-0.3974568843841553,-0.9642562866210938,-0.3974568843841553,-0.9642562866210938,-0.3974568843841553,-0.9642562866210938,0.0,0.0,0.0,0.0
33.200228595,-154.0758819580078,-2287.886474609375,-6.0,-1440.0,233.3426055908203,261.5531921386719,-0.40577274560928345,-0.962715744972229,-0.40577274560928345,-0.962715744972229,-0.40577274560928345,-0.962715744972229,0.0,0.0,0.0,0.0
33.220218229,-154.0758819580078,-2287.886474609375,-6.0,-1440.0,233.3426055908203,261.5531921386719,-0.40577274560928345,-0.962715744972229,-0.40577274560928345,-0.962715744972229,-0.40577274560928345,-0.962715744972229,0.0,0.0,0.0,0.0
33.240235379,-154.0758819580078,-2287.886474609375,-6.0,-1440.0,233.3426055908203,261.5531921386719,-0.40577274560928345,-0.962715744972229,-0.40577274560928345,-0.962715744972229,-0.40577274560928345,-0.962715744972229,0.0,0.0,0.0,0.0
33.260257713,-207.25991821289062,-2334.064208984375,-63.0,-1503.0,233.10450744628906,258.95831298828125,-0.4222833514213562,-0.9595546722412109,-0.4222833514213562,-0.9595546722412109,-0.4222833514213562,-0.9595546722412109,0.0,0.0,0.0,0.0
33.280257649,-207.25991821289062,-2334.064208984375,-63.0,-1503.0,233.10450744628906,258.95831298828125,-0.4222833514213562,-0.9595546722412109,-0.4222833514213562,-0.9595546722412109,-0.4222833514213562,-0.9595546722412109,0.0,0.0,0.0,0.0
33.300219671,-262.7481384277344,-2381.94140625,-63.0,-1503.0,233.10450744628906,258.95831298828125,-0.43945926427841187,-0.9561207890510559,-0.43945926427841187,-0.9561207890510559,-0.43945926427841187,-0.9561207890510559,0.0,0.0,0.0,0.0
33.320242581,-262.7481384277344,-2381.94140625,-63.0,-1503.0,233.10450744628906,258.95831298828125,-0.43945926427841187,-0.9561207890510559,-0.43945926427841187,-0.9561207890510559,-0.43945926427841187,-0.9561207890510559,0.0,0.0,0.0,0.0
33.340189373,-262.7481384277344,-2381.94140625,-63.0,-1503.0,233.10450744628906,258.95831298828125,-0.43945926427841187,-0.9561207890510559,-0.43945926427841187,-0.9561207890510559,-0.43945926427841187,-0.9561207890510559,0.0,0.0,0.0,0.0
33.360194749,-318.0231628417969,-2429.328125,-91.0,-1566.0,232.96170043945312,256.244384765625,-0.45651817321777344,-0.9525617361068726,-0.45651817321777344,-0.9525617361068726,-0.45651817321777344,-0.9525617361068726,0.0,0.0,0.0,0.0
33.380248982,-318.0231628417969,-2429.328125,-91.0,-1566.0,232.96170043945312,256.244384765625,-0.45651817321777344,-0.9525617361068726,-0.45651817321777344,-0.9525617361068726,-0.45651817321777344,-0.9525617361068726,0.0,0.0,0.0,0.0
33.400187903,-346.99346923828125,-2454.04150390625,-91.0,-1566.0,232.96170043945312,256.244384765625,-0.4654386341571808,-0.9506411552429199,-0.4654386341571808,-0.9506411552429199,-0.4654386341571808,-0.9506411552429199,0.0,0.0,0.0,0.0
33.42025439,-346.99346923828125,-2454.04150390625,-91.0,-1566.0,232.96170043945312,256.244384765625,-0.4654386341571808,-0.9506411552429199,-0.4654386341571808,-0.9506411552429199,-0.4654386341571808,-0.9506411552429199,0.0,0.0,0.0,0.0
33.440220219,-346.99346923828125,-2454.04150390625,-91.0,-1566.0,232.96170043945312,256.244384765625,-0.4654386341571808,-0.9506411552429199,-0.4654386341571808,-0.9506411552429199,-0.4654386341571808,-0.9506411552429199,0.0,0.0,0.0,0.0
33.460179938,-384.6322326660156,-2486.023681640625,-149.0,-1606.0,232.60459899902344,253.50660705566406,-0.47700732946395874,-0.948089063167572,-0.47700732946395874,-0.948089063167572,-0.47700732946395874,-0.948089063167572,0.0,0.0,0.0,0.0
33.48021027,-384.6322326660156,-2486.023681640625,-149.0,-1606.0,232.60459899902344,253.50660705566406,-0.47700732946395874,-0.948089063167572,-0.47700732946395874,-0.948089063167572,-0.47700732946395874,-0.948089063167572,0.0,0.0,0.0,0.0
33.500271254,-422.19744873046875,-2517.80126953125,-149.0,-1606.0,232.60459899902344,253.50660705566406,-0.488529771566391,-0.9454778432846069,-0.488529771566391,-0.9454778432846069,-0.488529771566391,-0.9454778432846069,0.0,0.0,0.0,0.0
33.520242171,-422.19744873046875,-2517.80126953125,-149.0,-1606.0,232.60459899902344,253.50660705566406,-0.488529771566391,-0.9454778432846069,-0.488529771566391,-0.9454778432846069,-0.488529771566391,-0.9454778432846069,0.0,0.0,0.0,0.0
33.540413635,-422.19744873046875,-2517.80126953125,-149.0,-1606.0,232.60459899902344,253.50660705566406,-0.488529771566391,-0.9454778432846069,-0.488529771566391,-0.9454778432846069,-0.488529771566391,-0.9454778432846069,0.0,0.0,0.0,0.0
33.560223199,-448.05364990234375,-2539.5908203125,-211.0,-1663.0,232.15220642089844,250.62600708007812,-0.4964469373226166,-0.9436431527137756,-0.4964469373226166,-0.9436431527137756,-0.4964469373226166,-0.9436431527137756,0.0,0.0,0.0,0.0
33.580230142,-448.05364990234375,-2539.5908203125,-211.0,-1663.0,232.15220642089844,250.62600708007812,-0.4964469373226166,-0.9436431527137756,-0.4964469373226166,-0.9436431527137756,-0.4964469373226166,-0.9436431527137756,0.0,0.0,0.0,0.0
33.600186629,-482.3495178222656,-2568.388916015625,-211.0,-1663.0,232.15220642089844,250.62600708007812,-0.5069310069084167,-0.941162645816803,-0.5069310069084167,-0.941162645816803,-0.5069310069084167,-0.941162645816803,0.0,0.0,0.0,0.0
33.620250684,-482.3495178222656,-2568.388916015625,-211.0,-1663.0,232.15220642089844,250.62600708007812,-0.5069310069084167,-0.941162645816803,-0.5069310069084167,-0.941162645816803,-0.5069310069084167,-0.941162645816803,0.0,0.0,0.0,0.0
33.640521654,-482.3495178222656,-2568.388916015625,-211.0,-1663.0,232.15220642089844,250.62600708007812,-0.5069310069084167,-0.941162645816803,-0.5069310069084167,-0.941162645816803,-0.5069310069084167,-0.941162645816803,0.0,0.0,0.0,0.0
33.660229633,-516.4374389648438,-2596.89404296875,-263.0,-1709.0,231.6999053955078,247.74549865722656,-0.5173318982124329,-0.9386438727378845,-0.5173318982124329,-0.9386438727378845,-0.5173318982124329,-0.9386438727378845,0.0,0.0,0.0,0.0
33.680207236,-516.4374389648438,-2596.89404296875,-263.0,-1709.0,231.6999053955078,247.74549865722656,-0.5173318982124329,-0.9386438727378845,-0.5173318982124329,-0.9386438727378845,-0.5173318982124329,-0.9386438727378845,0.0,0.0,0.0,0.0
33.700193095,-541.8645629882812,-2618.080078125,-263.0,-1709.0,231.6999053955078,247.74549865722656,-0.5250774621963501,-0.9367303848266602,-0.5250774621963501,-0.9367303848266602,-0.5250774621963501,-0.9367303848266602,0.0,0.0,0.0,0.0
33.720211077,-541.8645629882812,-2618.080078125,-263.0,-1709.0,231.6999053955078,247.74549865722656,-0.5250774621963501,-0.9367303848266602,-0.5250774621963501,-0.9367303848266602,-0.5250774621963501,-0.9367303848266602,0.0,0.0,0.0,0.0
33.740417736,-541.8645629882812,-2618.080078125,-263.0,-1709.0,231.6999053955078,247.74549865722656,-0.5250774621963501,-0.9367303848266602,-0.5250774621963501,-0.9367303848266602,-0.5250774621963501,-0.9367303848266602,0.0,0.0,0.0,0.0
33.760205671,-570.3744506835938,-2641.756591796875,-286.0,-1754.0,231.12860107421875,244.7935028076172,-0.5337491035461426,-0.9345496892929077,-0.5337491035461426,-0.9345496892929077,-0.5337491035461426,-0.9345496892929077,0.0,0.0,0.0,0.0
33.78024413,-570.3744506835938,-2641.756591796875,-286.0,-1754.0,231.12860107421875,244.7935028076172,-0.5337491035461426,-0.9345496892929077,-0.5337491035461426,-0.9345496892929077,-0.5337491035461426,-0.9345496892929077,0.0,0.0,0.0,0.0
33.800186731,-570.3744506835938,-2641.756591796875,-286.0,-1754.0,231.12860107421875,244.7935028076172,-0.5337491035461426,-0.9345496892929077,-0.5337491035461426,-0.9345496892929077,-0.5337491035461426,-0.9345496892929077,0.0,0.0,0.0,0.0
33.820343541,-570.3744506835938,-2641.756591796875,-286.0,-1754.0,231.12860107421875,244.7935028076172,-0.5337491035461426,-0.9345496892929077,-0.5337491035461426,-0.9345496892929077,-0.5337491035461426,-0.9345496892929077,0.0,0.0,0.0,0.0
33.840425802,-570.3744506835938,-2641.756591796875,-286.0,-1754.0,231.12860107421875,244.7935028076172,-0.5337491035461426,-0.9345496892929077,-0.5337491035461426,-0.9345496892929077,-0.5337491035461426,-0.9345496892929077,0.0,0.0,0.0,0.0
33.860199243,-570.3744506835938,-2641.756591796875,-326.0,-1754.0,230.5095977783203,241.8415069580078,-0.5337491035461426,-0.9345496892929077,-0.5337491035461426,-0.9345496892929077,-0.5337491035461426,-0.9345496892929077,0.0,0.0,0.0,0.0
33.880214569,-570.3744506835938,-2641.756591796875,-326.0,-1754.0,230.5095977783203,241.8415069580078,-0.5337491035461426,-0.9345496892929077,-0.5337491035461426,-0.9345496892929077,-0.5337491035461426,-0.9345496892929077,0.0,0.0,0.0,0.0
33.900186414,-570.3744506835938,-2641.756591796875,-326.0,-1754.0,230.5095977783203,241.8415069580078,-0.5337491035461426,-0.9345496892929077,-0.5337491035461426,-0.9345496892929077,-0.5337491035461426,-0.9345496892929077,0.0,0.0,0.0,0.0
33.920231816,-570.3744506835938,-2641.756591796875,-326.0,-1754.0,230.5095977783203,241.8415069580078,-0.5337491035461426,-0.9345496892929077,-0.5337491035461426,-0.9345496892929077,-0.5337491035461426,-0.9345496892929077,0.0,0.0,0.0,0.0
33.940418702,-570.3744506835938,-2641.756591796875,-326.0,-1754.0,230.5095977783203,241.8415069580078,-0.5337491035461426,-0.9345496892929077,-0.5337491035461426,-0.9345496892929077,-0.5337491035461426,-0.9345496892929077,0.0,0.0,0.0,0.0
33.96018456,-502.5209655761719,-2585.27099609375,-354.0,-1777.0,229.96209716796875,238.8656005859375,-0.5130881071090698,-0.9396785497665405,-0.5130881071090698,-0.9396785497665405,-0.5130881071090698,-0.9396785497665405,0.0,0.0,0.0,0.0
33.980269092,-502.5209655761719,-2585.27099609375,-354.0,-1777.0,229.96209716796875,238.8656005859375,-0.5130881071090698,-0.9396785497665405,-0.5130881071090698,-0.9396785497665405,-0.5130881071090698,-0.9396785497665405,0.0,0.0,0.0,0.0
34.000214636,-394.9834899902344,-2512.266845703125,-354.0,-1777.0,229.96209716796875,238.8656005859375,-0.4436558783054352,-0.9552590250968933,-0.48308807611465454,-0.9552590250968933,-0.48308807611465454,-0.9552590250968933,0.0,0.0,0.0,0.0
34.020226314,-304.7126770019531,-2421.995849609375,-354.0,-1777.0,229.96209716796875,238.8656005859375,-0.4436558783054352,-0.9552590250968933,-0.45308807492256165,-0.9552590250968933,-0.45308807492256165,-0.9552590250968933,0.0,0.0,0.0,0.0
34.040198734,-276.3309326171875,-2393.6142578125,-354.0,-1777.0,229.96209716796875,238.8656005859375,-0.4436558783054352,-0.9552590250968933,-0.4436558783054352,-0.9552590250968933,-0.4436558783054352,-0.9552590250968933,0.0,0.0,0.0,0.0
34.060186191,-174.75559997558594,-2314.64794921875,-303.0,-1737.0,229.6049041748047,236.08030700683594,-0.39082932472229004,-0.9654595851898193,-0.4136558771133423,-0.9654595851898193,-0.4136558771133423,-0.9654595851898193,0.0,0.0,0.0,0.0
34.080164082,-106.06988525390625,-2245.962158203125,-303.0,-1737.0,229.6049041748047,236.08030700683594,-0.39082932472229004,-0.9654595851898193,-0.39082932472229004,-0.9654595851898193,-0.39082932472229004,-0.9654595851898193,0.0,0.0,0.0,0.0
34.100198252,-106.06988525390625,-2245.962158203125,-303.0,-1737.0,229.6049041748047,236.08030700683594,-0.39082932472229004,-0.9654595851898193,-0.39082932472229004,-0.9654595851898193,-0.39082932472229004,-0.9654595851898193,0.0,0.0,0.0,0.0
34.120241478,-8.794501304626465,-2162.69580078125,-303.0,-1737.0,229.6049041748047,236.08030700683594,-0.35383281111717224,-0.9717801213264465,-0.36082932353019714,-0.9717801213264465,-0.36082932353019714,-0.9717801213264465,0.0,0.0,0.0,0.0
34.140217385,12.258196830749512,-2141.643310546875,-303.0,-1737.0,229.6049041748047,236.08030700683594,-0.35383281111717224,-0.9717801213264465,-0.35383281111717224,-0.9717801213264465,-0.35383281111717224,-0.9717801213264465,0.0,0.0,0.0,0.0
34.160197515,64.23208618164062,-2095.381591796875,-143.0,-1549.0,229.7716064453125,233.9853057861328,-0.3375093340873718,-0.9743573069572449,-0.3375093340873718,-0.9743573069572449,-0.3375093340873718,-0.9743573069572449,0.0,0.0,0.0,0.0
34.180176462,64.23208618164062,-2095.381591796875,-143.0,-1549.0,229.7716064453125,233.9853057861328,-0.3375093340873718,-0.9743573069572449,-0.3375093340873718,-0.9743573069572449,-0.3375093340873718,-0.9743573069572449,0.0,0.0,0.0,0.0
34.200201802,64.23208618164062,-2095.381591796875,-143.0,-1549.0,229.7716064453125,233.9853057861328,-0.3375093340873718,-0.9743573069572449,-0.3375093340873718,-0.9743573069572449,-0.3375093340873718,-0.9743573069572449,0.0,0.0,0.0,0.0
34.22053305,95.64088439941406,-2067.294189453125,-143.0,-1549.0,229.7716064453125,233.9853057861328,-0.32762306928634644,-0.9758558869361877,-0.32762306928634644,-0.9758558869361877,-0.32762306928634644,-0.9758558869361877,0.0,0.0,0.0,0.0
34.240445094,95.64088439941406,-2067.294189453125,-143.0,-1549.0,229.7716064453125,233.9853057861328,-0.32762306928634644,-0.9758558869361877,-0.32762306928634644,-0.9758558869361877,-0.32762306928634644,-0.9758558869361877,0.0,0.0,0.0,0.0
34.260231588,143.1088104248047,-2024.659423828125,34.0,-1343.0,229.96209716796875,231.89039611816406,-0.31265100836753845,-0.9780364632606506,-0.31265100836753845,-0.9780364632606506,-0.31265100836753845,-0.9780364632606506,0.0,0.0,0.0,0.0
34.280219718,143.1088104248047,-2024.659423828125,34.0,-1343.0,229.96209716796875,231.89039611816406,-0.31265100836753845,-0.9780364632606506,-0.31265100836753845,-0.9780364632606506,-0.31265100836753845,-0.9780364632606506,0.0,0.0,0.0,0.0
34.300214854,143.1088104248047,-2024.659423828125,34.0,-1343.0,229.96209716796875,231.89039611816406,-0.31265100836753845,-0.9780364632606506,-0.31265100836753845,-0.9780364632606506,-0.31265100836753845,-0.9780364632606506,0.0,0.0,0.0,0.0
34.320231907,197.86654663085938,-1975.1976318359375,34.0,-1343.0,229.96209716796875,231.89039611816406,-0.2953331768512726,-0.9804258346557617,-0.2953331768512726,-0.9804258346557617,-0.2953331768512726,-0.9804258346557617,0.0,0.0,0.0,0.0
34.340159469,197.86654663085938,-1975.1976318359375,34.0,-1343.0,229.96209716796875,231.89039611816406,-0.2953331768512726,-0.9804258346557617,-0.2953331768512726,-0.9804258346557617,-0.2953331768512726,-0.9804258346557617,0.0,0.0,0.0,0.0
34.360187785,252.8570556640625,-1925.2239990234375,86.0,-1291.0,229.98590087890625,229.5334930419922,-0.2778916358947754,-0.9826893210411072,-0.2778916358947754,-0.9826893210411072,-0.2778916358947754,-0.9826893210411072,0.0,0.0,0.0,0.0
34.380168971,252.8570556640625,-1925.2239990234375,86.0,-1291.0,229.98590087890625,229.5334930419922,-0.2778916358947754,-0.9826893210411072,-0.2778916358947754,-0.9826893210411072,-0.2778916358947754,-0.9826893210411072,0.0,0.0,0.0,0.0
34.400444867,252.8570556640625,-1925.2239990234375,86.0,-1291.0,229.98590087890625,229.5334930419922,-0.2778916358947754,-0.9826893210411072,-0.2778916358947754,-0.9826893210411072,-0.2778916358947754,-0.9826893210411072,0.0,0.0,0.0,0.0
34.420232385,289.6360168457031,-1891.6317138671875,86.0,-1291.0,229.98590087890625,229.5334930419922,-0.2661982774734497,-0.9841270446777344,-0.2661982774734497,-0.9841270446777344,-0.2661982774734497,-0.9841270446777344,0.0,0.0,0.0,0.0
34.440216131,289.6360168457031,-1891.6317138671875,86.0,-1291.0,229.98590087890625,229.5334930419922,-0.2661982774734497,-0.9841270446777344,-0.2661982774734497,-0.9841270446777344,-0.2661982774734497,-0.9841270446777344,0.0,0.0,0.0,0.0
34.460190982,308.0585632324219,-1874.75439453125,80.0,-1331.0,230.27149963378906,227.46240234375,-0.2603326141834259,-0.9848241806030273,-0.2603326141834259,-0.9848241806030273,-0.2603326141834259,-0.9848241806030273,0.0,0.0,0.0,0.0
34.480167977,308.0585632324219,-1874.75439453125,80.0,-1331.0,230.27149963378906,227.46240234375,-0.2603326141834259,-0.9848241806030273,-0.2603326141834259,-0.9848241806030273,-0.2603326141834259,-0.9848241806030273,0.0,0.0,0.0,0.0
34.50020202,308.0585632324219,-1874.75439453125,80.0,-1331.0,230.27149963378906,227.46240234375,-0.2603326141834259,-0.9848241806030273,-0.2603326141834259,-0.9848241806030273,-0.2603326141834259,-0.9848241806030273,0.0,0.0,0.0,0.0
34.520168552,344.9657287597656,-1840.84033203125,80.0,-1331.0,230.27149963378906,227.46240234375,-0.2485644817352295,-0.9861745834350586,-0.2485644817352295,-0.9861745834350586,-0.2485644817352295,-0.9861745834350586,0.0,0.0,0.0,0.0
34.540413893,344.9657287597656,-1840.84033203125,80.0,-1331.0,230.27149963378906,227.46240234375,-0.2485644817352295,-0.9861745834350586,-0.2485644817352295,-0.9861745834350586,-0.2485644817352295,-0.9861745834350586,0.0,0.0,0.0,0.0
34.560644708,400.4688415527344,-1789.5806884765625,166.0,-1257.0,230.6999969482422,225.65310668945312,-0.2308240830898285,-0.9880891442298889,-0.2308240830898285,-0.9880891442298889,-0.2308240830898285,-0.9880891442298889,0.0,0.0,0.0,0.0
34.580166535,400.4688415527344,-1789.5806884765625,166.0,-1257.0,230.6999969482422,225.65310668945312,-0.2308240830898285,-0.9880891442298889,-0.2308240830898285,-0.9880891442298889,-0.2308240830898285,-0.9880891442298889,0.0,0.0,0.0,0.0
34.600162343,400.4688415527344,-1789.5806884765625,166.0,-1257.0,230.6999969482422,225.65310668945312,-0.2308240830898285,-0.9880891442298889,-0.2308240830898285,-0.9880891442298889,-0.2308240830898285,-0.9880891442298889,0.0,0.0,0.0,0.0
34.620217215,496.4258117675781,-1704.99609375,166.0,-1257.0,230.6999969482422,225.65310668945312,-0.17437437176704407,-0.9932200312614441,-0.2008240967988968,-0.9932200312614441,-0.2008240967988968,-0.9932200312614441,0.0,0.0,0.0,0.0
34.640163814,576.0137329101562,-1625.4080810546875,166.0,-1257.0,230.6999969482422,225.65310668945312,-0.17437437176704407,-0.9932200312614441,-0.17437437176704407,-0.9932200312614441,-0.17437437176704407,-0.9932200312614441,0.0,0.0,0.0,0.0
34.660205376,669.8106079101562,-1538.663330078125,234.0,-1114.0,231.08090209960938,223.79620361328125,-0.12713424861431122,-0.9964017271995544,-0.14437437057495117,-0.9964017271995544,-0.14437437057495117,-0.9964017271995544,0.0,0.0,0.0,0.0
34.680167269,721.6865844726562,-1486.787353515625,234.0,-1114.0,231.08090209960938,223.79620361328125,-0.12713424861431122,-0.9964017271995544,-0.12713424861431122,-0.9964017271995544,-0.12713424861431122,-0.9964017271995544,0.0,0.0,0.0,0.0
34.70022502,721.6865844726562,-1486.787353515625,234.0,-1114.0,231.08090209960938,223.79620361328125,-0.12713424861431122,-0.9964017271995544,-0.12713424861431122,-0.9964017271995544,-0.12713424861431122,-0.9964017271995544,0.0,0.0,0.0,0.0
34.72020787,758.05712890625,-1451.8365478515625,234.0,-1114.0,231.08090209960938,223.79620361328125,-0.11528301239013672,-0.9970422387123108,-0.11528301239013672,-0.9970422387123108,-0.11528301239013672,-0.9970422387123108,0.0,0.0,0.0,0.0
34.740432478,758.05712890625,-1451.8365478515625,234.0,-1114.0,231.08090209960938,223.79620361328125,-0.11528301239013672,-0.9970422387123108,-0.11528301239013672,-0.9970422387123108,-0.11528301239013672,-0.9970422387123108,0.0,0.0,0.0,0.0
34.760230842,758.05712890625,-1451.8365478515625,337.0,-1023.0,232.08079528808594,222.343994140625,-0.11528301239013672,-0.9970422387123108,-0.11528301239013672,-0.9970422387123108,-0.11528301239013672,-0.9970422387123108,0.0,0.0,0.0,0.0
34.780220699,758.05712890625,-1451.8365478515625,337.0,-1023.0,232.08079528808594,222.343994140625,-0.11528301239013672,-0.9970422387123108,-0.11528301239013672,-0.9970422387123108,-0.11528301239013672,-0.9970422387123108,0.0,0.0,0.0,0.0
34.800203006,758.05712890625,-1451.8365478515625,337.0,-1023.0,232.08079528808594,222.343994140625,-0.11528301239013672,-0.9970422387123108,-0.11528301239013672,-0.9970422387123108,-0.11528301239013672,-0.9970422387123108,0.0,0.0,0.0,0.0
34.820229369,758.05712890625,-1451.8365478515625,337.0,-1023.0,232.08079528808594,222.343994140625,-0.11528301239013672,-0.9970422387123108,-0.11528301239013672,-0.9970422387123108,-0.11528301239013672,-0.9970422387123108,0.0,0.0,0.0,0.0
34.840392258,758.05712890625,-1451.8365478515625,337.0,-1023.0,232.08079528808594,222.343994140625,-0.11528301239013672,-0.9970422387123108,-0.11528301239013672,-0.9970422387123108,-0.11528301239013672,-0.9970422387123108,0.0,0.0,0.0,0.0
34.860292112,758.05712890625,-1451.8365478515625,491.0,-920.0,233.05690002441406,220.98699951171875,-0.11528301239013672,-0.9970422387123108,-0.11528301239013672,-0.9970422387123108,-0.11528301239013672,-0.9970422387123108,0.0,0.0,0.0,0.0
34.880188894,758.05712890625,-1451.8365478515625,491.0,-920.0,233.05690002441406,220.98699951171875,-0.11528301239013672,-0.9970422387123108,-0.11528301239013672,-0.9970422387123108,-0.11528301239013672,-0.9970422387123108,0.0,0.0,0.0,0.0
34.900177119,758.05712890625,-1451.8365478515625,491.0,-920.0,233.05690002441406,220.98699951171875,-0.11528301239013672,-0.9970422387123108,-0.11528301239013672,-0.9970422387123108,-0.11528301239013672,-0.9970422387123108,0.0,0.0,0.0,0.0
34.920243349,758.05712890625,-1451.8365478515625,491.0,-920.0,233.05690002441406,220.98699951171875,-0.11528301239013672,-0.9970422387123108,-0.11528301239013672,-0.9970422387123108,-0.11528301239013672,-0.9970422387123108,0.0,0.0,0.0,0.0
34.940146179,758.05712890625,-1451.8365478515625,491.0,-920.0,233.05690002441406,220.98699951171875,-0.11528301239013672,-0.9970422387123108,-0.11528301239013672,-0.9970422387123108,-0.11528301239013672,-0.9970422387123108,0.0,0.0,0.0,0.0
34.960542954,758.05712890625,-1451.8365478515625,531.0,-863.0,233.65199279785156,219.3444061279297,-0.11528301239013672,-0.9970422387123108,-0.11528301239013672,-0.9970422387123108,-0.11528301239013672,-0.9970422387123108,0.0,0.0,0.0,0.0
34.98027144,758.05712890625,-1451.8365478515625,531.0,-863.0,233.65199279785156,219.3444061279297,-0.11528301239013672,-0.9970422387123108,-0.11528301239013672,-0.9970422387123108,-0.11528301239013672,-0.9970422387123108,0.0,0.0,0.0,0.0
35.000225078,758.05712890625,-1451.8365478515625,531.0,-863.0,233.65199279785156,219.3444061279297,-0.11528301239013672,-0.9970422387123108,-0.11528301239013672,-0.9970422387123108,-0.11528301239013672,-0.9970422387123108,0.0,0.0,0.0,0.0
35.020239122,758.05712890625,-1451.8365478515625,531.0,-863.0,233.65199279785156,219.3444061279297,-0.11528301239013672,-0.9970422387123108,-0.11528301239013672,-0.9970422387123108,-0.11528301239013672,-0.9970422387123108,0.0,0.0,0.0,0.0
35.04035424,758.05712890625,-1451.8365478515625,531.0,-863.0,233.65199279785156,219.3444061279297,-0.11528301239013672,-0.9970422387123108,-0.11528301239013672,-0.9970422387123108,-0.11528301239013672,-0.9970422387123108,0.0,0.0,0.0,0.0
35.060178008,758.05712890625,-1451.8365478515625,531.0,-863.0,233.65199279785156,219.3444061279297,-0.11528301239013672,-0.9970422387123108,-0.11528301239013672,-0.9970422387123108,-0.11528301239013672,-0.9970422387123108,0.0,0.0,0.0,0.0
35.080264202,758.05712890625,-1451.8365478515625,423.0,-949.0,234.38999938964844,217.6779022216797,-0.11528301239013672,-0.9970422387123108,-0.11528301239013672,-0.9970422387123108,-0.11528301239013672,-0.9970422387123108,0.0,0.0,0.0,0.0
35.10021688,758.05712890625,-1451.8365478515625,423.0,-949.0,234.38999938964844,217.6779022216797,-0.11528301239013672,-0.9970422387123108,-0.11528301239013672,-0.9970422387123108,-0.11528301239013672,-0.9970422387123108,0.0,0.0,0.0,0.0
35.120226701,758.05712890625,-1451.8365478515625,423.0,-949.0,234.38999938964844,217.6779022216797,-0.11528301239013672,-0.9970422387123108,-0.11528301239013672,-0.9970422387123108,-0.11528301239013672,-0.9970422387123108,0.0,0.0,0.0,0.0
35.140173907,758.05712890625,-1451.8365478515625,423.0,-949.0,234.38999938964844,217.6779022216797,-0.11528301239013672,-0.9970422387123108,-0.11528301239013672,-0.9970422387123108,-0.11528301239013672,-0.9970422387123108,0.0,0.0,0.0,0.0
35.160494212,758.05712890625,-1451.8365478515625,423.0,-949.0,234.38999938964844,217.6779022216797,-0.11528301239013672,-0.9970422387123108,-0.11528301239013672,-0.9970422387123108,-0.11528301239013672,-0.9970422387123108,0.0,0.0,0.0,0.0
35.180248582,758.05712890625,-1451.8365478515625,457.0,-966.0,235.34230041503906,216.201904296875,-0.11528301239013672,-0.9970422387123108,-0.11528301239013672,-0.9970422387123108,-0.11528301239013672,-0.9970422387123108,0.0,0.0,0.0,0.0
35.200182414,758.05712890625,-1451.8365478515625,457.0,-966.0,235.34230041503906,216.201904296875,-0.11528301239013672,-0.9970422387123108,-0.11528301239013672,-0.9970422387123108,-0.11528301239013672,-0.9970422387123108,0.0,0.0,0.0,0.0
35.220395854,758.05712890625,-1451.8365478515625,457.0,-966.0,235.34230041503906,216.201904296875,-0.11528301239013672,-0.9970422387123108,-0.11528301239013672,-0.9970422387123108,-0.11528301239013672,-0.9970422387123108,0.0,0.0,0.0,0.0
35.240173964,758.05712890625,-1451.8365478515625,457.0,-966.0,235.34230041503906,216.201904296875,-0.11528301239013672,-0.9970422387123108,-0.11528301239013672,-0.9970422387123108,-0.11528301239013672,-0.9970422387123108,0.0,0.0,0.0,0.0
35.260198119,758.05712890625,-1451.8365478515625,457.0,-966.0,235.34230041503906,216.201904296875,-0.11528301239013672,-0.9970422387123108,-0.11528301239013672,-0.9970422387123108,-0.11528301239013672,-0.9970422387123108,0.0,0.0,0.0,0.0
35.28027046,758.05712890625,-1451.8365478515625,509.0,-914.0,236.05650329589844,214.7021026611328,-0.11528301239013672,-0.9970422387123108,-0.11528301239013672,-0.9970422387123108,-0.11528301239013672,-0.9970422387123108,0.0,0.0,0.0,0.0
35.300179335,758.05712890625,-1451.8365478515625,509.0,-914.0,236.05650329589844,214.7021026611328,-0.11528301239013672,-0.9970422387123108,-0.11528301239013672,-0.9970422387123108,-0.11528301239013672,-0.9970422387123108,0.0,0.0,0.0,0.0
35.320317298,758.05712890625,-1451.8365478515625,509.0,-914.0,236.05650329589844,214.7021026611328,-0.11528301239013672,-0.9970422387123108,-0.11528301239013672,-0.9970422387123108,-0.11528301239013672,-0.9970422387123108,0.0,0.0,0.0,0.0
35.340203425,758.05712890625,-1451.8365478515625,509.0,-914.0,236.05650329589844,214.7021026611328,-0.11528301239013672,-0.9970422387123108,-0.11528301239013672,-0.9970422387123108,-0.11528301239013672,-0.9970422387123108,0.0,0.0,0.0,0.0
35.360157542,758.05712890625,-1451.8365478515625,509.0,-914.0,236.05650329589844,214.7021026611328,-0.11528301239013672,-0.9970422387123108,-0.11528301239013672,-0.9970422387123108,-0.11528301239013672,-0.9970422387123108,0.0,0.0,0.0,0.0
35.380205406,758.05712890625,-1451.8365478515625,469.0,-903.0,236.7469024658203,213.1071014404297,-0.11528301239013672,-0.9970422387123108,-0.11528301239013672,-0.9970422387123108,-0.11528301239013672,-0.9970422387123108,0.0,0.0,0.0,0.0
35.400166754,758.05712890625,-1451.8365478515625,469.0,-903.0,236.7469024658203,213.1071014404297,-0.11528301239013672,-0.9970422387123108,-0.11528301239013672,-0.9970422387123108,-0.11528301239013672,-0.9970422387123108,0.0,0.0,0.0,0.0
35.420199356,758.05712890625,-1451.8365478515625,469.0,-903.0,236.7469024658203,213.1071014404297,-0.11528301239013672,-0.9970422387123108,-0.11528301239013672,-0.9970422387123108,-0.11528301239013672,-0.9970422387123108,0.0,0.0,0.0,0.0
35.440224503,758.05712890625,-1451.8365478515625,469.0,-903.0,236.7469024658203,213.1071014404297,-0.11528301239013672,-0.9970422387123108,-0.11528301239013672,-0.9970422387123108,-0.11528301239013672,-0.9970422387123108,0.0,0.0,0.0,0.0
35.460154272,758.05712890625,-1451.8365478515625,469.0,-903.0,236.7469024658203,213.1071014404297,-0.11528301239013672,-0.9970422387123108,-0.11528301239013672,-0.9970422387123108,-0.11528301239013672,-0.9970422387123108,0.0,0.0,0.0,0.0
35.480248273,758.05712890625,-1451.8365478515625,457.0,-949.0,237.60389709472656,211.48829650878906,-0.11528301239013672,-0.9970422387123108,-0.11528301239013672,-0.9970422387123108,-0.11528301239013672,-0.9970422387123108,0.0,0.0,0.0,0.0
35.500154141,758.05712890625,-1451.8365478515625,457.0,-949.0,237.60389709472656,211.48829650878906,-0.11528301239013672,-0.9970422387123108,-0.11528301239013672,-0.9970422387123108,-0.11528301239013672,-0.9970422387123108,0.0,0.0,0.0,0.0
35.520265964,758.05712890625,-1451.8365478515625,457.0,-949.0,237.60389709472656,211.48829650878906,-0.11528301239013672,-0.9970422387123108,-0.11528301239013672,-0.9970422387123108,-0.11528301239013672,-0.9970422387123108,0.0,0.0,0.0,0.0
35.540216081,786.5447998046875,-1424.364990234375,457.0,-949.0,237.60389709472656,211.48829650878906,-0.10598444938659668,-0.9975007176399231,-0.10598444938659668,-0.9975007176399231,-0.10598444938659668,-0.9975007176399231,0.0,0.0,0.0,0.0
35.560180917,786.5447998046875,-1424.364990234375,457.0,-949.0,237.60389709472656,211.48829650878906,-0.10598444938659668,-0.9975007176399231,-0.10598444938659668,-0.9975007176399231,-0.10598444938659668,-0.9975007176399231,0.0,0.0,0.0,0.0
35.580242731,852.9896240234375,-1359.9615478515625,486.0,-960.0,238.41329956054688,209.96470642089844,-0.0842418298125267,-0.9984217286109924,-0.0842418298125267,-0.9984217286109924,-0.0842418298125267,-0.9984217286109924,0.0,0.0,0.0,0.0
35.600173619,852.9896240234375,-1359.9615478515625,486.0,-960.0,238.41329956054688,209.96470642089844,-0.0842418298125267,-0.9984217286109924,-0.0842418298125267,-0.9984217286109924,-0.0842418298125267,-0.9984217286109924,0.0,0.0,0.0,0.0
35.620196878,852.9896240234375,-1359.9615478515625,486.0,-960.0,238.41329956054688,209.96470642089844,-0.0842418298125267,-0.9984217286109924,-0.0842418298125267,-0.9984217286109924,-0.0842418298125267,-0.9984217286109924,0.0,0.0,0.0,0.0
35.640366389,900.4088134765625,-1313.7161865234375,486.0,-960.0,238.41329956054688,209.96470642089844,-0.06867790222167969,-0.9989513158798218,-0.06867790222167969,-0.9989513158798218,-0.06867790222167969,-0.9989513158798218,0.0,0.0,0.0,0.0
35.660292862,900.4088134765625,-1313.7161865234375,486.0,-960.0,238.41329956054688,209.96470642089844,-0.06867790222167969,-0.9989513158798218,-0.06867790222167969,-0.9989513158798218,-0.06867790222167969,-0.9989513158798218,0.0,0.0,0.0,0.0
35.680227974,991.7235107421875,-1224.4892578125,503.0,-891.0,239.29420471191406,208.58389282226562,-0.02191832661628723,-0.9998932480812073,-0.03867790102958679,-0.9998932480812073,-0.03867790102958679,-0.9998932480812073,0.0,0.0,0.0,0.0
35.700196521,1042.153564453125,-1174.0592041015625,503.0,-891.0,239.29420471191406,208.58389282226562,-0.02191832661628723,-0.9998932480812073,-0.02191832661628723,-0.9998932480812073,-0.02191832661628723,-0.9998932480812073,0.0,0.0,0.0,0.0
35.72023485,1042.153564453125,-1174.0592041015625,503.0,-891.0,239.29420471191406,208.58389282226562,-0.02191832661628723,-0.9998932480812073,-0.02191832661628723,-0.9998932480812073,-0.02191832661628723,-0.9998932480812073,0.0,0.0,0.0,0.0
35.740205925,1132.297119140625,-1083.6611328125,503.0,-891.0,239.29420471191406,208.58389282226562,0.03157195448875427,-0.9997784495353699,0.008081672713160515,-0.9997784495353699,0.008081672713160515,-0.9997784495353699,0.0,0.0,0.0,0.0
35.760199332,1192.4776611328125,-1023.4806518554688,503.0,-891.0,239.29420471191406,208.58389282226562,0.03157195448875427,-0.9997784495353699,0.02808167226612568,-0.9997784495353699,0.02808167226612568,-0.9997784495353699,0.0,0.0,0.0,0.0
35.780261978,1202.97998046875,-1012.978271484375,560.0,-800.0,240.50830078125,207.46499633789062,0.03157195448875427,-0.9997784495353699,0.03157195448875427,-0.9997784495353699,0.03157195448875427,-0.9997784495353699,0.0,0.0,0.0,0.0
35.800204257,1262.6044921875,-952.24169921875,560.0,-800.0,240.50830078125,207.46499633789062,0.05704116448760033,-0.9992766976356506,0.05157195404171944,-0.9992766976356506,0.05157195404171944,-0.9992766976356506,0.0,0.0,0.0,0.0
35.820246457,1279.0615234375,-935.78466796875,560.0,-800.0,240.50830078125,207.46499633789062,0.05704116448760033,-0.9992766976356506,0.05704116448760033,-0.9992766976356506,0.05704116448760033,-0.9992766976356506,0.0,0.0,0.0,0.0
35.840305424,1288.4906005859375,-926.1727294921875,560.0,-800.0,240.50830078125,207.46499633789062,0.06020514667034149,-0.9991942048072815,0.06020514667034149,-0.9991942048072815,0.06020514667034149,-0.9991942048072815,0.0,0.0,0.0,0.0
35.860246711,1288.4906005859375,-926.1727294921875,560.0,-800.0,240.50830078125,207.46499633789062,0.06020514667034149,-0.9991942048072815,0.06020514667034149,-0.9991942048072815,0.06020514667034149,-0.9991942048072815,0.0,0.0,0.0,0.0
35.880265907,1288.4906005859375,-926.1727294921875,737.0,-640.0,242.15089416503906,206.7270050048828,0.06020514667034149,-0.9991942048072815,0.06020514667034149,-0.9991942048072815,0.06020514667034149,-0.9991942048072815,0.0,0.0,0.0,0.0
35.900172319,1288.4906005859375,-926.1727294921875,737.0,-640.0,242.15089416503906,206.7270050048828,0.06020514667034149,-0.9991942048072815,0.06020514667034149,-0.9991942048072815,0.06020514667034149,-0.9991942048072815,0.0,0.0,0.0,0.0
35.92018358,1288.4906005859375,-926.1727294921875,737.0,-640.0,242.15089416503906,206.7270050048828,0.06020514667034149,-0.9991942048072815,0.06020514667034149,-0.9991942048072815,0.06020514667034149,-0.9991942048072815,0.0,0.0,0.0,0.0
35.940318247,1288.4906005859375,-926.1727294921875,737.0,-640.0,242.15089416503906,206.7270050048828,0.06020514667034149,-0.9991942048072815,0.06020514667034149,-0.9991942048072815,0.06020514667034149,-0.9991942048072815,0.0,0.0,0.0,0.0
35.960479535,1288.4906005859375,-926.1727294921875,737.0,-640.0,242.15089416503906,206.7270050048828,0.06020514667034149,-0.9991942048072815,0.06020514667034149,-0.9991942048072815,0.06020514667034149,-0.9991942048072815,0.0,0.0,0.0,0.0
35.980286633,1288.4906005859375,-926.1727294921875,903.0,-520.0,243.6031036376953,205.86990356445312,0.06020514667034149,-0.9991942048072815,0.06020514667034149,-0.9991942048072815,0.06020514667034149,-0.9991942048072815,0.0,0.0,0.0,0.0
36.000201011,1288.4906005859375,-926.1727294921875,903.0,-520.0,243.6031036376953,205.86990356445312,0.06020514667034149,-0.9991942048072815,0.06020514667034149,-0.9991942048072815,0.06020514667034149,-0.9991942048072815,0.0,0.0,0.0,0.0
36.020222413,1288.4906005859375,-926.1727294921875,903.0,-520.0,243.6031036376953,205.86990356445312,0.06020514667034149,-0.9991942048072815,0.06020514667034149,-0.9991942048072815,0.06020514667034149,-0.9991942048072815,0.0,0.0,0.0,0.0
36.040388787,1288.4906005859375,-926.1727294921875,903.0,-520.0,243.6031036376953,205.86990356445312,0.06020514667034149,-0.9991942048072815,0.06020514667034149,-0.9991942048072815,0.06020514667034149,-0.9991942048072815,0.0,0.0,0.0,0.0
36.060362325,1288.4906005859375,-926.1727294921875,903.0,-520.0,243.6031036376953,205.86990356445312,0.06020514667034149,-0.9991942048072815,0.06020514667034149,-0.9991942048072815,0.06020514667034149,-0.9991942048072815,0.0,0.0,0.0,0.0
36.080274495,1288.4906005859375,-926.1727294921875,863.0,-526.0,244.86489868164062,204.7510986328125,0.06020514667034149,-0.9991942048072815,0.06020514667034149,-0.9991942048072815,0.06020514667034149,-0.9991942048072815,0.0,0.0,0.0,0.0
36.100171499,1288.4906005859375,-926.1727294921875,863.0,-526.0,244.86489868164062,204.7510986328125,0.06020514667034149,-0.9991942048072815,0.06020514667034149,-0.9991942048072815,0.06020514667034149,-0.9991942048072815,0.0,0.0,0.0,0.0
36.1203197,1288.4906005859375,-926.1727294921875,863.0,-526.0,244.86489868164062,204.7510986328125,0.06020514667034149,-0.9991942048072815,0.06020514667034149,-0.9991942048072815,0.06020514667034149,-0.9991942048072815,0.0,0.0,0.0,0.0
36.140426946,1288.4906005859375,-926.1727294921875,863.0,-526.0,244.86489868164062,204.7510986328125,0.06020514667034149,-0.9991942048072815,0.06020514667034149,-0.9991942048072815,0.06020514667034149,-0.9991942048072815,0.0,0.0,0.0,0.0
36.160335245,1288.4906005859375,-926.1727294921875,863.0,-526.0,244.86489868164062,204.7510986328125,0.06020514667034149,-0.9991942048072815,0.06020514667034149,-0.9991942048072815,0.06020514667034149,-0.9991942048072815,0.0,0.0,0.0,0.0
36.180434428,1288.4906005859375,-926.1727294921875,817.0,-600.0,246.3408966064453,203.84640502929688,0.06020514667034149,-0.9991942048072815,0.06020514667034149,-0.9991942048072815,0.06020514667034149,-0.9991942048072815,0.0,0.0,0.0,0.0
36.200336936,1288.4906005859375,-926.1727294921875,817.0,-600.0,246.3408966064453,203.84640502929688,0.06020514667034149,-0.9991942048072815,0.06020514667034149,-0.9991942048072815,0.06020514667034149,-0.9991942048072815,0.0,0.0,0.0,0.0
36.220323047,1288.4906005859375,-926.1727294921875,817.0,-600.0,246.3408966064453,203.84640502929688,0.06020514667034149,-0.9991942048072815,0.06020514667034149,-0.9991942048072815,0.06020514667034149,-0.9991942048072815,0.0,0.0,0.0,0.0
36.240326052,1288.4906005859375,-926.1727294921875,817.0,-600.0,246.3408966064453,203.84640502929688,0.06020514667034149,-0.9991942048072815,0.06020514667034149,-0.9991942048072815,0.06020514667034149,-0.9991942048072815,0.0,0.0,0.0,0.0
36.260276777,1288.4906005859375,-926.1727294921875,817.0,-600.0,246.3408966064453,203.84640502929688,0.06020514667034149,-0.9991942048072815,0.06020514667034149,-0.9991942048072815,0.06020514667034149,-0.9991942048072815,0.0,0.0,0.0,0.0
36.280356539,1288.4906005859375,-926.1727294921875,863.0,-560.0,247.864501953125,203.01319885253906,0.06020514667034149,-0.9991942048072815,0.06020514667034149,-0.9991942048072815,0.06020514667034149,-0.9991942048072815,0.0,0.0,0.0,0.0
36.300359929,1288.4906005859375,-926.1727294921875,863.0,-560.0,247.864501953125,203.01319885253906,0.06020514667034149,-0.9991942048072815,0.06020514667034149,-0.9991942048072815,0.06020514667034149,-0.9991942048072815,0.0,0.0,0.0,0.0
36.320301374,1288.4906005859375,-926.1727294921875,863.0,-560.0,247.864501953125,203.01319885253906,0.06020514667034149,-0.9991942048072815,0.06020514667034149,-0.9991942048072815,0.06020514667034149,-0.9991942048072815,0.0,0.0,0.0,0.0
36.340353717,1288.4906005859375,-926.1727294921875,863.0,-560.0,247.864501953125,203.01319885253906,0.06020514667034149,-0.9991942048072815,0.06020514667034149,-0.9991942048072815,0.06020514667034149,-0.9991942048072815,0.0,0.0,0.0,0.0
36.360542103,1288.4906005859375,-926.1727294921875,863.0,-560.0,247.864501953125,203.01319885253906,0.06020514667034149,-0.9991942048072815,0.06020514667034149,-0.9991942048072815,0.06020514667034149,-0.9991942048072815,0.0,0.0,0.0,0.0
36.380314901,1288.4906005859375,-926.1727294921875,880.0,-526.0,249.22149658203125,202.06089782714844,0.06020514667034149,-0.9991942048072815,0.06020514667034149,-0.9991942048072815,0.06020514667034149,-0.9991942048072815,0.0,0.0,0.0,0.0
36.400292854,1288.4906005859375,-926.1727294921875,880.0,-526.0,249.22149658203125,202.06089782714844,0.06020514667034149,-0.9991942048072815,0.06020514667034149,-0.9991942048072815,0.06020514667034149,-0.9991942048072815,0.0,0.0,0.0,0.0
36.420203457,1288.4906005859375,-926.1727294921875,880.0,-526.0,249.22149658203125,202.06089782714844,0.06020514667034149,-0.9991942048072815,0.06020514667034149,-0.9991942048072815,0.06020514667034149,-0.9991942048072815,0.0,0.0,0.0,0.0
36.440300144,1288.4906005859375,-926.1727294921875,880.0,-526.0,249.22149658203125,202.06089782714844,0.06020514667034149,-0.9991942048072815,0.06020514667034149,-0.9991942048072815,0.06020514667034149,-0.9991942048072815,0.0,0.0,0.0,0.0
36.460327658,1288.4906005859375,-926.1727294921875,880.0,-526.0,249.22149658203125,202.06089782714844,0.06020514667034149,-0.9991942048072815,0.06020514667034149,-0.9991942048072815,0.06020514667034149,-0.9991942048072815,0.0,0.0,0.0,0.0
36.480276079,1288.4906005859375,-926.1727294921875,840.0,-560.0,250.60220336914062,201.10870361328125,0.06020514667034149,-0.9991942048072815,0.06020514667034149,-0.9991942048072815,0.06020514667034149,-0.9991942048072815,0.0,0.0,0.0,0.0
36.50031236,1288.4906005859375,-926.1727294921875,840.0,-560.0,250.60220336914062,201.10870361328125,0.06020514667034149,-0.9991942048072815,0.06020514667034149,-0.9991942048072815,0.06020514667034149,-0.9991942048072815,0.0,0.0,0.0,0.0
36.520371357,1288.4906005859375,-926.1727294921875,840.0,-560.0,250.60220336914062,201.10870361328125,0.06020514667034149,-0.9991942048072815,0.06020514667034149,-0.9991942048072815,0.06020514667034149,-0.9991942048072815,0.0,0.0,0.0,0.0
36.540308259,1288.4906005859375,-926.1727294921875,840.0,-560.0,250.60220336914062,201.10870361328125,0.06020514667034149,-0.9991942048072815,0.06020514667034149,-0.9991942048072815,0.06020514667034149,-0.9991942048072815,0.0,0.0,0.0,0.0
36.560407827,1288.4906005859375,-926.1727294921875,840.0,-560.0,250.60220336914062,201.10870361328125,0.06020514667034149,-0.9991942048072815,0.06020514667034149,-0.9991942048072815,0.06020514667034149,-0.9991942048072815,0.0,0.0,0.0,0.0
36.580246344,1288.4906005859375,-926.1727294921875,846.0,-566.0,252.1020050048828,200.20399475097656,0.06020514667034149,-0.9991942048072815,0.06020514667034149,-0.9991942048072815,0.06020514667034149,-0.9991942048072815,0.0,0.0,0.0,0.0
36.60045428,1288.4906005859375,-926.1727294921875,846.0,-566.0,252.1020050048828,200.20399475097656,0.06020514667034149,-0.9991942048072815,0.06020514667034149,-0.9991942048072815,0.06020514667034149,-0.9991942048072815,0.0,0.0,0.0,0.0
36.62033743,1288.4906005859375,-926.1727294921875,846.0,-566.0,252.1020050048828,200.20399475097656,0.06020514667034149,-0.9991942048072815,0.06020514667034149,-0.9991942048072815,0.06020514667034149,-0.9991942048072815,0.0,0.0,0.0,0.0
36.64042116,1288.4906005859375,-926.1727294921875,846.0,-566.0,252.1020050048828,200.20399475097656,0.06020514667034149,-0.9991942048072815,0.06020514667034149,-0.9991942048072815,0.06020514667034149,-0.9991942048072815,0.0,0.0,0.0,0.0
36.660341169,1288.4906005859375,-926.1727294921875,846.0,-566.0,252.1020050048828,200.20399475097656,0.06020514667034149,-0.9991942048072815,0.06020514667034149,-0.9991942048072815,0.06020514667034149,-0.9991942048072815,0.0,0.0,0.0,0.0
36.680355212,1288.4906005859375,-926.1727294921875,869.0,-560.0,253.50660705566406,199.25180053710938,0.06020514667034149,-0.9991942048072815,0.06020514667034149,-0.9991942048072815,0.06020514667034149,-0.9991942048072815,0.0,0.0,0.0,0.0
36.700457755,1288.4906005859375,-926.1727294921875,869.0,-560.0,253.50660705566406,199.25180053710938,0.06020514667034149,-0.9991942048072815,0.06020514667034149,-0.9991942048072815,0.06020514667034149,-0.9991942048072815,0.0,0.0,0.0,0.0
36.720346473,1288.4906005859375,-926.1727294921875,869.0,-560.0,253.50660705566406,199.25180053710938,0.06020514667034149,-0.9991942048072815,0.06020514667034149,-0.9991942048072815,0.06020514667034149,-0.9991942048072815,0.0,0.0,0.0,0.0
36.740608801,1288.4906005859375,-926.1727294921875,869.0,-560.0,253.50660705566406,199.25180053710938,0.06020514667034149,-0.9991942048072815,0.06020514667034149,-0.9991942048072815,0.06020514667034149,-0.9991942048072815,0.0,0.0,0.0,0.0
36.760535593,1288.4906005859375,-926.1727294921875,869.0,-560.0,253.50660705566406,199.25180053710938,0.06020514667034149,-0.9991942048072815,0.06020514667034149,-0.9991942048072815,0.06020514667034149,-0.9991942048072815,0.0,0.0,0.0,0.0
36.780271628,1288.4906005859375,-926.1727294921875,851.0,-566.0,254.8874053955078,198.27569580078125,0.06020514667034149,-0.9991942048072815,0.06020514667034149,-0.9991942048072815,0.06020514667034149,-0.9991942048072815,0.0,0.0,0.0,0.0
36.800298182,1288.4906005859375,-926.1727294921875,851.0,-566.0,254.8874053955078,198.27569580078125,0.06020514667034149,-0.9991942048072815,0.06020514667034149,-0.9991942048072815,0.06020514667034149,-0.9991942048072815,0.0,0.0,0.0,0.0
36.820285414,1288.4906005859375,-926.1727294921875,851.0,-566.0,254.8874053955078,198.27569580078125,0.06020514667034149,-0.9991942048072815,0.06020514667034149,-0.9991942048072815,0.06020514667034149,-0.9991942048072815,0.0,0.0,0.0,0.0
36.84040373,1288.4906005859375,-926.1727294921875,851.0,-566.0,254.8874053955078,198.27569580078125,0.06020514667034149,-0.9991942048072815,0.06020514667034149,-0.9991942048072815,0.06020514667034149,-0.9991942048072815,0.0,0.0,0.0,0.0
36.860257669,1288.4906005859375,-926.1727294921875,851.0,-566.0,254.8874053955078,198.27569580078125,0.06020514667034149,-0.9991942048072815,0.06020514667034149,-0.9991942048072815,0.06020514667034149,-0.9991942048072815,0.0,0.0,0.0,0.0
36.880179822,1288.4906005859375,-926.1727294921875,846.0,-571.0,256.339599609375,197.34719848632812,0.06020514667034149,-0.9991942048072815,0.06020514667034149,-0.9991942048072815,0.06020514667034149,-0.9991942048072815,0.0,0.0,0.0,0.0
36.900194761,1288.4906005859375,-926.1727294921875,846.0,-571.0,256.339599609375,197.34719848632812,0.06020514667034149,-0.9991942048072815,0.06020514667034149,-0.9991942048072815,0.06020514667034149,-0.9991942048072815,0.0,0.0,0.0,0.0
36.920209733,1288.4906005859375,-926.1727294921875,846.0,-571.0,256.339599609375,197.34719848632812,0.06020514667034149,-0.9991942048072815,0.06020514667034149,-0.9991942048072815,0.06020514667034149,-0.9991942048072815,0.0,0.0,0.0,0.0
36.94050828,1288.4906005859375,-926.1727294921875,846.0,-571.0,256.339599609375,197.34719848632812,0.06020514667034149,-0.9991942048072815,0.06020514667034149,-0.9991942048072815,0.06020514667034149,-0.9991942048072815,0.0,0.0,0.0,0.0
36.960262872,1288.4906005859375,-926.1727294921875,846.0,-571.0,256.339599609375,197.34719848632812,0.06020514667034149,-0.9991942048072815,0.06020514667034149,-0.9991942048072815,0.06020514667034149,-0.9991942048072815,0.0,0.0,0.0,0.0
36.980167555,1288.4906005859375,-926.1727294921875,857.0,-554.0,257.7679138183594,196.46640014648438,0.06020514667034149,-0.9991942048072815,0.06020514667034149,-0.9991942048072815,0.06020514667034149,-0.9991942048072815,0.0,0.0,0.0,0.0
37.000529869,1288.4906005859375,-926.1727294921875,857.0,-554.0,257.7679138183594,196.46640014648438,0.06020514667034149,-0.9991942048072815,0.06020514667034149,-0.9991942048072815,0.06020514667034149,-0.9991942048072815,0.0,0.0,0.0,0.0
37.020184539,1288.4906005859375,-926.1727294921875,857.0,-554.0,257.7679138183594,196.46640014648438,0.06020514667034149,-0.9991942048072815,0.06020514667034149,-0.9991942048072815,0.06020514667034149,-0.9991942048072815,0.0,0.0,0.0,0.0
37.040484556,1288.4906005859375,-926.1727294921875,857.0,-554.0,257.7679138183594,196.46640014648438,0.06020514667034149,-0.9991942048072815,0.06020514667034149,-0.9991942048072815,0.06020514667034149,-0.9991942048072815,0.0,0.0,0.0,0.0
37.060194962,1288.4906005859375,-926.1727294921875,857.0,-554.0,257.7679138183594,196.46640014648438,0.06020514667034149,-0.9991942048072815,0.06020514667034149,-0.9991942048072815,0.06020514667034149,-0.9991942048072815,0.0,0.0,0.0,0.0
37.080196815,1288.4906005859375,-926.1727294921875,851.0,-543.0,259.1724853515625,195.53799438476562,0.06020514667034149,-0.9991942048072815,0.06020514667034149,-0.9991942048072815,0.06020514667034149,-0.9991942048072815,0.0,0.0,0.0,0.0
37.100269153,1153.8907470703125,-972.1145629882812,851.0,-543.0,259.1724853515625,195.53799438476562,0.0,-0.0,0.030205149203538895,-0.9591941833496094,0.030205149203538895,-0.9591941833496094,0.0,0.0,0.0,0.0
37.120173899,1019.291015625,-1018.056396484375,851.0,-543.0,259.1724853515625,195.53799438476562,0.0,-0.0,0.00020514853531494737,-0.919194221496582,0.00020514853531494737,-0.919194221496582,0.0,0.0,0.0,0.0
37.140477757,974.3447265625,-974.3447265625,851.0,-543.0,259.1724853515625,195.53799438476562,0.0,-0.0,0.0,-0.8791942000389099,0.0,-0.8791942000389099,0.0,0.0,0.0,0.0
37.160216447,930.0157470703125,-930.0157470703125,851.0,-543.0,259.1724853515625,195.53799438476562,0.0,-0.0,0.0,-0.8391941785812378,0.0,-0.8391941785812378,0.0,0.0,0.0,0.0
37.180180352,885.686767578125,-885.686767578125,851.0,-566.0,260.5295104980469,194.53810119628906,0.0,-0.0,0.0,-0.7991942167282104,0.0,-0.7991942167282104,0.0,0.0,0.0,0.0
37.200250291,841.3577270507812,-841.3577270507812,851.0,-566.0,260.5295104980469,194.53810119628906,0.0,-0.0,0.0,-0.7591941952705383,0.0,-0.7591941952705383,0.0,0.0,0.0,0.0
37.220196375,797.0287475585938,-797.0287475585938,851.0,-566.0,260.5295104980469,194.53810119628906,0.0,-0.0,0.0,-0.719194233417511,0.0,-0.719194233417511,0.0,0.0,0.0,0.0
37.240371291,752.6997680664062,-752.6997680664062,851.0,-566.0,260.5295104980469,194.53810119628906,0.0,-0.0,0.0,-0.6791942119598389,0.0,-0.6791942119598389,0.0,0.0,0.0,0.0
37.260237963,708.3707885742188,-708.3707885742188,851.0,-566.0,260.5295104980469,194.53810119628906,0.0,-0.0,0.0,-0.6391941905021667,0.0,-0.6391941905021667,0.0,0.0,0.0,0.0
37.280191854,664.0418090820312,-664.0418090820312,663.0,-583.0,260.9818115234375,193.6334991455078,0.0,-0.0,0.0,-0.5991942286491394,0.0,-0.5991942286491394,0.0,0.0,0.0,0.0
37.300206601,619.7128295898438,-619.7128295898438,663.0,-583.0,260.9818115234375,193.6334991455078,0.0,-0.0,0.0,-0.5591942071914673,0.0,-0.5591942071914673,0.0,0.0,0.0,0.0
37.320165195,575.3838500976562,-575.3838500976562,663.0,-583.0,260.9818115234375,193.6334991455078,0.0,-0.0,0.0,-0.5191941857337952,0.0,-0.5191941857337952,0.0,0.0,0.0,0.0
37.340490969,531.0548706054688,-531.0548706054688,663.0,-583.0,260.9818115234375,193.6334991455078,0.0,-0.0,0.0,-0.47919419407844543,0.0,-0.47919419407844543,0.0,0.0,0.0,0.0
37.360213854,486.7258605957031,-486.7258605957031,663.0,-583.0,260.9818115234375,193.6334991455078,0.0,-0.0,0.0,-0.4391942024230957,0.0,-0.4391942024230957,0.0,0.0,0.0,0.0
37.380179295,442.3968811035156,-442.3968811035156,434.0,-451.0,261.3865051269531,193.32400512695312,0.0,-0.0,0.0,-0.39919421076774597,0.0,-0.39919421076774597,0.0,0.0,0.0,0.0
37.400275406,398.06787109375,-398.06787109375,434.0,-451.0,261.3865051269531,193.32400512695312,0.0,-0.0,0.0,-0.35919421911239624,0.0,-0.35919421911239624,0.0,0.0,0.0,0.0
37.420192151,353.7388916015625,-353.7388916015625,434.0,-451.0,261.3865051269531,193.32400512695312,0.0,-0.0,0.0,-0.3191941976547241,0.0,-0.3191941976547241,0.0,0.0,0.0,0.0
37.440249291,309.409912109375,-309.409912109375,434.0,-451.0,261.3865051269531,193.32400512695312,0.0,-0.0,0.0,-0.2791942059993744,0.0,-0.2791942059993744,0.0,0.0,0.0,0.0
37.460186545,265.0809326171875,-265.0809326171875,434.0,-451.0,261.3865051269531,193.32400512695312,0.0,-0.0,0.0,-0.23919419944286346,0.0,-0.23919419944286346,0.0,0.0,0.0,0.0
37.480403183,220.75193786621094,-220.75193786621094,246.0,-234.0,261.81500244140625,193.22869873046875,0.0,-0.0,0.0,-0.19919420778751373,0.0,-0.19919420778751373,0.0,0.0,0.0,0.0
37.500199176,176.42294311523438,-176.42294311523438,246.0,-234.0,261.81500244140625,193.22869873046875,0.0,-0.0,0.0,-0.1591942012310028,0.0,-0.1591942012310028,0.0,0.0,0.0,0.0
37.520207492,132.09396362304688,-132.09396362304688,246.0,-234.0,261.81500244140625,193.22869873046875,0.0,-0.0,0.0,-0.11919420212507248,0.0,-0.11919420212507248,0.0,0.0,0.0,0.0
37.540234429,87.76496887207031,-87.76496887207031,246.0,-234.0,261.81500244140625,193.22869873046875,0.0,-0.0,0.0,-0.07919420301914215,0.0,-0.07919420301914215,0.0,0.0,0.0,0.0
37.560233242,43.43598556518555,-43.43598556518555,246.0,-234.0,261.81500244140625,193.22869873046875,0.0,-0.0,0.0,-0.03919420391321182,0.0,-0.03919420391321182,0.0,0.0,0.0,0.0
37.580400478,0.0,0.0,160.0,-86.0,261.81500244140625,193.1811065673828,0.0,-0.0,0.0,0.0,0.0,0.0,0.0,0.0,0.0,0.0
37.600350786,0.0,0.0,160.0,-86.0,261.81500244140625,193.1811065673828,0.0,-0.0,0.0,0.0,0.0,0.0,0.0,0.0,0.0,0.0
37.620222737,0.0,0.0,160.0,-86.0,261.81500244140625,193.1811065673828,0.0,-0.0,0.0,0.0,0.0,0.0,0.0,0.0,0.0,0.0
37.640204144,0.0,0.0,160.0,-86.0,261.81500244140625,193.1811065673828,0.0,-0.0,0.0,0.0,0.0,0.0,0.0,0.0,0.0,0.0
37.660209388,0.0,0.0,160.0,-86.0,261.81500244140625,193.1811065673828,0.0,-0.0,0.0,0.0,0.0,0.0,0.0,0.0,0.0,0.0
37.680406925,0.0,0.0,40.0,-11.0,261.6722106933594,193.22869873046875,0.0,-0.0,0.0,0.0,0.0,0.0,0.0,0.0,0.0,0.0
37.700174667,0.0,0.0,40.0,-11.0,261.6722106933594,193.22869873046875,0.0,-0.0,0.0,0.0,0.0,0.0,0.0,0.0,0.0,0.0
37.720262139,0.0,0.0,40.0,-11.0,261.6722106933594,193.22869873046875,0.0,-0.0,0.0,0.0,0.0,0.0,0.0,0.0,0.0,0.0
37.740232188,0.0,0.0,40.0,-11.0,261.6722106933594,193.22869873046875,0.0,-0.0,0.0,0.0,0.0,0.0,0.0,0.0,0.0,0.0
37.760281585,-104.50952911376953,-15.851554870605469,40.0,-11.0,261.6722106933594,193.22869873046875,-0.02029471844434738,0.25706642866134644,-0.019999999552965164,0.03999999910593033,-0.019999999552965164,0.03999999910593033,0.0,0.0,0.0,0.0
37.780440023,-149.72532653808594,27.590618133544922,-40.0,6.0,261.6960144042969,193.20489501953125,-0.02029471844434738,0.25706642866134644,-0.02029471844434738,0.07999999821186066,-0.02029471844434738,0.07999999821186066,0.0,0.0,0.0,0.0
37.800193079,-194.0543212890625,71.91960144042969,-40.0,6.0,261.6960144042969,193.20489501953125,-0.02029471844434738,0.25706642866134644,-0.02029471844434738,0.11999999731779099,-0.02029471844434738,0.11999999731779099,0.0,0.0,0.0,0.0
37.820231534,-148.11248779296875,206.5194091796875,-40.0,6.0,261.6960144042969,193.20489501953125,0.08399359881877899,0.8079383969306946,0.00970528181642294,0.1599999964237213,0.00970528181642294,0.1599999964237213,0.0,0.0,0.0,0.0
37.840219533,-132.2609405517578,311.0289306640625,-40.0,6.0,261.6960144042969,193.20489501953125,0.08399359881877899,0.8079383969306946,0.029705282300710678,0.20000000298023224,0.029705282300710678,0.20000000298023224,0.0,0.0,0.0,0.0
37.860560185,-116.40938568115234,415.5384521484375,-40.0,6.0,261.6960144042969,193.20489501953125,0.08399359881877899,0.8079383969306946,0.04970528185367584,0.23999999463558197,0.04970528185367584,0.23999999463558197,0.0,0.0,0.0,0.0
37.880191914,-100.55783081054688,520.0479736328125,-40.0,11.0,261.505615234375,193.30020141601562,0.14346736669540405,0.9954155087471008,0.0697052851319313,0.2800000011920929,0.0697052851319313,0.2800000011920929,0.0,0.0,0.0,0.0
37.900285849,-84.7062759399414,624.5574951171875,-40.0,11.0,261.505615234375,193.30020141601562,0.14346736669540405,0.9954155087471008,0.08970528095960617,0.3199999928474426,0.08970528095960617,0.3199999928474426,0.0,0.0,0.0,0.0
37.920332335,-68.85472106933594,729.0670776367188,-40.0,11.0,261.505615234375,193.30020141601562,0.1344565451145172,0.9959744215011597,0.10970528423786163,0.36000001430511475,0.10970528423786163,0.36000001430511475,0.0,0.0,0.0,0.0
37.940205214,-53.0031623840332,833.5765991210938,-40.0,11.0,261.505615234375,193.30020141601562,0.1344565451145172,0.9959744215011597,0.1297052800655365,0.4000000059604645,0.1297052800655365,0.4000000059604645,0.0,0.0,0.0,0.0
37.960257651,-87.009521484375,888.2282104492188,-40.0,11.0,261.505615234375,193.30020141601562,0.1331358402967453,0.9960532784461975,0.1331358402967453,0.4399999976158142,0.1331358402967453,0.4399999976158142,0.0,0.0,0.0,0.0
37.980195897,-131.3385009765625,932.5571899414062,-46.0,154.0,261.4578857421875,194.18099975585938,0.1331358402967453,0.9960532784461975,0.1331358402967453,0.47999998927116394,0.1331358402967453,0.47999998927116394,0.0,0.0,0.0,0.0
38.000487083,-175.66749572753906,976.8861694335938,-46.0,154.0,261.4578857421875,194.18099975585938,0.1331358402967453,0.9960532784461975,0.1331358402967453,0.5199999809265137,0.1331358402967453,0.5199999809265137,0.0,0.0,0.0,0.0
38.020441389,-219.99647521972656,1021.2151489257812,-46.0,154.0,261.4578857421875,194.18099975585938,0.1331358402967453,0.9960532784461975,0.1331358402967453,0.5600000023841858,0.1331358402967453,0.5600000023841858,0.0,0.0,0.0,0.0
38.040207434,-264.3254699707031,1065.544189453125,-46.0,154.0,261.4578857421875,194.18099975585938,0.1331358402967453,0.9960532784461975,0.1331358402967453,0.6000000238418579,0.1331358402967453,0.6000000238418579,0.0,0.0,0.0,0.0
38.060166668,-308.6544494628906,1109.8731689453125,-46.0,154.0,261.4578857421875,194.18099975585938,0.1331358402967453,0.9960532784461975,0.1331358402967453,0.6399999856948853,0.1331358402967453,0.6399999856948853,0.0,0.0,0.0,0.0
38.080163816,-352.9834289550781,1154.2021484375,-69.0,491.0,261.4341125488281,195.70460510253906,0.1331358402967453,0.9960532784461975,0.1331358402967453,0.6800000071525574,0.1331358402967453,0.6800000071525574,0.0,0.0,0.0,0.0
38.100306063,-397.31243896484375,1198.5311279296875,-69.0,491.0,261.4341125488281,195.70460510253906,0.1331358402967453,0.9960532784461975,0.1331358402967453,0.7200000286102295,0.1331358402967453,0.7200000286102295,0.0,0.0,0.0,0.0
38.120223447,-441.64141845703125,1242.860107421875,-69.0,491.0,261.4341125488281,195.70460510253906,0.1331358402967453,0.9960532784461975,0.1331358402967453,0.7599999904632568,0.1331358402967453,0.7599999904632568,0.0,0.0,0.0,0.0
38.140209301,-485.97039794921875,1287.1890869140625,-69.0,491.0,261.4341125488281,195.70460510253906,0.1331358402967453,0.9960532784461975,0.1331358402967453,0.800000011920929,0.1331358402967453,0.800000011920929,0.0,0.0,0.0,0.0
38.160212304,-530.2993774414062,1331.51806640625,-69.0,491.0,261.4341125488281,195.70460510253906,0.1331358402967453,0.9960532784461975,0.1331358402967453,0.8399999737739563,0.1331358402967453,0.8399999737739563,0.0,0.0,0.0,0.0
38.180207532,-574.6283569335938,1375.8470458984375,-97.0,806.0,260.910400390625,196.96629333496094,0.1331358402967453,0.9960532784461975,0.1331358402967453,0.8799999952316284,0.1331358402967453,0.8799999952316284,0.0,0.0,0.0,0.0
38.200301691,-618.9573364257812,1420.176025390625,-97.0,806.0,260.910400390625,196.96629333496094,0.1331358402967453,0.9960532784461975,0.1331358402967453,0.9200000166893005,0.1331358402967453,0.9200000166893005,0.0,0.0,0.0,0.0
38.220195173,-663.286376953125,1464.5050048828125,-97.0,806.0,260.910400390625,196.96629333496094,0.1331358402967453,0.9960532784461975,0.1331358402967453,0.9599999785423279,0.1331358402967453,0.9599999785423279,0.0,0.0,0.0,0.0
38.240232476,-703.241455078125,1504.460205078125,-97.0,806.0,260.910400390625,196.96629333496094,0.1331358402967453,0.9960532784461975,0.1331358402967453,0.9960532784461975,0.1331358402967453,0.9960532784461975,0.0,0.0,0.0,0.0
38.260537452,-703.241455078125,1504.460205078125,-97.0,806.0,260.910400390625,196.96629333496094,0.1331358402967453,0.9960532784461975,0.1331358402967453,0.9960532784461975,0.1331358402967453,0.9960532784461975,0.0,0.0,0.0,0.0
38.280216662,-718.2846069335938,1490.049560546875,-297.0,829.0,260.00579833984375,198.4423065185547,0.1282416135072708,0.9963386654853821,0.1282416135072708,0.9963386654853821,0.1282416135072708,0.9963386654853821,0.0,0.0,0.0,0.0
38.3001439,-718.2846069335938,1490.049560546875,-297.0,829.0,260.00579833984375,198.4423065185547,0.1282416135072708,0.9963386654853821,0.1282416135072708,0.9963386654853821,0.1282416135072708,0.9963386654853821,0.0,0.0,0.0,0.0
38.320193968,-718.2846069335938,1490.049560546875,-297.0,829.0,260.00579833984375,198.4423065185547,0.1282416135072708,0.9963386654853821,0.1282416135072708,0.9963386654853821,0.1282416135072708,0.9963386654853821,0.0,0.0,0.0,0.0
38.340203786,-718.2846069335938,1490.049560546875,-297.0,829.0,260.00579833984375,198.4423065185547,0.1282416135072708,0.9963386654853821,0.1282416135072708,0.9963386654853821,0.1282416135072708,0.9963386654853821,0.0,0.0,0.0,0.0
38.360172939,-718.2846069335938,1490.049560546875,-297.0,829.0,260.00579833984375,198.4423065185547,0.1282416135072708,0.9963386654853821,0.1282416135072708,0.9963386654853821,0.1282416135072708,0.9963386654853821,0.0,0.0,0.0,0.0
38.380282039,-733.3284912109375,1475.6148681640625,-486.0,937.0,259.1724853515625,200.34689331054688,0.12334324419498444,0.9966135025024414,0.12334324419498444,0.9966135025024414,0.12334324419498444,0.9966135025024414,0.0,0.0,0.0,0.0
38.40017309,-733.3284912109375,1475.6148681640625,-486.0,937.0,259.1724853515625,200.34689331054688,0.12334324419498444,0.9966135025024414,0.12334324419498444,0.9966135025024414,0.12334324419498444,0.9966135025024414,0.0,0.0,0.0,0.0
38.421012742,-733.3284912109375,1475.6148681640625,-486.0,937.0,259.1724853515625,200.34689331054688,0.12334324419498444,0.9966135025024414,0.12334324419498444,0.9966135025024414,0.12334324419498444,0.9966135025024414,0.0,0.0,0.0,0.0
38.44024939,-733.3284912109375,1475.6148681640625,-486.0,937.0,259.1724853515625,200.34689331054688,0.12334324419498444,0.9966135025024414,0.12334324419498444,0.9966135025024414,0.12334324419498444,0.9966135025024414,0.0,0.0,0.0,0.0
38.460183924,-733.3284912109375,1475.6148681640625,-486.0,937.0,259.1724853515625,200.34689331054688,0.12334324419498444,0.9966135025024414,0.12334324419498444,0.9966135025024414,0.12334324419498444,0.9966135025024414,0.0,0.0,0.0,0.0
38.480220554,-749.560302734375,1460.0140380859375,-457.0,1017.0,258.5535888671875,201.87049865722656,0.11805373430252075,0.9968981742858887,0.11805373430252075,0.9968981742858887,0.11805373430252075,0.9968981742858887,0.0,0.0,0.0,0.0
38.500322807,-749.560302734375,1460.0140380859375,-457.0,1017.0,258.5535888671875,201.87049865722656,0.11805373430252075,0.9968981742858887,0.11805373430252075,0.9968981742858887,0.11805373430252075,0.9968981742858887,0.0,0.0,0.0,0.0
38.520227616,-781.7040405273438,1429.0390625,-457.0,1017.0,258.5535888671875,201.87049865722656,0.1075654998421669,0.9974254965782166,0.1075654998421669,0.9974254965782166,0.1075654998421669,0.9974254965782166,0.0,0.0,0.0,0.0
38.540269558,-781.7040405273438,1429.0390625,-457.0,1017.0,258.5535888671875,201.87049865722656,0.1075654998421669,0.9974254965782166,0.1075654998421669,0.9974254965782166,0.1075654998421669,0.9974254965782166,0.0,0.0,0.0,0.0
38.560231735,-781.7040405273438,1429.0390625,-457.0,1017.0,258.5535888671875,201.87049865722656,0.1075654998421669,0.9974254965782166,0.1075654998421669,0.9974254965782166,0.1075654998421669,0.9974254965782166,0.0,0.0,0.0,0.0
38.580231283,-830.03076171875,1382.2672119140625,-429.0,914.0,257.7441101074219,203.22740173339844,0.09176329523324966,0.9981270432472229,0.09176329523324966,0.9981270432472229,0.09176329523324966,0.9981270432472229,0.0,0.0,0.0,0.0
38.600202995,-830.03076171875,1382.2672119140625,-429.0,914.0,257.7441101074219,203.22740173339844,0.09176329523324966,0.9981270432472229,0.09176329523324966,0.9981270432472229,0.09176329523324966,0.9981270432472229,0.0,0.0,0.0,0.0
38.620220332,-877.097412109375,1336.4801025390625,-429.0,914.0,257.7441101074219,203.22740173339844,0.07633408904075623,0.9987043142318726,0.07633408904075623,0.9987043142318726,0.07633408904075623,0.9987043142318726,0.0,0.0,0.0,0.0
38.640237317,-877.097412109375,1336.4801025390625,-429.0,914.0,257.7441101074219,203.22740173339844,0.07633408904075623,0.9987043142318726,0.07633408904075623,0.9987043142318726,0.07633408904075623,0.9987043142318726,0.0,0.0,0.0,0.0
38.660504315,-877.097412109375,1336.4801025390625,-429.0,914.0,257.7441101074219,203.22740173339844,0.07633408904075623,0.9987043142318726,0.07633408904075623,0.9987043142318726,0.07633408904075623,0.9987043142318726,0.0,0.0,0.0,0.0
38.680293077,-892.9688110351562,1320.987548828125,-497.0,869.0,256.7442932128906,204.77490234375,0.07112245261669159,0.9988752603530884,0.07112245261669159,0.9988752603530884,0.07112245261669159,0.9988752603530884,0.0,0.0,0.0,0.0
38.700198782,-892.9688110351562,1320.987548828125,-497.0,869.0,256.7442932128906,204.77490234375,0.07112245261669159,0.9988752603530884,0.07112245261669159,0.9988752603530884,0.07112245261669159,0.9988752603530884,0.0,0.0,0.0,0.0
38.720220182,-908.00341796875,1306.2874755859375,-497.0,869.0,256.7442932128906,204.77490234375,0.06618154793977737,0.9990261793136597,0.06618154793977737,0.9990261793136597,0.06618154793977737,0.9990261793136597,0.0,0.0,0.0,0.0
38.740291112,-908.00341796875,1306.2874755859375,-497.0,869.0,256.7442932128906,204.77490234375,0.06618154793977737,0.9990261793136597,0.06618154793977737,0.9990261793136597,0.06618154793977737,0.9990261793136597,0.0,0.0,0.0,0.0
38.760169781,-908.00341796875,1306.2874755859375,-497.0,869.0,256.7442932128906,204.77490234375,0.06618154793977737,0.9990261793136597,0.06618154793977737,0.9990261793136597,0.06618154793977737,0.9990261793136597,0.0,0.0,0.0,0.0
38.78028416,-922.9379272460938,1291.66162109375,-577.0,863.0,255.72059631347656,206.13180541992188,0.06126957759261131,0.999165415763855,0.06126957759261131,0.999165415763855,0.06126957759261131,0.999165415763855,0.0,0.0,0.0,0.0
38.800186922,-922.9379272460938,1291.66162109375,-577.0,863.0,255.72059631347656,206.13180541992188,0.06126957759261131,0.999165415763855,0.06126957759261131,0.999165415763855,0.06126957759261131,0.999165415763855,0.0,0.0,0.0,0.0
38.820279545,-922.9379272460938,1291.66162109375,-577.0,863.0,255.72059631347656,206.13180541992188,0.06126957759261131,0.999165415763855,0.06126957759261131,0.999165415763855,0.06126957759261131,0.999165415763855,0.0,0.0,0.0,0.0
38.840273749,-937.7730102539062,1277.1097412109375,-577.0,863.0,255.72059631347656,206.13180541992188,0.056386448442935944,0.9992932081222534,0.056386448442935944,0.9992932081222534,0.056386448442935944,0.9992932081222534,0.0,0.0,0.0,0.0
38.860201115,-937.7730102539062,1277.1097412109375,-577.0,863.0,255.72059631347656,206.13180541992188,0.056386448442935944,0.9992932081222534,0.056386448442935944,0.9992932081222534,0.056386448442935944,0.9992932081222534,0.0,0.0,0.0,0.0
38.88023749,-938.307373046875,1276.585205078125,-600.0,823.0,254.76829528808594,207.3697967529297,0.056210488080978394,0.9992976188659668,0.056210488080978394,0.9992976188659668,0.056210488080978394,0.9992976188659668,0.0,0.0,0.0,0.0
38.900207762,-938.307373046875,1276.585205078125,-600.0,823.0,254.76829528808594,207.3697967529297,0.056210488080978394,0.9992976188659668,0.056210488080978394,0.9992976188659668,0.056210488080978394,0.9992976188659668,0.0,0.0,0.0,0.0
38.920175762,-938.307373046875,1276.585205078125,-600.0,823.0,254.76829528808594,207.3697967529297,0.056210488080978394,0.9992976188659668,0.056210488080978394,0.9992976188659668,0.056210488080978394,0.9992976188659668,0.0,0.0,0.0,0.0
38.940250627,-967.146728515625,1248.2279052734375,-600.0,823.0,254.76829528808594,207.3697967529297,0.046706315129995346,0.9995151162147522,0.046706315129995346,0.9995151162147522,0.046706315129995346,0.9995151162147522,0.0,0.0,0.0,0.0
38.9601834,-967.146728515625,1248.2279052734375,-600.0,823.0,254.76829528808594,207.3697967529297,0.046706315129995346,0.9995151162147522,0.046706315129995346,0.9995151162147522,0.046706315129995346,0.9995151162147522,0.0,0.0,0.0,0.0
38.980236476,-982.0792236328125,1233.51025390625,-594.0,777.0,253.7447052001953,208.72669982910156,0.041779451072216034,0.999612033367157,0.041779451072216034,0.999612033367157,0.041779451072216034,0.999612033367157,0.0,0.0,0.0,0.0
39.000176288,-982.0792236328125,1233.51025390625,-594.0,777.0,253.7447052001953,208.72669982910156,0.041779451072216034,0.999612033367157,0.041779451072216034,0.999612033367157,0.041779451072216034,0.999612033367157,0.0,0.0,0.0,0.0
39.02016358,-982.0792236328125,1233.51025390625,-594.0,777.0,253.7447052001953,208.72669982910156,0.041779451072216034,0.999612033367157,0.041779451072216034,0.999612033367157,0.041779451072216034,0.999612033367157,0.0,0.0,0.0,0.0
39.040228494,-1011.0751342773438,1204.863525390625,-594.0,777.0,253.7447052001953,208.72669982910156,0.03220116347074509,0.9997695684432983,0.03220116347074509,0.9997695684432983,0.03220116347074509,0.9997695684432983,0.0,0.0,0.0,0.0
39.060197997,-1011.0751342773438,1204.863525390625,-594.0,777.0,253.7447052001953,208.72669982910156,0.03220116347074509,0.9997695684432983,0.03220116347074509,0.9997695684432983,0.03220116347074509,0.9997695684432983,0.0,0.0,0.0,0.0
39.080341555,-1025.4884033203125,1190.59033203125,-623.0,789.0,252.64959716796875,210.05990600585938,0.02743443474173546,0.9998327493667603,0.02743443474173546,0.9998327493667603,0.02743443474173546,0.9998327493667603,0.0,0.0,0.0,0.0
39.100179493,-1025.4884033203125,1190.59033203125,-623.0,789.0,252.64959716796875,210.05990600585938,0.02743443474173546,0.9998327493667603,0.02743443474173546,0.9998327493667603,0.02743443474173546,0.9998327493667603,0.0,0.0,0.0,0.0
39.120159811,-1025.4884033203125,1190.59033203125,-623.0,789.0,252.64959716796875,210.05990600585938,0.02743443474173546,0.9998327493667603,0.02743443474173546,0.9998327493667603,0.02743443474173546,0.9998327493667603,0.0,0.0,0.0,0.0
39.140297802,-1026.2396240234375,1189.8455810546875,-623.0,789.0,252.64959716796875,210.05990600585938,0.027185868471860886,0.999835729598999,0.027185868471860886,0.999835729598999,0.027185868471860886,0.999835729598999,0.0,0.0,0.0,0.0
39.160162392,-1026.2396240234375,1189.8455810546875,-623.0,789.0,252.64959716796875,210.05990600585938,0.027185868471860886,0.999835729598999,0.027185868471860886,0.999835729598999,0.027185868471860886,0.999835729598999,0.0,0.0,0.0,0.0
39.180229769,-1026.9774169921875,1189.1143798828125,-663.0,766.0,251.48309326171875,211.20260620117188,0.026941761374473572,0.9998387098312378,0.026941761374473572,0.9998387098312378,0.026941761374473572,0.9998387098312378,0.0,0.0,0.0,0.0
39.20021335,-1026.9774169921875,1189.1143798828125,-663.0,766.0,251.48309326171875,211.20260620117188,0.026941761374473572,0.9998387098312378,0.026941761374473572,0.9998387098312378,0.026941761374473572,0.9998387098312378,0.0,0.0,0.0,0.0
39.220209313,-1026.9774169921875,1189.1143798828125,-663.0,766.0,251.48309326171875,211.20260620117188,0.026941761374473572,0.9998387098312378,0.026941761374473572,0.9998387098312378,0.026941761374473572,0.9998387098312378,0.0,0.0,0.0,0.0
39.240256117,-1027.940673828125,1188.1595458984375,-663.0,766.0,251.48309326171875,211.20260620117188,0.02662302553653717,0.9998424649238586,0.02662302553653717,0.9998424649238586,0.02662302553653717,0.9998424649238586,0.0,0.0,0.0,0.0
39.260213814,-1027.940673828125,1188.1595458984375,-663.0,766.0,251.48309326171875,211.20260620117188,0.02662302553653717,0.9998424649238586,0.02662302553653717,0.9998424649238586,0.02662302553653717,0.9998424649238586,0.0,0.0,0.0,0.0
39.280256555,-1028.8814697265625,1187.2269287109375,-686.0,714.0,250.38800048828125,212.3928985595703,0.026311740279197693,0.9998461604118347,0.026311740279197693,0.9998461604118347,0.026311740279197693,0.9998461604118347,0.0,0.0,0.0,0.0
39.300231945,-1028.8814697265625,1187.2269287109375,-686.0,714.0,250.38800048828125,212.3928985595703,0.026311740279197693,0.9998461604118347,0.026311740279197693,0.9998461604118347,0.026311740279197693,0.9998461604118347,0.0,0.0,0.0,0.0
39.320186666,-1028.8814697265625,1187.2269287109375,-686.0,714.0,250.38800048828125,212.3928985595703,0.026311740279197693,0.9998461604118347,0.026311740279197693,0.9998461604118347,0.026311740279197693,0.9998461604118347,0.0,0.0,0.0,0.0
39.340228639,-1029.3436279296875,1186.768798828125,-686.0,714.0,250.38800048828125,212.3928985595703,0.026158813387155533,0.999847948551178,0.026158813387155533,0.999847948551178,0.026158813387155533,0.999847948551178,0.0,0.0,0.0,0.0
39.360217947,-1029.3436279296875,1186.768798828125,-686.0,714.0,250.38800048828125,212.3928985595703,0.026158813387155533,0.999847948551178,0.026158813387155533,0.999847948551178,0.026158813387155533,0.999847948551178,0.0,0.0,0.0,0.0
39.380224949,-1029.8004150390625,1186.3157958984375,-669.0,726.0,249.2928924560547,213.67849731445312,0.026007652282714844,0.9998496770858765,0.026007652282714844,0.9998496770858765,0.026007652282714844,0.9998496770858765,0.0,0.0,0.0,0.0
39.40018047,-1029.8004150390625,1186.3157958984375,-669.0,726.0,249.2928924560547,213.67849731445312,0.026007652282714844,0.9998496770858765,0.026007652282714844,0.9998496770858765,0.026007652282714844,0.9998496770858765,0.0,0.0,0.0,0.0
39.420177841,-1029.8004150390625,1186.3157958984375,-669.0,726.0,249.2928924560547,213.67849731445312,0.026007652282714844,0.9998496770858765,0.026007652282714844,0.9998496770858765,0.026007652282714844,0.9998496770858765,0.0,0.0,0.0,0.0
39.440204808,-1030.02685546875,1186.09130859375,-669.0,726.0,249.2928924560547,213.67849731445312,0.02593272179365158,0.9998505711555481,0.02593272179365158,0.9998505711555481,0.02593272179365158,0.9998505711555481,0.0,0.0,0.0,0.0
39.460166024,-1030.02685546875,1186.09130859375,-669.0,726.0,249.2928924560547,213.67849731445312,0.02593272179365158,0.9998505711555481,0.02593272179365158,0.9998505711555481,0.02593272179365158,0.9998505711555481,0.0,0.0,0.0,0.0
39.480263829,-1030.251953125,1185.8681640625,-663.0,749.0,248.15020751953125,214.91639709472656,0.025858227163553238,0.999851405620575,0.025858227163553238,0.999851405620575,0.025858227163553238,0.999851405620575,0.0,0.0,0.0,0.0
39.500180732,-1030.251953125,1185.8681640625,-663.0,749.0,248.15020751953125,214.91639709472656,0.025858227163553238,0.999851405620575,0.025858227163553238,0.999851405620575,0.025858227163553238,0.999851405620575,0.0,0.0,0.0,0.0
39.520202036,-1030.251953125,1185.8681640625,-663.0,749.0,248.15020751953125,214.91639709472656,0.025858227163553238,0.999851405620575,0.025858227163553238,0.999851405620575,0.025858227163553238,0.999851405620575,0.0,0.0,0.0,0.0
39.540352921,-1030.4757080078125,1185.6461181640625,-663.0,749.0,248.15020751953125,214.91639709472656,0.02578415721654892,0.9998522400856018,0.02578415721654892,0.9998522400856018,0.02578415721654892,0.9998522400856018,0.0,0.0,0.0,0.0
39.560188651,-1030.4757080078125,1185.6461181640625,-663.0,749.0,248.15020751953125,214.91639709472656,0.02578415721654892,0.9998522400856018,0.02578415721654892,0.9998522400856018,0.02578415721654892,0.9998522400856018,0.0,0.0,0.0,0.0
39.580400583,-1030.4757080078125,1185.6461181640625,-674.0,743.0,247.0312042236328,216.10670471191406,0.02578415721654892,0.9998522400856018,0.02578415721654892,0.9998522400856018,0.02578415721654892,0.9998522400856018,0.0,0.0,0.0,0.0
39.600173923,-1030.4757080078125,1185.6461181640625,-674.0,743.0,247.0312042236328,216.10670471191406,0.02578415721654892,0.9998522400856018,0.02578415721654892,0.9998522400856018,0.02578415721654892,0.9998522400856018,0.0,0.0,0.0,0.0
39.620211,-1030.4757080078125,1185.6461181640625,-674.0,743.0,247.0312042236328,216.10670471191406,0.02578415721654892,0.9998522400856018,0.02578415721654892,0.9998522400856018,0.02578415721654892,0.9998522400856018,0.0,0.0,0.0,0.0
39.640224241,-1030.4757080078125,1185.6461181640625,-674.0,743.0,247.0312042236328,216.10670471191406,0.02578415721654892,0.9998522400856018,0.02578415721654892,0.9998522400856018,0.02578415721654892,0.9998522400856018,0.0,0.0,0.0,0.0
39.660189617,-1030.4757080078125,1185.6461181640625,-674.0,743.0,247.0312042236328,216.10670471191406,0.02578415721654892,0.9998522400856018,0.02578415721654892,0.9998522400856018,0.02578415721654892,0.9998522400856018,0.0,0.0,0.0,0.0
39.680215912,-1030.4757080078125,1185.6461181640625,-674.0,731.0,245.9362030029297,217.36849975585938,0.02578415721654892,0.9998522400856018,0.02578415721654892,0.9998522400856018,0.02578415721654892,0.9998522400856018,0.0,0.0,0.0,0.0
39.700187238,-1030.4757080078125,1185.6461181640625,-674.0,731.0,245.9362030029297,217.36849975585938,0.02578415721654892,0.9998522400856018,0.02578415721654892,0.9998522400856018,0.02578415721654892,0.9998522400856018,0.0,0.0,0.0,0.0
39.720188833,-1030.4757080078125,1185.6461181640625,-674.0,731.0,245.9362030029297,217.36849975585938,0.02578415721654892,0.9998522400856018,0.02578415721654892,0.9998522400856018,0.02578415721654892,0.9998522400856018,0.0,0.0,0.0,0.0
39.740203802,-1030.4757080078125,1185.6461181640625,-674.0,731.0,245.9362030029297,217.36849975585938,0.02578415721654892,0.9998522400856018,0.02578415721654892,0.9998522400856018,0.02578415721654892,0.9998522400856018,0.0,0.0,0.0,0.0
39.760189302,-1030.4757080078125,1185.6461181640625,-674.0,731.0,245.9362030029297,217.36849975585938,0.02578415721654892,0.9998522400856018,0.02578415721654892,0.9998522400856018,0.02578415721654892,0.9998522400856018,0.0,0.0,0.0,0.0
39.780226604,-1030.4757080078125,1185.6461181640625,-669.0,737.0,244.8173065185547,218.5825958251953,0.02578415721654892,0.9998522400856018,0.02578415721654892,0.9998522400856018,0.02578415721654892,0.9998522400856018,0.0,0.0,0.0,0.0
39.800187308,-1030.4757080078125,1185.6461181640625,-669.0,737.0,244.8173065185547,218.5825958251953,0.02578415721654892,0.9998522400856018,0.02578415721654892,0.9998522400856018,0.02578415721654892,0.9998522400856018,0.0,0.0,0.0,0.0
39.820212259,-1030.4757080078125,1185.6461181640625,-669.0,737.0,244.8173065185547,218.5825958251953,0.02578415721654892,0.9998522400856018,0.02578415721654892,0.9998522400856018,0.02578415721654892,0.9998522400856018,0.0,0.0,0.0,0.0
39.840202559,-1030.4757080078125,1185.6461181640625,-669.0,737.0,244.8173065185547,218.5825958251953,0.02578415721654892,0.9998522400856018,0.02578415721654892,0.9998522400856018,0.02578415721654892,0.9998522400856018,0.0,0.0,0.0,0.0
39.860168031,-1030.4757080078125,1185.6461181640625,-669.0,737.0,244.8173065185547,218.5825958251953,0.02578415721654892,0.9998522400856018,0.02578415721654892,0.9998522400856018,0.02578415721654892,0.9998522400856018,0.0,0.0,0.0,0.0
39.880296136,-1030.4757080078125,1185.6461181640625,-669.0,737.0,243.67449951171875,219.7967071533203,0.02578415721654892,0.9998522400856018,0.02578415721654892,0.9998522400856018,0.02578415721654892,0.9998522400856018,0.0,0.0,0.0,0.0
39.900264199,-1030.4757080078125,1185.6461181640625,-669.0,737.0,243.67449951171875,219.7967071533203,0.02578415721654892,0.9998522400856018,0.02578415721654892,0.9998522400856018,0.02578415721654892,0.9998522400856018,0.0,0.0,0.0,0.0
39.92019166,-1030.4757080078125,1185.6461181640625,-669.0,737.0,243.67449951171875,219.7967071533203,0.02578415721654892,0.9998522400856018,0.02578415721654892,0.9998522400856018,0.02578415721654892,0.9998522400856018,0.0,0.0,0.0,0.0
39.940205797,-1030.4757080078125,1185.6461181640625,-669.0,737.0,243.67449951171875,219.7967071533203,0.02578415721654892,0.9998522400856018,0.02578415721654892,0.9998522400856018,0.02578415721654892,0.9998522400856018,0.0,0.0,0.0,0.0
39.960205695,-1030.4757080078125,1185.6461181640625,-669.0,737.0,243.67449951171875,219.7967071533203,0.02578415721654892,0.9998522400856018,0.02578415721654892,0.9998522400856018,0.02578415721654892,0.9998522400856018,0.0,0.0,0.0,0.0
39.981157618,-1030.4757080078125,1185.6461181640625,-674.0,731.0,242.57949829101562,221.03460693359375,0.02578415721654892,0.9998522400856018,0.02578415721654892,0.9998522400856018,0.02578415721654892,0.9998522400856018,0.0,0.0,0.0,0.0
40.00019407,-1030.4757080078125,1185.6461181640625,-674.0,731.0,242.57949829101562,221.03460693359375,0.02578415721654892,0.9998522400856018,0.02578415721654892,0.9998522400856018,0.02578415721654892,0.9998522400856018,0.0,0.0,0.0,0.0
40.020170579,-1030.4757080078125,1185.6461181640625,-674.0,731.0,242.57949829101562,221.03460693359375,0.02578415721654892,0.9998522400856018,0.02578415721654892,0.9998522400856018,0.02578415721654892,0.9998522400856018,0.0,0.0,0.0,0.0
40.040234628,-1030.4757080078125,1185.6461181640625,-674.0,731.0,242.57949829101562,221.03460693359375,0.02578415721654892,0.9998522400856018,0.02578415721654892,0.9998522400856018,0.02578415721654892,0.9998522400856018,0.0,0.0,0.0,0.0
40.060175366,-1030.4757080078125,1185.6461181640625,-674.0,731.0,242.57949829101562,221.03460693359375,0.02578415721654892,0.9998522400856018,0.02578415721654892,0.9998522400856018,0.02578415721654892,0.9998522400856018,0.0,0.0,0.0,0.0
40.080516495,-1030.4757080078125,1185.6461181640625,-669.0,754.0,241.46060180664062,222.32020568847656,0.02578415721654892,0.9998522400856018,0.02578415721654892,0.9998522400856018,0.02578415721654892,0.9998522400856018,0.0,0.0,0.0,0.0
40.100402361,-1030.4757080078125,1185.6461181640625,-669.0,754.0,241.46060180664062,222.32020568847656,0.02578415721654892,0.9998522400856018,0.02578415721654892,0.9998522400856018,0.02578415721654892,0.9998522400856018,0.0,0.0,0.0,0.0
40.120282404,-1030.4757080078125,1185.6461181640625,-669.0,754.0,241.46060180664062,222.32020568847656,0.02578415721654892,0.9998522400856018,0.02578415721654892,0.9998522400856018,0.02578415721654892,0.9998522400856018,0.0,0.0,0.0,0.0
40.14030953,-1030.4757080078125,1185.6461181640625,-669.0,754.0,241.46060180664062,222.32020568847656,0.02578415721654892,0.9998522400856018,0.02578415721654892,0.9998522400856018,0.02578415721654892,0.9998522400856018,0.0,0.0,0.0,0.0
40.160214017,-1030.4757080078125,1185.6461181640625,-669.0,754.0,241.46060180664062,222.32020568847656,0.02578415721654892,0.9998522400856018,0.02578415721654892,0.9998522400856018,0.02578415721654892,0.9998522400856018,0.0,0.0,0.0,0.0
40.180460792,-1030.4757080078125,1185.6461181640625,-674.0,754.0,240.3177947998047,223.5343017578125,0.02578415721654892,0.9998522400856018,0.02578415721654892,0.9998522400856018,0.02578415721654892,0.9998522400856018,0.0,0.0,0.0,0.0
40.200343683,-1030.4757080078125,1185.6461181640625,-674.0,754.0,240.3177947998047,223.5343017578125,0.02578415721654892,0.9998522400856018,0.02578415721654892,0.9998522400856018,0.02578415721654892,0.9998522400856018,0.0,0.0,0.0,0.0
40.220291588,-1030.4757080078125,1185.6461181640625,-674.0,754.0,240.3177947998047,223.5343017578125,0.02578415721654892,0.9998522400856018,0.02578415721654892,0.9998522400856018,0.02578415721654892,0.9998522400856018,0.0,0.0,0.0,0.0
40.240237445,-1030.4757080078125,1185.6461181640625,-674.0,754.0,240.3177947998047,223.5343017578125,0.02578415721654892,0.9998522400856018,0.02578415721654892,0.9998522400856018,0.02578415721654892,0.9998522400856018,0.0,0.0,0.0,0.0
40.260264251,-1030.4757080078125,1185.6461181640625,-674.0,754.0,240.3177947998047,223.5343017578125,0.02578415721654892,0.9998522400856018,0.02578415721654892,0.9998522400856018,0.02578415721654892,0.9998522400856018,0.0,0.0,0.0,0.0
40.280471,-1030.4757080078125,1185.6461181640625,-680.0,743.0,239.2227020263672,224.74839782714844,0.02578415721654892,0.9998522400856018,0.02578415721654892,0.9998522400856018,0.02578415721654892,0.9998522400856018,0.0,0.0,0.0,0.0
40.300305833,-1030.4757080078125,1185.6461181640625,-680.0,743.0,239.2227020263672,224.74839782714844,0.02578415721654892,0.9998522400856018,0.02578415721654892,0.9998522400856018,0.02578415721654892,0.9998522400856018,0.0,0.0,0.0,0.0
40.320195091,-1030.4757080078125,1185.6461181640625,-680.0,743.0,239.2227020263672,224.74839782714844,0.02578415721654892,0.9998522400856018,0.02578415721654892,0.9998522400856018,0.02578415721654892,0.9998522400856018,0.0,0.0,0.0,0.0
40.340239206,-1030.4757080078125,1185.6461181640625,-680.0,743.0,239.2227020263672,224.74839782714844,0.02578415721654892,0.9998522400856018,0.02578415721654892,0.9998522400856018,0.02578415721654892,0.9998522400856018,0.0,0.0,0.0,0.0
40.360163211,-1030.4757080078125,1185.6461181640625,-680.0,743.0,239.2227020263672,224.74839782714844,0.02578415721654892,0.9998522400856018,0.02578415721654892,0.9998522400856018,0.02578415721654892,0.9998522400856018,0.0,0.0,0.0,0.0
40.380197024,-1030.4757080078125,1185.6461181640625,-674.0,731.0,238.0800018310547,225.9864044189453,0.02578415721654892,0.9998522400856018,0.02578415721654892,0.9998522400856018,0.02578415721654892,0.9998522400856018,0.0,0.0,0.0,0.0
40.400369249,-1030.4757080078125,1185.6461181640625,-674.0,731.0,238.0800018310547,225.9864044189453,0.02578415721654892,0.9998522400856018,0.02578415721654892,0.9998522400856018,0.02578415721654892,0.9998522400856018,0.0,0.0,0.0,0.0
40.420274568,-1030.4757080078125,1185.6461181640625,-674.0,731.0,238.0800018310547,225.9864044189453,0.02578415721654892,0.9998522400856018,0.02578415721654892,0.9998522400856018,0.02578415721654892,0.9998522400856018,0.0,0.0,0.0,0.0
40.440297439,-1030.4757080078125,1185.6461181640625,-674.0,731.0,238.0800018310547,225.9864044189453,0.02578415721654892,0.9998522400856018,0.02578415721654892,0.9998522400856018,0.02578415721654892,0.9998522400856018,0.0,0.0,0.0,0.0
40.460258942,-1030.4757080078125,1185.6461181640625,-674.0,731.0,238.0800018310547,225.9864044189453,0.02578415721654892,0.9998522400856018,0.02578415721654892,0.9998522400856018,0.02578415721654892,0.9998522400856018,0.0,0.0,0.0,0.0
40.480238043,-1030.4757080078125,1185.6461181640625,-674.0,737.0,236.7230987548828,227.46240234375,0.02578415721654892,0.9998522400856018,0.02578415721654892,0.9998522400856018,0.02578415721654892,0.9998522400856018,0.0,0.0,0.0,0.0
40.500357092,-1030.4757080078125,1185.6461181640625,-674.0,737.0,236.7230987548828,227.46240234375,0.02578415721654892,0.9998522400856018,0.02578415721654892,0.9998522400856018,0.02578415721654892,0.9998522400856018,0.0,0.0,0.0,0.0
40.520250829,-1030.4757080078125,1185.6461181640625,-674.0,737.0,236.7230987548828,227.46240234375,0.02578415721654892,0.9998522400856018,0.02578415721654892,0.9998522400856018,0.02578415721654892,0.9998522400856018,0.0,0.0,0.0,0.0
40.54033529,-1030.4757080078125,1185.6461181640625,-674.0,737.0,236.7230987548828,227.46240234375,0.02578415721654892,0.9998522400856018,0.02578415721654892,0.9998522400856018,0.02578415721654892,0.9998522400856018,0.0,0.0,0.0,0.0
40.560205511,-1030.4757080078125,1185.6461181640625,-674.0,737.0,236.7230987548828,227.46240234375,0.02578415721654892,0.9998522400856018,0.02578415721654892,0.9998522400856018,0.02578415721654892,0.9998522400856018,0.0,0.0,0.0,0.0
40.580225662,-1030.4757080078125,1185.6461181640625,-674.0,743.0,235.6042022705078,228.72410583496094,0.02578415721654892,0.9998522400856018,0.02578415721654892,0.9998522400856018,0.02578415721654892,0.9998522400856018,0.0,0.0,0.0,0.0
40.600351269,-1030.4757080078125,1185.6461181640625,-674.0,743.0,235.6042022705078,228.72410583496094,0.02578415721654892,0.9998522400856018,0.02578415721654892,0.9998522400856018,0.02578415721654892,0.9998522400856018,0.0,0.0,0.0,0.0
40.620261868,-1030.4757080078125,1185.6461181640625,-674.0,743.0,235.6042022705078,228.72410583496094,0.02578415721654892,0.9998522400856018,0.02578415721654892,0.9998522400856018,0.02578415721654892,0.9998522400856018,0.0,0.0,0.0,0.0
40.640178994,-1030.4757080078125,1185.6461181640625,-674.0,743.0,235.6042022705078,228.72410583496094,0.02578415721654892,0.9998522400856018,0.02578415721654892,0.9998522400856018,0.02578415721654892,0.9998522400856018,0.0,0.0,0.0,0.0
40.66021639,-1030.4757080078125,1185.6461181640625,-674.0,743.0,235.6042022705078,228.72410583496094,0.02578415721654892,0.9998522400856018,0.02578415721654892,0.9998522400856018,0.02578415721654892,0.9998522400856018,0.0,0.0,0.0,0.0
40.68018746,-1030.4757080078125,1185.6461181640625,-674.0,743.0,234.4853057861328,229.93820190429688,0.02578415721654892,0.9998522400856018,0.02578415721654892,0.9998522400856018,0.02578415721654892,0.9998522400856018,0.0,0.0,0.0,0.0
40.700414717,-1030.4757080078125,1185.6461181640625,-674.0,743.0,234.4853057861328,229.93820190429688,0.02578415721654892,0.9998522400856018,0.02578415721654892,0.9998522400856018,0.02578415721654892,0.9998522400856018,0.0,0.0,0.0,0.0
40.720340994,-1030.4757080078125,1185.6461181640625,-674.0,743.0,234.4853057861328,229.93820190429688,0.02578415721654892,0.9998522400856018,0.02578415721654892,0.9998522400856018,0.02578415721654892,0.9998522400856018,0.0,0.0,0.0,0.0
40.740356825,-1030.4757080078125,1185.6461181640625,-674.0,743.0,234.4853057861328,229.93820190429688,0.02578415721654892,0.9998522400856018,0.02578415721654892,0.9998522400856018,0.02578415721654892,0.9998522400856018,0.0,0.0,0.0,0.0
40.760260193,-1030.4757080078125,1185.6461181640625,-674.0,743.0,234.4853057861328,229.93820190429688,0.02578415721654892,0.9998522400856018,0.02578415721654892,0.9998522400856018,0.02578415721654892,0.9998522400856018,0.0,0.0,0.0,0.0
40.780225888,-1030.4757080078125,1185.6461181640625,-669.0,731.0,233.36639404296875,231.12860107421875,0.02578415721654892,0.9998522400856018,0.02578415721654892,0.9998522400856018,0.02578415721654892,0.9998522400856018,0.0,0.0,0.0,0.0
40.800421661,-1030.4757080078125,1185.6461181640625,-669.0,731.0,233.36639404296875,231.12860107421875,0.02578415721654892,0.9998522400856018,0.02578415721654892,0.9998522400856018,0.02578415721654892,0.9998522400856018,0.0,0.0,0.0,0.0
40.820307975,-1030.4757080078125,1185.6461181640625,-669.0,731.0,233.36639404296875,231.12860107421875,0.02578415721654892,0.9998522400856018,0.02578415721654892,0.9998522400856018,0.02578415721654892,0.9998522400856018,0.0,0.0,0.0,0.0
40.840209391,-1030.4757080078125,1185.6461181640625,-669.0,731.0,233.36639404296875,231.12860107421875,0.02578415721654892,0.9998522400856018,0.02578415721654892,0.9998522400856018,0.02578415721654892,0.9998522400856018,0.0,0.0,0.0,0.0
40.860259106,-1030.4757080078125,1185.6461181640625,-669.0,731.0,233.36639404296875,231.12860107421875,0.02578415721654892,0.9998522400856018,0.02578415721654892,0.9998522400856018,0.02578415721654892,0.9998522400856018,0.0,0.0,0.0,0.0
40.880214754,-1030.4757080078125,1185.6461181640625,-674.0,731.0,232.27130126953125,232.3665008544922,0.02578415721654892,0.9998522400856018,0.02578415721654892,0.9998522400856018,0.02578415721654892,0.9998522400856018,0.0,0.0,0.0,0.0
40.900272564,-1030.4757080078125,1185.6461181640625,-674.0,731.0,232.27130126953125,232.3665008544922,0.02578415721654892,0.9998522400856018,0.02578415721654892,0.9998522400856018,0.02578415721654892,0.9998522400856018,0.0,0.0,0.0,0.0
40.920236883,-1030.4757080078125,1185.6461181640625,-674.0,731.0,232.27130126953125,232.3665008544922,0.02578415721654892,0.9998522400856018,0.02578415721654892,0.9998522400856018,0.02578415721654892,0.9998522400856018,0.0,0.0,0.0,0.0
40.940205585,-1030.4757080078125,1185.6461181640625,-674.0,731.0,232.27130126953125,232.3665008544922,0.02578415721654892,0.9998522400856018,0.02578415721654892,0.9998522400856018,0.02578415721654892,0.9998522400856018,0.0,0.0,0.0,0.0
40.960227176,-1030.4757080078125,1185.6461181640625,-674.0,731.0,232.27130126953125,232.3665008544922,0.02578415721654892,0.9998522400856018,0.02578415721654892,0.9998522400856018,0.02578415721654892,0.9998522400856018,0.0,0.0,0.0,0.0
40.980199557,-1030.4757080078125,1185.6461181640625,-663.0,737.0,231.15240478515625,233.60440063476562,0.02578415721654892,0.9998522400856018,0.02578415721654892,0.9998522400856018,0.02578415721654892,0.9998522400856018,0.0,0.0,0.0,0.0
41.000285394,-1030.4757080078125,1185.6461181640625,-663.0,737.0,231.15240478515625,233.60440063476562,0.02578415721654892,0.9998522400856018,0.02578415721654892,0.9998522400856018,0.02578415721654892,0.9998522400856018,0.0,0.0,0.0,0.0
41.020219476,-1030.4757080078125,1185.6461181640625,-663.0,737.0,231.15240478515625,233.60440063476562,0.02578415721654892,0.9998522400856018,0.02578415721654892,0.9998522400856018,0.02578415721654892,0.9998522400856018,0.0,0.0,0.0,0.0
41.04020136,-1030.4757080078125,1185.6461181640625,-663.0,737.0,231.15240478515625,233.60440063476562,0.02578415721654892,0.9998522400856018,0.02578415721654892,0.9998522400856018,0.02578415721654892,0.9998522400856018,0.0,0.0,0.0,0.0
41.060260064,-1030.4757080078125,1185.6461181640625,-663.0,737.0,231.15240478515625,233.60440063476562,0.02578415721654892,0.9998522400856018,0.02578415721654892,0.9998522400856018,0.02578415721654892,0.9998522400856018,0.0,0.0,0.0,0.0
41.080435808,-1030.4757080078125,1185.6461181640625,-663.0,749.0,230.0334930419922,234.8424072265625,0.02578415721654892,0.9998522400856018,0.02578415721654892,0.9998522400856018,0.02578415721654892,0.9998522400856018,0.0,0.0,0.0,0.0
41.100252531,-1030.4757080078125,1185.6461181640625,-663.0,749.0,230.0334930419922,234.8424072265625,0.02578415721654892,0.9998522400856018,0.02578415721654892,0.9998522400856018,0.02578415721654892,0.9998522400856018,0.0,0.0,0.0,0.0
41.120219153,-1030.4757080078125,1185.6461181640625,-663.0,749.0,230.0334930419922,234.8424072265625,0.02578415721654892,0.9998522400856018,0.02578415721654892,0.9998522400856018,0.02578415721654892,0.9998522400856018,0.0,0.0,0.0,0.0
41.140202508,-1030.4757080078125,1185.6461181640625,-663.0,749.0,230.0334930419922,234.8424072265625,0.02578415721654892,0.9998522400856018,0.02578415721654892,0.9998522400856018,0.02578415721654892,0.9998522400856018,0.0,0.0,0.0,0.0
41.160227361,-1030.4757080078125,1185.6461181640625,-663.0,749.0,230.0334930419922,234.8424072265625,0.02578415721654892,0.9998522400856018,0.02578415721654892,0.9998522400856018,0.02578415721654892,0.9998522400856018,0.0,0.0,0.0,0.0
41.180206301,-1030.4757080078125,1185.6461181640625,-674.0,737.0,228.9384002685547,236.05650329589844,0.02578415721654892,0.9998522400856018,0.02578415721654892,0.9998522400856018,0.02578415721654892,0.9998522400856018,0.0,0.0,0.0,0.0
41.200202647,-1030.4757080078125,1185.6461181640625,-674.0,737.0,228.9384002685547,236.05650329589844,0.02578415721654892,0.9998522400856018,0.02578415721654892,0.9998522400856018,0.02578415721654892,0.9998522400856018,0.0,0.0,0.0,0.0
41.220221005,-1030.4757080078125,1185.6461181640625,-674.0,737.0,228.9384002685547,236.05650329589844,0.02578415721654892,0.9998522400856018,0.02578415721654892,0.9998522400856018,0.02578415721654892,0.9998522400856018,0.0,0.0,0.0,0.0
41.240181355,-1030.4757080078125,1185.6461181640625,-674.0,737.0,228.9384002685547,236.05650329589844,0.02578415721654892,0.9998522400856018,0.02578415721654892,0.9998522400856018,0.02578415721654892,0.9998522400856018,0.0,0.0,0.0,0.0
41.260449566,-1030.4757080078125,1185.6461181640625,-674.0,737.0,228.9384002685547,236.05650329589844,0.02578415721654892,0.9998522400856018,0.02578415721654892,0.9998522400856018,0.02578415721654892,0.9998522400856018,0.0,0.0,0.0,0.0
41.280248084,-1030.4757080078125,1185.6461181640625,-669.0,726.0,227.8433074951172,237.27059936523438,0.02578415721654892,0.9998522400856018,0.02578415721654892,0.9998522400856018,0.02578415721654892,0.9998522400856018,0.0,0.0,0.0,0.0
41.300213585,-1030.4757080078125,1185.6461181640625,-669.0,726.0,227.8433074951172,237.27059936523438,0.02578415721654892,0.9998522400856018,0.02578415721654892,0.9998522400856018,0.02578415721654892,0.9998522400856018,0.0,0.0,0.0,0.0
41.320202732,-1030.4757080078125,1185.6461181640625,-669.0,726.0,227.8433074951172,237.27059936523438,0.02578415721654892,0.9998522400856018,0.02578415721654892,0.9998522400856018,0.02578415721654892,0.9998522400856018,0.0,0.0,0.0,0.0
41.340429732,-1030.4757080078125,1185.6461181640625,-669.0,726.0,227.8433074951172,237.27059936523438,0.02578415721654892,0.9998522400856018,0.02578415721654892,0.9998522400856018,0.02578415721654892,0.9998522400856018,0.0,0.0,0.0,0.0
41.360405824,-1017.7503662109375,1198.255859375,-669.0,726.0,227.8433074951172,237.27059936523438,0.029993999749422073,0.9998000860214233,0.029993999749422073,0.9998000860214233,0.029993999749422073,0.9998000860214233,0.0,0.0,0.0,0.0
41.380192056,-1017.7503662109375,1198.255859375,-663.0,737.0,226.7006072998047,238.50860595703125,0.029993999749422073,0.9998000860214233,0.029993999749422073,0.9998000860214233,0.029993999749422073,0.9998000860214233,0.0,0.0,0.0,0.0
41.400442925,-1017.7503662109375,1198.255859375,-663.0,737.0,226.7006072998047,238.50860595703125,0.029993999749422073,0.9998000860214233,0.029993999749422073,0.9998000860214233,0.029993999749422073,0.9998000860214233,0.0,0.0,0.0,0.0
41.420255393,-956.4864501953125,1257.35302734375,-663.0,737.0,226.7006072998047,238.50860595703125,0.072771355509758,0.9988225102424622,0.04999399930238724,0.9988225102424622,0.04999399930238724,0.9988225102424622,0.0,0.0,0.0,0.0
41.440239164,-896.305908203125,1317.5335693359375,-663.0,737.0,226.7006072998047,238.50860595703125,0.072771355509758,0.9988225102424622,0.0699940025806427,0.9988225102424622,0.0699940025806427,0.9988225102424622,0.0,0.0,0.0,0.0
41.460263089,-834.3850708007812,1375.973876953125,-663.0,737.0,226.7006072998047,238.50860595703125,0.11112238466739655,0.9972521662712097,0.08999399840831757,0.9972521662712097,0.08999399840831757,0.9972521662712097,0.0,0.0,0.0,0.0
41.480416276,-774.2045288085938,1436.1544189453125,-674.0,754.0,225.62930297851562,239.84170532226562,0.11112238466739655,0.9972521662712097,0.10999400168657303,0.9972521662712097,0.10999400168657303,0.9972521662712097,0.0,0.0,0.0,0.0
41.500160753,-770.8092041015625,1439.5496826171875,-674.0,754.0,225.62930297851562,239.84170532226562,0.11112238466739655,0.9972521662712097,0.11112238466739655,0.9972521662712097,0.11112238466739655,0.9972521662712097,0.0,0.0,0.0,0.0
41.520210755,-708.4815673828125,1497.583251953125,-674.0,754.0,225.62930297851562,239.84170532226562,0.14503157138824463,0.9953147768974304,0.1311223953962326,0.9953147768974304,0.1311223953962326,0.9953147768974304,0.0,0.0,0.0,0.0
41.540219867,-666.62841796875,1539.4364013671875,-674.0,754.0,225.62930297851562,239.84170532226562,0.14503157138824463,0.9953147768974304,0.14503157138824463,0.9953147768974304,0.14503157138824463,0.9953147768974304,0.0,0.0,0.0,0.0
41.56025915,-603.74609375,1596.9150390625,-674.0,754.0,225.62930297851562,239.84170532226562,0.17871783673763275,0.9928768277168274,0.1650315821170807,0.9928768277168274,0.1650315821170807,0.9928768277168274,0.0,0.0,0.0,0.0
41.580254983,-562.5637817382812,1638.097412109375,-566.0,886.0,225.1531982421875,241.72239685058594,0.17871783673763275,0.9928768277168274,0.17871783673763275,0.9928768277168274,0.17871783673763275,0.9928768277168274,0.0,0.0,0.0,0.0
41.600406955,-562.5637817382812,1638.097412109375,-566.0,886.0,225.1531982421875,241.72239685058594,0.17871783673763275,0.9928768277168274,0.17871783673763275,0.9928768277168274,0.17871783673763275,0.9928768277168274,0.0,0.0,0.0,0.0
41.620299379,-510.62518310546875,1686.9256591796875,-566.0,886.0,225.1531982421875,241.72239685058594,0.1954619288444519,0.9914735555648804,0.1954619288444519,0.9914735555648804,0.1954619288444519,0.9914735555648804,0.0,0.0,0.0,0.0
41.640263921,-510.62518310546875,1686.9256591796875,-566.0,886.0,225.1531982421875,241.72239685058594,0.1954619288444519,0.9914735555648804,0.1954619288444519,0.9914735555648804,0.1954619288444519,0.9914735555648804,0.0,0.0,0.0,0.0
41.660723944,-471.7284851074219,1723.3138427734375,-566.0,886.0,225.1531982421875,241.72239685058594,0.2079717516899109,0.9903417229652405,0.2079717516899109,0.9903417229652405,0.2079717516899109,0.9903417229652405,0.0,0.0,0.0,0.0
41.68023895,-471.7284851074219,1723.3138427734375,-314.0,1069.0,224.89129638671875,243.79359436035156,0.2079717516899109,0.9903417229652405,0.2079717516899109,0.9903417229652405,0.2079717516899109,0.9903417229652405,0.0,0.0,0.0,0.0
41.700427876,-471.7284851074219,1723.3138427734375,-314.0,1069.0,224.89129638671875,243.79359436035156,0.2079717516899109,0.9903417229652405,0.2079717516899109,0.9903417229652405,0.2079717516899109,0.9903417229652405,0.0,0.0,0.0,0.0
41.720230265,-445.8291015625,1747.4578857421875,-314.0,1069.0,224.89129638671875,243.79359436035156,0.21628731489181519,0.9895498156547546,0.21628731489181519,0.9895498156547546,0.21628731489181519,0.9895498156547546,0.0,0.0,0.0,0.0
41.740565602,-445.8291015625,1747.4578857421875,-314.0,1069.0,224.89129638671875,243.79359436035156,0.21628731489181519,0.9895498156547546,0.21628731489181519,0.9895498156547546,0.21628731489181519,0.9895498156547546,0.0,0.0,0.0,0.0
41.760247528,-419.9579772949219,1771.5079345703125,-314.0,1069.0,224.89129638671875,243.79359436035156,0.22458255290985107,0.9887281656265259,0.22458255290985107,0.9887281656265259,0.22458255290985107,0.9887281656265259,0.0,0.0,0.0,0.0
41.780292187,-419.9579772949219,1771.5079345703125,-229.0,1171.0,224.36749267578125,245.6029052734375,0.22458255290985107,0.9887281656265259,0.22458255290985107,0.9887281656265259,0.22458255290985107,0.9887281656265259,0.0,0.0,0.0,0.0
41.80021651,-419.9579772949219,1771.5079345703125,-229.0,1171.0,224.36749267578125,245.6029052734375,0.22458255290985107,0.9887281656265259,0.22458255290985107,0.9887281656265259,0.22458255290985107,0.9887281656265259,0.0,0.0,0.0,0.0
41.820322088,-419.9579772949219,1771.5079345703125,-229.0,1171.0,224.36749267578125,245.6029052734375,0.22458255290985107,0.9887281656265259,0.22458255290985107,0.9887281656265259,0.22458255290985107,0.9887281656265259,0.0,0.0,0.0,0.0
41.84027172,-419.9579772949219,1771.5079345703125,-229.0,1171.0,224.36749267578125,245.6029052734375,0.22458255290985107,0.9887281656265259,0.22458255290985107,0.9887281656265259,0.22458255290985107,0.9887281656265259,0.0,0.0,0.0,0.0
41.861089484,-419.9579772949219,1771.5079345703125,-229.0,1171.0,224.36749267578125,245.6029052734375,0.22458255290985107,0.9887281656265259,0.22458255290985107,0.9887281656265259,0.22458255290985107,0.9887281656265259,0.0,0.0,0.0,0.0
41.880220641,-419.9579772949219,1771.5079345703125,-246.0,1143.0,223.96279907226562,247.5074005126953,0.22458255290985107,0.9887281656265259,0.22458255290985107,0.9887281656265259,0.22458255290985107,0.9887281656265259,0.0,0.0,0.0,0.0
41.900437627,-419.9579772949219,1771.5079345703125,-246.0,1143.0,223.96279907226562,247.5074005126953,0.22458255290985107,0.9887281656265259,0.22458255290985107,0.9887281656265259,0.22458255290985107,0.9887281656265259,0.0,0.0,0.0,0.0
41.920231857,-419.9579772949219,1771.5079345703125,-246.0,1143.0,223.96279907226562,247.5074005126953,0.22458255290985107,0.9887281656265259,0.22458255290985107,0.9887281656265259,0.22458255290985107,0.9887281656265259,0.0,0.0,0.0,0.0
41.940391252,-419.9579772949219,1771.5079345703125,-246.0,1143.0,223.96279907226562,247.5074005126953,0.22458255290985107,0.9887281656265259,0.22458255290985107,0.9887281656265259,0.22458255290985107,0.9887281656265259,0.0,0.0,0.0,0.0
41.960263519,-419.9579772949219,1771.5079345703125,-246.0,1143.0,223.96279907226562,247.5074005126953,0.22458255290985107,0.9887281656265259,0.22458255290985107,0.9887281656265259,0.22458255290985107,0.9887281656265259,0.0,0.0,0.0,0.0
41.980518835,-419.9579772949219,1771.5079345703125,-251.0,1131.0,223.6533966064453,249.45950317382812,0.22458255290985107,0.9887281656265259,0.22458255290985107,0.9887281656265259,0.22458255290985107,0.9887281656265259,0.0,0.0,0.0,0.0
42.000216758,-419.9579772949219,1771.5079345703125,-251.0,1131.0,223.6533966064453,249.45950317382812,0.22458255290985107,0.9887281656265259,0.22458255290985107,0.9887281656265259,0.22458255290985107,0.9887281656265259,0.0,0.0,0.0,0.0
42.020228365,-419.9579772949219,1771.5079345703125,-251.0,1131.0,223.6533966064453,249.45950317382812,0.22458255290985107,0.9887281656265259,0.22458255290985107,0.9887281656265259,0.22458255290985107,0.9887281656265259,0.0,0.0,0.0,0.0
42.0402584,-419.9579772949219,1771.5079345703125,-251.0,1131.0,223.6533966064453,249.45950317382812,0.22458255290985107,0.9887281656265259,0.22458255290985107,0.9887281656265259,0.22458255290985107,0.9887281656265259,0.0,0.0,0.0,0.0
42.060287284,-419.9579772949219,1771.5079345703125,-251.0,1131.0,223.6533966064453,249.45950317382812,0.22458255290985107,0.9887281656265259,0.22458255290985107,0.9887281656265259,0.22458255290985107,0.9887281656265259,0.0,0.0,0.0,0.0
42.080325926,-419.9579772949219,1771.5079345703125,-217.0,1166.0,223.22479248046875,251.38780212402344,0.22458255290985107,0.9887281656265259,0.22458255290985107,0.9887281656265259,0.22458255290985107,0.9887281656265259,0.0,0.0,0.0,0.0
42.10027159,-419.9579772949219,1771.5079345703125,-217.0,1166.0,223.22479248046875,251.38780212402344,0.22458255290985107,0.9887281656265259,0.22458255290985107,0.9887281656265259,0.22458255290985107,0.9887281656265259,0.0,0.0,0.0,0.0
42.120218758,-419.9579772949219,1771.5079345703125,-217.0,1166.0,223.22479248046875,251.38780212402344,0.22458255290985107,0.9887281656265259,0.22458255290985107,0.9887281656265259,0.22458255290985107,0.9887281656265259,0.0,0.0,0.0,0.0
42.140251609,-419.9579772949219,1771.5079345703125,-217.0,1166.0,223.22479248046875,251.38780212402344,0.22458255290985107,0.9887281656265259,0.22458255290985107,0.9887281656265259,0.22458255290985107,0.9887281656265259,0.0,0.0,0.0,0.0
42.160418361,-419.9579772949219,1771.5079345703125,-217.0,1166.0,223.22479248046875,251.38780212402344,0.22458255290985107,0.9887281656265259,0.22458255290985107,0.9887281656265259,0.22458255290985107,0.9887281656265259,0.0,0.0,0.0,0.0
42.180255688,-419.9579772949219,1771.5079345703125,-234.0,1154.0,222.79629516601562,253.29229736328125,0.22458255290985107,0.9887281656265259,0.22458255290985107,0.9887281656265259,0.22458255290985107,0.9887281656265259,0.0,0.0,0.0,0.0
42.200193737,-419.9579772949219,1771.5079345703125,-234.0,1154.0,222.79629516601562,253.29229736328125,0.22458255290985107,0.9887281656265259,0.22458255290985107,0.9887281656265259,0.22458255290985107,0.9887281656265259,0.0,0.0,0.0,0.0
42.220262071,-419.9579772949219,1771.5079345703125,-234.0,1154.0,222.79629516601562,253.29229736328125,0.22458255290985107,0.9887281656265259,0.22458255290985107,0.9887281656265259,0.22458255290985107,0.9887281656265259,0.0,0.0,0.0,0.0
42.240280716,-419.9579772949219,1771.5079345703125,-234.0,1154.0,222.79629516601562,253.29229736328125,0.22458255290985107,0.9887281656265259,0.22458255290985107,0.9887281656265259,0.22458255290985107,0.9887281656265259,0.0,0.0,0.0,0.0
42.260701544,-419.9579772949219,1771.5079345703125,-234.0,1154.0,222.79629516601562,253.29229736328125,0.22458255290985107,0.9887281656265259,0.22458255290985107,0.9887281656265259,0.22458255290985107,0.9887281656265259,0.0,0.0,0.0,0.0
42.280289531,-419.9579772949219,1771.5079345703125,-246.0,1137.0,222.43919372558594,255.1968994140625,0.22458255290985107,0.9887281656265259,0.22458255290985107,0.9887281656265259,0.22458255290985107,0.9887281656265259,0.0,0.0,0.0,0.0
42.300229115,-419.9579772949219,1771.5079345703125,-246.0,1137.0,222.43919372558594,255.1968994140625,0.22458255290985107,0.9887281656265259,0.22458255290985107,0.9887281656265259,0.22458255290985107,0.9887281656265259,0.0,0.0,0.0,0.0
42.320454899,-356.3353576660156,1828.246337890625,-246.0,1137.0,222.43919372558594,255.1968994140625,0.25344574451446533,0.985622227191925,0.24458254873752594,0.985622227191925,0.24458254873752594,0.985622227191925,0.0,0.0,0.0,0.0
42.340483975,-329.6658020019531,1854.9158935546875,-246.0,1137.0,222.43919372558594,255.1968994140625,0.25344574451446533,0.985622227191925,0.25344574451446533,0.985622227191925,0.25344574451446533,0.985622227191925,0.0,0.0,0.0,0.0
42.360260255,-329.6658020019531,1854.9158935546875,-246.0,1137.0,222.43919372558594,255.1968994140625,0.25344574451446533,0.985622227191925,0.25344574451446533,0.985622227191925,0.25344574451446533,0.985622227191925,0.0,0.0,0.0,0.0
42.380210078,-225.15628051757812,1870.7674560546875,-234.0,1154.0,222.10589599609375,257.17279052734375,0.6052504181861877,0.9149795174598694,0.273445725440979,0.9456222057342529,0.273445725440979,0.9456222057342529,0.0,0.0,0.0,0.0
42.400411353,-131.0167236328125,1896.989013671875,-234.0,1154.0,222.10589599609375,257.17279052734375,0.6052504181861877,0.9149795174598694,0.29344573616981506,0.9149795174598694,0.29344573616981506,0.9149795174598694,0.0,0.0,0.0,0.0
42.420193456,-43.04783248901367,1929.3812255859375,-234.0,1154.0,222.10589599609375,257.17279052734375,0.6842193007469177,0.8899048566818237,0.31344571709632874,0.8899048566818237,0.31344571709632874,0.8899048566818237,0.0,0.0,0.0,0.0
42.4402751,17.13271141052246,1989.561767578125,-234.0,1154.0,222.10589599609375,257.17279052734375,0.6842193007469177,0.8899048566818237,0.3334457278251648,0.8899048566818237,0.3334457278251648,0.8899048566818237,0.0,0.0,0.0,0.0
42.460822246,77.3132553100586,2049.7421875,-234.0,1154.0,222.10589599609375,257.17279052734375,0.6842193007469177,0.8899048566818237,0.35344573855400085,0.8899048566818237,0.35344573855400085,0.8899048566818237,0.0,0.0,0.0,0.0
42.480212085,142.55198669433594,2104.86474609375,-149.0,1229.0,222.15350341796875,259.43438720703125,0.6974145174026489,0.8853406310081482,0.3734457194805145,0.8853406310081482,0.3734457194805145,0.8853406310081482,0.0,0.0,0.0,0.0
42.500176178,202.73252868652344,2165.045166015625,-149.0,1229.0,222.15350341796875,259.43438720703125,0.6974145174026489,0.8853406310081482,0.3934457302093506,0.8853406310081482,0.3934457302093506,0.8853406310081482,0.0,0.0,0.0,0.0
42.520185033,262.9130554199219,2225.225830078125,-149.0,1229.0,222.15350341796875,259.43438720703125,0.6974145174026489,0.8853406310081482,0.41344574093818665,0.8853406310081482,0.41344574093818665,0.8853406310081482,0.0,0.0,0.0,0.0
42.540279667,328.1946105957031,2280.30517578125,-149.0,1229.0,222.15350341796875,259.43438720703125,0.7104064226150513,0.8807377815246582,0.4334457218647003,0.8807377815246582,0.4334457218647003,0.8807377815246582,0.0,0.0,0.0,0.0
42.560183673,388.3751525878906,2340.48583984375,-149.0,1229.0,222.15350341796875,259.43438720703125,0.7104064226150513,0.8807377815246582,0.4534457325935364,0.8807377815246582,0.4534457325935364,0.8807377815246582,0.0,0.0,0.0,0.0
42.580207086,456.27960205078125,2392.9423828125,29.0,1377.0,222.65350341796875,262.12451171875,0.7295140027999878,0.873768150806427,0.47344574332237244,0.873768150806427,0.47344574332237244,0.873768150806427,0.0,0.0,0.0,0.0
42.60042775,516.4601440429688,2453.123046875,29.0,1377.0,222.65350341796875,262.12451171875,0.7295140027999878,0.873768150806427,0.4934457242488861,0.873768150806427,0.4934457242488861,0.873768150806427,0.0,0.0,0.0,0.0
42.620258966,583.1361083984375,2506.80810546875,29.0,1377.0,222.65350341796875,262.12451171875,0.7450900077819824,0.8679070472717285,0.5134457349777222,0.8679070472717285,0.5134457349777222,0.8679070472717285,0.0,0.0,0.0,0.0
42.64028401,643.316650390625,2566.98876953125,29.0,1377.0,222.65350341796875,262.12451171875,0.7450900077819824,0.8679070472717285,0.5334457159042358,0.8679070472717285,0.5334457159042358,0.8679070472717285,0.0,0.0,0.0,0.0
42.660169235,703.4971923828125,2627.169189453125,29.0,1377.0,222.65350341796875,262.12451171875,0.7450900077819824,0.8679070472717285,0.5534457564353943,0.8679070472717285,0.5534457564353943,0.8679070472717285,0.0,0.0,0.0,0.0
42.68026886,769.1319580078125,2681.8955078125,309.0,1611.0,223.39149475097656,265.1955871582031,0.7578432559967041,0.8629854321479797,0.573445737361908,0.8629854321479797,0.573445737361908,0.8629854321479797,0.0,0.0,0.0,0.0
42.700658909,829.3125,2742.075927734375,309.0,1611.0,223.39149475097656,265.1955871582031,0.7578432559967041,0.8629854321479797,0.5934457182884216,0.8629854321479797,0.5934457182884216,0.8629854321479797,0.0,0.0,0.0,0.0
42.720281291,889.4930419921875,2802.256591796875,309.0,1611.0,223.39149475097656,265.1955871582031,0.7578432559967041,0.8629854321479797,0.6134457588195801,0.8629854321479797,0.6134457588195801,0.8629854321479797,0.0,0.0,0.0,0.0
42.740348921,951.7744140625,2860.336181640625,309.0,1611.0,223.39149475097656,265.1955871582031,0.7626795172691345,0.8610897660255432,0.6334457397460938,0.8610897660255432,0.6334457397460938,0.8610897660255432,0.0,0.0,0.0,0.0
42.760440484,1011.9549560546875,2920.516845703125,309.0,1611.0,223.39149475097656,265.1955871582031,0.7626795172691345,0.8610897660255432,0.6534457206726074,0.8610897660255432,0.6534457206726074,0.8610897660255432,0.0,0.0,0.0,0.0
42.780368486,1075.587646484375,2977.245361328125,491.0,1863.0,224.51040649414062,268.4808044433594,0.7705378532409668,0.8579747676849365,0.6734457015991211,0.8579747676849365,0.6734457015991211,0.8579747676849365,0.0,0.0,0.0,0.0
42.800233361,1135.7681884765625,3037.42578125,491.0,1863.0,224.51040649414062,268.4808044433594,0.7705378532409668,0.8579747676849365,0.6934457421302795,0.8579747676849365,0.6934457421302795,0.8579747676849365,0.0,0.0,0.0,0.0
42.820498595,1195.94873046875,3097.6064453125,491.0,1863.0,224.51040649414062,268.4808044433594,0.7705378532409668,0.8579747676849365,0.7134457230567932,0.8579747676849365,0.7134457230567932,0.8579747676849365,0.0,0.0,0.0,0.0
42.84032194,1256.93115234375,3156.98486328125,491.0,1863.0,224.51040649414062,268.4808044433594,0.7723476886749268,0.8572511672973633,0.7334457039833069,0.8572511672973633,0.7334457039833069,0.8572511672973633,0.0,0.0,0.0,0.0
42.860209532,1317.1116943359375,3217.16552734375,491.0,1863.0,224.51040649414062,268.4808044433594,0.7723476886749268,0.8572511672973633,0.7534457445144653,0.8572511672973633,0.7534457445144653,0.8572511672973633,0.0,0.0,0.0,0.0
42.880220371,1373.98828125,3274.0419921875,691.0,2017.0,226.08160400390625,272.0755920410156,0.7723476886749268,0.8572511672973633,0.7723476886749268,0.8572511672973633,0.7723476886749268,0.8572511672973633,0.0,0.0,0.0,0.0
42.900317853,1373.98828125,3274.0419921875,691.0,2017.0,226.08160400390625,272.0755920410156,0.7723476886749268,0.8572511672973633,0.7723476886749268,0.8572511672973633,0.7723476886749268,0.8572511672973633,0.0,0.0,0.0,0.0
42.920233633,1373.98828125,3274.0419921875,691.0,2017.0,226.08160400390625,272.0755920410156,0.7723476886749268,0.8572511672973633,0.7723476886749268,0.8572511672973633,0.7723476886749268,0.8572511672973633,0.0,0.0,0.0,0.0
42.940558762,1373.98828125,3274.0419921875,691.0,2017.0,226.08160400390625,272.0755920410156,0.7723476886749268,0.8572511672973633,0.7723476886749268,0.8572511672973633,0.7723476886749268,0.8572511672973633,0.0,0.0,0.0,0.0
42.960421494,1373.98828125,3274.0419921875,691.0,2017.0,226.08160400390625,272.0755920410156,0.7723476886749268,0.8572511672973633,0.7723476886749268,0.8572511672973633,0.7723476886749268,0.8572511672973633,0.0,0.0,0.0,0.0
42.980468807,1373.98828125,3274.0419921875,909.0,2063.0,227.8195037841797,275.38470458984375,0.7723476886749268,0.8572511672973633,0.7723476886749268,0.8572511672973633,0.7723476886749268,0.8572511672973633,0.0,0.0,0.0,0.0
43.000266907,1373.98828125,3274.0419921875,909.0,2063.0,227.8195037841797,275.38470458984375,0.7723476886749268,0.8572511672973633,0.7723476886749268,0.8572511672973633,0.7723476886749268,0.8572511672973633,0.0,0.0,0.0,0.0
43.020339112,1373.98828125,3274.0419921875,909.0,2063.0,227.8195037841797,275.38470458984375,0.7723476886749268,0.8572511672973633,0.7723476886749268,0.8572511672973633,0.7723476886749268,0.8572511672973633,0.0,0.0,0.0,0.0
43.040305379,1373.98828125,3274.0419921875,909.0,2063.0,227.8195037841797,275.38470458984375,0.7723476886749268,0.8572511672973633,0.7723476886749268,0.8572511672973633,0.7723476886749268,0.8572511672973633,0.0,0.0,0.0,0.0
43.060217319,1373.98828125,3274.0419921875,909.0,2063.0,227.8195037841797,275.38470458984375,0.7723476886749268,0.8572511672973633,0.7723476886749268,0.8572511672973633,0.7723476886749268,0.8572511672973633,0.0,0.0,0.0,0.0
43.080268695,1342.5491943359375,3250.6279296875,966.0,2029.0,229.2001953125,278.6462097167969,0.763232946395874,0.8608717918395996,0.763232946395874,0.8608717918395996,0.763232946395874,0.8608717918395996,0.0,0.0,0.0,0.0
43.100184922,1342.5491943359375,3250.6279296875,966.0,2029.0,229.2001953125,278.6462097167969,0.763232946395874,0.8608717918395996,0.763232946395874,0.8608717918395996,0.763232946395874,0.8608717918395996,0.0,0.0,0.0,0.0
43.120624338,1342.5491943359375,3250.6279296875,966.0,2029.0,229.2001953125,278.6462097167969,0.763232946395874,0.8608717918395996,0.763232946395874,0.8608717918395996,0.763232946395874,0.8608717918395996,0.0,0.0,0.0,0.0
43.140379948,1220.7509765625,3191.884521484375,966.0,2029.0,229.2001953125,278.6462097167969,0.6859269142150879,0.8893203735351562,0.7332329750061035,0.8893203735351562,0.7332329750061035,0.8893203735351562,0.0,0.0,0.0,0.0
43.160220665,1130.480224609375,3101.61376953125,966.0,2029.0,229.2001953125,278.6462097167969,0.6859269142150879,0.8893203735351562,0.7032329440116882,0.8893203735351562,0.7032329440116882,0.8893203735351562,0.0,0.0,0.0,0.0
43.18026865,1010.538818359375,3041.013427734375,874.0,1983.0,230.58099365234375,282.0981140136719,0.601447343826294,0.9160934090614319,0.6732329726219177,0.9160934090614319,0.6732329726219177,0.9160934090614319,0.0,0.0,0.0,0.0
43.200178382,920.2680053710938,2950.74267578125,874.0,1983.0,230.58099365234375,282.0981140136719,0.601447343826294,0.9160934090614319,0.6432329416275024,0.9160934090614319,0.6432329416275024,0.9160934090614319,0.0,0.0,0.0,0.0
43.220448158,829.9972534179688,2860.471923828125,874.0,1983.0,230.58099365234375,282.0981140136719,0.601447343826294,0.9160934090614319,0.6132329702377319,0.9160934090614319,0.6132329702377319,0.9160934090614319,0.0,0.0,0.0,0.0
43.240585217,715.8011474609375,2794.126220703125,874.0,1983.0,230.58099365234375,282.0981140136719,0.5212410092353821,0.9376822113990784,0.5832329392433167,0.9376822113990784,0.5832329392433167,0.9376822113990784,0.0,0.0,0.0,0.0
43.26029085,625.5303344726562,2703.85546875,874.0,1983.0,230.58099365234375,282.0981140136719,0.5212410092353821,0.9376822113990784,0.5532329678535461,0.9376822113990784,0.5532329678535461,0.9376822113990784,0.0,0.0,0.0,0.0
43.280225507,514.9442138671875,2633.89990234375,686.0,2023.0,231.2476043701172,285.4309997558594,0.4399835467338562,0.9560136198997498,0.5232329368591309,0.9560136198997498,0.5232329368591309,0.9560136198997498,0.0,0.0,0.0,0.0
43.30016957,424.67340087890625,2543.629150390625,686.0,2023.0,231.2476043701172,285.4309997558594,0.4399835467338562,0.9560136198997498,0.49323293566703796,0.9560136198997498,0.49323293566703796,0.9560136198997498,0.0,0.0,0.0,0.0
43.320468782,334.402587890625,2453.3583984375,686.0,2023.0,231.2476043701172,285.4309997558594,0.4399835467338562,0.9560136198997498,0.46323293447494507,0.9560136198997498,0.46323293447494507,0.9560136198997498,0.0,0.0,0.0,0.0
43.340424779,230.42491149902344,2376.79443359375,686.0,2023.0,231.2476043701172,285.4309997558594,0.3742085099220276,0.968381941318512,0.4332329332828522,0.968381941318512,0.4332329332828522,0.968381941318512,0.0,0.0,0.0,0.0
43.360276472,140.1540985107422,2286.523681640625,686.0,2023.0,231.2476043701172,285.4309997558594,0.3742085099220276,0.968381941318512,0.4032329320907593,0.968381941318512,0.4032329320907593,0.968381941318512,0.0,0.0,0.0,0.0
43.380265488,43.42234420776367,2202.713623046875,377.0,1789.0,231.1761932373047,287.6925964355469,0.33845236897468567,0.9742119312286377,0.37323296070098877,0.9742119312286377,0.37323296070098877,0.9742119312286377,0.0,0.0,0.0,0.0
43.400330558,-46.84846878051758,2112.44287109375,377.0,1789.0,231.1761932373047,287.6925964355469,0.33845236897468567,0.9742119312286377,0.3432329595088959,0.9742119312286377,0.3432329595088959,0.9742119312286377,0.0,0.0,0.0,0.0
43.420457699,-61.233333587646484,2098.05810546875,377.0,1789.0,231.1761932373047,287.6925964355469,0.33845236897468567,0.9742119312286377,0.33845236897468567,0.9742119312286377,0.33845236897468567,0.9742119312286377,0.0,0.0,0.0,0.0
43.440576809,-102.71011352539062,2060.958984375,377.0,1789.0,231.1761932373047,287.6925964355469,0.32539570331573486,0.9761870503425598,0.32539570331573486,0.9761870503425598,0.32539570331573486,0.9761870503425598,0.0,0.0,0.0,0.0
43.460224434,-102.71011352539062,2060.958984375,377.0,1789.0,231.1761932373047,287.6925964355469,0.32539570331573486,0.9761870503425598,0.32539570331573486,0.9761870503425598,0.32539570331573486,0.9761870503425598,0.0,0.0,0.0,0.0
43.480368852,-102.71011352539062,2060.958984375,11.0,1389.0,230.8905029296875,289.4305114746094,0.32539570331573486,0.9761870503425598,0.32539570331573486,0.9761870503425598,0.32539570331573486,0.9761870503425598,0.0,0.0,0.0,0.0
43.500233343,-170.35910034179688,2000.08203125,11.0,1389.0,230.8905029296875,289.4305114746094,0.30403897166252136,0.9792423844337463,0.30403897166252136,0.9792423844337463,0.30403897166252136,0.9792423844337463,0.0,0.0,0.0,0.0
43.520237493,-170.35910034179688,2000.08203125,11.0,1389.0,230.8905029296875,289.4305114746094,0.30403897166252136,0.9792423844337463,0.30403897166252136,0.9792423844337463,0.30403897166252136,0.9792423844337463,0.0,0.0,0.0,0.0
43.540305538,-265.52618408203125,1914.70751953125,11.0,1389.0,230.8905029296875,289.4305114746094,0.270050048828125,0.9836605191230774,0.27403897047042847,0.9836605191230774,0.27403897047042847,0.9836605191230774,0.0,0.0,0.0,0.0
43.560242658,-277.52899169921875,1902.7047119140625,11.0,1389.0,230.8905029296875,289.4305114746094,0.270050048828125,0.9836605191230774,0.270050048828125,0.9836605191230774,0.270050048828125,0.9836605191230774,0.0,0.0,0.0,0.0
43.58025324,-277.52899169921875,1902.7047119140625,-91.0,1206.0,230.86669921875,291.7159118652344,0.270050048828125,0.9836605191230774,0.270050048828125,0.9836605191230774,0.270050048828125,0.9836605191230774,0.0,0.0,0.0,0.0
43.600238577,-372.4853210449219,1817.119384765625,-91.0,1206.0,230.86669921875,291.7159118652344,0.2327485978603363,0.9878884553909302,0.2400500327348709,0.9878884553909302,0.2400500327348709,0.9878884553909302,0.0,0.0,0.0,0.0
43.620294752,-394.4555358886719,1795.149169921875,-91.0,1206.0,230.86669921875,291.7159118652344,0.2327485978603363,0.9878884553909302,0.2327485978603363,0.9878884553909302,0.2327485978603363,0.9878884553909302,0.0,0.0,0.0,0.0
43.640238047,-483.94915771484375,1711.8978271484375,-91.0,1206.0,230.86669921875,291.7159118652344,0.2040441334247589,0.9907047748565674,0.2040441334247589,0.9907047748565674,0.2040441334247589,0.9907047748565674,0.0,0.0,0.0,0.0
43.660465334,-483.94915771484375,1711.8978271484375,-91.0,1206.0,230.86669921875,291.7159118652344,0.2040441334247589,0.9907047748565674,0.2040441334247589,0.9907047748565674,0.2040441334247589,0.9907047748565674,0.0,0.0,0.0,0.0
43.680507719,-483.94915771484375,1711.8978271484375,-137.0,1251.0,230.41439819335938,293.787109375,0.2040441334247589,0.9907047748565674,0.2040441334247589,0.9907047748565674,0.2040441334247589,0.9907047748565674,0.0,0.0,0.0,0.0
43.70023786,-558.82275390625,1641.6236572265625,-137.0,1251.0,230.41439819335938,293.787109375,0.17992541193962097,0.9927799105644226,0.17992541193962097,0.9927799105644226,0.17992541193962097,0.9927799105644226,0.0,0.0,0.0,0.0
43.720235899,-558.82275390625,1641.6236572265625,-137.0,1251.0,230.41439819335938,293.787109375,0.17992541193962097,0.9927799105644226,0.17992541193962097,0.9927799105644226,0.17992541193962097,0.9927799105644226,0.0,0.0,0.0,0.0
43.740247665,-595.2284545898438,1607.248046875,-137.0,1251.0,230.41439819335938,293.787109375,0.16816392540931702,0.993695855140686,0.16816392540931702,0.993695855140686,0.16816392540931702,0.993695855140686,0.0,0.0,0.0,0.0
43.760220012,-595.2284545898438,1607.248046875,-137.0,1251.0,230.41439819335938,293.787109375,0.16816392540931702,0.993695855140686,0.16816392540931702,0.993695855140686,0.16816392540931702,0.993695855140686,0.0,0.0,0.0,0.0
43.780936316,-619.8285522460938,1583.9432373046875,-303.0,1120.0,229.5334930419922,295.1440124511719,0.1602037250995636,0.9942802786827087,0.1602037250995636,0.9942802786827087,0.1602037250995636,0.9942802786827087,0.0,0.0,0.0,0.0
43.800195965,-619.8285522460938,1583.9432373046875,-303.0,1120.0,229.5334930419922,295.1440124511719,0.1602037250995636,0.9942802786827087,0.1602037250995636,0.9942802786827087,0.1602037250995636,0.9942802786827087,0.0,0.0,0.0,0.0
43.820312772,-619.8285522460938,1583.9432373046875,-303.0,1120.0,229.5334930419922,295.1440124511719,0.1602037250995636,0.9942802786827087,0.1602037250995636,0.9942802786827087,0.1602037250995636,0.9942802786827087,0.0,0.0,0.0,0.0
43.840419723,-619.8285522460938,1583.9432373046875,-303.0,1120.0,229.5334930419922,295.1440124511719,0.1602037250995636,0.9942802786827087,0.1602037250995636,0.9942802786827087,0.1602037250995636,0.9942802786827087,0.0,0.0,0.0,0.0
43.860262489,-667.5582885742188,1538.5496826171875,-303.0,1120.0,229.5334930419922,295.1440124511719,0.14472973346710205,0.995334267616272,0.14472973346710205,0.995334267616272,0.14472973346710205,0.995334267616272,0.0,0.0,0.0,0.0
43.880244146,-667.5582885742188,1538.5496826171875,-423.0,926.0,228.9384002685547,296.6676940917969,0.14472973346710205,0.995334267616272,0.14472973346710205,0.995334267616272,0.14472973346710205,0.995334267616272,0.0,0.0,0.0,0.0
43.900251848,-739.2086791992188,1469.9664306640625,-423.0,926.0,228.9384002685547,296.6676940917969,0.12142758071422577,0.9967180490493774,0.12142758071422577,0.9967180490493774,0.12142758071422577,0.9967180490493774,0.0,0.0,0.0,0.0
43.920193832,-739.2086791992188,1469.9664306640625,-423.0,926.0,228.9384002685547,296.6676940917969,0.12142758071422577,0.9967180490493774,0.12142758071422577,0.9967180490493774,0.12142758071422577,0.9967180490493774,0.0,0.0,0.0,0.0
43.940353096,-831.4273681640625,1381.6435546875,-423.0,926.0,228.9384002685547,296.6676940917969,0.08278819173574448,0.9984757304191589,0.09142757952213287,0.9984757304191589,0.09142757952213287,0.9984757304191589,0.0,0.0,0.0,0.0
43.960323875,-857.4235229492188,1355.6473388671875,-423.0,926.0,228.9384002685547,296.6676940917969,0.08278819173574448,0.9984757304191589,0.08278819173574448,0.9984757304191589,0.08278819173574448,0.9984757304191589,0.0,0.0,0.0,0.0
43.980293726,-857.4235229492188,1355.6473388671875,-406.0,943.0,228.2718048095703,298.4530944824219,0.08278819173574448,0.9984757304191589,0.08278819173574448,0.9984757304191589,0.08278819173574448,0.9984757304191589,0.0,0.0,0.0,0.0
44.000289493,-948.9689331054688,1266.651123046875,-406.0,943.0,228.2718048095703,298.4530944824219,0.041029419749975204,0.9996258616447449,0.05278819054365158,0.9996258616447449,0.05278819054365158,0.9996258616447449,0.0,0.0,0.0,0.0
44.020242962,-984.3514404296875,1231.2686767578125,-406.0,943.0,228.2718048095703,298.4530944824219,0.041029419749975204,0.9996258616447449,0.041029419749975204,0.9996258616447449,0.041029419749975204,0.9996258616447449,0.0,0.0,0.0,0.0
44.040235593,-1074.6785888671875,1141.7095947265625,-406.0,943.0,228.2718048095703,298.4530944824219,0.011138306930661201,0.999972403049469,0.011138306930661201,0.999972403049469,0.011138306930661201,0.999972403049469,0.0,0.0,0.0,0.0
44.060305621,-1074.6785888671875,1141.7095947265625,-406.0,943.0,228.2718048095703,298.4530944824219,0.011138306930661201,0.999972403049469,0.011138306930661201,0.999972403049469,0.011138306930661201,0.999972403049469,0.0,0.0,0.0,0.0
44.080211865,-1074.6785888671875,1141.7095947265625,-486.0,920.0,226.89100646972656,299.5244140625,0.011138306930661201,0.999972403049469,0.011138306930661201,0.999972403049469,0.011138306930661201,0.999972403049469,0.0,0.0,0.0,0.0
44.100231276,-1141.626953125,1074.7615966796875,-486.0,920.0,226.89100646972656,299.5244140625,-0.011110806837677956,0.9999725818634033,-0.011110806837677956,0.9999725818634033,-0.011110806837677956,0.9999725818634033,0.0,0.0,0.0,0.0
44.120189768,-1141.626953125,1074.7615966796875,-486.0,920.0,226.89100646972656,299.5244140625,-0.011110806837677956,0.9999725818634033,-0.011110806837677956,0.9999725818634033,-0.011110806837677956,0.9999725818634033,0.0,0.0,0.0,0.0
44.140236599,-1141.626953125,1074.7615966796875,-486.0,920.0,226.89100646972656,299.5244140625,-0.011110806837677956,0.9999725818634033,-0.011110806837677956,0.9999725818634033,-0.011110806837677956,0.9999725818634033,0.0,0.0,0.0,0.0
44.16030362,-1141.626953125,1074.7615966796875,-486.0,920.0,226.89100646972656,299.5244140625,-0.011110806837677956,0.9999725818634033,-0.011110806837677956,0.9999725818634033,-0.011110806837677956,0.9999725818634033,0.0,0.0,0.0,0.0
44.180651784,-1141.626953125,1074.7615966796875,-789.0,697.0,225.34359741210938,300.23858642578125,-0.011110806837677956,0.9999725818634033,-0.011110806837677956,0.9999725818634033,-0.011110806837677956,0.9999725818634033,0.0,0.0,0.0,0.0
44.200430654,-1141.626953125,1074.7615966796875,-789.0,697.0,225.34359741210938,300.23858642578125,-0.011110806837677956,0.9999725818634033,-0.011110806837677956,0.9999725818634033,-0.011110806837677956,0.9999725818634033,0.0,0.0,0.0,0.0
44.22028676,-1141.626953125,1074.7615966796875,-789.0,697.0,225.34359741210938,300.23858642578125,-0.011110806837677956,0.9999725818634033,-0.011110806837677956,0.9999725818634033,-0.011110806837677956,0.9999725818634033,0.0,0.0,0.0,0.0
44.240401614,-1141.626953125,1074.7615966796875,-789.0,697.0,225.34359741210938,300.23858642578125,-0.011110806837677956,0.9999725818634033,-0.011110806837677956,0.9999725818634033,-0.011110806837677956,0.9999725818634033,0.0,0.0,0.0,0.0
44.260528466,-1141.626953125,1074.7615966796875,-789.0,697.0,225.34359741210938,300.23858642578125,-0.011110806837677956,0.9999725818634033,-0.011110806837677956,0.9999725818634033,-0.011110806837677956,0.9999725818634033,0.0,0.0,0.0,0.0
44.280241425,-1141.626953125,1074.7615966796875,-811.0,583.0,224.3199005126953,301.5003967285156,-0.011110806837677956,0.9999725818634033,-0.011110806837677956,0.9999725818634033,-0.011110806837677956,0.9999725818634033,0.0,0.0,0.0,0.0
44.300242663,-1141.626953125,1074.7615966796875,-811.0,583.0,224.3199005126953,301.5003967285156,-0.011110806837677956,0.9999725818634033,-0.011110806837677956,0.9999725818634033,-0.011110806837677956,0.9999725818634033,0.0,0.0,0.0,0.0
44.320192388,-1141.626953125,1074.7615966796875,-811.0,583.0,224.3199005126953,301.5003967285156,-0.011110806837677956,0.9999725818634033,-0.011110806837677956,0.9999725818634033,-0.011110806837677956,0.9999725818634033,0.0,0.0,0.0,0.0
44.34025317,-1141.626953125,1074.7615966796875,-811.0,583.0,224.3199005126953,301.5003967285156,-0.011110806837677956,0.9999725818634033,-0.011110806837677956,0.9999725818634033,-0.011110806837677956,0.9999725818634033,0.0,0.0,0.0,0.0
44.360316127,-1141.626953125,1074.7615966796875,-811.0,583.0,224.3199005126953,301.5003967285156,-0.011110806837677956,0.9999725818634033,-0.011110806837677956,0.9999725818634033,-0.011110806837677956,0.9999725818634033,0.0,0.0,0.0,0.0
44.38047683,-1141.626953125,1074.7615966796875,-709.0,703.0,223.1533966064453,302.8096923828125,-0.011110806837677956,0.9999725818634033,-0.011110806837677956,0.9999725818634033,-0.011110806837677956,0.9999725818634033,0.0,0.0,0.0,0.0
44.400231607,-1141.626953125,1074.7615966796875,-709.0,703.0,223.1533966064453,302.8096923828125,-0.011110806837677956,0.9999725818634033,-0.011110806837677956,0.9999725818634033,-0.011110806837677956,0.9999725818634033,0.0,0.0,0.0,0.0
44.420184564,-1141.626953125,1074.7615966796875,-709.0,703.0,223.1533966064453,302.8096923828125,-0.011110806837677956,0.9999725818634033,-0.011110806837677956,0.9999725818634033,-0.011110806837677956,0.9999725818634033,0.0,0.0,0.0,0.0
44.440203303,-1141.626953125,1074.7615966796875,-709.0,703.0,223.1533966064453,302.8096923828125,-0.011110806837677956,0.9999725818634033,-0.011110806837677956,0.9999725818634033,-0.011110806837677956,0.9999725818634033,0.0,0.0,0.0,0.0
44.460318221,-1141.626953125,1074.7615966796875,-709.0,703.0,223.1533966064453,302.8096923828125,-0.011110806837677956,0.9999725818634033,-0.011110806837677956,0.9999725818634033,-0.011110806837677956,0.9999725818634033,0.0,0.0,0.0,0.0
44.480444881,-1141.626953125,1074.7615966796875,-714.0,709.0,221.74879455566406,303.7143859863281,-0.011110806837677956,0.9999725818634033,-0.011110806837677956,0.9999725818634033,-0.011110806837677956,0.9999725818634033,0.0,0.0,0.0,0.0
44.500239205,-1141.626953125,1074.7615966796875,-714.0,709.0,221.74879455566406,303.7143859863281,-0.011110806837677956,0.9999725818634033,-0.011110806837677956,0.9999725818634033,-0.011110806837677956,0.9999725818634033,0.0,0.0,0.0,0.0
44.520242074,-1141.626953125,1074.7615966796875,-714.0,709.0,221.74879455566406,303.7143859863281,-0.011110806837677956,0.9999725818634033,-0.011110806837677956,0.9999725818634033,-0.011110806837677956,0.9999725818634033,0.0,0.0,0.0,0.0
44.540276747,-1141.626953125,1074.7615966796875,-714.0,709.0,221.74879455566406,303.7143859863281,-0.011110806837677956,0.9999725818634033,-0.011110806837677956,0.9999725818634033,-0.011110806837677956,0.9999725818634033,0.0,0.0,0.0,0.0
44.560485476,-1141.626953125,1074.7615966796875,-714.0,709.0,221.74879455566406,303.7143859863281,-0.011110806837677956,0.9999725818634033,-0.011110806837677956,0.9999725818634033,-0.011110806837677956,0.9999725818634033,0.0,0.0,0.0,0.0
44.580359692,-1141.626953125,1074.7615966796875,-777.0,617.0,220.51089477539062,304.7380065917969,-0.011110806837677956,0.9999725818634033,-0.011110806837677956,0.9999725818634033,-0.011110806837677956,0.9999725818634033,0.0,0.0,0.0,0.0
44.600256336,-1141.626953125,1074.7615966796875,-777.0,617.0,220.51089477539062,304.7380065917969,-0.011110806837677956,0.9999725818634033,-0.011110806837677956,0.9999725818634033,-0.011110806837677956,0.9999725818634033,0.0,0.0,0.0,0.0
44.620219308,-1141.626953125,1074.7615966796875,-777.0,617.0,220.51089477539062,304.7380065917969,-0.011110806837677956,0.9999725818634033,-0.011110806837677956,0.9999725818634033,-0.011110806837677956,0.9999725818634033,0.0,0.0,0.0,0.0
44.640259964,-1141.626953125,1074.7615966796875,-777.0,617.0,220.51089477539062,304.7380065917969,-0.011110806837677956,0.9999725818634033,-0.011110806837677956,0.9999725818634033,-0.011110806837677956,0.9999725818634033,0.0,0.0,0.0,0.0
44.660254163,-1141.626953125,1074.7615966796875,-777.0,617.0,220.51089477539062,304.7380065917969,-0.011110806837677956,0.9999725818634033,-0.011110806837677956,0.9999725818634033,-0.011110806837677956,0.9999725818634033,0.0,0.0,0.0,0.0
44.680390582,-1141.626953125,1074.7615966796875,-743.0,629.0,219.36819458007812,305.9997863769531,-0.011110806837677956,0.9999725818634033,-0.011110806837677956,0.9999725818634033,-0.011110806837677956,0.9999725818634033,0.0,0.0,0.0,0.0
44.70062545,-1141.626953125,1074.7615966796875,-743.0,629.0,219.36819458007812,305.9997863769531,-0.011110806837677956,0.9999725818634033,-0.011110806837677956,0.9999725818634033,-0.011110806837677956,0.9999725818634033,0.0,0.0,0.0,0.0
44.720323915,-1141.626953125,1074.7615966796875,-743.0,629.0,219.36819458007812,305.9997863769531,-0.011110806837677956,0.9999725818634033,-0.011110806837677956,0.9999725818634033,-0.011110806837677956,0.9999725818634033,0.0,0.0,0.0,0.0
44.740528868,-1141.626953125,1074.7615966796875,-743.0,629.0,219.36819458007812,305.9997863769531,-0.011110806837677956,0.9999725818634033,-0.011110806837677956,0.9999725818634033,-0.011110806837677956,0.9999725818634033,0.0,0.0,0.0,0.0
44.760309882,-1141.626953125,1074.7615966796875,-743.0,629.0,219.36819458007812,305.9997863769531,-0.011110806837677956,0.9999725818634033,-0.011110806837677956,0.9999725818634033,-0.011110806837677956,0.9999725818634033,0.0,0.0,0.0,0.0
44.780344555,-1141.626953125,1074.7615966796875,-731.0,697.0,218.05880737304688,307.09490966796875,-0.011110806837677956,0.9999725818634033,-0.011110806837677956,0.9999725818634033,-0.011110806837677956,0.9999725818634033,0.0,0.0,0.0,0.0
44.800297511,-1141.626953125,1074.7615966796875,-731.0,697.0,218.05880737304688,307.09490966796875,-0.011110806837677956,0.9999725818634033,-0.011110806837677956,0.9999725818634033,-0.011110806837677956,0.9999725818634033,0.0,0.0,0.0,0.0
44.820369363,-1141.626953125,1074.7615966796875,-731.0,697.0,218.05880737304688,307.09490966796875,-0.011110806837677956,0.9999725818634033,-0.011110806837677956,0.9999725818634033,-0.011110806837677956,0.9999725818634033,0.0,0.0,0.0,0.0
44.840425089,-1141.626953125,1074.7615966796875,-731.0,697.0,218.05880737304688,307.09490966796875,-0.011110806837677956,0.9999725818634033,-0.011110806837677956,0.9999725818634033,-0.011110806837677956,0.9999725818634033,0.0,0.0,0.0,0.0
44.860361025,-1141.626953125,1074.7615966796875,-731.0,697.0,218.05880737304688,307.09490966796875,-0.011110806837677956,0.9999725818634033,-0.011110806837677956,0.9999725818634033,-0.011110806837677956,0.9999725818634033,0.0,0.0,0.0,0.0
44.880400753,-1141.626953125,1074.7615966796875,-731.0,697.0,218.05880737304688,307.09490966796875,-0.011110806837677956,0.9999725818634033,-0.011110806837677956,0.9999725818634033,-0.011110806837677956,0.9999725818634033,0.0,0.0,0.0,0.0
44.900514551,-1141.626953125,1074.7615966796875,-754.0,651.0,216.79710388183594,308.0708923339844,-0.011110806837677956,0.9999725818634033,-0.011110806837677956,0.9999725818634033,-0.011110806837677956,0.9999725818634033,0.0,0.0,0.0,0.0
44.920361091,-1141.626953125,1074.7615966796875,-754.0,651.0,216.79710388183594,308.0708923339844,-0.011110806837677956,0.9999725818634033,-0.011110806837677956,0.9999725818634033,-0.011110806837677956,0.9999725818634033,0.0,0.0,0.0,0.0
44.940377367,-1141.626953125,1074.7615966796875,-754.0,651.0,216.79710388183594,308.0708923339844,-0.011110806837677956,0.9999725818634033,-0.011110806837677956,0.9999725818634033,-0.011110806837677956,0.9999725818634033,0.0,0.0,0.0,0.0
44.960346609,-1141.626953125,1074.7615966796875,-754.0,651.0,216.79710388183594,308.0708923339844,-0.011110806837677956,0.9999725818634033,-0.011110806837677956,0.9999725818634033,-0.011110806837677956,0.9999725818634033,0.0,0.0,0.0,0.0
44.980397824,-1141.626953125,1074.7615966796875,-754.0,651.0,216.79710388183594,308.0708923339844,-0.011110806837677956,0.9999725818634033,-0.011110806837677956,0.9999725818634033,-0.011110806837677956,0.9999725818634033,0.0,0.0,0.0,0.0
45.000425201,-1141.626953125,1074.7615966796875,-760.0,623.0,215.58299255371094,309.1897888183594,-0.011110806837677956,0.9999725818634033,-0.011110806837677956,0.9999725818634033,-0.011110806837677956,0.9999725818634033,0.0,0.0,0.0,0.0
45.020324213,-1141.626953125,1074.7615966796875,-760.0,623.0,215.58299255371094,309.1897888183594,-0.011110806837677956,0.9999725818634033,-0.011110806837677956,0.9999725818634033,-0.011110806837677956,0.9999725818634033,0.0,0.0,0.0,0.0
45.040321483,-1141.626953125,1074.7615966796875,-760.0,623.0,215.58299255371094,309.1897888183594,-0.011110806837677956,0.9999725818634033,-0.011110806837677956,0.9999725818634033,-0.011110806837677956,0.9999725818634033,0.0,0.0,0.0,0.0
45.060270983,-1141.626953125,1074.7615966796875,-760.0,623.0,215.58299255371094,309.1897888183594,-0.011110806837677956,0.9999725818634033,-0.011110806837677956,0.9999725818634033,-0.011110806837677956,0.9999725818634033,0.0,0.0,0.0,0.0
45.080397194,-1141.626953125,1074.7615966796875,-760.0,623.0,215.58299255371094,309.1897888183594,-0.011110806837677956,0.9999725818634033,-0.011110806837677956,0.9999725818634033,-0.011110806837677956,0.9999725818634033,0.0,0.0,0.0,0.0
45.100301773,-1141.626953125,1074.7615966796875,-737.0,657.0,214.34500122070312,310.3326110839844,-0.011110806837677956,0.9999725818634033,-0.011110806837677956,0.9999725818634033,-0.011110806837677956,0.9999725818634033,0.0,0.0,0.0,0.0
45.120342652,-1130.5,1085.92236328125,-737.0,657.0,214.34500122070312,310.3326110839844,-0.007407316938042641,0.999987781047821,-0.007407316938042641,0.999987781047821,-0.007407316938042641,0.999987781047821,0.0,0.0,0.0,0.0
45.140380428,-1130.5,1085.92236328125,-737.0,657.0,214.34500122070312,310.3326110839844,-0.007407316938042641,0.999987781047821,-0.007407316938042641,0.999987781047821,-0.007407316938042641,0.999987781047821,0.0,0.0,0.0,0.0
45.16034503,-1130.5,1085.92236328125,-737.0,657.0,214.34500122070312,310.3326110839844,-0.007407316938042641,0.999987781047821,-0.007407316938042641,0.999987781047821,-0.007407316938042641,0.999987781047821,0.0,0.0,0.0,0.0
45.180389269,-1130.5,1085.92236328125,-737.0,657.0,214.34500122070312,310.3326110839844,-0.007407316938042641,0.999987781047821,-0.007407316938042641,0.999987781047821,-0.007407316938042641,0.999987781047821,0.0,0.0,0.0,0.0
45.200362798,-1130.5,1085.92236328125,-749.0,680.0,213.0832977294922,311.4276123046875,-0.007407316938042641,0.999987781047821,-0.007407316938042641,0.999987781047821,-0.007407316938042641,0.999987781047821,0.0,0.0,0.0,0.0
45.220338183,-1130.5,1085.92236328125,-749.0,680.0,213.0832977294922,311.4276123046875,-0.007407316938042641,0.999987781047821,-0.007407316938042641,0.999987781047821,-0.007407316938042641,0.999987781047821,0.0,0.0,0.0,0.0
45.240603094,-1130.5,1085.92236328125,-749.0,680.0,213.0832977294922,311.4276123046875,-0.007407316938042641,0.999987781047821,-0.007407316938042641,0.999987781047821,-0.007407316938042641,0.999987781047821,0.0,0.0,0.0,0.0
45.260362734,-1130.5,1085.92236328125,-749.0,680.0,213.0832977294922,311.4276123046875,-0.007407316938042641,0.999987781047821,-0.007407316938042641,0.999987781047821,-0.007407316938042641,0.999987781047821,0.0,0.0,0.0,0.0
45.280302059,-1130.5,1085.92236328125,-749.0,680.0,213.0832977294922,311.4276123046875,-0.007407316938042641,0.999987781047821,-0.007407316938042641,0.999987781047821,-0.007407316938042641,0.999987781047821,0.0,0.0,0.0,0.0
45.300318014,-1130.5,1085.92236328125,-749.0,657.0,211.86920166015625,312.522705078125,-0.007407316938042641,0.999987781047821,-0.007407316938042641,0.999987781047821,-0.007407316938042641,0.999987781047821,0.0,0.0,0.0,0.0
45.320266747,-1130.5,1085.92236328125,-749.0,657.0,211.86920166015625,312.522705078125,-0.007407316938042641,0.999987781047821,-0.007407316938042641,0.999987781047821,-0.007407316938042641,0.999987781047821,0.0,0.0,0.0,0.0
45.340386079,-1130.5,1085.92236328125,-749.0,657.0,211.86920166015625,312.522705078125,-0.007407316938042641,0.999987781047821,-0.007407316938042641,0.999987781047821,-0.007407316938042641,0.999987781047821,0.0,0.0,0.0,0.0
45.360254663,-1130.5,1085.92236328125,-749.0,657.0,211.86920166015625,312.522705078125,-0.007407316938042641,0.999987781047821,-0.007407316938042641,0.999987781047821,-0.007407316938042641,0.999987781047821,0.0,0.0,0.0,0.0
45.380359277,-1130.5,1085.92236328125,-749.0,657.0,211.86920166015625,312.522705078125,-0.007407316938042641,0.999987781047821,-0.007407316938042641,0.999987781047821,-0.007407316938042641,0.999987781047821,0.0,0.0,0.0,0.0
45.400317736,-1130.5,1085.92236328125,-737.0,663.0,210.65499877929688,313.6416015625,-0.007407316938042641,0.999987781047821,-0.007407316938042641,0.999987781047821,-0.007407316938042641,0.999987781047821,0.0,0.0,0.0,0.0
45.420680362,-1097.0767822265625,1119.3658447265625,-737.0,663.0,210.65499877929688,313.6416015625,0.003703692462295294,0.9999969601631165,0.003703692462295294,0.9999969601631165,0.003703692462295294,0.9999969601631165,0.0,0.0,0.0,0.0
45.440721785,-1097.0767822265625,1119.3658447265625,-737.0,663.0,210.65499877929688,313.6416015625,0.003703692462295294,0.9999969601631165,0.003703692462295294,0.9999969601631165,0.003703692462295294,0.9999969601631165,0.0,0.0,0.0,0.0
45.461294364,-1063.5946044921875,1152.7467041015625,-737.0,663.0,210.65499877929688,313.6416015625,0.014814091846346855,0.9999512434005737,0.014814091846346855,0.9999512434005737,0.014814091846346855,0.9999512434005737,0.0,0.0,0.0,0.0
45.480373685,-1063.5946044921875,1152.7467041015625,-737.0,663.0,210.65499877929688,313.6416015625,0.014814091846346855,0.9999512434005737,0.014814091846346855,0.9999512434005737,0.014814091846346855,0.9999512434005737,0.0,0.0,0.0,0.0
45.500354989,-1063.5946044921875,1152.7467041015625,-737.0,663.0,209.39329528808594,314.760498046875,0.014814091846346855,0.9999512434005737,0.014814091846346855,0.9999512434005737,0.014814091846346855,0.9999512434005737,0.0,0.0,0.0,0.0
45.520311848,-1019.090087890625,1196.9290771484375,-737.0,663.0,209.39329528808594,314.760498046875,0.029550913721323013,0.9998059272766113,0.029550913721323013,0.9998059272766113,0.029550913721323013,0.9998059272766113,0.0,0.0,0.0,0.0
45.540564121,-1019.090087890625,1196.9290771484375,-737.0,663.0,209.39329528808594,314.760498046875,0.029550913721323013,0.9998059272766113,0.029550913721323013,0.9998059272766113,0.029550913721323013,0.9998059272766113,0.0,0.0,0.0,0.0
45.560312146,-1019.090087890625,1196.9290771484375,-737.0,663.0,209.39329528808594,314.760498046875,0.029550913721323013,0.9998059272766113,0.029550913721323013,0.9998059272766113,0.029550913721323013,0.9998059272766113,0.0,0.0,0.0,0.0
45.580388669,-974.39404296875,1241.087890625,-737.0,663.0,209.39329528808594,314.760498046875,0.04431562125682831,0.9995635151863098,0.04431562125682831,0.9995635151863098,0.04431562125682831,0.9995635151863098,0.0,0.0,0.0,0.0
45.600289536,-974.39404296875,1241.087890625,-714.0,703.0,208.34579467773438,316.0461120605469,0.04431562125682831,0.9995635151863098,0.04431562125682831,0.9995635151863098,0.04431562125682831,0.9995635151863098,0.0,0.0,0.0,0.0
45.620275127,-963.5661010742188,1251.75341796875,-714.0,703.0,208.34579467773438,316.0461120605469,0.04788712412118912,0.9994902610778809,0.04788712412118912,0.9994902610778809,0.04788712412118912,0.9994902610778809,0.0,0.0,0.0,0.0
45.640364384,-963.5661010742188,1251.75341796875,-714.0,703.0,208.34579467773438,316.0461120605469,0.04788712412118912,0.9994902610778809,0.04788712412118912,0.9994902610778809,0.04788712412118912,0.9994902610778809,0.0,0.0,0.0,0.0
45.660408559,-963.5661010742188,1251.75341796875,-714.0,703.0,208.34579467773438,316.0461120605469,0.04788712412118912,0.9994902610778809,0.04788712412118912,0.9994902610778809,0.04788712412118912,0.9994902610778809,0.0,0.0,0.0,0.0
45.680380072,-963.5661010742188,1251.75341796875,-714.0,703.0,208.34579467773438,316.0461120605469,0.04788712412118912,0.9994902610778809,0.04788712412118912,0.9994902610778809,0.04788712412118912,0.9994902610778809,0.0,0.0,0.0,0.0
45.700379485,-963.5661010742188,1251.75341796875,-629.0,760.0,207.4174041748047,317.4507141113281,0.04788712412118912,0.9994902610778809,0.04788712412118912,0.9994902610778809,0.04788712412118912,0.9994902610778809,0.0,0.0,0.0,0.0
45.720339352,-963.5661010742188,1251.75341796875,-629.0,760.0,207.4174041748047,317.4507141113281,0.04788712412118912,0.9994902610778809,0.04788712412118912,0.9994902610778809,0.04788712412118912,0.9994902610778809,0.0,0.0,0.0,0.0
45.740506325,-963.5661010742188,1251.75341796875,-629.0,760.0,207.4174041748047,317.4507141113281,0.04788712412118912,0.9994902610778809,0.04788712412118912,0.9994902610778809,0.04788712412118912,0.9994902610778809,0.0,0.0,0.0,0.0
45.760594974,-963.5661010742188,1251.75341796875,-629.0,760.0,207.4174041748047,317.4507141113281,0.04788712412118912,0.9994902610778809,0.04788712412118912,0.9994902610778809,0.04788712412118912,0.9994902610778809,0.0,0.0,0.0,0.0
45.780371827,-963.5661010742188,1251.75341796875,-629.0,760.0,207.4174041748047,317.4507141113281,0.04788712412118912,0.9994902610778809,0.04788712412118912,0.9994902610778809,0.04788712412118912,0.9994902610778809,0.0,0.0,0.0,0.0
45.800385574,-963.5661010742188,1251.75341796875,-600.0,811.0,206.34609985351562,318.7838134765625,0.04788712412118912,0.9994902610778809,0.04788712412118912,0.9994902610778809,0.04788712412118912,0.9994902610778809,0.0,0.0,0.0,0.0
45.820330211,-963.9216918945312,1251.4034423828125,-600.0,811.0,206.34609985351562,318.7838134765625,0.04776987433433533,0.9994927644729614,0.04776987433433533,0.9994927644729614,0.04776987433433533,0.9994927644729614,0.0,0.0,0.0,0.0
45.840348598,-963.9216918945312,1251.4034423828125,-600.0,811.0,206.34609985351562,318.7838134765625,0.04776987433433533,0.9994927644729614,0.04776987433433533,0.9994927644729614,0.04776987433433533,0.9994927644729614,0.0,0.0,0.0,0.0
45.861115325,-963.9216918945312,1251.4034423828125,-600.0,811.0,206.34609985351562,318.7838134765625,0.04776987433433533,0.9994927644729614,0.04776987433433533,0.9994927644729614,0.04776987433433533,0.9994927644729614,0.0,0.0,0.0,0.0
45.880342625,-963.9216918945312,1251.4034423828125,-600.0,811.0,206.34609985351562,318.7838134765625,0.04776987433433533,0.9994927644729614,0.04776987433433533,0.9994927644729614,0.04776987433433533,0.9994927644729614,0.0,0.0,0.0,0.0
45.900351125,-963.9216918945312,1251.4034423828125,-623.0,789.0,205.22720336914062,320.02178955078125,0.04776987433433533,0.9994927644729614,0.04776987433433533,0.9994927644729614,0.04776987433433533,0.9994927644729614,0.0,0.0,0.0,0.0
45.920339436,-964.2755737304688,1251.0550537109375,-623.0,789.0,205.22720336914062,320.02178955078125,0.0476531982421875,0.999495267868042,0.0476531982421875,0.999495267868042,0.0476531982421875,0.999495267868042,0.0,0.0,0.0,0.0
45.94059462,-964.2755737304688,1251.0550537109375,-623.0,789.0,205.22720336914062,320.02178955078125,0.0476531982421875,0.999495267868042,0.0476531982421875,0.999495267868042,0.0476531982421875,0.999495267868042,0.0,0.0,0.0,0.0
45.960609168,-964.2755737304688,1251.0550537109375,-623.0,789.0,205.22720336914062,320.02178955078125,0.0476531982421875,0.999495267868042,0.0476531982421875,0.999495267868042,0.0476531982421875,0.999495267868042,0.0,0.0,0.0,0.0
45.980264182,-964.2755737304688,1251.0550537109375,-623.0,789.0,205.22720336914062,320.02178955078125,0.0476531982421875,0.999495267868042,0.0476531982421875,0.999495267868042,0.0476531982421875,0.999495267868042,0.0,0.0,0.0,0.0
46.000293798,-964.2755737304688,1251.0550537109375,-640.0,766.0,204.227294921875,321.3310852050781,0.0476531982421875,0.999495267868042,0.0476531982421875,0.999495267868042,0.0476531982421875,0.999495267868042,0.0,0.0,0.0,0.0
46.020253504,-964.6276245117188,1250.7083740234375,-640.0,766.0,204.227294921875,321.3310852050781,0.04753708839416504,0.9994977116584778,0.04753708839416504,0.9994977116584778,0.04753708839416504,0.9994977116584778,0.0,0.0,0.0,0.0
46.040219385,-964.6276245117188,1250.7083740234375,-640.0,766.0,204.227294921875,321.3310852050781,0.04753708839416504,0.9994977116584778,0.04753708839416504,0.9994977116584778,0.04753708839416504,0.9994977116584778,0.0,0.0,0.0,0.0
46.060437391,-964.6276245117188,1250.7083740234375,-640.0,766.0,204.227294921875,321.3310852050781,0.04753708839416504,0.9994977116584778,0.04753708839416504,0.9994977116584778,0.04753708839416504,0.9994977116584778,0.0,0.0,0.0,0.0
46.080206884,-964.97802734375,1250.3634033203125,-640.0,766.0,204.227294921875,321.3310852050781,0.04742153733968735,0.9995001554489136,0.04742153733968735,0.9995001554489136,0.04742153733968735,0.9995001554489136,0.0,0.0,0.0,0.0
46.100315465,-964.97802734375,1250.3634033203125,-617.0,789.0,203.25120544433594,322.7356872558594,0.04742153733968735,0.9995001554489136,0.04742153733968735,0.9995001554489136,0.04742153733968735,0.9995001554489136,0.0,0.0,0.0,0.0
46.120504514,-965.32666015625,1250.02001953125,-617.0,789.0,203.25120544433594,322.7356872558594,0.04730655252933502,0.9995025396347046,0.04730655252933502,0.9995025396347046,0.04730655252933502,0.9995025396347046,0.0,0.0,0.0,0.0
46.140437312,-965.32666015625,1250.02001953125,-617.0,789.0,203.25120544433594,322.7356872558594,0.04730655252933502,0.9995025396347046,0.04730655252933502,0.9995025396347046,0.04730655252933502,0.9995025396347046,0.0,0.0,0.0,0.0
46.16072833,-965.32666015625,1250.02001953125,-617.0,789.0,203.25120544433594,322.7356872558594,0.04730655252933502,0.9995025396347046,0.04730655252933502,0.9995025396347046,0.04730655252933502,0.9995025396347046,0.0,0.0,0.0,0.0
46.180611151,-965.6737060546875,1249.678466796875,-617.0,789.0,203.25120544433594,322.7356872558594,0.04719211906194687,0.9995049834251404,0.04719211906194687,0.9995049834251404,0.04719211906194687,0.9995049834251404,0.0,0.0,0.0,0.0
46.200622562,-965.6737060546875,1249.678466796875,-617.0,806.0,202.15609741210938,324.0212097167969,0.04719211906194687,0.9995049834251404,0.04719211906194687,0.9995049834251404,0.04719211906194687,0.9995049834251404,0.0,0.0,0.0,0.0
46.220335935,-965.6737060546875,1249.678466796875,-617.0,806.0,202.15609741210938,324.0212097167969,0.04719211906194687,0.9995049834251404,0.04719211906194687,0.9995049834251404,0.04719211906194687,0.9995049834251404,0.0,0.0,0.0,0.0
46.240600334,-965.6737060546875,1249.678466796875,-617.0,806.0,202.15609741210938,324.0212097167969,0.04719211906194687,0.9995049834251404,0.04719211906194687,0.9995049834251404,0.04719211906194687,0.9995049834251404,0.0,0.0,0.0,0.0
46.260526381,-965.6737060546875,1249.678466796875,-617.0,806.0,202.15609741210938,324.0212097167969,0.04719211906194687,0.9995049834251404,0.04719211906194687,0.9995049834251404,0.04719211906194687,0.9995049834251404,0.0,0.0,0.0,0.0
46.280342587,-965.6737060546875,1249.678466796875,-617.0,806.0,202.15609741210938,324.0212097167969,0.04719211906194687,0.9995049834251404,0.04719211906194687,0.9995049834251404,0.04719211906194687,0.9995049834251404,0.0,0.0,0.0,0.0
46.300335632,-965.6737060546875,1249.678466796875,-634.0,777.0,201.08489990234375,325.2829895019531,0.04719211906194687,0.9995049834251404,0.04719211906194687,0.9995049834251404,0.04719211906194687,0.9995049834251404,0.0,0.0,0.0,0.0
46.32028782,-965.6737060546875,1249.678466796875,-634.0,777.0,201.08489990234375,325.2829895019531,0.04719211906194687,0.9995049834251404,0.04719211906194687,0.9995049834251404,0.04719211906194687,0.9995049834251404,0.0,0.0,0.0,0.0
46.340568408,-966.01904296875,1249.33837890625,-634.0,777.0,201.08489990234375,325.2829895019531,0.047078244388103485,0.9995073676109314,0.047078244388103485,0.9995073676109314,0.047078244388103485,0.9995073676109314,0.0,0.0,0.0,0.0
46.360332206,-966.01904296875,1249.33837890625,-634.0,777.0,201.08489990234375,325.2829895019531,0.047078244388103485,0.9995073676109314,0.047078244388103485,0.9995073676109314,0.047078244388103485,0.9995073676109314,0.0,0.0,0.0,0.0
46.380274762,-966.3626708984375,1249.0001220703125,-634.0,777.0,201.08489990234375,325.2829895019531,0.04696491360664368,0.9995097517967224,0.04696491360664368,0.9995097517967224,0.04696491360664368,0.9995097517967224,0.0,0.0,0.0,0.0
46.400313273,-966.3626708984375,1249.0001220703125,-634.0,771.0,200.0850067138672,326.59228515625,0.04696491360664368,0.9995097517967224,0.04696491360664368,0.9995097517967224,0.04696491360664368,0.9995097517967224,0.0,0.0,0.0,0.0
46.420242071,-966.7046508789062,1248.6632080078125,-634.0,771.0,200.0850067138672,326.59228515625,0.046852126717567444,0.9995120763778687,0.046852126717567444,0.9995120763778687,0.046852126717567444,0.9995120763778687,0.0,0.0,0.0,0.0
46.440494088,-966.7046508789062,1248.6632080078125,-634.0,771.0,200.0850067138672,326.59228515625,0.046852126717567444,0.9995120763778687,0.046852126717567444,0.9995120763778687,0.046852126717567444,0.9995120763778687,0.0,0.0,0.0,0.0
46.460468288,-966.7046508789062,1248.6632080078125,-634.0,771.0,200.0850067138672,326.59228515625,0.046852126717567444,0.9995120763778687,0.046852126717567444,0.9995120763778687,0.046852126717567444,0.9995120763778687,0.0,0.0,0.0,0.0
46.480550792,-966.7046508789062,1248.6632080078125,-634.0,771.0,200.0850067138672,326.59228515625,0.046852126717567444,0.9995120763778687,0.046852126717567444,0.9995120763778687,0.046852126717567444,0.9995120763778687,0.0,0.0,0.0,0.0
46.500337019,-966.7046508789062,1248.6632080078125,-623.0,777.0,199.03750610351562,327.9017028808594,0.046852126717567444,0.9995120763778687,0.046852126717567444,0.9995120763778687,0.046852126717567444,0.9995120763778687,0.0,0.0,0.0,0.0
46.520354253,-966.7046508789062,1248.6632080078125,-623.0,777.0,199.03750610351562,327.9017028808594,0.046852126717567444,0.9995120763778687,0.046852126717567444,0.9995120763778687,0.046852126717567444,0.9995120763778687,0.0,0.0,0.0,0.0
46.540569762,-967.044921875,1248.328125,-623.0,777.0,199.03750610351562,327.9017028808594,0.046739883720874786,0.9995144009590149,0.046739883720874786,0.9995144009590149,0.046739883720874786,0.9995144009590149,0.0,0.0,0.0,0.0
46.560509823,-967.044921875,1248.328125,-623.0,777.0,199.03750610351562,327.9017028808594,0.046739883720874786,0.9995144009590149,0.046739883720874786,0.9995144009590149,0.046739883720874786,0.9995144009590149,0.0,0.0,0.0,0.0
46.58035121,-967.3836669921875,1247.9945068359375,-623.0,777.0,199.03750610351562,327.9017028808594,0.04662817344069481,0.9995167255401611,0.04662817344069481,0.9995167255401611,0.04662817344069481,0.9995167255401611,0.0,0.0,0.0,0.0
46.60032797,-967.3836669921875,1247.9945068359375,-623.0,783.0,197.96620178222656,329.18719482421875,0.04662817344069481,0.9995167255401611,0.04662817344069481,0.9995167255401611,0.04662817344069481,0.9995167255401611,0.0,0.0,0.0,0.0
46.620317655,-967.3836669921875,1247.9945068359375,-623.0,783.0,197.96620178222656,329.18719482421875,0.04662817344069481,0.9995167255401611,0.04662817344069481,0.9995167255401611,0.04662817344069481,0.9995167255401611,0.0,0.0,0.0,0.0
46.640338249,-956.51708984375,1258.690185546875,-623.0,783.0,197.96620178222656,329.18719482421875,0.05021107941865921,0.9994395971298218,0.05021107941865921,0.9994395971298218,0.05021107941865921,0.9994395971298218,0.0,0.0,0.0,0.0
46.660320767,-956.51708984375,1258.690185546875,-623.0,783.0,197.96620178222656,329.18719482421875,0.05021107941865921,0.9994395971298218,0.05021107941865921,0.9994395971298218,0.05021107941865921,0.9994395971298218,0.0,0.0,0.0,0.0
46.680517496,-935.1882934570312,1279.646728515625,-623.0,783.0,197.96620178222656,329.18719482421875,0.057237520813941956,0.9992716908454895,0.057237520813941956,0.9992716908454895,0.057237520813941956,0.9992716908454895,0.0,0.0,0.0,0.0
46.700540137,-935.1882934570312,1279.646728515625,-634.0,783.0,196.9425048828125,330.5203857421875,0.057237520813941956,0.9992716908454895,0.057237520813941956,0.9992716908454895,0.057237520813941956,0.9992716908454895,0.0,0.0,0.0,0.0
46.720462952,-935.1882934570312,1279.646728515625,-634.0,783.0,196.9425048828125,330.5203857421875,0.057237520813941956,0.9992716908454895,0.057237520813941956,0.9992716908454895,0.057237520813941956,0.9992716908454895,0.0,0.0,0.0,0.0
46.740587082,-924.7765502929688,1289.8594970703125,-634.0,783.0,196.9425048828125,330.5203857421875,0.06066460907459259,0.999181866645813,0.06066460907459259,0.999181866645813,0.06066460907459259,0.999181866645813,0.0,0.0,0.0,0.0
46.760526919,-924.7765502929688,1289.8594970703125,-634.0,783.0,196.9425048828125,330.5203857421875,0.06066460907459259,0.999181866645813,0.06066460907459259,0.999181866645813,0.06066460907459259,0.999181866645813,0.0,0.0,0.0,0.0
46.780340598,-903.1170654296875,1311.0677490234375,-634.0,783.0,196.9425048828125,330.5203857421875,0.06778781116008759,0.998978316783905,0.06778781116008759,0.998978316783905,0.06778781116008759,0.998978316783905,0.0,0.0,0.0,0.0
46.800555852,-903.1170654296875,1311.0677490234375,-611.0,800.0,195.9665069580078,331.8534851074219,0.06778781116008759,0.998978316783905,0.06778781116008759,0.998978316783905,0.06778781116008759,0.998978316783905,0.0,0.0,0.0,0.0
46.820276296,-903.1170654296875,1311.0677490234375,-611.0,800.0,195.9665069580078,331.8534851074219,0.06778781116008759,0.998978316783905,0.06778781116008759,0.998978316783905,0.06778781116008759,0.998978316783905,0.0,0.0,0.0,0.0
46.84059659,-870.6075439453125,1342.807373046875,-611.0,800.0,195.9665069580078,331.8534851074219,0.07846385985612869,0.998630940914154,0.07846385985612869,0.998630940914154,0.07846385985612869,0.998630940914154,0.0,0.0,0.0,0.0
46.860536075,-870.6075439453125,1342.807373046875,-611.0,800.0,195.9665069580078,331.8534851074219,0.07846385985612869,0.998630940914154,0.07846385985612869,0.998630940914154,0.07846385985612869,0.998630940914154,0.0,0.0,0.0,0.0
46.880327933,-849.5413818359375,1363.315185546875,-611.0,800.0,195.9665069580078,331.8534851074219,0.08537208288908005,0.9983790516853333,0.08537208288908005,0.9983790516853333,0.08537208288908005,0.9983790516853333,0.0,0.0,0.0,0.0
46.900603178,-849.5413818359375,1363.315185546875,-589.0,817.0,195.0142059326172,333.2580871582031,0.08537208288908005,0.9983790516853333,0.08537208288908005,0.9983790516853333,0.08537208288908005,0.9983790516853333,0.0,0.0,0.0,0.0
46.920156543,-849.5413818359375,1363.315185546875,-589.0,817.0,195.0142059326172,333.2580871582031,0.08537208288908005,0.9983790516853333,0.08537208288908005,0.9983790516853333,0.08537208288908005,0.9983790516853333,0.0,0.0,0.0,0.0
46.940760668,-838.72216796875,1373.8294677734375,-589.0,817.0,195.0142059326172,333.2580871582031,0.08891700208187103,0.9982414841651917,0.08891700208187103,0.9982414841651917,0.08891700208187103,0.9982414841651917,0.0,0.0,0.0,0.0
46.960301522,-838.72216796875,1373.8294677734375,-589.0,817.0,195.0142059326172,333.2580871582031,0.08891700208187103,0.9982414841651917,0.08891700208187103,0.9982414841651917,0.08891700208187103,0.9982414841651917,0.0,0.0,0.0,0.0
46.98036131,-827.9013671875,1384.333251953125,-589.0,817.0,195.0142059326172,333.2580871582031,0.09246042370796204,0.9980984330177307,0.09246042370796204,0.9980984330177307,0.09246042370796204,0.9980984330177307,0.0,0.0,0.0,0.0
47.000298363,-827.9013671875,1384.333251953125,-560.0,851.0,194.13340759277344,334.7579040527344,0.09246042370796204,0.9980984330177307,0.09246042370796204,0.9980984330177307,0.09246042370796204,0.9980984330177307,0.0,0.0,0.0,0.0
47.020309292,-827.9013671875,1384.333251953125,-560.0,851.0,194.13340759277344,334.7579040527344,0.09246042370796204,0.9980984330177307,0.09246042370796204,0.9980984330177307,0.09246042370796204,0.9980984330177307,0.0,0.0,0.0,0.0
47.040383669,-817.0790405273438,1394.8260498046875,-560.0,851.0,194.13340759277344,334.7579040527344,0.09600229561328888,0.9979497790336609,0.09600229561328888,0.9979497790336609,0.09600229561328888,0.9979497790336609,0.0,0.0,0.0,0.0
47.06030162,-817.0790405273438,1394.8260498046875,-560.0,851.0,194.13340759277344,334.7579040527344,0.09600229561328888,0.9979497790336609,0.09600229561328888,0.9979497790336609,0.09600229561328888,0.9979497790336609,0.0,0.0,0.0,0.0
47.080354208,-806.2554931640625,1405.3079833984375,-560.0,851.0,194.13340759277344,334.7579040527344,0.09954255819320679,0.9977956414222717,0.09954255819320679,0.9977956414222717,0.09954255819320679,0.9977956414222717,0.0,0.0,0.0,0.0
47.100731198,-806.2554931640625,1405.3079833984375,-531.0,891.0,193.30020141601562,336.2576904296875,0.09954255819320679,0.9977956414222717,0.09954255819320679,0.9977956414222717,0.09954255819320679,0.9977956414222717,0.0,0.0,0.0,0.0
47.120309261,-806.2554931640625,1405.3079833984375,-531.0,891.0,193.30020141601562,336.2576904296875,0.09954255819320679,0.9977956414222717,0.09954255819320679,0.9977956414222717,0.09954255819320679,0.9977956414222717,0.0,0.0,0.0,0.0
47.140378679,-806.2554931640625,1405.3079833984375,-531.0,891.0,193.30020141601562,336.2576904296875,0.09954255819320679,0.9977956414222717,0.09954255819320679,0.9977956414222717,0.09954255819320679,0.9977956414222717,0.0,0.0,0.0,0.0
47.160300821,-806.2554931640625,1405.3079833984375,-531.0,891.0,193.30020141601562,336.2576904296875,0.09954255819320679,0.9977956414222717,0.09954255819320679,0.9977956414222717,0.09954255819320679,0.9977956414222717,0.0,0.0,0.0,0.0
47.180356161,-806.2554931640625,1405.3079833984375,-531.0,891.0,193.30020141601562,336.2576904296875,0.09954255819320679,0.9977956414222717,0.09954255819320679,0.9977956414222717,0.09954255819320679,0.9977956414222717,0.0,0.0,0.0,0.0
47.200502911,-806.2554931640625,1405.3079833984375,-509.0,897.0,192.46690368652344,337.73370361328125,0.09954255819320679,0.9977956414222717,0.09954255819320679,0.9977956414222717,0.09954255819320679,0.9977956414222717,0.0,0.0,0.0,0.0
47.220291889,-806.2554931640625,1405.3079833984375,-509.0,897.0,192.46690368652344,337.73370361328125,0.09954255819320679,0.9977956414222717,0.09954255819320679,0.9977956414222717,0.09954255819320679,0.9977956414222717,0.0,0.0,0.0,0.0
47.240290724,-796.1747436523438,1415.0595703125,-509.0,897.0,192.46690368652344,337.73370361328125,0.10283802449703217,0.9976471066474915,0.10283802449703217,0.9976471066474915,0.10283802449703217,0.9976471066474915,0.0,0.0,0.0,0.0
47.260307893,-796.1747436523438,1415.0595703125,-509.0,897.0,192.46690368652344,337.73370361328125,0.10283802449703217,0.9976471066474915,0.10283802449703217,0.9976471066474915,0.10283802449703217,0.9976471066474915,0.0,0.0,0.0,0.0
47.280267854,-785.3748168945312,1425.4949951171875,-509.0,897.0,192.46690368652344,337.73370361328125,0.10636663436889648,0.9974826574325562,0.10636663436889648,0.9974826574325562,0.10636663436889648,0.9974826574325562,0.0,0.0,0.0,0.0
47.300332408,-785.3748168945312,1425.4949951171875,-509.0,886.0,191.60989379882812,339.2096862792969,0.10636663436889648,0.9974826574325562,0.10636663436889648,0.9974826574325562,0.10636663436889648,0.9974826574325562,0.0,0.0,0.0,0.0
47.320339691,-785.3748168945312,1425.4949951171875,-509.0,886.0,191.60989379882812,339.2096862792969,0.10636663436889648,0.9974826574325562,0.10636663436889648,0.9974826574325562,0.10636663436889648,0.9974826574325562,0.0,0.0,0.0,0.0
47.340379192,-786.1407470703125,1424.7552490234375,-509.0,886.0,191.60989379882812,339.2096862792969,0.10611643642187119,0.9974944591522217,0.10611643642187119,0.9974944591522217,0.10611643642187119,0.9974944591522217,0.0,0.0,0.0,0.0
47.360327059,-786.1407470703125,1424.7552490234375,-509.0,886.0,191.60989379882812,339.2096862792969,0.10611643642187119,0.9974944591522217,0.10611643642187119,0.9974944591522217,0.10611643642187119,0.9974944591522217,0.0,0.0,0.0,0.0
47.380241363,-786.1407470703125,1424.7552490234375,-509.0,886.0,191.60989379882812,339.2096862792969,0.10611643642187119,0.9974944591522217,0.10611643642187119,0.9974944591522217,0.10611643642187119,0.9974944591522217,0.0,0.0,0.0,0.0
47.40033852,-786.1407470703125,1424.7552490234375,-503.0,903.0,190.80050659179688,340.7809143066406,0.10611643642187119,0.9974944591522217,0.10611643642187119,0.9974944591522217,0.10611643642187119,0.9974944591522217,0.0,0.0,0.0,0.0
47.420354186,-786.1407470703125,1424.7552490234375,-503.0,903.0,190.80050659179688,340.7809143066406,0.10611643642187119,0.9974944591522217,0.10611643642187119,0.9974944591522217,0.10611643642187119,0.9974944591522217,0.0,0.0,0.0,0.0
47.440374746,-786.1407470703125,1424.7552490234375,-503.0,903.0,190.80050659179688,340.7809143066406,0.10611643642187119,0.9974944591522217,0.10611643642187119,0.9974944591522217,0.10611643642187119,0.9974944591522217,0.0,0.0,0.0,0.0
47.460382572,-786.1407470703125,1424.7552490234375,-503.0,903.0,190.80050659179688,340.7809143066406,0.10611643642187119,0.9974944591522217,0.10611643642187119,0.9974944591522217,0.10611643642187119,0.9974944591522217,0.0,0.0,0.0,0.0
47.481359284,-786.1407470703125,1424.7552490234375,-503.0,903.0,190.80050659179688,340.7809143066406,0.10611643642187119,0.9974944591522217,0.10611643642187119,0.9974944591522217,0.10611643642187119,0.9974944591522217,0.0,0.0,0.0,0.0
47.500278786,-786.1407470703125,1424.7552490234375,-491.0,926.0,189.99110412597656,342.3522033691406,0.10611643642187119,0.9974944591522217,0.10611643642187119,0.9974944591522217,0.10611643642187119,0.9974944591522217,0.0,0.0,0.0,0.0
47.520622084,-786.1407470703125,1424.7552490234375,-491.0,926.0,189.99110412597656,342.3522033691406,0.10611643642187119,0.9974944591522217,0.10611643642187119,0.9974944591522217,0.10611643642187119,0.9974944591522217,0.0,0.0,0.0,0.0
47.540313156,-786.1407470703125,1424.7552490234375,-491.0,926.0,189.99110412597656,342.3522033691406,0.10611643642187119,0.9974944591522217,0.10611643642187119,0.9974944591522217,0.10611643642187119,0.9974944591522217,0.0,0.0,0.0,0.0
47.56034901,-786.1407470703125,1424.7552490234375,-491.0,926.0,189.99110412597656,342.3522033691406,0.10611643642187119,0.9974944591522217,0.10611643642187119,0.9974944591522217,0.10611643642187119,0.9974944591522217,0.0,0.0,0.0,0.0
47.580314986,-786.1407470703125,1424.7552490234375,-491.0,926.0,189.99110412597656,342.3522033691406,0.10611643642187119,0.9974944591522217,0.10611643642187119,0.9974944591522217,0.10611643642187119,0.9974944591522217,0.0,0.0,0.0,0.0
47.6003566,-786.1407470703125,1424.7552490234375,-486.0,920.0,189.15780639648438,343.7806091308594,0.10611643642187119,0.9974944591522217,0.10611643642187119,0.9974944591522217,0.10611643642187119,0.9974944591522217,0.0,0.0,0.0,0.0
47.620377288,-786.1407470703125,1424.7552490234375,-486.0,920.0,189.15780639648438,343.7806091308594,0.10611643642187119,0.9974944591522217,0.10611643642187119,0.9974944591522217,0.10611643642187119,0.9974944591522217,0.0,0.0,0.0,0.0
47.640366621,-786.1407470703125,1424.7552490234375,-486.0,920.0,189.15780639648438,343.7806091308594,0.10611643642187119,0.9974944591522217,0.10611643642187119,0.9974944591522217,0.10611643642187119,0.9974944591522217,0.0,0.0,0.0,0.0
47.660301274,-786.1407470703125,1424.7552490234375,-486.0,920.0,189.15780639648438,343.7806091308594,0.10611643642187119,0.9974944591522217,0.10611643642187119,0.9974944591522217,0.10611643642187119,0.9974944591522217,0.0,0.0,0.0,0.0
47.680352038,-786.1407470703125,1424.7552490234375,-486.0,920.0,189.15780639648438,343.7806091308594,0.10611643642187119,0.9974944591522217,0.10611643642187119,0.9974944591522217,0.10611643642187119,0.9974944591522217,0.0,0.0,0.0,0.0
47.700437421,-786.1407470703125,1424.7552490234375,-497.0,886.0,188.34840393066406,345.256591796875,0.10611643642187119,0.9974944591522217,0.10611643642187119,0.9974944591522217,0.10611643642187119,0.9974944591522217,0.0,0.0,0.0,0.0
47.720562222,-786.1407470703125,1424.7552490234375,-497.0,886.0,188.34840393066406,345.256591796875,0.10611643642187119,0.9974944591522217,0.10611643642187119,0.9974944591522217,0.10611643642187119,0.9974944591522217,0.0,0.0,0.0,0.0
47.740488908,-786.1407470703125,1424.7552490234375,-497.0,886.0,188.34840393066406,345.256591796875,0.10611643642187119,0.9974944591522217,0.10611643642187119,0.9974944591522217,0.10611643642187119,0.9974944591522217,0.0,0.0,0.0,0.0
47.760450245,-786.1407470703125,1424.7552490234375,-497.0,886.0,188.34840393066406,345.256591796875,0.10611643642187119,0.9974944591522217,0.10611643642187119,0.9974944591522217,0.10611643642187119,0.9974944591522217,0.0,0.0,0.0,0.0
47.780530061,-786.1407470703125,1424.7552490234375,-497.0,886.0,188.34840393066406,345.256591796875,0.10611643642187119,0.9974944591522217,0.10611643642187119,0.9974944591522217,0.10611643642187119,0.9974944591522217,0.0,0.0,0.0,0.0
47.800568315,-786.1407470703125,1424.7552490234375,-497.0,903.0,187.51519775390625,346.8277893066406,0.10611643642187119,0.9974944591522217,0.10611643642187119,0.9974944591522217,0.10611643642187119,0.9974944591522217,0.0,0.0,0.0,0.0
47.820287735,-786.1407470703125,1424.7552490234375,-497.0,903.0,187.51519775390625,346.8277893066406,0.10611643642187119,0.9974944591522217,0.10611643642187119,0.9974944591522217,0.10611643642187119,0.9974944591522217,0.0,0.0,0.0,0.0
47.840258478,-786.1407470703125,1424.7552490234375,-497.0,903.0,187.51519775390625,346.8277893066406,0.10611643642187119,0.9974944591522217,0.10611643642187119,0.9974944591522217,0.10611643642187119,0.9974944591522217,0.0,0.0,0.0,0.0
47.860596497,-786.1407470703125,1424.7552490234375,-497.0,903.0,187.51519775390625,346.8277893066406,0.10611643642187119,0.9974944591522217,0.10611643642187119,0.9974944591522217,0.10611643642187119,0.9974944591522217,0.0,0.0,0.0,0.0
47.880314253,-786.1407470703125,1424.7552490234375,-497.0,903.0,187.51519775390625,346.8277893066406,0.10611643642187119,0.9974944591522217,0.10611643642187119,0.9974944591522217,0.10611643642187119,0.9974944591522217,0.0,0.0,0.0,0.0
47.900326559,-786.1407470703125,1424.7552490234375,-497.0,920.0,186.70579528808594,348.3514099121094,0.10611643642187119,0.9974944591522217,0.10611643642187119,0.9974944591522217,0.10611643642187119,0.9974944591522217,0.0,0.0,0.0,0.0
47.920333233,-786.1407470703125,1424.7552490234375,-497.0,920.0,186.70579528808594,348.3514099121094,0.10611643642187119,0.9974944591522217,0.10611643642187119,0.9974944591522217,0.10611643642187119,0.9974944591522217,0.0,0.0,0.0,0.0
47.940297545,-786.1407470703125,1424.7552490234375,-497.0,920.0,186.70579528808594,348.3514099121094,0.10611643642187119,0.9974944591522217,0.10611643642187119,0.9974944591522217,0.10611643642187119,0.9974944591522217,0.0,0.0,0.0,0.0
47.960667048,-786.1407470703125,1424.7552490234375,-497.0,920.0,186.70579528808594,348.3514099121094,0.10611643642187119,0.9974944591522217,0.10611643642187119,0.9974944591522217,0.10611643642187119,0.9974944591522217,0.0,0.0,0.0,0.0
47.980654301,-786.1407470703125,1424.7552490234375,-497.0,920.0,186.70579528808594,348.3514099121094,0.10611643642187119,0.9974944591522217,0.10611643642187119,0.9974944591522217,0.10611643642187119,0.9974944591522217,0.0,0.0,0.0,0.0
48.000532225,-786.1407470703125,1424.7552490234375,-497.0,903.0,185.8726043701172,349.8035888671875,0.10611643642187119,0.9974944591522217,0.10611643642187119,0.9974944591522217,0.10611643642187119,0.9974944591522217,0.0,0.0,0.0,0.0
48.02032213,-786.1407470703125,1424.7552490234375,-497.0,903.0,185.8726043701172,349.8035888671875,0.10611643642187119,0.9974944591522217,0.10611643642187119,0.9974944591522217,0.10611643642187119,0.9974944591522217,0.0,0.0,0.0,0.0
48.041261726,-786.1407470703125,1424.7552490234375,-497.0,903.0,185.8726043701172,349.8035888671875,0.10611643642187119,0.9974944591522217,0.10611643642187119,0.9974944591522217,0.10611643642187119,0.9974944591522217,0.0,0.0,0.0,0.0
48.060465506,-786.1407470703125,1424.7552490234375,-497.0,903.0,185.8726043701172,349.8035888671875,0.10611643642187119,0.9974944591522217,0.10611643642187119,0.9974944591522217,0.10611643642187119,0.9974944591522217,0.0,0.0,0.0,0.0
48.080333128,-786.1407470703125,1424.7552490234375,-497.0,903.0,185.8726043701172,349.8035888671875,0.10611643642187119,0.9974944591522217,0.10611643642187119,0.9974944591522217,0.10611643642187119,0.9974944591522217,0.0,0.0,0.0,0.0
48.100245415,-786.1407470703125,1424.7552490234375,-497.0,886.0,185.039306640625,351.30340576171875,0.10611643642187119,0.9974944591522217,0.10611643642187119,0.9974944591522217,0.10611643642187119,0.9974944591522217,0.0,0.0,0.0,0.0
48.120383238,-786.1407470703125,1424.7552490234375,-497.0,886.0,185.039306640625,351.30340576171875,0.10611643642187119,0.9974944591522217,0.10611643642187119,0.9974944591522217,0.10611643642187119,0.9974944591522217,0.0,0.0,0.0,0.0
48.140431377,-786.1407470703125,1424.7552490234375,-497.0,886.0,185.039306640625,351.30340576171875,0.10611643642187119,0.9974944591522217,0.10611643642187119,0.9974944591522217,0.10611643642187119,0.9974944591522217,0.0,0.0,0.0,0.0
48.160366285,-786.1407470703125,1424.7552490234375,-497.0,886.0,185.039306640625,351.30340576171875,0.10611643642187119,0.9974944591522217,0.10611643642187119,0.9974944591522217,0.10611643642187119,0.9974944591522217,0.0,0.0,0.0,0.0
48.180359296,-786.1407470703125,1424.7552490234375,-497.0,886.0,185.039306640625,351.30340576171875,0.10611643642187119,0.9974944591522217,0.10611643642187119,0.9974944591522217,0.10611643642187119,0.9974944591522217,0.0,0.0,0.0,0.0
48.200525883,-786.1407470703125,1424.7552490234375,-503.0,903.0,184.2061004638672,352.8507995605469,0.10611643642187119,0.9974944591522217,0.10611643642187119,0.9974944591522217,0.10611643642187119,0.9974944591522217,0.0,0.0,0.0,0.0
48.220546283,-786.1407470703125,1424.7552490234375,-503.0,903.0,184.2061004638672,352.8507995605469,0.10611643642187119,0.9974944591522217,0.10611643642187119,0.9974944591522217,0.10611643642187119,0.9974944591522217,0.0,0.0,0.0,0.0
48.240391219,-786.1407470703125,1424.7552490234375,-503.0,903.0,184.2061004638672,352.8507995605469,0.10611643642187119,0.9974944591522217,0.10611643642187119,0.9974944591522217,0.10611643642187119,0.9974944591522217,0.0,0.0,0.0,0.0
48.26038663,-775.36572265625,1435.1553955078125,-503.0,903.0,184.2061004638672,352.8507995605469,0.10963505506515503,0.9973253607749939,0.10963505506515503,0.9973253607749939,0.10963505506515503,0.9973253607749939,0.0,0.0,0.0,0.0
48.280284776,-775.36572265625,1435.1553955078125,-503.0,903.0,184.2061004638672,352.8507995605469,0.10963505506515503,0.9973253607749939,0.10963505506515503,0.9973253607749939,0.10963505506515503,0.9973253607749939,0.0,0.0,0.0,0.0
48.300276731,-775.36572265625,1435.1553955078125,-497.0,920.0,183.37289428710938,354.3743896484375,0.10963505506515503,0.9973253607749939,0.10963505506515503,0.9973253607749939,0.10963505506515503,0.9973253607749939,0.0,0.0,0.0,0.0
48.320274062,-775.36572265625,1435.1553955078125,-497.0,920.0,183.37289428710938,354.3743896484375,0.10963505506515503,0.9973253607749939,0.10963505506515503,0.9973253607749939,0.10963505506515503,0.9973253607749939,0.0,0.0,0.0,0.0
48.340356085,-775.36572265625,1435.1553955078125,-497.0,920.0,183.37289428710938,354.3743896484375,0.10963505506515503,0.9973253607749939,0.10963505506515503,0.9973253607749939,0.10963505506515503,0.9973253607749939,0.0,0.0,0.0,0.0
48.360550443,-775.36572265625,1435.1553955078125,-497.0,920.0,183.37289428710938,354.3743896484375,0.10963505506515503,0.9973253607749939,0.10963505506515503,0.9973253607749939,0.10963505506515503,0.9973253607749939,0.0,0.0,0.0,0.0
48.380311648,-775.36572265625,1435.1553955078125,-497.0,920.0,183.37289428710938,354.3743896484375,0.10963505506515503,0.9973253607749939,0.10963505506515503,0.9973253607749939,0.10963505506515503,0.9973253607749939,0.0,0.0,0.0,0.0
48.400344974,-775.36572265625,1435.1553955078125,-491.0,909.0,182.56350708007812,355.85040283203125,0.10963505506515503,0.9973253607749939,0.10963505506515503,0.9973253607749939,0.10963505506515503,0.9973253607749939,0.0,0.0,0.0,0.0
48.420370045,-775.36572265625,1435.1553955078125,-491.0,909.0,182.56350708007812,355.85040283203125,0.10963505506515503,0.9973253607749939,0.10963505506515503,0.9973253607749939,0.10963505506515503,0.9973253607749939,0.0,0.0,0.0,0.0
48.440414249,-775.36572265625,1435.1553955078125,-491.0,909.0,182.56350708007812,355.85040283203125,0.10963505506515503,0.9973253607749939,0.10963505506515503,0.9973253607749939,0.10963505506515503,0.9973253607749939,0.0,0.0,0.0,0.0
48.460372705,-775.36572265625,1435.1553955078125,-491.0,909.0,182.56350708007812,355.85040283203125,0.10963505506515503,0.9973253607749939,0.10963505506515503,0.9973253607749939,0.10963505506515503,0.9973253607749939,0.0,0.0,0.0,0.0
48.480530077,-775.36572265625,1435.1553955078125,-491.0,909.0,182.56350708007812,355.85040283203125,0.10963505506515503,0.9973253607749939,0.10963505506515503,0.9973253607749939,0.10963505506515503,0.9973253607749939,0.0,0.0,0.0,0.0
48.500314799,-775.36572265625,1435.1553955078125,-486.0,903.0,181.77780151367188,357.3739929199219,0.10963505506515503,0.9973253607749939,0.10963505506515503,0.9973253607749939,0.10963505506515503,0.9973253607749939,0.0,0.0,0.0,0.0
48.520363354,-775.36572265625,1435.1553955078125,-486.0,903.0,181.77780151367188,357.3739929199219,0.10963505506515503,0.9973253607749939,0.10963505506515503,0.9973253607749939,0.10963505506515503,0.9973253607749939,0.0,0.0,0.0,0.0
48.540666721,-775.36572265625,1435.1553955078125,-486.0,903.0,181.77780151367188,357.3739929199219,0.10963505506515503,0.9973253607749939,0.10963505506515503,0.9973253607749939,0.10963505506515503,0.9973253607749939,0.0,0.0,0.0,0.0
48.560399066,-775.36572265625,1435.1553955078125,-486.0,903.0,181.77780151367188,357.3739929199219,0.10963505506515503,0.9973253607749939,0.10963505506515503,0.9973253607749939,0.10963505506515503,0.9973253607749939,0.0,0.0,0.0,0.0
48.580287389,-775.36572265625,1435.1553955078125,-486.0,903.0,181.77780151367188,357.3739929199219,0.10963505506515503,0.9973253607749939,0.10963505506515503,0.9973253607749939,0.10963505506515503,0.9973253607749939,0.0,0.0,0.0,0.0
48.600763019,-775.36572265625,1435.1553955078125,-486.0,920.0,180.94459533691406,358.9690856933594,0.10963505506515503,0.9973253607749939,0.10963505506515503,0.9973253607749939,0.10963505506515503,0.9973253607749939,0.0,0.0,0.0,0.0
48.620332987,-775.36572265625,1435.1553955078125,-486.0,920.0,180.94459533691406,358.9690856933594,0.10963505506515503,0.9973253607749939,0.10963505506515503,0.9973253607749939,0.10963505506515503,0.9973253607749939,0.0,0.0,0.0,0.0
48.640353387,-775.36572265625,1435.1553955078125,-486.0,920.0,180.94459533691406,358.9690856933594,0.10963505506515503,0.9973253607749939,0.10963505506515503,0.9973253607749939,0.10963505506515503,0.9973253607749939,0.0,0.0,0.0,0.0
48.660293638,-775.36572265625,1435.1553955078125,-486.0,920.0,180.94459533691406,358.9690856933594,0.10963505506515503,0.9973253607749939,0.10963505506515503,0.9973253607749939,0.10963505506515503,0.9973253607749939,0.0,0.0,0.0,0.0
48.680335602,-775.36572265625,1435.1553955078125,-486.0,920.0,180.94459533691406,358.9690856933594,0.10963505506515503,0.9973253607749939,0.10963505506515503,0.9973253607749939,0.10963505506515503,0.9973253607749939,0.0,0.0,0.0,0.0
48.700678292,-775.36572265625,1435.1553955078125,-491.0,937.0,180.13519287109375,360.4927062988281,0.10963505506515503,0.9973253607749939,0.10963505506515503,0.9973253607749939,0.10963505506515503,0.9973253607749939,0.0,0.0,0.0,0.0
48.720338743,-775.36572265625,1435.1553955078125,-491.0,937.0,180.13519287109375,360.4927062988281,0.10963505506515503,0.9973253607749939,0.10963505506515503,0.9973253607749939,0.10963505506515503,0.9973253607749939,0.0,0.0,0.0,0.0
48.740527182,-775.36572265625,1435.1553955078125,-491.0,937.0,180.13519287109375,360.4927062988281,0.10963505506515503,0.9973253607749939,0.10963505506515503,0.9973253607749939,0.10963505506515503,0.9973253607749939,0.0,0.0,0.0,0.0
48.760626418,-775.36572265625,1435.1553955078125,-491.0,937.0,180.13519287109375,360.4927062988281,0.10963505506515503,0.9973253607749939,0.10963505506515503,0.9973253607749939,0.10963505506515503,0.9973253607749939,0.0,0.0,0.0,0.0
48.780343149,-775.36572265625,1435.1553955078125,-491.0,937.0,180.13519287109375,360.4927062988281,0.10963505506515503,0.9973253607749939,0.10963505506515503,0.9973253607749939,0.10963505506515503,0.9973253607749939,0.0,0.0,0.0,0.0
48.800327874,-775.36572265625,1435.1553955078125,-491.0,914.0,179.3258056640625,361.96868896484375,0.10963505506515503,0.9973253607749939,0.10963505506515503,0.9973253607749939,0.10963505506515503,0.9973253607749939,0.0,0.0,0.0,0.0
48.820319286,-775.36572265625,1435.1553955078125,-491.0,914.0,179.3258056640625,361.96868896484375,0.10963505506515503,0.9973253607749939,0.10963505506515503,0.9973253607749939,0.10963505506515503,0.9973253607749939,0.0,0.0,0.0,0.0
48.840664247,-775.36572265625,1435.1553955078125,-491.0,914.0,179.3258056640625,361.96868896484375,0.10963505506515503,0.9973253607749939,0.10963505506515503,0.9973253607749939,0.10963505506515503,0.9973253607749939,0.0,0.0,0.0,0.0
48.860324826,-775.36572265625,1435.1553955078125,-491.0,914.0,179.3258056640625,361.96868896484375,0.10963505506515503,0.9973253607749939,0.10963505506515503,0.9973253607749939,0.10963505506515503,0.9973253607749939,0.0,0.0,0.0,0.0
48.880259222,-775.36572265625,1435.1553955078125,-491.0,914.0,179.3258056640625,361.96868896484375,0.10963505506515503,0.9973253607749939,0.10963505506515503,0.9973253607749939,0.10963505506515503,0.9973253607749939,0.0,0.0,0.0,0.0
48.900319776,-775.36572265625,1435.1553955078125,-486.0,897.0,178.5402069091797,363.4923095703125,0.10963505506515503,0.9973253607749939,0.10963505506515503,0.9973253607749939,0.10963505506515503,0.9973253607749939,0.0,0.0,0.0,0.0
48.920516854,-775.36572265625,1435.1553955078125,-486.0,897.0,178.5402069091797,363.4923095703125,0.10963505506515503,0.9973253607749939,0.10963505506515503,0.9973253607749939,0.10963505506515503,0.9973253607749939,0.0,0.0,0.0,0.0
48.940652021,-775.36572265625,1435.1553955078125,-486.0,897.0,178.5402069091797,363.4923095703125,0.10963505506515503,0.9973253607749939,0.10963505506515503,0.9973253607749939,0.10963505506515503,0.9973253607749939,0.0,0.0,0.0,0.0
48.960354738,-775.36572265625,1435.1553955078125,-486.0,897.0,178.5402069091797,363.4923095703125,0.10963505506515503,0.9973253607749939,0.10963505506515503,0.9973253607749939,0.10963505506515503,0.9973253607749939,0.0,0.0,0.0,0.0
48.980566438,-775.36572265625,1435.1553955078125,-486.0,897.0,178.5402069091797,363.4923095703125,0.10963505506515503,0.9973253607749939,0.10963505506515503,0.9973253607749939,0.10963505506515503,0.9973253607749939,0.0,0.0,0.0,0.0
49.000521119,-775.36572265625,1435.1553955078125,-480.0,920.0,177.70700073242188,365.08819580078125,0.10963505506515503,0.9973253607749939,0.10963505506515503,0.9973253607749939,0.10963505506515503,0.9973253607749939,0.0,0.0,0.0,0.0
49.020294641,-775.36572265625,1435.1553955078125,-480.0,920.0,177.70700073242188,365.08819580078125,0.10963505506515503,0.9973253607749939,0.10963505506515503,0.9973253607749939,0.10963505506515503,0.9973253607749939,0.0,0.0,0.0,0.0
49.040647888,-775.36572265625,1435.1553955078125,-480.0,920.0,177.70700073242188,365.08819580078125,0.10963505506515503,0.9973253607749939,0.10963505506515503,0.9973253607749939,0.10963505506515503,0.9973253607749939,0.0,0.0,0.0,0.0
49.060525875,-775.36572265625,1435.1553955078125,-480.0,920.0,177.70700073242188,365.08819580078125,0.10963505506515503,0.9973253607749939,0.10963505506515503,0.9973253607749939,0.10963505506515503,0.9973253607749939,0.0,0.0,0.0,0.0
49.08037641,-764.590087890625,1445.5440673828125,-480.0,920.0,177.70700073242188,365.08819580078125,0.11315186321735382,0.9971507787704468,0.11315186321735382,0.9971507787704468,0.11315186321735382,0.9971507787704468,0.0,0.0,0.0,0.0
49.100320243,-764.590087890625,1445.5440673828125,-491.0,931.0,176.8975067138672,366.5893859863281,0.11315186321735382,0.9971507787704468,0.11315186321735382,0.9971507787704468,0.11315186321735382,0.9971507787704468,0.0,0.0,0.0,0.0
49.120297224,-764.590087890625,1445.5440673828125,-491.0,931.0,176.8975067138672,366.5893859863281,0.11315186321735382,0.9971507787704468,0.11315186321735382,0.9971507787704468,0.11315186321735382,0.9971507787704468,0.0,0.0,0.0,0.0
49.140539479,-764.590087890625,1445.5440673828125,-491.0,931.0,176.8975067138672,366.5893859863281,0.11315186321735382,0.9971507787704468,0.11315186321735382,0.9971507787704468,0.11315186321735382,0.9971507787704468,0.0,0.0,0.0,0.0
49.16049995,-764.590087890625,1445.5440673828125,-491.0,931.0,176.8975067138672,366.5893859863281,0.11315186321735382,0.9971507787704468,0.11315186321735382,0.9971507787704468,0.11315186321735382,0.9971507787704468,0.0,0.0,0.0,0.0
49.180558264,-764.590087890625,1445.5440673828125,-491.0,931.0,176.8975067138672,366.5893859863281,0.11315186321735382,0.9971507787704468,0.11315186321735382,0.9971507787704468,0.11315186321735382,0.9971507787704468,0.0,0.0,0.0,0.0
49.20052315,-764.590087890625,1445.5440673828125,-486.0,909.0,176.1118927001953,368.06671142578125,0.11315186321735382,0.9971507787704468,0.11315186321735382,0.9971507787704468,0.11315186321735382,0.9971507787704468,0.0,0.0,0.0,0.0
49.220336059,-764.590087890625,1445.5440673828125,-486.0,909.0,176.1118927001953,368.06671142578125,0.11315186321735382,0.9971507787704468,0.11315186321735382,0.9971507787704468,0.11315186321735382,0.9971507787704468,0.0,0.0,0.0,0.0
49.240596167,-764.590087890625,1445.5440673828125,-486.0,909.0,176.1118927001953,368.06671142578125,0.11315186321735382,0.9971507787704468,0.11315186321735382,0.9971507787704468,0.11315186321735382,0.9971507787704468,0.0,0.0,0.0,0.0
49.260851956,-764.590087890625,1445.5440673828125,-486.0,909.0,176.1118927001953,368.06671142578125,0.11315186321735382,0.9971507787704468,0.11315186321735382,0.9971507787704468,0.11315186321735382,0.9971507787704468,0.0,0.0,0.0,0.0
49.280539123,-764.590087890625,1445.5440673828125,-486.0,909.0,176.1118927001953,368.06671142578125,0.11315186321735382,0.9971507787704468,0.11315186321735382,0.9971507787704468,0.11315186321735382,0.9971507787704468,0.0,0.0,0.0,0.0
49.300549347,-764.590087890625,1445.5440673828125,-474.0,903.0,175.30250549316406,369.639404296875,0.11315186321735382,0.9971507787704468,0.11315186321735382,0.9971507787704468,0.11315186321735382,0.9971507787704468,0.0,0.0,0.0,0.0
49.320348369,-764.590087890625,1445.5440673828125,-474.0,903.0,175.30250549316406,369.639404296875,0.11315186321735382,0.9971507787704468,0.11315186321735382,0.9971507787704468,0.11315186321735382,0.9971507787704468,0.0,0.0,0.0,0.0
49.340410106,-764.590087890625,1445.5440673828125,-474.0,903.0,175.30250549316406,369.639404296875,0.11315186321735382,0.9971507787704468,0.11315186321735382,0.9971507787704468,0.11315186321735382,0.9971507787704468,0.0,0.0,0.0,0.0
49.360328759,-764.590087890625,1445.5440673828125,-474.0,903.0,175.30250549316406,369.639404296875,0.11315186321735382,0.9971507787704468,0.11315186321735382,0.9971507787704468,0.11315186321735382,0.9971507787704468,0.0,0.0,0.0,0.0
49.380541482,-764.590087890625,1445.5440673828125,-474.0,903.0,175.30250549316406,369.639404296875,0.11315186321735382,0.9971507787704468,0.11315186321735382,0.9971507787704468,0.11315186321735382,0.9971507787704468,0.0,0.0,0.0,0.0
49.400253957,-764.590087890625,1445.5440673828125,-474.0,931.0,174.49310302734375,371.2120056152344,0.11315186321735382,0.9971507787704468,0.11315186321735382,0.9971507787704468,0.11315186321735382,0.9971507787704468,0.0,0.0,0.0,0.0
49.420296145,-764.590087890625,1445.5440673828125,-474.0,931.0,174.49310302734375,371.2120056152344,0.11315186321735382,0.9971507787704468,0.11315186321735382,0.9971507787704468,0.11315186321735382,0.9971507787704468,0.0,0.0,0.0,0.0
49.440303777,-764.590087890625,1445.5440673828125,-474.0,931.0,174.49310302734375,371.2120056152344,0.11315186321735382,0.9971507787704468,0.11315186321735382,0.9971507787704468,0.11315186321735382,0.9971507787704468,0.0,0.0,0.0,0.0
49.460447678,-764.590087890625,1445.5440673828125,-474.0,931.0,174.49310302734375,371.2120056152344,0.11315186321735382,0.9971507787704468,0.11315186321735382,0.9971507787704468,0.11315186321735382,0.9971507787704468,0.0,0.0,0.0,0.0
49.480276872,-764.590087890625,1445.5440673828125,-474.0,931.0,174.49310302734375,371.2120056152344,0.11315186321735382,0.9971507787704468,0.11315186321735382,0.9971507787704468,0.11315186321735382,0.9971507787704468,0.0,0.0,0.0,0.0
49.500302742,-764.590087890625,1445.5440673828125,-486.0,937.0,173.70750427246094,372.71319580078125,0.11315186321735382,0.9971507787704468,0.11315186321735382,0.9971507787704468,0.11315186321735382,0.9971507787704468,0.0,0.0,0.0,0.0
49.52036723,-764.590087890625,1445.5440673828125,-486.0,937.0,173.70750427246094,372.71319580078125,0.11315186321735382,0.9971507787704468,0.11315186321735382,0.9971507787704468,0.11315186321735382,0.9971507787704468,0.0,0.0,0.0,0.0
49.540415209,-764.590087890625,1445.5440673828125,-486.0,937.0,173.70750427246094,372.71319580078125,0.11315186321735382,0.9971507787704468,0.11315186321735382,0.9971507787704468,0.11315186321735382,0.9971507787704468,0.0,0.0,0.0,0.0
49.560511661,-764.590087890625,1445.5440673828125,-486.0,937.0,173.70750427246094,372.71319580078125,0.11315186321735382,0.9971507787704468,0.11315186321735382,0.9971507787704468,0.11315186321735382,0.9971507787704468,0.0,0.0,0.0,0.0
49.580311323,-810.5319213867188,1310.9443359375,-486.0,937.0,173.70750427246094,372.71319580078125,0.0,-0.0,0.08315186202526093,0.9571507573127747,0.08315186202526093,0.9571507573127747,0.0,0.0,0.0,0.0
49.600328618,-856.4737548828125,1176.344482421875,-480.0,909.0,172.89810180664062,374.19061279296875,0.0,-0.0,0.05315186083316803,0.9171507954597473,0.05315186083316803,0.9171507954597473,0.0,0.0,0.0,0.0
49.620395826,-902.4155883789062,1041.7447509765625,-480.0,909.0,172.89810180664062,374.19061279296875,0.0,-0.0,0.023151859641075134,0.8771507740020752,0.023151859641075134,0.8771507740020752,0.0,0.0,0.0,0.0
49.640393028,-927.7511596679688,927.7511596679688,-480.0,909.0,172.89810180664062,374.19061279296875,0.0,-0.0,0.0,0.8371507525444031,0.0,0.8371507525444031,0.0,0.0,0.0,0.0
49.660523491,-883.4221801757812,883.4221801757812,-480.0,909.0,172.89810180664062,374.19061279296875,0.0,-0.0,0.0,0.7971507906913757,0.0,0.7971507906913757,0.0,0.0,0.0,0.0
49.680301205,-839.0932006835938,839.0932006835938,-480.0,909.0,172.89810180664062,374.19061279296875,0.0,-0.0,0.0,0.7571507692337036,0.0,0.7571507692337036,0.0,0.0,0.0,0.0
49.700273706,-794.76416015625,794.76416015625,-509.0,846.0,171.94580078125,375.215087890625,0.0,-0.0,0.0,0.7171508073806763,0.0,0.7171508073806763,0.0,0.0,0.0,0.0
49.720290617,-750.4351806640625,750.4351806640625,-509.0,846.0,171.94580078125,375.215087890625,0.0,-0.0,0.0,0.6771507859230042,0.0,0.6771507859230042,0.0,0.0,0.0,0.0
49.740306345,-706.106201171875,706.106201171875,-509.0,846.0,171.94580078125,375.215087890625,0.0,-0.0,0.0,0.637150764465332,0.0,0.637150764465332,0.0,0.0,0.0,0.0
49.760414059,-661.7772216796875,661.7772216796875,-509.0,846.0,171.94580078125,375.215087890625,0.0,-0.0,0.0,0.5971508026123047,0.0,0.5971508026123047,0.0,0.0,0.0,0.0
49.780357925,-617.4482421875,617.4482421875,-509.0,846.0,171.94580078125,375.215087890625,0.0,-0.0,0.0,0.5571507811546326,0.0,0.5571507811546326,0.0,0.0,0.0,0.0
49.800383315,-573.1192626953125,573.1192626953125,-554.0,457.0,171.04119873046875,375.33428955078125,0.0,-0.0,0.0,0.5171507596969604,0.0,0.5171507596969604,0.0,0.0,0.0,0.0
49.82065075,-528.790283203125,528.790283203125,-554.0,457.0,171.04119873046875,375.33428955078125,0.0,-0.0,0.0,0.4771507680416107,0.0,0.4771507680416107,0.0,0.0,0.0,0.0
49.840434159,-484.4612731933594,484.4612731933594,-554.0,457.0,171.04119873046875,375.33428955078125,0.0,-0.0,0.0,0.437150776386261,0.0,0.437150776386261,0.0,0.0,0.0,0.0
49.860334798,-440.1322937011719,440.1322937011719,-554.0,457.0,171.04119873046875,375.33428955078125,0.0,-0.0,0.0,0.39715078473091125,0.0,0.39715078473091125,0.0,0.0,0.0,0.0
49.880341407,-395.8033142089844,395.8033142089844,-554.0,457.0,171.04119873046875,375.33428955078125,0.0,-0.0,0.0,0.3571507930755615,0.0,0.3571507930755615,0.0,0.0,0.0,0.0
49.900374284,-351.47430419921875,351.47430419921875,-366.0,200.0,170.826904296875,375.8109130859375,0.0,-0.0,0.0,0.3171507716178894,0.0,0.3171507716178894,0.0,0.0,0.0,0.0
49.920253231,-307.14532470703125,307.14532470703125,-366.0,200.0,170.826904296875,375.8109130859375,0.0,-0.0,0.0,0.2771507799625397,0.0,0.2771507799625397,0.0,0.0,0.0,0.0
49.940349651,-262.81634521484375,262.81634521484375,-366.0,200.0,170.826904296875,375.8109130859375,0.0,-0.0,0.0,0.23715077340602875,0.0,0.23715077340602875,0.0,0.0,0.0,0.0
49.960239188,-218.4873504638672,218.4873504638672,-366.0,200.0,170.826904296875,375.8109130859375,0.0,-0.0,0.0,0.19715078175067902,0.0,0.19715078175067902,0.0,0.0,0.0,0.0
49.980219592,-174.1583709716797,174.1583709716797,-366.0,200.0,170.826904296875,375.8109130859375,0.0,-0.0,0.0,0.1571507751941681,0.0,0.1571507751941681,0.0,0.0,0.0,0.0
50.000175776,-129.82937622070312,129.82937622070312,-120.0,171.0,170.779296875,376.0014953613281,0.0,-0.0,0.0,0.11715077608823776,0.0,0.11715077608823776,0.0,0.0,0.0,0.0
50.020223402,-85.50039672851562,85.50039672851562,-120.0,171.0,170.779296875,376.0014953613281,0.0,-0.0,0.0,0.07715077698230743,0.0,0.07715077698230743,0.0,0.0,0.0,0.0
50.04024204,-41.171409606933594,41.171409606933594,-120.0,171.0,170.779296875,376.0014953613281,0.0,-0.0,0.0,0.037150777876377106,0.0,0.037150777876377106,0.0,0.0,0.0,0.0
50.060278883,0.0,0.0,-120.0,171.0,170.779296875,376.0014953613281,0.0,-0.0,0.0,0.0,0.0,0.0,0.0,0.0,0.0,0.0
50.080305584,0.0,0.0,-120.0,171.0,170.779296875,376.0014953613281,0.0,-0.0,0.0,0.0,0.0,0.0,0.0,0.0,0.0,0.0
50.100233003,0.0,0.0,-34.0,86.0,170.779296875,375.8584899902344,0.0,-0.0,0.0,0.0,0.0,0.0,0.0,0.0,0.0,0.0
50.120238427,0.0,0.0,-34.0,86.0,170.779296875,375.8584899902344,0.0,-0.0,0.0,0.0,0.0,0.0,0.0,0.0,0.0,0.0
50.14022651,70.29603576660156,50.06504821777344,-34.0,86.0,170.779296875,375.8584899902344,0.7028295993804932,-0.009127656929194927,0.019999999552965164,-0.009127656929194927,0.019999999552965164,-0.009127656929194927,0.0,0.0,0.0,0.0
50.160313682,130.47657775878906,110.24559020996094,-34.0,86.0,170.779296875,375.8584899902344,0.7028295993804932,-0.009127656929194927,0.03999999910593033,-0.009127656929194927,0.03999999910593033,-0.009127656929194927,0.0,0.0,0.0,0.0
50.180224111,146.328125,214.75511169433594,-34.0,86.0,170.779296875,375.8584899902344,0.9116787910461426,0.059042058885097504,0.05999999865889549,0.030872343108057976,0.05999999865889549,0.030872343108057976,0.0,0.0,0.0,0.0
50.200203427,175.29029846191406,306.1540222167969,-11.0,-23.0,170.826904296875,375.90618896484375,0.9116787910461426,0.059042058885097504,0.07999999821186066,0.059042058885097504,0.07999999821186066,0.059042058885097504,0.0,0.0,0.0,0.0
50.220286056,235.47084045410156,366.3345642089844,-11.0,-23.0,170.826904296875,375.90618896484375,0.9116787910461426,0.059042058885097504,0.10000000149011612,0.059042058885097504,0.10000000149011612,0.059042058885097504,0.0,0.0,0.0,0.0
50.240207332,258.5483093261719,463.6181640625,-11.0,-23.0,170.826904296875,375.90618896484375,1.4935660362243652,0.0925217866897583,0.11999999731779099,0.0925217866897583,0.11999999731779099,0.0925217866897583,0.0,0.0,0.0,0.0
50.260345473,318.7288513183594,523.7987060546875,-11.0,-23.0,170.826904296875,375.90618896484375,1.4935660362243652,0.0925217866897583,0.14000000059604645,0.0925217866897583,0.14000000059604645,0.0925217866897583,0.0,0.0,0.0,0.0
50.280237025,388.4070129394531,574.4816284179688,-11.0,-23.0,170.826904296875,375.90618896484375,1.4947047233581543,0.0839516669511795,0.1599999964237213,0.0839516669511795,0.1599999964237213,0.0839516669511795,0.0,0.0,0.0,0.0
50.300221844,448.5875549316406,634.6621704101562,114.0,86.0,171.23159790039062,376.5733947753906,1.4947047233581543,0.0839516669511795,0.18000000715255737,0.0839516669511795,0.18000000715255737,0.0839516669511795,0.0,0.0,0.0,0.0
50.320452484,508.7680969238281,694.8427124023438,114.0,86.0,171.23159790039062,376.5733947753906,1.4947047233581543,0.0839516669511795,0.20000000298023224,0.0839516669511795,0.20000000298023224,0.0839516669511795,0.0,0.0,0.0,0.0
50.340307881,578.6515502929688,745.3203735351562,114.0,86.0,171.23159790039062,376.5733947753906,1.4957530498504639,0.07519633322954178,0.2199999988079071,0.07519633322954178,0.2199999988079071,0.07519633322954178,0.0,0.0,0.0,0.0
50.360227845,638.8320922851562,805.5009155273438,114.0,86.0,171.23159790039062,376.5733947753906,1.4957530498504639,0.07519633322954178,0.23999999463558197,0.07519633322954178,0.23999999463558197,0.07519633322954178,0.0,0.0,0.0,0.0
50.380261041,702.8983764648438,861.7957153320312,114.0,86.0,171.23159790039062,376.5733947753906,1.496140480041504,0.07169006019830704,0.25999999046325684,0.07169006019830704,0.25999999046325684,0.07169006019830704,0.0,0.0,0.0,0.0
50.400249284,763.0789184570312,921.9762573242188,269.0,371.0,171.9696044921875,377.66949462890625,1.496140480041504,0.07169006019830704,0.2800000011920929,0.07169006019830704,0.2800000011920929,0.07169006019830704,0.0,0.0,0.0,0.0
50.420216889,823.2594604492188,982.1567993164062,269.0,371.0,171.9696044921875,377.66949462890625,1.496140480041504,0.07169006019830704,0.30000001192092896,0.07169006019830704,0.30000001192092896,0.07169006019830704,0.0,0.0,0.0,0.0
50.440214794,877.1045532226562,1048.6728515625,269.0,371.0,171.9696044921875,377.66949462890625,1.4954993724822998,0.07740680128335953,0.3199999928474426,0.07740680128335953,0.3199999928474426,0.07740680128335953,0.0,0.0,0.0,0.0
50.46030411,937.2850952148438,1108.8533935546875,269.0,371.0,171.9696044921875,377.66949462890625,1.4954993724822998,0.07740680128335953,0.3400000035762787,0.07740680128335953,0.3400000035762787,0.07740680128335953,0.0,0.0,0.0,0.0
50.480214508,994.0560302734375,1172.4434814453125,269.0,371.0,171.9696044921875,377.66949462890625,1.495133876800537,0.08048339933156967,0.36000001430511475,0.08048339933156967,0.36000001430511475,0.08048339933156967,0.0,0.0,0.0,0.0
50.500234618,1054.236572265625,1232.6240234375,474.0,646.0,173.15989685058594,378.86090087890625,1.495133876800537,0.08048339933156967,0.3799999952316284,0.08048339933156967,0.3799999952316284,0.08048339933156967,0.0,0.0,0.0,0.0
50.52023825,1114.4171142578125,1292.8045654296875,474.0,646.0,173.15989685058594,378.86090087890625,1.495133876800537,0.08048339933156967,0.4000000059604645,0.08048339933156967,0.4000000059604645,0.08048339933156967,0.0,0.0,0.0,0.0
50.540190401,1174.59765625,1352.985107421875,474.0,646.0,173.15989685058594,378.86090087890625,1.495133876800537,0.08048339933156967,0.41999998688697815,0.08048339933156967,0.41999998688697815,0.08048339933156967,0.0,0.0,0.0,0.0
50.560293795,1234.7781982421875,1413.1656494140625,474.0,646.0,173.15989685058594,378.86090087890625,1.495133876800537,0.08048339933156967,0.4399999976158142,0.08048339933156967,0.4399999976158142,0.08048339933156967,0.0,0.0,0.0,0.0
50.58022147,1294.958740234375,1473.34619140625,474.0,646.0,173.15989685058594,378.86090087890625,1.495133876800537,0.08048339933156967,0.46000000834465027,0.08048339933156967,0.46000000834465027,0.08048339933156967,0.0,0.0,0.0,0.0
50.600293061,1355.4136962890625,1533.2523193359375,709.0,783.0,174.63589477539062,380.4335021972656,1.495163917541504,0.08023583143949509,0.47999998927116394,0.08023583143949509,0.47999998927116394,0.08023583143949509,0.0,0.0,0.0,0.0
50.620197187,1415.59423828125,1593.432861328125,709.0,783.0,174.63589477539062,380.4335021972656,1.495163917541504,0.08023583143949509,0.5,0.08023583143949509,0.5,0.08023583143949509,0.0,0.0,0.0,0.0
50.640265226,1476.587890625,1652.80029296875,709.0,783.0,174.63589477539062,380.4335021972656,1.495252013206482,0.0795021504163742,0.5199999809265137,0.0795021504163742,0.5199999809265137,0.0795021504163742,0.0,0.0,0.0,0.0
50.660450049,1536.7684326171875,1712.9808349609375,709.0,783.0,174.63589477539062,380.4335021972656,1.495252013206482,0.0795021504163742,0.5400000214576721,0.0795021504163742,0.5400000214576721,0.0795021504163742,0.0,0.0,0.0,0.0
50.680486316,1596.948974609375,1773.161376953125,709.0,783.0,174.63589477539062,380.4335021972656,1.495252013206482,0.0795021504163742,0.5600000023841858,0.0795021504163742,0.5600000023841858,0.0795021504163742,0.0,0.0,0.0,0.0
50.700430117,1658.4521484375,1832.019287109375,880.0,994.0,176.42140197753906,382.5303955078125,1.4953937530517578,0.07830863445997238,0.5799999833106995,0.07830863445997238,0.5799999833106995,0.07830863445997238,0.0,0.0,0.0,0.0
50.720210453,1718.6326904296875,1892.1998291015625,880.0,994.0,176.42140197753906,382.5303955078125,1.4953937530517578,0.07830863445997238,0.6000000238418579,0.07830863445997238,0.6000000238418579,0.07830863445997238,0.0,0.0,0.0,0.0
50.740574354,1779.5880126953125,1951.6055908203125,880.0,994.0,176.42140197753906,382.5303955078125,1.4954757690429688,0.07760951668024063,0.6200000047683716,0.07760951668024063,0.6200000047683716,0.07760951668024063,0.0,0.0,0.0,0.0
50.760246097,1839.7685546875,2011.7861328125,880.0,994.0,176.42140197753906,382.5303955078125,1.4954757690429688,0.07760951668024063,0.6399999856948853,0.07760951668024063,0.6399999856948853,0.07760951668024063,0.0,0.0,0.0,0.0
50.78025808,1899.9490966796875,2071.966552734375,880.0,994.0,176.42140197753906,382.5303955078125,1.4954757690429688,0.07760951668024063,0.6600000262260437,0.07760951668024063,0.6600000262260437,0.07760951668024063,0.0,0.0,0.0,0.0
50.80023714,1960.8907470703125,2131.385986328125,1143.0,1229.0,178.63540649414062,384.9132080078125,1.4955556392669678,0.07692273706197739,0.6800000071525574,0.07692273706197739,0.6800000071525574,0.07692273706197739,0.0,0.0,0.0,0.0
50.82021284,2021.0712890625,2191.566650390625,1143.0,1229.0,178.63540649414062,384.9132080078125,1.4955556392669678,0.07692273706197739,0.699999988079071,0.07692273706197739,0.699999988079071,0.07692273706197739,0.0,0.0,0.0,0.0
50.840235254,2081.99951171875,2250.999267578125,1143.0,1229.0,178.63540649414062,384.9132080078125,1.4956333637237549,0.07624797523021698,0.7200000286102295,0.07624797523021698,0.7200000286102295,0.07624797523021698,0.0,0.0,0.0,0.0
50.860258627,2142.18017578125,2311.179931640625,1143.0,1229.0,178.63540649414062,384.9132080078125,1.4956333637237549,0.07624797523021698,0.7400000095367432,0.07624797523021698,0.7400000095367432,0.07624797523021698,0.0,0.0,0.0,0.0
50.88024335,2202.360595703125,2371.3603515625,1143.0,1229.0,178.63540649414062,384.9132080078125,1.4956333637237549,0.07624797523021698,0.7599999904632568,0.07624797523021698,0.7599999904632568,0.07624797523021698,0.0,0.0,0.0,0.0
50.900229257,2263.032470703125,2431.0498046875,1366.0,1406.0,181.2303009033203,387.510498046875,1.495684027671814,0.07580465078353882,0.7799999713897705,0.07580465078353882,0.7799999713897705,0.07580465078353882,0.0,0.0,0.0,0.0
50.920201278,2323.213134765625,2491.230224609375,1366.0,1406.0,181.2303009033203,387.510498046875,1.495684027671814,0.07580465078353882,0.800000011920929,0.07580465078353882,0.800000011920929,0.07580465078353882,0.0,0.0,0.0,0.0
50.940220012,2383.3935546875,2551.410888671875,1366.0,1406.0,181.2303009033203,387.510498046875,1.495684027671814,0.07580465078353882,0.8199999928474426,0.07580465078353882,0.8199999928474426,0.07580465078353882,0.0,0.0,0.0,0.0
50.960183522,2443.57421875,2611.59130859375,1366.0,1406.0,181.2303009033203,387.510498046875,1.495684027671814,0.07580465078353882,0.8399999737739563,0.07580465078353882,0.8399999737739563,0.07580465078353882,0.0,0.0,0.0,0.0
50.980261031,2503.754638671875,2671.77197265625,1366.0,1406.0,181.2303009033203,387.510498046875,1.495684027671814,0.07580465078353882,0.8600000143051147,0.07580465078353882,0.8600000143051147,0.07580465078353882,0.0,0.0,0.0,0.0
51.000217662,2567.14892578125,2728.73876953125,1560.0,1646.0,184.11090087890625,390.58428955078125,1.4960083961486816,0.07290489226579666,0.8799999952316284,0.07290489226579666,0.8799999952316284,0.07290489226579666,0.0,0.0,0.0,0.0
51.02019656,2627.329345703125,2788.91943359375,1560.0,1646.0,184.11090087890625,390.58428955078125,1.4960083961486816,0.07290489226579666,0.8999999761581421,0.07290489226579666,0.8999999761581421,0.07290489226579666,0.0,0.0,0.0,0.0
51.040197472,2687.510009765625,2849.099853515625,1560.0,1646.0,184.11090087890625,390.58428955078125,1.4960083961486816,0.07290489226579666,0.9200000166893005,0.07290489226579666,0.9200000166893005,0.07290489226579666,0.0,0.0,0.0,0.0
51.06016866,2747.6904296875,2909.280517578125,1560.0,1646.0,184.11090087890625,390.58428955078125,1.4960083961486816,0.07290489226579666,0.9399999976158142,0.07290489226579666,0.9399999976158142,0.07290489226579666,0.0,0.0,0.0,0.0
51.08024057,2807.87109375,2969.4609375,1560.0,1646.0,184.11090087890625,390.58428955078125,1.4960083961486816,0.07290489226579666,0.9599999785423279,0.07290489226579666,0.9599999785423279,0.07290489226579666,0.0,0.0,0.0,0.0
51.100183986,2868.051513671875,3029.6416015625,1754.0,1869.0,187.37240600585938,394.0393981933594,1.4960083961486816,0.07290489226579666,0.9800000190734863,0.07290489226579666,0.9800000190734863,0.07290489226579666,0.0,0.0,0.0,0.0
51.12016938,2928.232177734375,3089.822021484375,1754.0,1869.0,187.37240600585938,394.0393981933594,1.4960083961486816,0.07290489226579666,1.0,0.07290489226579666,1.0,0.07290489226579666,0.0,0.0,0.0,0.0
51.14024836,2988.41259765625,3150.002685546875,1754.0,1869.0,187.37240600585938,394.0393981933594,1.4960083961486816,0.07290489226579666,1.0199999809265137,0.07290489226579666,1.0199999809265137,0.07290489226579666,0.0,0.0,0.0,0.0
51.160390372,3048.59326171875,3210.18310546875,1754.0,1869.0,187.37240600585938,394.0393981933594,1.4960083961486816,0.07290489226579666,1.0399999618530273,0.07290489226579666,1.0399999618530273,0.07290489226579666,0.0,0.0,0.0,0.0
51.180224971,3108.773681640625,3270.36376953125,1754.0,1869.0,187.37240600585938,394.0393981933594,1.4960083961486816,0.07290489226579666,1.059999942779541,0.07290489226579666,1.059999942779541,0.07290489226579666,0.0,0.0,0.0,0.0
51.200409025,3168.954345703125,3330.544189453125,1960.0,2063.0,191.0146942138672,397.61358642578125,1.4960083961486816,0.07290489226579666,1.0800000429153442,0.07290489226579666,1.0800000429153442,0.07290489226579666,0.0,0.0,0.0,0.0
51.220192432,3229.134765625,3390.724853515625,1960.0,2063.0,191.0146942138672,397.61358642578125,1.4960083961486816,0.07290489226579666,1.100000023841858,0.07290489226579666,1.100000023841858,0.07290489226579666,0.0,0.0,0.0,0.0
51.240210909,3289.3154296875,3450.9052734375,1960.0,2063.0,191.0146942138672,397.61358642578125,1.4960083961486816,0.07290489226579666,1.1200000047683716,0.07290489226579666,1.1200000047683716,0.07290489226579666,0.0,0.0,0.0,0.0
51.260192463,3349.495849609375,3511.0859375,1960.0,2063.0,191.0146942138672,397.61358642578125,1.4960083961486816,0.07290489226579666,1.1399999856948853,0.07290489226579666,1.1399999856948853,0.07290489226579666,0.0,0.0,0.0,0.0
51.280212668,3409.676513671875,3571.266357421875,1960.0,2063.0,191.0146942138672,397.61358642578125,1.4960083961486816,0.07290489226579666,1.159999966621399,0.07290489226579666,1.159999966621399,0.07290489226579666,0.0,0.0,0.0,0.0
51.300208717,3473.072509765625,3628.231201171875,2126.0,2074.0,194.56190490722656,400.87811279296875,1.496320128440857,0.07000327855348587,1.1799999475479126,0.07000327855348587,1.1799999475479126,0.07000327855348587,0.0,0.0,0.0,0.0
51.32020179,3533.253173828125,3688.411865234375,2126.0,2074.0,194.56190490722656,400.87811279296875,1.496320128440857,0.07000327855348587,1.2000000476837158,0.07000327855348587,1.2000000476837158,0.07000327855348587,0.0,0.0,0.0,0.0
51.34023844,3593.43359375,3748.59228515625,2126.0,2074.0,194.56190490722656,400.87811279296875,1.496320128440857,0.07000327855348587,1.2200000286102295,0.07000327855348587,1.2200000286102295,0.07000327855348587,0.0,0.0,0.0,0.0
51.360187679,3660.05126953125,3802.3359375,2126.0,2074.0,194.56190490722656,400.87811279296875,1.496906042098999,0.06419480592012405,1.2400000095367432,0.06419480592012405,1.2400000095367432,0.06419480592012405,0.0,0.0,0.0,0.0
51.380260613,3720.23193359375,3862.516357421875,2126.0,2074.0,194.56190490722656,400.87811279296875,1.496906042098999,0.06419480592012405,1.2599999904632568,0.06419480592012405,1.2599999904632568,0.06419480592012405,0.0,0.0,0.0,0.0
51.400228313,3787.231689453125,3915.877685546875,2086.0,2011.0,197.7996063232422,404.1662902832031,1.4974712133407593,0.0580415204167366,1.2799999713897705,0.0580415204167366,1.2799999713897705,0.0580415204167366,0.0,0.0,0.0,0.0
51.420227657,3847.412109375,3976.058349609375,2086.0,2011.0,197.7996063232422,404.1662902832031,1.4974712133407593,0.0580415204167366,1.2999999523162842,0.0580415204167366,1.2999999523162842,0.0580415204167366,0.0,0.0,0.0,0.0
51.440245846,3907.5927734375,4036.23876953125,2086.0,2011.0,197.7996063232422,404.1662902832031,1.4974712133407593,0.0580415204167366,1.3200000524520874,0.0580415204167366,1.3200000524520874,0.0580415204167366,0.0,0.0,0.0,0.0
51.460216235,3980.903564453125,4083.2890625,2086.0,2011.0,197.7996063232422,404.1662902832031,1.498398780822754,0.04619340971112251,1.340000033378601,0.04619340971112251,1.340000033378601,0.04619340971112251,0.0,0.0,0.0,0.0
51.480244726,4041.084228515625,4143.4697265625,2086.0,2011.0,197.7996063232422,404.1662902832031,1.498398780822754,0.04619340971112251,1.3600000143051147,0.04619340971112251,1.3600000143051147,0.04619340971112251,0.0,0.0,0.0,0.0
51.500220714,4111.0869140625,4193.82763671875,2023.0,2000.0,201.29910278320312,407.62139892578125,1.4989545345306396,0.03733028471469879,1.3799999952316284,0.03733028471469879,1.3799999952316284,0.03733028471469879,0.0,0.0,0.0,0.0
51.520177184,4171.267578125,4254.00830078125,2023.0,2000.0,201.29910278320312,407.62139892578125,1.4989545345306396,0.03733028471469879,1.399999976158142,0.03733028471469879,1.399999976158142,0.03733028471469879,0.0,0.0,0.0,0.0
51.540212331,4238.10498046875,4307.5322265625,2023.0,2000.0,201.29910278320312,407.62139892578125,1.499263882637024,0.03132365271449089,1.4199999570846558,0.03132365271449089,1.4199999570846558,0.03132365271449089,0.0,0.0,0.0,0.0
51.560183391,4298.28515625,4367.71240234375,2023.0,2000.0,201.29910278320312,407.62139892578125,1.499263882637024,0.03132365271449089,1.440000057220459,0.03132365271449089,1.440000057220459,0.03132365271449089,0.0,0.0,0.0,0.0
51.580196493,4358.4658203125,4427.89306640625,2023.0,2000.0,201.29910278320312,407.62139892578125,1.499263882637024,0.03132365271449089,1.4600000381469727,0.03132365271449089,1.4600000381469727,0.03132365271449089,0.0,0.0,0.0,0.0
51.600202588,4421.79931640625,4484.92041015625,2074.0,2034.0,204.87010192871094,410.981201171875,1.4993915557861328,0.0284784734249115,1.4800000190734863,0.0284784734249115,1.4800000190734863,0.0284784734249115,0.0,0.0,0.0,0.0
51.620178447,4480.1494140625,4543.2705078125,2074.0,2034.0,204.87010192871094,410.981201171875,1.4993915557861328,0.0284784734249115,1.4993915557861328,0.0284784734249115,1.4993915557861328,0.0284784734249115,0.0,0.0,0.0,0.0
51.64022668,4480.1494140625,4543.2705078125,2074.0,2034.0,204.87010192871094,410.981201171875,1.4993915557861328,0.0284784734249115,1.4993915557861328,0.0284784734249115,1.4993915557861328,0.0284784734249115,0.0,0.0,0.0,0.0
51.660201675,4487.19482421875,4537.5556640625,2074.0,2034.0,204.87010192871094,410.981201171875,1.499612808227539,0.02272140607237816,1.499612808227539,0.02272140607237816,1.499612808227539,0.02272140607237816,0.0,0.0,0.0,0.0
51.680191517,4487.19482421875,4537.5556640625,2074.0,2034.0,204.87010192871094,410.981201171875,1.499612808227539,0.02272140607237816,1.499612808227539,0.02272140607237816,1.499612808227539,0.02272140607237816,0.0,0.0,0.0,0.0
51.700223304,4494.0546875,4531.72265625,2103.0,2023.0,208.25059509277344,414.2933044433594,1.4997833967208862,0.016994712874293327,1.4997833967208862,0.016994712874293327,1.4997833967208862,0.016994712874293327,0.0,0.0,0.0,0.0
51.720226391,4494.0546875,4531.72265625,2103.0,2023.0,208.25059509277344,414.2933044433594,1.4997833967208862,0.016994712874293327,1.4997833967208862,0.016994712874293327,1.4997833967208862,0.016994712874293327,0.0,0.0,0.0,0.0
51.740277056,4494.0546875,4531.72265625,2103.0,2023.0,208.25059509277344,414.2933044433594,1.4997833967208862,0.016994712874293327,1.4997833967208862,0.016994712874293327,1.4997833967208862,0.016994712874293327,0.0,0.0,0.0,0.0
51.760182685,4500.69384765625,4525.8076171875,2103.0,2023.0,208.25059509277344,414.2933044433594,1.499903678894043,0.011330717243254185,1.499903678894043,0.011330717243254185,1.499903678894043,0.011330717243254185,0.0,0.0,0.0,0.0
51.780237125,4500.69384765625,4525.8076171875,2103.0,2023.0,208.25059509277344,414.2933044433594,1.499903678894043,0.011330717243254185,1.499903678894043,0.011330717243254185,1.499903678894043,0.011330717243254185,0.0,0.0,0.0,0.0
51.800241237,4503.9873046875,4522.77001953125,2057.0,1994.0,211.6549072265625,417.65301513671875,1.499946117401123,0.00847427174448967,1.499946117401123,0.00847427174448967,1.499946117401123,0.00847427174448967,0.0,0.0,0.0,0.0
51.820218728,4503.9873046875,4522.77001953125,2057.0,1994.0,211.6549072265625,417.65301513671875,1.499946117401123,0.00847427174448967,1.499946117401123,0.00847427174448967,1.499946117401123,0.00847427174448967,0.0,0.0,0.0,0.0
51.840564934,4503.9873046875,4522.77001953125,2057.0,1994.0,211.6549072265625,417.65301513671875,1.499946117401123,0.00847427174448967,1.499946117401123,0.00847427174448967,1.499946117401123,0.00847427174448967,0.0,0.0,0.0,0.0
51.860223207,4510.39208984375,4516.6533203125,2057.0,1994.0,211.6549072265625,417.65301513671875,1.4999940395355225,0.002824847586452961,1.4999940395355225,0.002824847586452961,1.4999940395355225,0.002824847586452961,0.0,0.0,0.0,0.0
51.880250675,4510.39208984375,4516.6533203125,2057.0,1994.0,211.6549072265625,417.65301513671875,1.4999940395355225,0.002824847586452961,1.4999940395355225,0.002824847586452961,1.4999940395355225,0.002824847586452961,0.0,0.0,0.0,0.0
51.900223494,4513.54052734375,4513.54052734375,2069.0,2034.0,215.2021026611328,421.10809326171875,1.5,-0.0,1.5,0.0,1.5,0.0,0.0,0.0,0.0,0.0
51.920365186,4513.54052734375,4513.54052734375,2069.0,2034.0,215.2021026611328,421.10809326171875,1.5,-0.0,1.5,0.0,1.5,0.0,0.0,0.0,0.0,0.0
51.940257857,4516.64453125,4510.40087890625,2069.0,2034.0,215.2021026611328,421.10809326171875,1.4999940395355225,-0.0028168901335448027,1.4999940395355225,-0.0028168901335448027,1.4999940395355225,-0.0028168901335448027,0.0,0.0,0.0,0.0
51.960185372,4516.64453125,4510.40087890625,2069.0,2034.0,215.2021026611328,421.10809326171875,1.4999940395355225,-0.0028168901335448027,1.4999940395355225,-0.0028168901335448027,1.4999940395355225,-0.0028168901335448027,0.0,0.0,0.0,0.0
51.980201129,4516.64453125,4510.40087890625,2069.0,2034.0,215.2021026611328,421.10809326171875,1.4999940395355225,-0.0028168901335448027,1.4999940395355225,-0.0028168901335448027,1.4999940395355225,-0.0028168901335448027,0.0,0.0,0.0,0.0
52.000204824,4519.71240234375,4507.2255859375,2086.0,2023.0,218.6540069580078,424.4201965332031,1.4999761581420898,-0.005633713211864233,1.4999761581420898,-0.005633713211864233,1.4999761581420898,-0.005633713211864233,0.0,0.0,0.0,0.0
52.020183562,4519.71240234375,4507.2255859375,2086.0,2023.0,218.6540069580078,424.4201965332031,1.4999761581420898,-0.005633713211864233,1.4999761581420898,-0.005633713211864233,1.4999761581420898,-0.005633713211864233,0.0,0.0,0.0,0.0
52.040498092,4519.71240234375,4507.2255859375,2086.0,2023.0,218.6540069580078,424.4201965332031,1.4999761581420898,-0.005633713211864233,1.4999761581420898,-0.005633713211864233,1.4999761581420898,-0.005633713211864233,0.0,0.0,0.0,0.0
52.06019543,4519.71240234375,4507.2255859375,2086.0,2023.0,218.6540069580078,424.4201965332031,1.4999761581420898,-0.005633713211864233,1.4999761581420898,-0.005633713211864233,1.4999761581420898,-0.005633713211864233,0.0,0.0,0.0,0.0
52.080182487,4519.71240234375,4507.2255859375,2086.0,2023.0,218.6540069580078,424.4201965332031,1.4999761581420898,-0.005633713211864233,1.4999761581420898,-0.005633713211864233,1.4999761581420898,-0.005633713211864233,0.0,0.0,0.0,0.0
52.100192453,4522.71875,4504.04150390625,2080.0,2000.0,222.0821075439453,427.7322998046875,1.4999467134475708,-0.0084266671910882,1.4999467134475708,-0.0084266671910882,1.4999467134475708,-0.0084266671910882,0.0,0.0,0.0,0.0
52.120190932,4522.71875,4504.04150390625,2080.0,2000.0,222.0821075439453,427.7322998046875,1.4999467134475708,-0.0084266671910882,1.4999467134475708,-0.0084266671910882,1.4999467134475708,-0.0084266671910882,0.0,0.0,0.0,0.0
52.140307826,4522.71875,4504.04150390625,2080.0,2000.0,222.0821075439453,427.7322998046875,1.4999467134475708,-0.0084266671910882,1.4999467134475708,-0.0084266671910882,1.4999467134475708,-0.0084266671910882,0.0,0.0,0.0,0.0
52.160209423,4522.71875,4504.04150390625,2080.0,2000.0,222.0821075439453,427.7322998046875,1.4999467134475708,-0.0084266671910882,1.4999467134475708,-0.0084266671910882,1.4999467134475708,-0.0084266671910882,0.0,0.0,0.0,0.0
52.180203935,4522.71875,4504.04150390625,2080.0,2000.0,222.0821075439453,427.7322998046875,1.4999467134475708,-0.0084266671910882,1.4999467134475708,-0.0084266671910882,1.4999467134475708,-0.0084266671910882,0.0,0.0,0.0,0.0
52.200276068,4522.71875,4504.04150390625,2063.0,2000.0,225.5579071044922,431.1398010253906,1.4999467134475708,-0.0084266671910882,1.4999467134475708,-0.0084266671910882,1.4999467134475708,-0.0084266671910882,0.0,0.0,0.0,0.0
52.220203101,4522.71875,4504.04150390625,2063.0,2000.0,225.5579071044922,431.1398010253906,1.4999467134475708,-0.0084266671910882,1.4999467134475708,-0.0084266671910882,1.4999467134475708,-0.0084266671910882,0.0,0.0,0.0,0.0
52.240624592,4522.71875,4504.04150390625,2063.0,2000.0,225.5579071044922,431.1398010253906,1.4999467134475708,-0.0084266671910882,1.4999467134475708,-0.0084266671910882,1.4999467134475708,-0.0084266671910882,0.0,0.0,0.0,0.0
52.260296846,4522.71875,4504.04150390625,2063.0,2000.0,225.5579071044922,431.1398010253906,1.4999467134475708,-0.0084266671910882,1.4999467134475708,-0.0084266671910882,1.4999467134475708,-0.0084266671910882,0.0,0.0,0.0,0.0
52.28020065,4522.71875,4504.04150390625,2063.0,2000.0,225.5579071044922,431.1398010253906,1.4999467134475708,-0.0084266671910882,1.4999467134475708,-0.0084266671910882,1.4999467134475708,-0.0084266671910882,0.0,0.0,0.0,0.0
52.300208888,4522.71875,4504.04150390625,2080.0,2029.0,229.03359985351562,434.5234069824219,1.4999467134475708,-0.0084266671910882,1.4999467134475708,-0.0084266671910882,1.4999467134475708,-0.0084266671910882,0.0,0.0,0.0,0.0
52.320244194,4522.69384765625,4504.06884765625,2080.0,2029.0,229.03359985351562,434.5234069824219,1.4999470710754395,-0.00840306468307972,1.4999470710754395,-0.00840306468307972,1.4999470710754395,-0.00840306468307972,0.0,0.0,0.0,0.0
52.340269422,4522.69384765625,4504.06884765625,2080.0,2029.0,229.03359985351562,434.5234069824219,1.4999470710754395,-0.00840306468307972,1.4999470710754395,-0.00840306468307972,1.4999470710754395,-0.00840306468307972,0.0,0.0,0.0,0.0
52.360253695,4525.673828125,4500.8408203125,2080.0,2029.0,229.03359985351562,434.5234069824219,1.4999058246612549,-0.01120377890765667,1.4999058246612549,-0.01120377890765667,1.4999058246612549,-0.01120377890765667,0.0,0.0,0.0,0.0
52.380200757,4525.673828125,4500.8408203125,2080.0,2029.0,229.03359985351562,434.5234069824219,1.4999058246612549,-0.01120377890765667,1.4999058246612549,-0.01120377890765667,1.4999058246612549,-0.01120377890765667,0.0,0.0,0.0,0.0
52.400223521,4525.673828125,4500.8408203125,2086.0,2029.0,232.46170043945312,437.8830871582031,1.4999058246612549,-0.01120377890765667,1.4999058246612549,-0.01120377890765667,1.4999058246612549,-0.01120377890765667,0.0,0.0,0.0,0.0
52.420221904,4528.61767578125,4497.578125,2086.0,2029.0,232.46170043945312,437.8830871582031,1.4998528957366943,-0.014004228636622429,1.4998528957366943,-0.014004228636622429,1.4998528957366943,-0.014004228636622429,0.0,0.0,0.0,0.0
52.440271032,4528.61767578125,4497.578125,2086.0,2029.0,232.46170043945312,437.8830871582031,1.4998528957366943,-0.014004228636622429,1.4998528957366943,-0.014004228636622429,1.4998528957366943,-0.014004228636622429,0.0,0.0,0.0,0.0
52.460183348,4537.23583984375,4487.57958984375,2086.0,2029.0,232.46170043945312,437.8830871582031,1.4996235370635986,-0.02240333892405033,1.4996235370635986,-0.02240333892405033,1.4996235370635986,-0.02240333892405033,0.0,0.0,0.0,0.0
52.480190018,4537.23583984375,4487.57958984375,2086.0,2029.0,232.46170043945312,437.8830871582031,1.4996235370635986,-0.02240333892405033,1.4996235370635986,-0.02240333892405033,1.4996235370635986,-0.02240333892405033,0.0,0.0,0.0,0.0
52.500651375,4563.6201171875,4452.00830078125,2069.0,2011.0,235.9375,441.2428894042969,1.4980969429016113,-0.05035620182752609,1.4980969429016113,-0.05035620182752609,1.4980969429016113,-0.05035620182752609,0.0,0.0,0.0,0.0
52.520257174,4563.6201171875,4452.00830078125,2069.0,2011.0,235.9375,441.2428894042969,1.4980969429016113,-0.05035620182752609,1.4980969429016113,-0.05035620182752609,1.4980969429016113,-0.05035620182752609,0.0,0.0,0.0,0.0
52.540246951,4563.6201171875,4452.00830078125,2069.0,2011.0,235.9375,441.2428894042969,1.4980969429016113,-0.05035620182752609,1.4980969429016113,-0.05035620182752609,1.4980969429016113,-0.05035620182752609,0.0,0.0,0.0,0.0
52.560171201,4592.13916015625,4391.86962890625,2069.0,2011.0,235.9375,441.2428894042969,1.4928427934646606,-0.09757142513990402,1.4928427934646606,-0.09035620093345642,1.4928427934646606,-0.09035620093345642,0.0,0.0,0.0,0.0
52.580173519,4600.13525390625,4383.87353515625,2069.0,2011.0,235.9375,441.2428894042969,1.4928427934646606,-0.09757142513990402,1.4928427934646606,-0.09757142513990402,1.4928427934646606,-0.09757142513990402,0.0,0.0,0.0,0.0
52.600369762,4620.96435546875,4325.61181640625,2074.0,2034.0,239.389404296875,444.6502990722656,1.4866228103637695,-0.13325469195842743,1.4866228103637695,-0.13325469195842743,1.4866228103637695,-0.13325469195842743,0.0,0.0,0.0,0.0
52.620220743,4620.96435546875,4325.61181640625,2074.0,2034.0,239.389404296875,444.6502990722656,1.4866228103637695,-0.13325469195842743,1.4866228103637695,-0.13325469195842743,1.4866228103637695,-0.13325469195842743,0.0,0.0,0.0,0.0
52.640471122,4620.96435546875,4325.61181640625,2074.0,2034.0,239.389404296875,444.6502990722656,1.4866228103637695,-0.13325469195842743,1.4866228103637695,-0.13325469195842743,1.4866228103637695,-0.13325469195842743,0.0,0.0,0.0,0.0
52.660206279,4631.8173828125,4282.35693359375,2074.0,2034.0,239.389404296875,444.6502990722656,1.481238603591919,-0.15766684710979462,1.481238603591919,-0.15766684710979462,1.481238603591919,-0.15766684710979462,0.0,0.0,0.0,0.0
52.680185465,4631.8173828125,4282.35693359375,2074.0,2034.0,239.389404296875,444.6502990722656,1.481238603591919,-0.15766684710979462,1.481238603591919,-0.15766684710979462,1.481238603591919,-0.15766684710979462,0.0,0.0,0.0,0.0
52.700194022,4631.8173828125,4282.35693359375,2074.0,2006.0,242.84129333496094,447.9385986328125,1.481238603591919,-0.15766684710979462,1.481238603591919,-0.15766684710979462,1.481238603591919,-0.15766684710979462,0.0,0.0,0.0,0.0
52.72018655,4635.5615234375,4263.26416015625,2074.0,2006.0,242.84129333496094,447.9385986328125,1.47868812084198,-0.16797016561031342,1.47868812084198,-0.16797016561031342,1.47868812084198,-0.16797016561031342,0.0,0.0,0.0,0.0
52.740318962,4635.5615234375,4263.26416015625,2074.0,2006.0,242.84129333496094,447.9385986328125,1.47868812084198,-0.16797016561031342,1.47868812084198,-0.16797016561031342,1.47868812084198,-0.16797016561031342,0.0,0.0,0.0,0.0
52.760189748,4635.40673828125,4264.1171875,2074.0,2006.0,242.84129333496094,447.9385986328125,1.4788042306900024,-0.16751542687416077,1.4788042306900024,-0.16751542687416077,1.4788042306900024,-0.16751542687416077,0.0,0.0,0.0,0.0
52.780173061,4635.40673828125,4264.1171875,2074.0,2006.0,242.84129333496094,447.9385986328125,1.4788042306900024,-0.16751542687416077,1.4788042306900024,-0.16751542687416077,1.4788042306900024,-0.16751542687416077,0.0,0.0,0.0,0.0
52.80023294,4635.40673828125,4264.1171875,2080.0,2017.0,246.3170928955078,451.32220458984375,1.4788042306900024,-0.16751542687416077,1.4788042306900024,-0.16751542687416077,1.4788042306900024,-0.16751542687416077,0.0,0.0,0.0,0.0
52.820188065,4635.25146484375,4264.96484375,2080.0,2017.0,246.3170928955078,451.32220458984375,1.478919267654419,-0.16706310212612152,1.478919267654419,-0.16706310212612152,1.478919267654419,-0.16706310212612152,0.0,0.0,0.0,0.0
52.84035468,4635.25146484375,4264.96484375,2080.0,2017.0,246.3170928955078,451.32220458984375,1.478919267654419,-0.16706310212612152,1.478919267654419,-0.16706310212612152,1.478919267654419,-0.16706310212612152,0.0,0.0,0.0,0.0
52.860197662,4635.0966796875,4265.80712890625,2080.0,2017.0,246.3170928955078,451.32220458984375,1.4790334701538086,-0.16661319136619568,1.4790334701538086,-0.16661319136619568,1.4790334701538086,-0.16661319136619568,0.0,0.0,0.0,0.0
52.880197485,4635.0966796875,4265.80712890625,2080.0,2017.0,246.3170928955078,451.32220458984375,1.4790334701538086,-0.16661319136619568,1.4790334701538086,-0.16661319136619568,1.4790334701538086,-0.16661319136619568,0.0,0.0,0.0,0.0
52.900198748,4635.0966796875,4265.80712890625,2080.0,2011.0,249.7928009033203,454.7296142578125,1.4790334701538086,-0.16661319136619568,1.4790334701538086,-0.16661319136619568,1.4790334701538086,-0.16661319136619568,0.0,0.0,0.0,0.0
52.920158385,4634.94189453125,4266.64404296875,2080.0,2011.0,249.7928009033203,454.7296142578125,1.4791468381881714,-0.16616566479206085,1.4791468381881714,-0.16616566479206085,1.4791468381881714,-0.16616566479206085,0.0,0.0,0.0,0.0
52.940478834,4634.94189453125,4266.64404296875,2080.0,2011.0,249.7928009033203,454.7296142578125,1.4791468381881714,-0.16616566479206085,1.4791468381881714,-0.16616566479206085,1.4791468381881714,-0.16616566479206085,0.0,0.0,0.0,0.0
52.96023386,4634.630859375,4268.30126953125,2080.0,2011.0,249.7928009033203,454.7296142578125,1.4793705940246582,-0.16527767479419708,1.4793705940246582,-0.16527767479419708,1.4793705940246582,-0.16527767479419708,0.0,0.0,0.0,0.0
52.980186298,4634.630859375,4268.30126953125,2080.0,2011.0,249.7928009033203,454.7296142578125,1.4793705940246582,-0.16527767479419708,1.4793705940246582,-0.16527767479419708,1.4793705940246582,-0.16527767479419708,0.0,0.0,0.0,0.0
53.000188456,4634.630859375,4268.30126953125,2086.0,2029.0,253.2447052001953,458.0893859863281,1.4793705940246582,-0.16527767479419708,1.4793705940246582,-0.16527767479419708,1.4793705940246582,-0.16527767479419708,0.0,0.0,0.0,0.0
53.020184758,4624.73095703125,4312.103515625,2086.0,2029.0,253.2447052001953,458.0893859863281,1.48500394821167,-0.14104875922203064,1.48500394821167,-0.14104875922203064,1.48500394821167,-0.14104875922203064,0.0,0.0,0.0,0.0
53.040247067,4624.73095703125,4312.103515625,2086.0,2029.0,253.2447052001953,458.0893859863281,1.48500394821167,-0.14104875922203064,1.48500394821167,-0.14104875922203064,1.48500394821167,-0.14104875922203064,0.0,0.0,0.0,0.0
53.060188722,4605.27490234375,4371.42041015625,2086.0,2029.0,253.2447052001953,458.0893859863281,1.49162757396698,-0.10550858080387115,1.49162757396698,-0.10550858080387115,1.49162757396698,-0.10550858080387115,0.0,0.0,0.0,0.0
53.080225595,4605.27490234375,4371.42041015625,2086.0,2029.0,253.2447052001953,458.0893859863281,1.49162757396698,-0.10550858080387115,1.49162757396698,-0.10550858080387115,1.49162757396698,-0.10550858080387115,0.0,0.0,0.0,0.0
53.100633262,4605.27490234375,4371.42041015625,2074.0,2029.0,256.6966857910156,461.4491882324219,1.49162757396698,-0.10550858080387115,1.49162757396698,-0.10550858080387115,1.49162757396698,-0.10550858080387115,0.0,0.0,0.0,0.0
53.120191996,4588.5478515625,4408.80078125,2074.0,2029.0,256.6966857910156,461.4491882324219,1.4950593709945679,-0.0810968354344368,1.4950593709945679,-0.0810968354344368,1.4950593709945679,-0.0810968354344368,0.0,0.0,0.0,0.0
53.140268639,4588.5478515625,4408.80078125,2074.0,2029.0,256.6966857910156,461.4491882324219,1.4950593709945679,-0.0810968354344368,1.4950593709945679,-0.0810968354344368,1.4950593709945679,-0.0810968354344368,0.0,0.0,0.0,0.0
53.160214965,4573.8798828125,4435.62158203125,2074.0,2029.0,256.6966857910156,461.4491882324219,1.4970788955688477,-0.06237828731536865,1.4970788955688477,-0.06237828731536865,1.4970788955688477,-0.06237828731536865,0.0,0.0,0.0,0.0
53.180208292,4573.8798828125,4435.62158203125,2074.0,2029.0,256.6966857910156,461.4491882324219,1.4970788955688477,-0.06237828731536865,1.4970788955688477,-0.06237828731536865,1.4970788955688477,-0.06237828731536865,0.0,0.0,0.0,0.0
53.200191253,4573.8798828125,4435.62158203125,2074.0,2006.0,260.1723937988281,464.76129150390625,1.4970788955688477,-0.06237828731536865,1.4970788955688477,-0.06237828731536865,1.4970788955688477,-0.06237828731536865,0.0,0.0,0.0,0.0
53.220203905,4562.4541015625,4453.76708984375,2074.0,2006.0,260.1723937988281,464.76129150390625,1.4981955289840698,-0.04903654381632805,1.4981955289840698,-0.04903654381632805,1.4981955289840698,-0.04903654381632805,0.0,0.0,0.0,0.0
53.240264166,4562.4541015625,4453.76708984375,2074.0,2006.0,260.1723937988281,464.76129150390625,1.4981955289840698,-0.04903654381632805,1.4981955289840698,-0.04903654381632805,1.4981955289840698,-0.04903654381632805,0.0,0.0,0.0,0.0
53.260255158,4555.271484375,4464.18359375,2074.0,2006.0,260.1723937988281,464.76129150390625,1.4987328052520752,-0.04109635576605797,1.4987328052520752,-0.04109635576605797,1.4987328052520752,-0.04109635576605797,0.0,0.0,0.0,0.0
53.280219657,4555.271484375,4464.18359375,2074.0,2006.0,260.1723937988281,464.76129150390625,1.4987328052520752,-0.04109635576605797,1.4987328052520752,-0.04109635576605797,1.4987328052520752,-0.04109635576605797,0.0,0.0,0.0,0.0
53.300212504,4555.271484375,4464.18359375,2080.0,2011.0,263.6481018066406,468.168701171875,1.4987328052520752,-0.04109635576605797,1.4987328052520752,-0.04109635576605797,1.4987328052520752,-0.04109635576605797,0.0,0.0,0.0,0.0
53.320200776,4550.3056640625,4470.9951171875,2080.0,2011.0,263.6481018066406,468.168701171875,1.4990394115447998,-0.035782694816589355,1.4990394115447998,-0.035782694816589355,1.4990394115447998,-0.035782694816589355,0.0,0.0,0.0,0.0
53.340477807,4550.3056640625,4470.9951171875,2080.0,2011.0,263.6481018066406,468.168701171875,1.4990394115447998,-0.035782694816589355,1.4990394115447998,-0.035782694816589355,1.4990394115447998,-0.035782694816589355,0.0,0.0,0.0,0.0
53.360180519,4547.79296875,4474.32861328125,2080.0,2011.0,263.6481018066406,468.168701171875,1.499175786972046,-0.03314504399895668,1.499175786972046,-0.03314504399895668,1.499175786972046,-0.03314504399895668,0.0,0.0,0.0,0.0
53.38023243,4547.79296875,4474.32861328125,2080.0,2011.0,263.6481018066406,468.168701171875,1.499175786972046,-0.03314504399895668,1.499175786972046,-0.03314504399895668,1.499175786972046,-0.03314504399895668,0.0,0.0,0.0,0.0
53.400162214,4547.79296875,4474.32861328125,2080.0,2006.0,267.10009765625,471.5046081542969,1.499175786972046,-0.03314504399895668,1.499175786972046,-0.03314504399895668,1.499175786972046,-0.03314504399895668,0.0,0.0,0.0,0.0
53.420271781,4547.79296875,4474.32861328125,2080.0,2006.0,267.10009765625,471.5046081542969,1.499175786972046,-0.03314504399895668,1.499175786972046,-0.03314504399895668,1.499175786972046,-0.03314504399895668,0.0,0.0,0.0,0.0
53.440271027,4547.79296875,4474.32861328125,2080.0,2006.0,267.10009765625,471.5046081542969,1.499175786972046,-0.03314504399895668,1.499175786972046,-0.03314504399895668,1.499175786972046,-0.03314504399895668,0.0,0.0,0.0,0.0
53.460207754,4547.79296875,4474.32861328125,2080.0,2006.0,267.10009765625,471.5046081542969,1.499175786972046,-0.03314504399895668,1.499175786972046,-0.03314504399895668,1.499175786972046,-0.03314504399895668,0.0,0.0,0.0,0.0
53.48020652,4547.79296875,4474.32861328125,2080.0,2006.0,267.10009765625,471.5046081542969,1.499175786972046,-0.03314504399895668,1.499175786972046,-0.03314504399895668,1.499175786972046,-0.03314504399895668,0.0,0.0,0.0,0.0
53.50015259,4547.79296875,4474.32861328125,2074.0,2023.0,270.552001953125,474.8882141113281,1.499175786972046,-0.03314504399895668,1.499175786972046,-0.03314504399895668,1.499175786972046,-0.03314504399895668,0.0,0.0,0.0,0.0
53.520248559,4547.79296875,4474.32861328125,2074.0,2023.0,270.552001953125,474.8882141113281,1.499175786972046,-0.03314504399895668,1.499175786972046,-0.03314504399895668,1.499175786972046,-0.03314504399895668,0.0,0.0,0.0,0.0
53.540228,4547.79296875,4474.32861328125,2074.0,2023.0,270.552001953125,474.8882141113281,1.499175786972046,-0.03314504399895668,1.499175786972046,-0.03314504399895668,1.499175786972046,-0.03314504399895668,0.0,0.0,0.0,0.0
53.560140538,4547.79296875,4474.32861328125,2074.0,2023.0,270.552001953125,474.8882141113281,1.499175786972046,-0.03314504399895668,1.499175786972046,-0.03314504399895668,1.499175786972046,-0.03314504399895668,0.0,0.0,0.0,0.0
53.580303345,4547.79296875,4474.32861328125,2074.0,2023.0,270.552001953125,474.8882141113281,1.499175786972046,-0.03314504399895668,1.499175786972046,-0.03314504399895668,1.499175786972046,-0.03314504399895668,0.0,0.0,0.0,0.0
53.600253607,4547.79296875,4474.32861328125,2074.0,2023.0,274.0277099609375,478.27178955078125,1.499175786972046,-0.03314504399895668,1.499175786972046,-0.03314504399895668,1.499175786972046,-0.03314504399895668,0.0,0.0,0.0,0.0
53.620207643,4547.79296875,4474.32861328125,2074.0,2023.0,274.0277099609375,478.27178955078125,1.499175786972046,-0.03314504399895668,1.499175786972046,-0.03314504399895668,1.499175786972046,-0.03314504399895668,0.0,0.0,0.0,0.0
53.640228166,4547.79296875,4474.32861328125,2074.0,2023.0,274.0277099609375,478.27178955078125,1.499175786972046,-0.03314504399895668,1.499175786972046,-0.03314504399895668,1.499175786972046,-0.03314504399895668,0.0,0.0,0.0,0.0
53.660150624,4547.79296875,4474.32861328125,2074.0,2023.0,274.0277099609375,478.27178955078125,1.499175786972046,-0.03314504399895668,1.499175786972046,-0.03314504399895668,1.499175786972046,-0.03314504399895668,0.0,0.0,0.0,0.0
53.680167116,4547.79296875,4474.32861328125,2074.0,2023.0,274.0277099609375,478.27178955078125,1.499175786972046,-0.03314504399895668,1.499175786972046,-0.03314504399895668,1.499175786972046,-0.03314504399895668,0.0,0.0,0.0,0.0
53.700308165,4547.79296875,4474.32861328125,2080.0,2029.0,277.5035095214844,481.6553955078125,1.499175786972046,-0.03314504399895668,1.499175786972046,-0.03314504399895668,1.499175786972046,-0.03314504399895668,0.0,0.0,0.0,0.0
53.720432226,4547.79296875,4474.32861328125,2080.0,2029.0,277.5035095214844,481.6553955078125,1.499175786972046,-0.03314504399895668,1.499175786972046,-0.03314504399895668,1.499175786972046,-0.03314504399895668,0.0,0.0,0.0,0.0
53.740290052,4547.79296875,4474.32861328125,2080.0,2029.0,277.5035095214844,481.6553955078125,1.499175786972046,-0.03314504399895668,1.499175786972046,-0.03314504399895668,1.499175786972046,-0.03314504399895668,0.0,0.0,0.0,0.0
53.760155942,4547.79296875,4474.32861328125,2080.0,2029.0,277.5035095214844,481.6553955078125,1.499175786972046,-0.03314504399895668,1.499175786972046,-0.03314504399895668,1.499175786972046,-0.03314504399895668,0.0,0.0,0.0,0.0
53.780160019,4547.79296875,4474.32861328125,2080.0,2029.0,277.5035095214844,481.6553955078125,1.499175786972046,-0.03314504399895668,1.499175786972046,-0.03314504399895668,1.499175786972046,-0.03314504399895668,0.0,0.0,0.0,0.0
53.800151043,4547.79296875,4474.32861328125,2074.0,2017.0,280.9078063964844,484.9913024902344,1.499175786972046,-0.03314504399895668,1.499175786972046,-0.03314504399895668,1.499175786972046,-0.03314504399895668,0.0,0.0,0.0,0.0
53.820358291,4547.79296875,4474.32861328125,2074.0,2017.0,280.9078063964844,484.9913024902344,1.499175786972046,-0.03314504399895668,1.499175786972046,-0.03314504399895668,1.499175786972046,-0.03314504399895668,0.0,0.0,0.0,0.0
53.840502445,4547.79296875,4474.32861328125,2074.0,2017.0,280.9078063964844,484.9913024902344,1.499175786972046,-0.03314504399895668,1.499175786972046,-0.03314504399895668,1.499175786972046,-0.03314504399895668,0.0,0.0,0.0,0.0
53.8603253,4547.79296875,4474.32861328125,2074.0,2017.0,280.9078063964844,484.9913024902344,1.499175786972046,-0.03314504399895668,1.499175786972046,-0.03314504399895668,1.499175786972046,-0.03314504399895668,0.0,0.0,0.0,0.0
53.880184982,4547.7119140625,4474.4345703125,2074.0,2017.0,280.9078063964844,484.9913024902344,1.4991800785064697,-0.033060796558856964,1.4991800785064697,-0.033060796558856964,1.4991800785064697,-0.033060796558856964,0.0,0.0,0.0,0.0
53.90013166,4547.7119140625,4474.4345703125,2069.0,2006.0,284.3835144042969,488.3273010253906,1.4991800785064697,-0.033060796558856964,1.4991800785064697,-0.033060796558856964,1.4991800785064697,-0.033060796558856964,0.0,0.0,0.0,0.0
53.920175828,4545.26123046875,4477.61474609375,2069.0,2006.0,284.3835144042969,488.3273010253906,1.4993011951446533,-0.030520126223564148,1.4993011951446533,-0.030520126223564148,1.4993011951446533,-0.030520126223564148,0.0,0.0,0.0,0.0
53.940218908,4545.26123046875,4477.61474609375,2069.0,2006.0,284.3835144042969,488.3273010253906,1.4993011951446533,-0.030520126223564148,1.4993011951446533,-0.030520126223564148,1.4993011951446533,-0.030520126223564148,0.0,0.0,0.0,0.0
53.960187343,4545.26123046875,4477.61474609375,2069.0,2006.0,284.3835144042969,488.3273010253906,1.4993011951446533,-0.030520126223564148,1.4993011951446533,-0.030520126223564148,1.4993011951446533,-0.030520126223564148,0.0,0.0,0.0,0.0
53.980242037,4542.7802734375,4480.7666015625,2069.0,2006.0,284.3835144042969,488.3273010253906,1.4994127750396729,-0.027978863567113876,1.4994127750396729,-0.027978863567113876,1.4994127750396729,-0.027978863567113876,0.0,0.0,0.0,0.0
54.000151663,4542.7802734375,4480.7666015625,2074.0,2017.0,287.85931396484375,491.7347106933594,1.4994127750396729,-0.027978863567113876,1.4994127750396729,-0.027978863567113876,1.4994127750396729,-0.027978863567113876,0.0,0.0,0.0,0.0
54.02020015,4542.7802734375,4480.7666015625,2074.0,2017.0,287.85931396484375,491.7347106933594,1.4994127750396729,-0.027978863567113876,1.4994127750396729,-0.027978863567113876,1.4994127750396729,-0.027978863567113876,0.0,0.0,0.0,0.0
54.040215649,4542.7802734375,4480.7666015625,2074.0,2017.0,287.85931396484375,491.7347106933594,1.4994127750396729,-0.027978863567113876,1.4994127750396729,-0.027978863567113876,1.4994127750396729,-0.027978863567113876,0.0,0.0,0.0,0.0
54.060152791,4542.7802734375,4480.7666015625,2074.0,2017.0,287.85931396484375,491.7347106933594,1.4994127750396729,-0.027978863567113876,1.4994127750396729,-0.027978863567113876,1.4994127750396729,-0.027978863567113876,0.0,0.0,0.0,0.0
54.080229433,4540.2060546875,4483.96923828125,2074.0,2017.0,287.85931396484375,491.7347106933594,1.4995170831680298,-0.025372540578246117,1.4995170831680298,-0.025372540578246117,1.4995170831680298,-0.025372540578246117,0.0,0.0,0.0,0.0
54.100273856,4540.2060546875,4483.96923828125,2086.0,2017.0,291.3349914550781,495.0945129394531,1.4995170831680298,-0.025372540578246117,1.4995170831680298,-0.025372540578246117,1.4995170831680298,-0.025372540578246117,0.0,0.0,0.0,0.0
54.120245426,4540.2060546875,4483.96923828125,2086.0,2017.0,291.3349914550781,495.0945129394531,1.4995170831680298,-0.025372540578246117,1.4995170831680298,-0.025372540578246117,1.4995170831680298,-0.025372540578246117,0.0,0.0,0.0,0.0
54.140460256,4540.2060546875,4483.96923828125,2086.0,2017.0,291.3349914550781,495.0945129394531,1.4995170831680298,-0.025372540578246117,1.4995170831680298,-0.025372540578246117,1.4995170831680298,-0.025372540578246117,0.0,0.0,0.0,0.0
54.160159257,4540.2060546875,4483.96923828125,2086.0,2017.0,291.3349914550781,495.0945129394531,1.4995170831680298,-0.025372540578246117,1.4995170831680298,-0.025372540578246117,1.4995170831680298,-0.025372540578246117,0.0,0.0,0.0,0.0
54.180176068,4540.2060546875,4483.96923828125,2086.0,2017.0,291.3349914550781,495.0945129394531,1.4995170831680298,-0.025372540578246117,1.4995170831680298,-0.025372540578246117,1.4995170831680298,-0.025372540578246117,0.0,0.0,0.0,0.0
54.200268996,4540.2060546875,4483.96923828125,2074.0,2029.0,294.7630920410156,498.47808837890625,1.4995170831680298,-0.025372540578246117,1.4995170831680298,-0.025372540578246117,1.4995170831680298,-0.025372540578246117,0.0,0.0,0.0,0.0
54.220213401,4540.2060546875,4483.96923828125,2074.0,2029.0,294.7630920410156,498.47808837890625,1.4995170831680298,-0.025372540578246117,1.4995170831680298,-0.025372540578246117,1.4995170831680298,-0.025372540578246117,0.0,0.0,0.0,0.0
54.240459011,4540.2060546875,4483.96923828125,2074.0,2029.0,294.7630920410156,498.47808837890625,1.4995170831680298,-0.025372540578246117,1.4995170831680298,-0.025372540578246117,1.4995170831680298,-0.025372540578246117,0.0,0.0,0.0,0.0
54.260426453,4540.2060546875,4483.96923828125,2074.0,2029.0,294.7630920410156,498.47808837890625,1.4995170831680298,-0.025372540578246117,1.4995170831680298,-0.025372540578246117,1.4995170831680298,-0.025372540578246117,0.0,0.0,0.0,0.0
54.280192196,4540.2060546875,4483.96923828125,2074.0,2029.0,294.7630920410156,498.47808837890625,1.4995170831680298,-0.025372540578246117,1.4995170831680298,-0.025372540578246117,1.4995170831680298,-0.025372540578246117,0.0,0.0,0.0,0.0
54.300162581,4540.2060546875,4483.96923828125,2069.0,2017.0,298.2388916015625,501.8139953613281,1.4995170831680298,-0.025372540578246117,1.4995170831680298,-0.025372540578246117,1.4995170831680298,-0.025372540578246117,0.0,0.0,0.0,0.0
54.320154052,4540.2060546875,4483.96923828125,2069.0,2017.0,298.2388916015625,501.8139953613281,1.4995170831680298,-0.025372540578246117,1.4995170831680298,-0.025372540578246117,1.4995170831680298,-0.025372540578246117,0.0,0.0,0.0,0.0
54.340268065,4540.2060546875,4483.96923828125,2069.0,2017.0,298.2388916015625,501.8139953613281,1.4995170831680298,-0.025372540578246117,1.4995170831680298,-0.025372540578246117,1.4995170831680298,-0.025372540578246117,0.0,0.0,0.0,0.0
54.360163549,4540.2060546875,4483.96923828125,2069.0,2017.0,298.2388916015625,501.8139953613281,1.4995170831680298,-0.025372540578246117,1.4995170831680298,-0.025372540578246117,1.4995170831680298,-0.025372540578246117,0.0,0.0,0.0,0.0
54.380160939,4540.2060546875,4483.96923828125,2069.0,2017.0,298.2388916015625,501.8139953613281,1.4995170831680298,-0.025372540578246117,1.4995170831680298,-0.025372540578246117,1.4995170831680298,-0.025372540578246117,0.0,0.0,0.0,0.0
54.400132508,4540.2060546875,4483.96923828125,2086.0,2017.0,301.714599609375,505.1737976074219,1.4995170831680298,-0.025372540578246117,1.4995170831680298,-0.025372540578246117,1.4995170831680298,-0.025372540578246117,0.0,0.0,0.0,0.0
54.420151335,4540.2060546875,4483.96923828125,2086.0,2017.0,301.714599609375,505.1737976074219,1.4995170831680298,-0.025372540578246117,1.4995170831680298,-0.025372540578246117,1.4995170831680298,-0.025372540578246117,0.0,0.0,0.0,0.0
54.440470246,4540.2060546875,4483.96923828125,2086.0,2017.0,301.714599609375,505.1737976074219,1.4995170831680298,-0.025372540578246117,1.4995170831680298,-0.025372540578246117,1.4995170831680298,-0.025372540578246117,0.0,0.0,0.0,0.0
54.460401309,4540.2060546875,4483.96923828125,2086.0,2017.0,301.714599609375,505.1737976074219,1.4995170831680298,-0.025372540578246117,1.4995170831680298,-0.025372540578246117,1.4995170831680298,-0.025372540578246117,0.0,0.0,0.0,0.0
54.480163501,4540.2060546875,4483.96923828125,2086.0,2017.0,301.714599609375,505.1737976074219,1.4995170831680298,-0.025372540578246117,1.4995170831680298,-0.025372540578246117,1.4995170831680298,-0.025372540578246117,0.0,0.0,0.0,0.0
54.500137214,4540.2060546875,4483.96923828125,2080.0,2011.0,305.16650390625,508.50970458984375,1.4995170831680298,-0.025372540578246117,1.4995170831680298,-0.025372540578246117,1.4995170831680298,-0.025372540578246117,0.0,0.0,0.0,0.0
54.520139595,4540.2060546875,4483.96923828125,2080.0,2011.0,305.16650390625,508.50970458984375,1.4995170831680298,-0.025372540578246117,1.4995170831680298,-0.025372540578246117,1.4995170831680298,-0.025372540578246117,0.0,0.0,0.0,0.0
54.540491878,4540.2060546875,4483.96923828125,2080.0,2011.0,305.16650390625,508.50970458984375,1.4995170831680298,-0.025372540578246117,1.4995170831680298,-0.025372540578246117,1.4995170831680298,-0.025372540578246117,0.0,0.0,0.0,0.0
54.560251125,4540.2060546875,4483.96923828125,2080.0,2011.0,305.16650390625,508.50970458984375,1.4995170831680298,-0.025372540578246117,1.4995170831680298,-0.025372540578246117,1.4995170831680298,-0.025372540578246117,0.0,0.0,0.0,0.0
54.579926385,4540.2060546875,4483.96923828125,2080.0,2011.0,305.16650390625,508.50970458984375,1.4995170831680298,-0.025372540578246117,1.4995170831680298,-0.025372540578246117,1.4995170831680298,-0.025372540578246117,0.0,0.0,0.0,0.0
54.600100262,4540.2060546875,4483.96923828125,2074.0,2011.0,308.6184997558594,511.893310546875,1.4995170831680298,-0.025372540578246117,1.4995170831680298,-0.025372540578246117,1.4995170831680298,-0.025372540578246117,0.0,0.0,0.0,0.0
54.620109906,4540.2060546875,4483.96923828125,2074.0,2011.0,308.6184997558594,511.893310546875,1.4995170831680298,-0.025372540578246117,1.4995170831680298,-0.025372540578246117,1.4995170831680298,-0.025372540578246117,0.0,0.0,0.0,0.0
54.640200434,4540.2060546875,4483.96923828125,2074.0,2011.0,308.6184997558594,511.893310546875,1.4995170831680298,-0.025372540578246117,1.4995170831680298,-0.025372540578246117,1.4995170831680298,-0.025372540578246117,0.0,0.0,0.0,0.0
54.660532976,4540.2060546875,4483.96923828125,2074.0,2011.0,308.6184997558594,511.893310546875,1.4995170831680298,-0.025372540578246117,1.4995170831680298,-0.025372540578246117,1.4995170831680298,-0.025372540578246117,0.0,0.0,0.0,0.0
54.680180751,4540.2060546875,4483.96923828125,2074.0,2011.0,308.6184997558594,511.893310546875,1.4995170831680298,-0.025372540578246117,1.4995170831680298,-0.025372540578246117,1.4995170831680298,-0.025372540578246117,0.0,0.0,0.0,0.0
54.700649753,4540.2060546875,4483.96923828125,2074.0,2029.0,312.0942077636719,515.3007202148438,1.4995170831680298,-0.025372540578246117,1.4995170831680298,-0.025372540578246117,1.4995170831680298,-0.025372540578246117,0.0,0.0,0.0,0.0
54.72022186,4540.2060546875,4483.96923828125,2074.0,2029.0,312.0942077636719,515.3007202148438,1.4995170831680298,-0.025372540578246117,1.4995170831680298,-0.025372540578246117,1.4995170831680298,-0.025372540578246117,0.0,0.0,0.0,0.0
54.740202676,4540.2060546875,4483.96923828125,2074.0,2029.0,312.0942077636719,515.3007202148438,1.4995170831680298,-0.025372540578246117,1.4995170831680298,-0.025372540578246117,1.4995170831680298,-0.025372540578246117,0.0,0.0,0.0,0.0
54.760503574,4540.2060546875,4483.96923828125,2074.0,2029.0,312.0942077636719,515.3007202148438,1.4995170831680298,-0.025372540578246117,1.4995170831680298,-0.025372540578246117,1.4995170831680298,-0.025372540578246117,0.0,0.0,0.0,0.0
54.780287363,4540.2060546875,4483.96923828125,2074.0,2029.0,312.0942077636719,515.3007202148438,1.4995170831680298,-0.025372540578246117,1.4995170831680298,-0.025372540578246117,1.4995170831680298,-0.025372540578246117,0.0,0.0,0.0,0.0
54.800235031,4540.2060546875,4483.96923828125,2074.0,2029.0,312.0942077636719,515.3007202148438,1.4995170831680298,-0.025372540578246117,1.4995170831680298,-0.025372540578246117,1.4995170831680298,-0.025372540578246117,0.0,0.0,0.0,0.0
54.820180716,4540.2060546875,4483.96923828125,2086.0,2023.0,315.56988525390625,518.6605224609375,1.4995170831680298,-0.025372540578246117,1.4995170831680298,-0.025372540578246117,1.4995170831680298,-0.025372540578246117,0.0,0.0,0.0,0.0
54.840218708,4540.2060546875,4483.96923828125,2086.0,2023.0,315.56988525390625,518.6605224609375,1.4995170831680298,-0.025372540578246117,1.4995170831680298,-0.025372540578246117,1.4995170831680298,-0.025372540578246117,0.0,0.0,0.0,0.0
54.860207523,4540.2060546875,4483.96923828125,2086.0,2023.0,315.56988525390625,518.6605224609375,1.4995170831680298,-0.025372540578246117,1.4995170831680298,-0.025372540578246117,1.4995170831680298,-0.025372540578246117,0.0,0.0,0.0,0.0
54.880283558,4540.2060546875,4483.96923828125,2086.0,2023.0,315.56988525390625,518.6605224609375,1.4995170831680298,-0.025372540578246117,1.4995170831680298,-0.025372540578246117,1.4995170831680298,-0.025372540578246117,0.0,0.0,0.0,0.0
54.900238297,4540.2060546875,4483.96923828125,2086.0,2023.0,315.56988525390625,518.6605224609375,1.4995170831680298,-0.025372540578246117,1.4995170831680298,-0.025372540578246117,1.4995170831680298,-0.025372540578246117,0.0,0.0,0.0,0.0
54.920222089,4540.2060546875,4483.96923828125,2074.0,2029.0,319.02191162109375,522.0441284179688,1.4995170831680298,-0.025372540578246117,1.4995170831680298,-0.025372540578246117,1.4995170831680298,-0.025372540578246117,0.0,0.0,0.0,0.0
54.940303499,4540.2060546875,4483.96923828125,2074.0,2029.0,319.02191162109375,522.0441284179688,1.4995170831680298,-0.025372540578246117,1.4995170831680298,-0.025372540578246117,1.4995170831680298,-0.025372540578246117,0.0,0.0,0.0,0.0
54.96023549,4540.2060546875,4483.96923828125,2074.0,2029.0,319.02191162109375,522.0441284179688,1.4995170831680298,-0.025372540578246117,1.4995170831680298,-0.025372540578246117,1.4995170831680298,-0.025372540578246117,0.0,0.0,0.0,0.0
54.980183606,4540.2060546875,4483.96923828125,2074.0,2029.0,319.02191162109375,522.0441284179688,1.4995170831680298,-0.025372540578246117,1.4995170831680298,-0.025372540578246117,1.4995170831680298,-0.025372540578246117,0.0,0.0,0.0,0.0
55.000262552,4540.2060546875,4483.96923828125,2074.0,2029.0,319.02191162109375,522.0441284179688,1.4995170831680298,-0.025372540578246117,1.4995170831680298,-0.025372540578246117,1.4995170831680298,-0.025372540578246117,0.0,0.0,0.0,0.0
55.020170353,4540.2060546875,4483.96923828125,2069.0,2000.0,322.45001220703125,525.356201171875,1.4995170831680298,-0.025372540578246117,1.4995170831680298,-0.025372540578246117,1.4995170831680298,-0.025372540578246117,0.0,0.0,0.0,0.0
55.040263952,4540.2060546875,4483.96923828125,2069.0,2000.0,322.45001220703125,525.356201171875,1.4995170831680298,-0.025372540578246117,1.4995170831680298,-0.025372540578246117,1.4995170831680298,-0.025372540578246117,0.0,0.0,0.0,0.0
55.06022733,4540.2060546875,4483.96923828125,2069.0,2000.0,322.45001220703125,525.356201171875,1.4995170831680298,-0.025372540578246117,1.4995170831680298,-0.025372540578246117,1.4995170831680298,-0.025372540578246117,0.0,0.0,0.0,0.0
55.080171415,4540.2060546875,4483.96923828125,2069.0,2000.0,322.45001220703125,525.356201171875,1.4995170831680298,-0.025372540578246117,1.4995170831680298,-0.025372540578246117,1.4995170831680298,-0.025372540578246117,0.0,0.0,0.0,0.0
55.100329452,4540.2060546875,4483.96923828125,2069.0,2000.0,322.45001220703125,525.356201171875,1.4995170831680298,-0.025372540578246117,1.4995170831680298,-0.025372540578246117,1.4995170831680298,-0.025372540578246117,0.0,0.0,0.0,0.0
55.120182798,4540.2060546875,4483.96923828125,2069.0,2011.0,325.9258117675781,528.7396850585938,1.4995170831680298,-0.025372540578246117,1.4995170831680298,-0.025372540578246117,1.4995170831680298,-0.025372540578246117,0.0,0.0,0.0,0.0
55.140273485,4540.2060546875,4483.96923828125,2069.0,2011.0,325.9258117675781,528.7396850585938,1.4995170831680298,-0.025372540578246117,1.4995170831680298,-0.025372540578246117,1.4995170831680298,-0.025372540578246117,0.0,0.0,0.0,0.0
55.160186598,4540.2060546875,4483.96923828125,2069.0,2011.0,325.9258117675781,528.7396850585938,1.4995170831680298,-0.025372540578246117,1.4995170831680298,-0.025372540578246117,1.4995170831680298,-0.025372540578246117,0.0,0.0,0.0,0.0
55.180152632,4540.2060546875,4483.96923828125,2069.0,2011.0,325.9258117675781,528.7396850585938,1.4995170831680298,-0.025372540578246117,1.4995170831680298,-0.025372540578246117,1.4995170831680298,-0.025372540578246117,0.0,0.0,0.0,0.0
55.200209532,4540.2060546875,4483.96923828125,2069.0,2011.0,325.9258117675781,528.7396850585938,1.4995170831680298,-0.025372540578246117,1.4995170831680298,-0.025372540578246117,1.4995170831680298,-0.025372540578246117,0.0,0.0,0.0,0.0
55.220147633,4540.2060546875,4483.96923828125,2080.0,2017.0,329.4014892578125,532.1234130859375,1.4995170831680298,-0.025372540578246117,1.4995170831680298,-0.025372540578246117,1.4995170831680298,-0.025372540578246117,0.0,0.0,0.0,0.0
55.240256878,4540.2060546875,4483.96923828125,2080.0,2017.0,329.4014892578125,532.1234130859375,1.4995170831680298,-0.025372540578246117,1.4995170831680298,-0.025372540578246117,1.4995170831680298,-0.025372540578246117,0.0,0.0,0.0,0.0
55.260281431,4540.2060546875,4483.96923828125,2080.0,2017.0,329.4014892578125,532.1234130859375,1.4995170831680298,-0.025372540578246117,1.4995170831680298,-0.025372540578246117,1.4995170831680298,-0.025372540578246117,0.0,0.0,0.0,0.0
55.280388564,4540.2060546875,4483.96923828125,2080.0,2017.0,329.4014892578125,532.1234130859375,1.4995170831680298,-0.025372540578246117,1.4995170831680298,-0.025372540578246117,1.4995170831680298,-0.025372540578246117,0.0,0.0,0.0,0.0
55.300229175,4537.671875,4487.0556640625,2080.0,2017.0,329.4014892578125,532.1234130859375,1.4996088743209839,-0.022836683318018913,1.4996088743209839,-0.022836683318018913,1.4996088743209839,-0.022836683318018913,0.0,0.0,0.0,0.0
55.320168588,4537.671875,4487.0556640625,2080.0,2029.0,332.8533935546875,535.5070190429688,1.4996088743209839,-0.022836683318018913,1.4996088743209839,-0.022836683318018913,1.4996088743209839,-0.022836683318018913,0.0,0.0,0.0,0.0
55.340298246,4537.671875,4487.0556640625,2080.0,2029.0,332.8533935546875,535.5070190429688,1.4996088743209839,-0.022836683318018913,1.4996088743209839,-0.022836683318018913,1.4996088743209839,-0.022836683318018913,0.0,0.0,0.0,0.0
55.360219486,4537.671875,4487.0556640625,2080.0,2029.0,332.8533935546875,535.5070190429688,1.4996088743209839,-0.022836683318018913,1.4996088743209839,-0.022836683318018913,1.4996088743209839,-0.022836683318018913,0.0,0.0,0.0,0.0
55.380200813,4537.671875,4487.0556640625,2080.0,2029.0,332.8533935546875,535.5070190429688,1.4996088743209839,-0.022836683318018913,1.4996088743209839,-0.022836683318018913,1.4996088743209839,-0.022836683318018913,0.0,0.0,0.0,0.0
55.400222487,4537.671875,4487.0556640625,2080.0,2029.0,332.8533935546875,535.5070190429688,1.4996088743209839,-0.022836683318018913,1.4996088743209839,-0.022836683318018913,1.4996088743209839,-0.022836683318018913,0.0,0.0,0.0,0.0
55.420165771,4537.671875,4487.0556640625,2080.0,2029.0,336.3291931152344,538.86669921875,1.4996088743209839,-0.022836683318018913,1.4996088743209839,-0.022836683318018913,1.4996088743209839,-0.022836683318018913,0.0,0.0,0.0,0.0
55.440372026,4537.671875,4487.0556640625,2080.0,2029.0,336.3291931152344,538.86669921875,1.4996088743209839,-0.022836683318018913,1.4996088743209839,-0.022836683318018913,1.4996088743209839,-0.022836683318018913,0.0,0.0,0.0,0.0
55.460369383,4535.10791015625,4490.11328125,2080.0,2029.0,336.3291931152344,538.86669921875,1.4996908903121948,-0.020300384610891342,1.4996908903121948,-0.020300384610891342,1.4996908903121948,-0.020300384610891342,0.0,0.0,0.0,0.0
55.480445768,4535.10791015625,4490.11328125,2080.0,2029.0,336.3291931152344,538.86669921875,1.4996908903121948,-0.020300384610891342,1.4996908903121948,-0.020300384610891342,1.4996908903121948,-0.020300384610891342,0.0,0.0,0.0,0.0
55.500204599,4529.7724609375,4496.2783203125,2080.0,2029.0,336.3291931152344,538.86669921875,1.4998286962509155,-0.015111624263226986,1.4998286962509155,-0.015111624263226986,1.4998286962509155,-0.015111624263226986,0.0,0.0,0.0,0.0
55.520045371,4529.7724609375,4496.2783203125,2074.0,2011.0,339.7810974121094,542.2025756835938,1.4998286962509155,-0.015111624263226986,1.4998286962509155,-0.015111624263226986,1.4998286962509155,-0.015111624263226986,0.0,0.0,0.0,0.0
55.541431968,4529.7724609375,4496.2783203125,2074.0,2011.0,339.7810974121094,542.2025756835938,1.4998286962509155,-0.015111624263226986,1.4998286962509155,-0.015111624263226986,1.4998286962509155,-0.015111624263226986,0.0,0.0,0.0,0.0
55.560779018,4516.29736328125,4510.755859375,2074.0,2011.0,339.7810974121094,542.2025756835938,1.4999953508377075,-0.002499992260709405,1.4999953508377075,-0.002499992260709405,1.4999953508377075,-0.002499992260709405,0.0,0.0,0.0,0.0
55.580141042,4516.29736328125,4510.755859375,2074.0,2011.0,339.7810974121094,542.2025756835938,1.4999953508377075,-0.002499992260709405,1.4999953508377075,-0.002499992260709405,1.4999953508377075,-0.002499992260709405,0.0,0.0,0.0,0.0
55.600302504,4499.51611328125,4526.87744140625,2074.0,2011.0,339.7810974121094,542.2025756835938,1.4998857975006104,0.012344738468527794,1.4998857975006104,0.012344738468527794,1.4998857975006104,0.012344738468527794,0.0,0.0,0.0,0.0
55.620214497,4499.51611328125,4526.87744140625,2074.0,2017.0,343.2330017089844,545.586181640625,1.4998857975006104,0.012344738468527794,1.4998857975006104,0.012344738468527794,1.4998857975006104,0.012344738468527794,0.0,0.0,0.0,0.0
55.640193072,4482.033203125,4541.76904296875,2074.0,2017.0,343.2330017089844,545.586181640625,1.499455213546753,0.02695099078118801,1.499455213546753,0.02695099078118801,1.499455213546753,0.02695099078118801,0.0,0.0,0.0,0.0
55.660327273,4482.033203125,4541.76904296875,2074.0,2017.0,343.2330017089844,545.586181640625,1.499455213546753,0.02695099078118801,1.499455213546753,0.02695099078118801,1.499455213546753,0.02695099078118801,0.0,0.0,0.0,0.0
55.680248033,4482.033203125,4541.76904296875,2074.0,2017.0,343.2330017089844,545.586181640625,1.499455213546753,0.02695099078118801,1.499455213546753,0.02695099078118801,1.499455213546753,0.02695099078118801,0.0,0.0,0.0,0.0
55.70016521,4469.77734375,4551.20947265625,2074.0,2017.0,343.2330017089844,545.586181640625,1.4989873170852661,0.036739885807037354,1.4989873170852661,0.036739885807037354,1.4989873170852661,0.036739885807037354,0.0,0.0,0.0,0.0
55.720210816,4469.77734375,4551.20947265625,2074.0,2011.0,346.6849060058594,548.9459838867188,1.4989873170852661,0.036739885807037354,1.4989873170852661,0.036739885807037354,1.4989873170852661,0.036739885807037354,0.0,0.0,0.0,0.0
55.740782938,4463.62353515625,4555.669921875,2074.0,2011.0,346.6849060058594,548.9459838867188,1.4987058639526367,0.04152893275022507,1.4987058639526367,0.04152893275022507,1.4987058639526367,0.04152893275022507,0.0,0.0,0.0,0.0
55.760560166,4463.62353515625,4555.669921875,2074.0,2011.0,346.6849060058594,548.9459838867188,1.4987058639526367,0.04152893275022507,1.4987058639526367,0.04152893275022507,1.4987058639526367,0.04152893275022507,0.0,0.0,0.0,0.0
55.780209253,4463.62353515625,4555.669921875,2074.0,2011.0,346.6849060058594,548.9459838867188,1.4987058639526367,0.04152893275022507,1.4987058639526367,0.04152893275022507,1.4987058639526367,0.04152893275022507,0.0,0.0,0.0,0.0
55.800195092,4457.25146484375,4560.10498046875,2074.0,2011.0,346.6849060058594,548.9459838867188,1.4983839988708496,0.046404723078012466,1.4983839988708496,0.046404723078012466,1.4983839988708496,0.046404723078012466,0.0,0.0,0.0,0.0
55.820194944,4457.25146484375,4560.10498046875,2080.0,2023.0,350.16070556640625,552.32958984375,1.4983839988708496,0.046404723078012466,1.4983839988708496,0.046404723078012466,1.4983839988708496,0.046404723078012466,0.0,0.0,0.0,0.0
55.840189261,4457.25146484375,4560.10498046875,2080.0,2023.0,350.16070556640625,552.32958984375,1.4983839988708496,0.046404723078012466,1.4983839988708496,0.046404723078012466,1.4983839988708496,0.046404723078012466,0.0,0.0,0.0,0.0
55.86051198,4454.02685546875,4562.28125,2080.0,2023.0,350.16070556640625,552.32958984375,1.498209834098816,0.04884139448404312,1.498209834098816,0.04884139448404312,1.498209834098816,0.04884139448404312,0.0,0.0,0.0,0.0
55.880197829,4454.02685546875,4562.28125,2080.0,2023.0,350.16070556640625,552.32958984375,1.498209834098816,0.04884139448404312,1.498209834098816,0.04884139448404312,1.498209834098816,0.04884139448404312,0.0,0.0,0.0,0.0
55.900350684,4454.02685546875,4562.28125,2080.0,2023.0,350.16070556640625,552.32958984375,1.498209834098816,0.04884139448404312,1.498209834098816,0.04884139448404312,1.498209834098816,0.04884139448404312,0.0,0.0,0.0,0.0
55.920189855,4454.02685546875,4562.28125,2080.0,2023.0,353.61260986328125,555.7131958007812,1.498209834098816,0.04884139448404312,1.498209834098816,0.04884139448404312,1.498209834098816,0.04884139448404312,0.0,0.0,0.0,0.0
55.940792757,4454.02685546875,4562.28125,2080.0,2023.0,353.61260986328125,555.7131958007812,1.498209834098816,0.04884139448404312,1.498209834098816,0.04884139448404312,1.498209834098816,0.04884139448404312,0.0,0.0,0.0,0.0
55.960486318,4454.02685546875,4562.28125,2080.0,2023.0,353.61260986328125,555.7131958007812,1.498209834098816,0.04884139448404312,1.498209834098816,0.04884139448404312,1.498209834098816,0.04884139448404312,0.0,0.0,0.0,0.0
55.980281271,4454.02685546875,4562.28125,2080.0,2023.0,353.61260986328125,555.7131958007812,1.498209834098816,0.04884139448404312,1.498209834098816,0.04884139448404312,1.498209834098816,0.04884139448404312,0.0,0.0,0.0,0.0
56.000203214,4450.7763671875,4564.4296875,2080.0,2023.0,353.61260986328125,555.7131958007812,1.498026728630066,0.051277197897434235,1.498026728630066,0.051277197897434235,1.498026728630066,0.051277197897434235,0.0,0.0,0.0,0.0
56.02019993,4450.7763671875,4564.4296875,2074.0,2029.0,357.06451416015625,559.0968017578125,1.498026728630066,0.051277197897434235,1.498026728630066,0.051277197897434235,1.498026728630066,0.051277197897434235,0.0,0.0,0.0,0.0
56.040736377,4450.7763671875,4564.4296875,2074.0,2029.0,357.06451416015625,559.0968017578125,1.498026728630066,0.051277197897434235,1.498026728630066,0.051277197897434235,1.498026728630066,0.051277197897434235,0.0,0.0,0.0,0.0
56.060603736,4450.7763671875,4564.4296875,2074.0,2029.0,357.06451416015625,559.0968017578125,1.498026728630066,0.051277197897434235,1.498026728630066,0.051277197897434235,1.498026728630066,0.051277197897434235,0.0,0.0,0.0,0.0
56.080330539,4450.7763671875,4564.4296875,2074.0,2029.0,357.06451416015625,559.0968017578125,1.498026728630066,0.051277197897434235,1.498026728630066,0.051277197897434235,1.498026728630066,0.051277197897434235,0.0,0.0,0.0,0.0
56.100242947,4447.5,4566.55029296875,2074.0,2029.0,357.06451416015625,559.0968017578125,1.4978346824645996,0.053712084889411926,1.4978346824645996,0.053712084889411926,1.4978346824645996,0.053712084889411926,0.0,0.0,0.0,0.0
56.120193589,4447.5,4566.55029296875,2074.0,2023.0,360.5403137207031,562.4564819335938,1.4978346824645996,0.053712084889411926,1.4978346824645996,0.053712084889411926,1.4978346824645996,0.053712084889411926,0.0,0.0,0.0,0.0
56.140530033,4447.5,4566.55029296875,2074.0,2023.0,360.5403137207031,562.4564819335938,1.4978346824645996,0.053712084889411926,1.4978346824645996,0.053712084889411926,1.4978346824645996,0.053712084889411926,0.0,0.0,0.0,0.0
56.160406606,4444.1982421875,4568.64306640625,2074.0,2023.0,360.5403137207031,562.4564819335938,1.4976338148117065,0.056146010756492615,1.4976338148117065,0.056146010756492615,1.4976338148117065,0.056146010756492615,0.0,0.0,0.0,0.0
56.180282476,4444.1982421875,4568.64306640625,2074.0,2023.0,360.5403137207031,562.4564819335938,1.4976338148117065,0.056146010756492615,1.4976338148117065,0.056146010756492615,1.4976338148117065,0.056146010756492615,0.0,0.0,0.0,0.0
56.200203778,4437.72412109375,4572.62255859375,2074.0,2023.0,360.5403137207031,562.4564819335938,1.4972193241119385,0.060862571001052856,1.4972193241119385,0.060862571001052856,1.4972193241119385,0.060862571001052856,0.0,0.0,0.0,0.0
56.220192592,4437.72412109375,4572.62255859375,2074.0,2006.0,363.9684143066406,565.79248046875,1.4972193241119385,0.060862571001052856,1.4972193241119385,0.060862571001052856,1.4972193241119385,0.060862571001052856,0.0,0.0,0.0,0.0
56.240390815,4437.72412109375,4572.62255859375,2074.0,2006.0,363.9684143066406,565.79248046875,1.4972193241119385,0.060862571001052856,1.4972193241119385,0.060862571001052856,1.4972193241119385,0.060862571001052856,0.0,0.0,0.0,0.0
56.260532086,4430.96240234375,4576.6083984375,2074.0,2006.0,363.9684143066406,565.79248046875,1.496757984161377,0.06571132689714432,1.496757984161377,0.06571132689714432,1.496757984161377,0.06571132689714432,0.0,0.0,0.0,0.0
56.280188275,4430.96240234375,4576.6083984375,2074.0,2006.0,363.9684143066406,565.79248046875,1.496757984161377,0.06571132689714432,1.496757984161377,0.06571132689714432,1.496757984161377,0.06571132689714432,0.0,0.0,0.0,0.0
56.300053266,4424.3447265625,4580.3486328125,2074.0,2006.0,363.9684143066406,565.79248046875,1.4962798357009888,0.07038461416959763,1.4962798357009888,0.07038461416959763,1.4962798357009888,0.07038461416959763,0.0,0.0,0.0,0.0
56.320210087,4424.3447265625,4580.3486328125,2063.0,2017.0,367.3995056152344,569.2000122070312,1.4962798357009888,0.07038461416959763,1.4962798357009888,0.07038461416959763,1.4962798357009888,0.07038461416959763,0.0,0.0,0.0,0.0
56.34041471,4424.3447265625,4580.3486328125,2063.0,2017.0,367.3995056152344,569.2000122070312,1.4962798357009888,0.07038461416959763,1.4962798357009888,0.07038461416959763,1.4962798357009888,0.07038461416959763,0.0,0.0,0.0,0.0
56.360523186,4414.17041015625,4585.80517578125,2063.0,2017.0,367.3995056152344,569.2000122070312,1.4954959154129028,0.07743667811155319,1.4954959154129028,0.07743667811155319,1.4954959154129028,0.07743667811155319,0.0,0.0,0.0,0.0
56.38022404,4414.17041015625,4585.80517578125,2063.0,2017.0,367.3995056152344,569.2000122070312,1.4954959154129028,0.07743667811155319,1.4954959154129028,0.07743667811155319,1.4954959154129028,0.07743667811155319,0.0,0.0,0.0,0.0
56.400180026,4407.396484375,4589.24951171875,2063.0,2017.0,367.3995056152344,569.2000122070312,1.4949426651000977,0.08204689621925354,1.4949426651000977,0.08204689621925354,1.4949426651000977,0.08204689621925354,0.0,0.0,0.0,0.0
56.420209378,4407.396484375,4589.24951171875,2069.0,2023.0,370.8783874511719,572.535888671875,1.4949426651000977,0.08204689621925354,1.4949426651000977,0.08204689621925354,1.4949426651000977,0.08204689621925354,0.0,0.0,0.0,0.0
56.440621362,4407.396484375,4589.24951171875,2069.0,2023.0,370.8783874511719,572.535888671875,1.4949426651000977,0.08204689621925354,1.4949426651000977,0.08204689621925354,1.4949426651000977,0.08204689621925354,0.0,0.0,0.0,0.0
56.460499791,4403.837890625,4591.00146484375,2069.0,2023.0,370.8783874511719,572.535888671875,1.4946424961090088,0.08444307744503021,1.4946424961090088,0.08444307744503021,1.4946424961090088,0.08444307744503021,0.0,0.0,0.0,0.0
56.4802392,4403.837890625,4591.00146484375,2069.0,2023.0,370.8783874511719,572.535888671875,1.4946424961090088,0.08444307744503021,1.4946424961090088,0.08444307744503021,1.4946424961090088,0.08444307744503021,0.0,0.0,0.0,0.0
56.500259881,4403.837890625,4591.00146484375,2069.0,2023.0,370.8783874511719,572.535888671875,1.4946424961090088,0.08444307744503021,1.4946424961090088,0.08444307744503021,1.4946424961090088,0.08444307744503021,0.0,0.0,0.0,0.0
56.520225817,4403.837890625,4591.00146484375,2080.0,2029.0,374.33349609375,575.9671020507812,1.4946424961090088,0.08444307744503021,1.4946424961090088,0.08444307744503021,1.4946424961090088,0.08444307744503021,0.0,0.0,0.0,0.0
56.540386862,4403.837890625,4591.00146484375,2080.0,2029.0,374.33349609375,575.9671020507812,1.4946424961090088,0.08444307744503021,1.4946424961090088,0.08444307744503021,1.4946424961090088,0.08444307744503021,0.0,0.0,0.0,0.0
56.560629335,4400.2548828125,4592.72607421875,2080.0,2029.0,374.33349609375,575.9671020507812,1.4943336248397827,0.08683779090642929,1.4943336248397827,0.08683779090642929,1.4943336248397827,0.08683779090642929,0.0,0.0,0.0,0.0
56.580344555,4400.2548828125,4592.72607421875,2080.0,2029.0,374.33349609375,575.9671020507812,1.4943336248397827,0.08683779090642929,1.4943336248397827,0.08683779090642929,1.4943336248397827,0.08683779090642929,0.0,0.0,0.0,0.0
56.600238214,4400.2548828125,4592.72607421875,2080.0,2029.0,374.33349609375,575.9671020507812,1.4943336248397827,0.08683779090642929,1.4943336248397827,0.08683779090642929,1.4943336248397827,0.08683779090642929,0.0,0.0,0.0,0.0
56.620207958,4396.64794921875,4594.423828125,2074.0,2017.0,377.7886047363281,579.2791748046875,1.494016408920288,0.08923100680112839,1.494016408920288,0.08923100680112839,1.494016408920288,0.08923100680112839,0.0,0.0,0.0,0.0
56.640633509,4396.64794921875,4594.423828125,2074.0,2017.0,377.7886047363281,579.2791748046875,1.494016408920288,0.08923100680112839,1.494016408920288,0.08923100680112839,1.494016408920288,0.08923100680112839,0.0,0.0,0.0,0.0
56.660167379,4393.3515625,4595.94189453125,2074.0,2017.0,377.7886047363281,579.2791748046875,1.4937210083007812,0.09140321612358093,1.4937210083007812,0.09140321612358093,1.4937210083007812,0.09140321612358093,0.0,0.0,0.0,0.0
56.680247155,4393.3515625,4595.94189453125,2074.0,2017.0,377.7886047363281,579.2791748046875,1.4937210083007812,0.09140321612358093,1.4937210083007812,0.09140321612358093,1.4937210083007812,0.09140321612358093,0.0,0.0,0.0,0.0
56.700208068,4389.7080078125,4597.583984375,2074.0,2017.0,377.7886047363281,579.2791748046875,1.4933884143829346,0.09378767013549805,1.4933884143829346,0.09378767013549805,1.4933884143829346,0.09378767013549805,0.0,0.0,0.0,0.0
56.720238956,4389.7080078125,4597.583984375,2069.0,2023.0,381.2674865722656,582.6389770507812,1.4933884143829346,0.09378767013549805,1.4933884143829346,0.09378767013549805,1.4933884143829346,0.09378767013549805,0.0,0.0,0.0,0.0
56.740202396,4389.7080078125,4597.583984375,2069.0,2023.0,381.2674865722656,582.6389770507812,1.4933884143829346,0.09378767013549805,1.4933884143829346,0.09378767013549805,1.4933884143829346,0.09378767013549805,0.0,0.0,0.0,0.0
56.760189578,4386.041015625,4599.1982421875,2069.0,2023.0,381.2674865722656,582.6389770507812,1.4930472373962402,0.09617052227258682,1.4930472373962402,0.09617052227258682,1.4930472373962402,0.09617052227258682,0.0,0.0,0.0,0.0
56.78021493,4386.041015625,4599.1982421875,2069.0,2023.0,381.2674865722656,582.6389770507812,1.4930472373962402,0.09617052227258682,1.4930472373962402,0.09617052227258682,1.4930472373962402,0.09617052227258682,0.0,0.0,0.0,0.0
56.800191009,4386.041015625,4599.1982421875,2069.0,2023.0,381.2674865722656,582.6389770507812,1.4930472373962402,0.09617052227258682,1.4930472373962402,0.09617052227258682,1.4930472373962402,0.09617052227258682,0.0,0.0,0.0,0.0
56.820191117,4378.6376953125,4602.34619140625,2074.0,2006.0,384.69879150390625,585.998779296875,1.492340087890625,0.10093121230602264,1.492340087890625,0.10093121230602264,1.492340087890625,0.10093121230602264,0.0,0.0,0.0,0.0
56.84022226,4378.6376953125,4602.34619140625,2074.0,2006.0,384.69879150390625,585.998779296875,1.492340087890625,0.10093121230602264,1.492340087890625,0.10093121230602264,1.492340087890625,0.10093121230602264,0.0,0.0,0.0,0.0
56.860188932,4371.140625,4605.38623046875,2074.0,2006.0,384.69879150390625,585.998779296875,1.4915995597839355,0.10568498820066452,1.4915995597839355,0.10568498820066452,1.4915995597839355,0.10568498820066452,0.0,0.0,0.0,0.0
56.880498019,4371.140625,4605.38623046875,2074.0,2006.0,384.69879150390625,585.998779296875,1.4915995597839355,0.10568498820066452,1.4915995597839355,0.10568498820066452,1.4915995597839355,0.10568498820066452,0.0,0.0,0.0,0.0
56.900194459,4371.140625,4605.38623046875,2074.0,2006.0,384.69879150390625,585.998779296875,1.4915995597839355,0.10568498820066452,1.4915995597839355,0.10568498820066452,1.4915995597839355,0.10568498820066452,0.0,0.0,0.0,0.0
56.920259197,4360.15771484375,4609.5830078125,2074.0,2011.0,388.15380859375,589.38232421875,1.4904718399047852,0.11253362149000168,1.4904718399047852,0.11253362149000168,1.4904718399047852,0.11253362149000168,0.0,0.0,0.0,0.0
56.940230381,4360.15771484375,4609.5830078125,2074.0,2011.0,388.15380859375,589.38232421875,1.4904718399047852,0.11253362149000168,1.4904718399047852,0.11253362149000168,1.4904718399047852,0.11253362149000168,0.0,0.0,0.0,0.0
56.960231192,4360.15771484375,4609.5830078125,2074.0,2011.0,388.15380859375,589.38232421875,1.4904718399047852,0.11253362149000168,1.4904718399047852,0.11253362149000168,1.4904718399047852,0.11253362149000168,0.0,0.0,0.0,0.0
56.98025696,4348.57177734375,4613.6962890625,2074.0,2011.0,388.15380859375,589.38232421875,1.4892301559448242,0.11961688101291656,1.4892301559448242,0.11961688101291656,1.4892301559448242,0.11961688101291656,0.0,0.0,0.0,0.0
57.000190005,4348.57177734375,4613.6962890625,2074.0,2011.0,388.15380859375,589.38232421875,1.4892301559448242,0.11961688101291656,1.4892301559448242,0.11961688101291656,1.4892301559448242,0.11961688101291656,0.0,0.0,0.0,0.0
57.020208317,4336.78466796875,4617.56884765625,2074.0,2034.0,391.6326904296875,592.789794921875,1.4879151582717896,0.12668192386627197,1.4879151582717896,0.12668192386627197,1.4879151582717896,0.12668192386627197,0.0,0.0,0.0,0.0
57.040222118,4336.78466796875,4617.56884765625,2074.0,2034.0,391.6326904296875,592.789794921875,1.4879151582717896,0.12668192386627197,1.4879151582717896,0.12668192386627197,1.4879151582717896,0.12668192386627197,0.0,0.0,0.0,0.0
57.060191221,4328.81689453125,4620.0166015625,2074.0,2034.0,391.6326904296875,592.789794921875,1.4869978427886963,0.1313813328742981,1.4869978427886963,0.1313813328742981,1.4869978427886963,0.1313813328742981,0.0,0.0,0.0,0.0
57.080229626,4328.81689453125,4620.0166015625,2074.0,2034.0,391.6326904296875,592.789794921875,1.4869978427886963,0.1313813328742981,1.4869978427886963,0.1313813328742981,1.4869978427886963,0.1313813328742981,0.0,0.0,0.0,0.0
57.100190283,4328.81689453125,4620.0166015625,2074.0,2034.0,391.6326904296875,592.789794921875,1.4869978427886963,0.1313813328742981,1.4869978427886963,0.1313813328742981,1.4869978427886963,0.1313813328742981,0.0,0.0,0.0,0.0
57.120223473,4324.80029296875,4621.20068359375,2074.0,2029.0,395.0877990722656,596.1494750976562,1.4865272045135498,0.13372774422168732,1.4865272045135498,0.13372774422168732,1.4865272045135498,0.13372774422168732,0.0,0.0,0.0,0.0
57.140231546,4324.80029296875,4621.20068359375,2074.0,2029.0,395.0877990722656,596.1494750976562,1.4865272045135498,0.13372774422168732,1.4865272045135498,0.13372774422168732,1.4865272045135498,0.13372774422168732,0.0,0.0,0.0,0.0
57.160171502,4320.76171875,4622.3583984375,2074.0,2029.0,395.0877990722656,596.1494750976562,1.4860484600067139,0.13607190549373627,1.4860484600067139,0.13607190549373627,1.4860484600067139,0.13607190549373627,0.0,0.0,0.0,0.0
57.180305189,4320.76171875,4622.3583984375,2074.0,2029.0,395.0877990722656,596.1494750976562,1.4860484600067139,0.13607190549373627,1.4860484600067139,0.13607190549373627,1.4860484600067139,0.13607190549373627,0.0,0.0,0.0,0.0
57.20020947,4320.76171875,4622.3583984375,2074.0,2029.0,395.0877990722656,596.1494750976562,1.4860484600067139,0.13607190549373627,1.4860484600067139,0.13607190549373627,1.4860484600067139,0.13607190549373627,0.0,0.0,0.0,0.0
57.220243364,4312.62060546875,4624.59326171875,2074.0,2034.0,398.54290771484375,599.5330810546875,1.4850671291351318,0.1407533437013626,1.4850671291351318,0.1407533437013626,1.4850671291351318,0.1407533437013626,0.0,0.0,0.0,0.0
57.240223697,4312.62060546875,4624.59326171875,2074.0,2034.0,398.54290771484375,599.5330810546875,1.4850671291351318,0.1407533437013626,1.4850671291351318,0.1407533437013626,1.4850671291351318,0.1407533437013626,0.0,0.0,0.0,0.0
57.260715062,4304.39404296875,4626.72216796875,2074.0,2034.0,398.54290771484375,599.5330810546875,1.4840538501739502,0.14542534947395325,1.4840538501739502,0.14542534947395325,1.4840538501739502,0.14542534947395325,0.0,0.0,0.0,0.0
57.280462725,4304.39404296875,4626.72216796875,2074.0,2034.0,398.54290771484375,599.5330810546875,1.4840538501739502,0.14542534947395325,1.4840538501739502,0.14542534947395325,1.4840538501739502,0.14542534947395325,0.0,0.0,0.0,0.0
57.300179064,4304.39404296875,4626.72216796875,2074.0,2034.0,398.54290771484375,599.5330810546875,1.4840538501739502,0.14542534947395325,1.4840538501739502,0.14542534947395325,1.4840538501739502,0.14542534947395325,0.0,0.0,0.0,0.0
57.320193313,4291.89697265625,4629.71728515625,2074.0,2006.0,401.99798583984375,602.8214111328125,1.48247492313385,0.15241508185863495,1.48247492313385,0.15241508185863495,1.48247492313385,0.15241508185863495,0.0,0.0,0.0,0.0
57.340417836,4291.89697265625,4629.71728515625,2074.0,2006.0,401.99798583984375,602.8214111328125,1.48247492313385,0.15241508185863495,1.48247492313385,0.15241508185863495,1.48247492313385,0.15241508185863495,0.0,0.0,0.0,0.0
57.360200182,4291.89697265625,4629.71728515625,2074.0,2006.0,401.99798583984375,602.8214111328125,1.48247492313385,0.15241508185863495,1.48247492313385,0.15241508185863495,1.48247492313385,0.15241508185863495,0.0,0.0,0.0,0.0
57.380222973,4283.46142578125,4631.58203125,2074.0,2006.0,401.99798583984375,602.8214111328125,1.4813830852508545,0.15706229209899902,1.4813830852508545,0.15706229209899902,1.4813830852508545,0.15706229209899902,0.0,0.0,0.0,0.0
57.400192972,4283.46142578125,4631.58203125,2074.0,2006.0,401.99798583984375,602.8214111328125,1.4813830852508545,0.15706229209899902,1.4813830852508545,0.15706229209899902,1.4813830852508545,0.15706229209899902,0.0,0.0,0.0,0.0
57.420187864,4270.65478515625,4634.18212890625,2069.0,2011.0,405.4530029296875,606.2288208007812,1.4796870946884155,0.16401351988315582,1.4796870946884155,0.16401351988315582,1.4796870946884155,0.16401351988315582,0.0,0.0,0.0,0.0
57.440204032,4270.65478515625,4634.18212890625,2069.0,2011.0,405.4530029296875,606.2288208007812,1.4796870946884155,0.16401351988315582,1.4796870946884155,0.16401351988315582,1.4796870946884155,0.16401351988315582,0.0,0.0,0.0,0.0
57.460434826,4270.65478515625,4634.18212890625,2069.0,2011.0,405.4530029296875,606.2288208007812,1.4796870946884155,0.16401351988315582,1.4796870946884155,0.16401351988315582,1.4796870946884155,0.16401351988315582,0.0,0.0,0.0,0.0
57.480233714,4262.0166015625,4635.78564453125,2069.0,2011.0,405.4530029296875,606.2288208007812,1.4785181283950806,0.16863419115543365,1.4785181283950806,0.16863419115543365,1.4785181283950806,0.16863419115543365,0.0,0.0,0.0,0.0
57.500184099,4262.0166015625,4635.78564453125,2069.0,2011.0,405.4530029296875,606.2288208007812,1.4785181283950806,0.16863419115543365,1.4785181283950806,0.16863419115543365,1.4785181283950806,0.16863419115543365,0.0,0.0,0.0,0.0
57.520219241,4253.29833984375,4637.2841796875,2069.0,2017.0,408.8843078613281,609.6124267578125,1.4773184061050415,0.17324377596378326,1.4773184061050415,0.17324377596378326,1.4773184061050415,0.17324377596378326,0.0,0.0,0.0,0.0
57.540447539,4253.29833984375,4637.2841796875,2069.0,2017.0,408.8843078613281,609.6124267578125,1.4773184061050415,0.17324377596378326,1.4773184061050415,0.17324377596378326,1.4773184061050415,0.17324377596378326,0.0,0.0,0.0,0.0
57.560201505,4240.07421875,4639.33837890625,2069.0,2017.0,408.8843078613281,609.6124267578125,1.4754623174667358,0.1801367700099945,1.4754623174667358,0.1801367700099945,1.4754623174667358,0.1801367700099945,0.0,0.0,0.0,0.0
57.580217354,4240.07421875,4639.33837890625,2069.0,2017.0,408.8843078613281,609.6124267578125,1.4754623174667358,0.1801367700099945,1.4754623174667358,0.1801367700099945,1.4754623174667358,0.1801367700099945,0.0,0.0,0.0,0.0
57.600162525,4240.07421875,4639.33837890625,2069.0,2017.0,408.8843078613281,609.6124267578125,1.4754623174667358,0.1801367700099945,1.4754623174667358,0.1801367700099945,1.4754623174667358,0.1801367700099945,0.0,0.0,0.0,0.0
57.620218815,4217.65087890625,4642.2470703125,2074.0,2029.0,412.3631896972656,612.9959716796875,1.472219705581665,0.19156593084335327,1.472219705581665,0.19156593084335327,1.472219705581665,0.19156593084335327,0.0,0.0,0.0,0.0
57.640285888,4217.65087890625,4642.2470703125,2074.0,2029.0,412.3631896972656,612.9959716796875,1.472219705581665,0.19156593084335327,1.472219705581665,0.19156593084335327,1.472219705581665,0.19156593084335327,0.0,0.0,0.0,0.0
57.660404634,4217.65087890625,4642.2470703125,2074.0,2029.0,412.3631896972656,612.9959716796875,1.472219705581665,0.19156593084335327,1.472219705581665,0.19156593084335327,1.472219705581665,0.19156593084335327,0.0,0.0,0.0,0.0
57.680259546,4194.76171875,4644.51806640625,2074.0,2029.0,412.3631896972656,612.9959716796875,1.4687936305999756,0.20291768014431,1.4687936305999756,0.20291768014431,1.4687936305999756,0.20291768014431,0.0,0.0,0.0,0.0
57.700204141,4194.76171875,4644.51806640625,2074.0,2029.0,412.3631896972656,612.9959716796875,1.4687936305999756,0.20291768014431,1.4687936305999756,0.20291768014431,1.4687936305999756,0.20291768014431,0.0,0.0,0.0,0.0
57.72018825,4171.42333984375,4646.16064453125,2069.0,2029.0,415.84210205078125,616.3557739257812,1.4651886224746704,0.21418821811676025,1.4651886224746704,0.21418821811676025,1.4651886224746704,0.21418821811676025,0.0,0.0,0.0,0.0
57.740445376,4171.42333984375,4646.16064453125,2069.0,2029.0,415.84210205078125,616.3557739257812,1.4651886224746704,0.21418821811676025,1.4651886224746704,0.21418821811676025,1.4651886224746704,0.21418821811676025,0.0,0.0,0.0,0.0
57.760576088,4161.96630859375,4646.6435546875,2069.0,2029.0,415.84210205078125,616.3557739257812,1.4636974334716797,0.21867285668849945,1.4636974334716797,0.21867285668849945,1.4636974334716797,0.21867285668849945,0.0,0.0,0.0,0.0
57.780233843,4161.96630859375,4646.6435546875,2069.0,2029.0,415.84210205078125,616.3557739257812,1.4636974334716797,0.21867285668849945,1.4636974334716797,0.21867285668849945,1.4636974334716797,0.21867285668849945,0.0,0.0,0.0,0.0
57.800180646,4161.96630859375,4646.6435546875,2069.0,2029.0,415.84210205078125,616.3557739257812,1.4636974334716797,0.21867285668849945,1.4636974334716797,0.21867285668849945,1.4636974334716797,0.21867285668849945,0.0,0.0,0.0,0.0
57.820205293,4152.44091796875,4647.02734375,2080.0,2017.0,419.2972106933594,619.6917114257812,1.462178349494934,0.22314368188381195,1.462178349494934,0.22314368188381195,1.462178349494934,0.22314368188381195,0.0,0.0,0.0,0.0
57.840451861,4152.44091796875,4647.02734375,2080.0,2017.0,419.2972106933594,619.6917114257812,1.462178349494934,0.22314368188381195,1.462178349494934,0.22314368188381195,1.462178349494934,0.22314368188381195,0.0,0.0,0.0,0.0
57.860234654,4152.44091796875,4647.02734375,2080.0,2017.0,419.2972106933594,619.6917114257812,1.462178349494934,0.22314368188381195,1.462178349494934,0.22314368188381195,1.462178349494934,0.22314368188381195,0.0,0.0,0.0,0.0
57.880219627,4147.65283203125,4647.1826171875,2080.0,2017.0,419.2972106933594,619.6917114257812,1.4614086151123047,0.22537384927272797,1.4614086151123047,0.22537384927272797,1.4614086151123047,0.22537384927272797,0.0,0.0,0.0,0.0
57.90020444,4147.65283203125,4647.1826171875,2080.0,2017.0,419.2972106933594,619.6917114257812,1.4614086151123047,0.22537384927272797,1.4614086151123047,0.22537384927272797,1.4614086151123047,0.22537384927272797,0.0,0.0,0.0,0.0
57.920217377,4142.8486328125,4647.3134765625,2074.0,2017.0,422.7522888183594,623.0753173828125,1.4606318473815918,0.22760047018527985,1.4606318473815918,0.22760047018527985,1.4606318473815918,0.22760047018527985,0.0,0.0,0.0,0.0
57.940198287,4142.8486328125,4647.3134765625,2074.0,2017.0,422.7522888183594,623.0753173828125,1.4606318473815918,0.22760047018527985,1.4606318473815918,0.22760047018527985,1.4606318473815918,0.22760047018527985,0.0,0.0,0.0,0.0
57.960439959,4142.8486328125,4647.3134765625,2074.0,2017.0,422.7522888183594,623.0753173828125,1.4606318473815918,0.22760047018527985,1.4606318473815918,0.22760047018527985,1.4606318473815918,0.22760047018527985,0.0,0.0,0.0,0.0
57.980266107,4142.8486328125,4647.3134765625,2074.0,2017.0,422.7522888183594,623.0753173828125,1.4606318473815918,0.22760047018527985,1.4606318473815918,0.22760047018527985,1.4606318473815918,0.22760047018527985,0.0,0.0,0.0,0.0
58.00024404,4142.8486328125,4647.3134765625,2074.0,2017.0,422.7522888183594,623.0753173828125,1.4606318473815918,0.22760047018527985,1.4606318473815918,0.22760047018527985,1.4606318473815918,0.22760047018527985,0.0,0.0,0.0,0.0
58.020235379,4138.02734375,4647.419921875,2069.0,2006.0,426.1835021972656,626.4113159179688,1.4598485231399536,0.2298235297203064,1.4598485231399536,0.2298235297203064,1.4598485231399536,0.2298235297203064,0.0,0.0,0.0,0.0
58.040197635,4138.02734375,4647.419921875,2069.0,2006.0,426.1835021972656,626.4113159179688,1.4598485231399536,0.2298235297203064,1.4598485231399536,0.2298235297203064,1.4598485231399536,0.2298235297203064,0.0,0.0,0.0,0.0
58.060168593,4138.02734375,4647.419921875,2069.0,2006.0,426.1835021972656,626.4113159179688,1.4598485231399536,0.2298235297203064,1.4598485231399536,0.2298235297203064,1.4598485231399536,0.2298235297203064,0.0,0.0,0.0,0.0
58.08019935,4138.02734375,4647.419921875,2069.0,2006.0,426.1835021972656,626.4113159179688,1.4598485231399536,0.2298235297203064,1.4598485231399536,0.2298235297203064,1.4598485231399536,0.2298235297203064,0.0,0.0,0.0,0.0
58.100206143,4138.02734375,4647.419921875,2069.0,2006.0,426.1835021972656,626.4113159179688,1.4598485231399536,0.2298235297203064,1.4598485231399536,0.2298235297203064,1.4598485231399536,0.2298235297203064,0.0,0.0,0.0,0.0
58.120197931,4138.02734375,4647.419921875,2074.0,2023.0,429.66241455078125,629.794921875,1.4598485231399536,0.2298235297203064,1.4598485231399536,0.2298235297203064,1.4598485231399536,0.2298235297203064,0.0,0.0,0.0,0.0
58.140198197,4138.02734375,4647.419921875,2074.0,2023.0,429.66241455078125,629.794921875,1.4598485231399536,0.2298235297203064,1.4598485231399536,0.2298235297203064,1.4598485231399536,0.2298235297203064,0.0,0.0,0.0,0.0
58.160165635,4138.02734375,4647.419921875,2074.0,2023.0,429.66241455078125,629.794921875,1.4598485231399536,0.2298235297203064,1.4598485231399536,0.2298235297203064,1.4598485231399536,0.2298235297203064,0.0,0.0,0.0,0.0
58.180223173,4138.02734375,4647.419921875,2074.0,2023.0,429.66241455078125,629.794921875,1.4598485231399536,0.2298235297203064,1.4598485231399536,0.2298235297203064,1.4598485231399536,0.2298235297203064,0.0,0.0,0.0,0.0
58.200221167,4138.02734375,4647.419921875,2074.0,2023.0,429.66241455078125,629.794921875,1.4598485231399536,0.2298235297203064,1.4598485231399536,0.2298235297203064,1.4598485231399536,0.2298235297203064,0.0,0.0,0.0,0.0
58.220234999,4138.02734375,4647.419921875,2080.0,2017.0,433.11749267578125,633.1785278320312,1.4598485231399536,0.2298235297203064,1.4598485231399536,0.2298235297203064,1.4598485231399536,0.2298235297203064,0.0,0.0,0.0,0.0
58.240204677,4140.29541015625,4647.373046875,2080.0,2017.0,433.11749267578125,633.1785278320312,1.4602175951004028,0.22877909243106842,1.4602175951004028,0.22877909243106842,1.4602175951004028,0.22877909243106842,0.0,0.0,0.0,0.0
58.260431247,4140.29541015625,4647.373046875,2080.0,2017.0,433.11749267578125,633.1785278320312,1.4602175951004028,0.22877909243106842,1.4602175951004028,0.22877909243106842,1.4602175951004028,0.22877909243106842,0.0,0.0,0.0,0.0
58.280286638,4230.68115234375,4649.1005859375,2080.0,2017.0,433.11749267578125,633.1785278320312,1.4755237102508545,0.17991341650485992,1.4755237102508545,0.1887790858745575,1.4755237102508545,0.1887790858745575,0.0,0.0,0.0,0.0
58.300185318,4240.50634765625,4639.275390625,2080.0,2017.0,433.11749267578125,633.1785278320312,1.4755237102508545,0.17991341650485992,1.4755237102508545,0.17991341650485992,1.4755237102508545,0.17991341650485992,0.0,0.0,0.0,0.0
58.320197902,4240.50634765625,4639.275390625,2069.0,2034.0,436.5726013183594,636.56201171875,1.4755237102508545,0.17991341650485992,1.4755237102508545,0.17991341650485992,1.4755237102508545,0.17991341650485992,0.0,0.0,0.0,0.0
58.340387677,4240.50634765625,4639.275390625,2069.0,2034.0,436.5726013183594,636.56201171875,1.4755237102508545,0.17991341650485992,1.4755237102508545,0.17991341650485992,1.4755237102508545,0.17991341650485992,0.0,0.0,0.0,0.0
58.360402885,4240.50634765625,4639.275390625,2069.0,2034.0,436.5726013183594,636.56201171875,1.4755237102508545,0.17991341650485992,1.4755237102508545,0.17991341650485992,1.4755237102508545,0.17991341650485992,0.0,0.0,0.0,0.0
58.38054953,4335.45166015625,4645.56298828125,2069.0,2034.0,436.5726013183594,636.56201171875,1.4923452138900757,0.10089755803346634,1.4923452138900757,0.139913409948349,1.4923452138900757,0.139913409948349,0.0,0.0,0.0,0.0
58.400217491,4378.68994140625,4602.32421875,2069.0,2034.0,436.5726013183594,636.56201171875,1.4923452138900757,0.10089755803346634,1.4923452138900757,0.10089755803346634,1.4923452138900757,0.10089755803346634,0.0,0.0,0.0,0.0
58.420184674,4378.68994140625,4602.32421875,2074.0,2023.0,440.051513671875,639.9218139648438,1.4923452138900757,0.10089755803346634,1.4923452138900757,0.10089755803346634,1.4923452138900757,0.10089755803346634,0.0,0.0,0.0,0.0
58.440390638,4390.17138671875,4597.37744140625,2074.0,2023.0,440.051513671875,639.9218139648438,1.4934309720993042,0.0934855043888092,1.4934309720993042,0.0934855043888092,1.4934309720993042,0.0934855043888092,0.0,0.0,0.0,0.0
58.460177303,4390.17138671875,4597.37744140625,2074.0,2023.0,440.051513671875,639.9218139648438,1.4934309720993042,0.0934855043888092,1.4934309720993042,0.0934855043888092,1.4934309720993042,0.0934855043888092,0.0,0.0,0.0,0.0
58.480230137,4390.83447265625,4597.080078125,2074.0,2023.0,440.051513671875,639.9218139648438,1.493491768836975,0.0930524468421936,1.493491768836975,0.0930524468421936,1.493491768836975,0.0930524468421936,0.0,0.0,0.0,0.0
58.500233923,4390.83447265625,4597.080078125,2074.0,2023.0,440.051513671875,639.9218139648438,1.493491768836975,0.0930524468421936,1.493491768836975,0.0930524468421936,1.493491768836975,0.0930524468421936,0.0,0.0,0.0,0.0
58.520208049,4391.1630859375,4596.9326171875,2080.0,2000.0,443.506591796875,643.23388671875,1.4935219287872314,0.09283741563558578,1.4935219287872314,0.09283741563558578,1.4935219287872314,0.09283741563558578,0.0,0.0,0.0,0.0
58.540161217,4391.1630859375,4596.9326171875,2080.0,2000.0,443.506591796875,643.23388671875,1.4935219287872314,0.09283741563558578,1.4935219287872314,0.09283741563558578,1.4935219287872314,0.09283741563558578,0.0,0.0,0.0,0.0
58.560159979,4391.1630859375,4596.9326171875,2080.0,2000.0,443.506591796875,643.23388671875,1.4935219287872314,0.09283741563558578,1.4935219287872314,0.09283741563558578,1.4935219287872314,0.09283741563558578,0.0,0.0,0.0,0.0
58.580184754,4391.490234375,4596.78515625,2080.0,2000.0,443.506591796875,643.23388671875,1.4935517311096191,0.09262336790561676,1.4935517311096191,0.09262336790561676,1.4935517311096191,0.09262336790561676,0.0,0.0,0.0,0.0
58.600207001,4391.490234375,4596.78515625,2080.0,2000.0,443.506591796875,643.23388671875,1.4935517311096191,0.09262336790561676,1.4935517311096191,0.09262336790561676,1.4935517311096191,0.09262336790561676,0.0,0.0,0.0,0.0
58.620230111,4391.490234375,4596.78515625,2069.0,2017.0,446.93780517578125,646.6414184570312,1.4935517311096191,0.09262336790561676,1.4935517311096191,0.09262336790561676,1.4935517311096191,0.09262336790561676,0.0,0.0,0.0,0.0
58.640190031,4398.76806640625,4593.4306640625,2069.0,2017.0,446.93780517578125,646.6414184570312,1.4942036867141724,0.08782635629177094,1.4942036867141724,0.08782635629177094,1.4942036867141724,0.08782635629177094,0.0,0.0,0.0,0.0
58.660148639,4398.76806640625,4593.4306640625,2069.0,2017.0,446.93780517578125,646.6414184570312,1.4942036867141724,0.08782635629177094,1.4942036867141724,0.08782635629177094,1.4942036867141724,0.08782635629177094,0.0,0.0,0.0,0.0
58.680217311,4402.50537109375,4591.6474609375,2069.0,2017.0,446.93780517578125,646.6414184570312,1.4945284128189087,0.08533572405576706,1.4945284128189087,0.08533572405576706,1.4945284128189087,0.08533572405576706,0.0,0.0,0.0,0.0
58.70020769,4402.50537109375,4591.6474609375,2069.0,2017.0,446.93780517578125,646.6414184570312,1.4945284128189087,0.08533572405576706,1.4945284128189087,0.08533572405576706,1.4945284128189087,0.08533572405576706,0.0,0.0,0.0,0.0
58.720210548,4402.50537109375,4591.6474609375,2063.0,2011.0,450.3929138183594,650.0010986328125,1.4945284128189087,0.08533572405576706,1.4945284128189087,0.08533572405576706,1.4945284128189087,0.08533572405576706,0.0,0.0,0.0,0.0
58.740216125,4402.50537109375,4591.6474609375,2063.0,2011.0,450.3929138183594,650.0010986328125,1.4945284128189087,0.08533572405576706,1.4945284128189087,0.08533572405576706,1.4945284128189087,0.08533572405576706,0.0,0.0,0.0,0.0
58.760163759,4402.50537109375,4591.6474609375,2063.0,2011.0,450.3929138183594,650.0010986328125,1.4945284128189087,0.08533572405576706,1.4945284128189087,0.08533572405576706,1.4945284128189087,0.08533572405576706,0.0,0.0,0.0,0.0
58.780197044,4402.7978515625,4591.50634765625,2063.0,2011.0,450.3929138183594,650.0010986328125,1.494553565979004,0.08514007180929184,1.494553565979004,0.08514007180929184,1.494553565979004,0.08514007180929184,0.0,0.0,0.0,0.0
58.800193598,4402.7978515625,4591.50634765625,2063.0,2011.0,450.3929138183594,650.0010986328125,1.494553565979004,0.08514007180929184,1.494553565979004,0.08514007180929184,1.494553565979004,0.08514007180929184,0.0,0.0,0.0,0.0
58.820206886,4402.7978515625,4591.50634765625,2080.0,2029.0,453.8717956542969,653.3847045898438,1.494553565979004,0.08514007180929184,1.494553565979004,0.08514007180929184,1.494553565979004,0.08514007180929184,0.0,0.0,0.0,0.0
58.840230765,4403.08837890625,4591.36572265625,2080.0,2029.0,453.8717956542969,653.3847045898438,1.49457848072052,0.08494532108306885,1.49457848072052,0.08494532108306885,1.49457848072052,0.08494532108306885,0.0,0.0,0.0,0.0
58.860169088,4403.08837890625,4591.36572265625,2080.0,2029.0,453.8717956542969,653.3847045898438,1.49457848072052,0.08494532108306885,1.49457848072052,0.08494532108306885,1.49457848072052,0.08494532108306885,0.0,0.0,0.0,0.0
58.880199845,4406.48046875,4589.7041015625,2080.0,2029.0,453.8717956542969,653.3847045898438,1.494866132736206,0.08266540616750717,1.494866132736206,0.08266540616750717,1.494866132736206,0.08266540616750717,0.0,0.0,0.0,0.0
58.900195216,4406.48046875,4589.7041015625,2080.0,2029.0,453.8717956542969,653.3847045898438,1.494866132736206,0.08266540616750717,1.494866132736206,0.08266540616750717,1.494866132736206,0.08266540616750717,0.0,0.0,0.0,0.0
58.920243955,4406.48046875,4589.7041015625,2080.0,2017.0,457.326904296875,656.744384765625,1.494866132736206,0.08266540616750717,1.494866132736206,0.08266540616750717,1.494866132736206,0.08266540616750717,0.0,0.0,0.0,0.0
58.940188037,4406.48046875,4589.7041015625,2080.0,2017.0,457.326904296875,656.744384765625,1.494866132736206,0.08266540616750717,1.494866132736206,0.08266540616750717,1.494866132736206,0.08266540616750717,0.0,0.0,0.0,0.0
58.960160787,4406.48046875,4589.7041015625,2080.0,2017.0,457.326904296875,656.744384765625,1.494866132736206,0.08266540616750717,1.494866132736206,0.08266540616750717,1.494866132736206,0.08266540616750717,0.0,0.0,0.0,0.0
58.980272493,4406.76025390625,4589.5654296875,2080.0,2017.0,457.326904296875,656.744384765625,1.494889497756958,0.0824766606092453,1.494889497756958,0.0824766606092453,1.494889497756958,0.0824766606092453,0.0,0.0,0.0,0.0
59.000204544,4406.76025390625,4589.5654296875,2080.0,2017.0,457.326904296875,656.744384765625,1.494889497756958,0.0824766606092453,1.494889497756958,0.0824766606092453,1.494889497756958,0.0824766606092453,0.0,0.0,0.0,0.0
59.020179693,4406.76025390625,4589.5654296875,2074.0,2011.0,460.7820129394531,660.0803833007812,1.494889497756958,0.0824766606092453,1.494889497756958,0.0824766606092453,1.494889497756958,0.0824766606092453,0.0,0.0,0.0,0.0
59.04038428,4406.76025390625,4589.5654296875,2074.0,2011.0,460.7820129394531,660.0803833007812,1.494889497756958,0.0824766606092453,1.494889497756958,0.0824766606092453,1.494889497756958,0.0824766606092453,0.0,0.0,0.0,0.0
59.060366532,4406.76025390625,4589.5654296875,2074.0,2011.0,460.7820129394531,660.0803833007812,1.494889497756958,0.0824766606092453,1.494889497756958,0.0824766606092453,1.494889497756958,0.0824766606092453,0.0,0.0,0.0,0.0
59.080195846,4407.03857421875,4589.427734375,2074.0,2011.0,460.7820129394531,660.0803833007812,1.49491286277771,0.08228877931833267,1.49491286277771,0.08228877931833267,1.49491286277771,0.08228877931833267,0.0,0.0,0.0,0.0
59.100180785,4407.03857421875,4589.427734375,2074.0,2011.0,460.7820129394531,660.0803833007812,1.49491286277771,0.08228877931833267,1.49491286277771,0.08228877931833267,1.49491286277771,0.08228877931833267,0.0,0.0,0.0,0.0
59.12038003,4407.03857421875,4589.427734375,2069.0,2006.0,464.23699951171875,663.4163208007812,1.49491286277771,0.08228877931833267,1.49491286277771,0.08228877931833267,1.49491286277771,0.08228877931833267,0.0,0.0,0.0,0.0
59.140411778,4407.03857421875,4589.427734375,2069.0,2006.0,464.23699951171875,663.4163208007812,1.49491286277771,0.08228877931833267,1.49491286277771,0.08228877931833267,1.49491286277771,0.08228877931833267,0.0,0.0,0.0,0.0
59.160382192,4407.03857421875,4589.427734375,2069.0,2006.0,464.23699951171875,663.4163208007812,1.49491286277771,0.08228877931833267,1.49491286277771,0.08228877931833267,1.49491286277771,0.08228877931833267,0.0,0.0,0.0,0.0
59.180185557,4407.03857421875,4589.427734375,2069.0,2006.0,464.23699951171875,663.4163208007812,1.49491286277771,0.08228877931833267,1.49491286277771,0.08228877931833267,1.49491286277771,0.08228877931833267,0.0,0.0,0.0,0.0
59.200381634,4407.03857421875,4589.427734375,2069.0,2006.0,464.23699951171875,663.4163208007812,1.49491286277771,0.08228877931833267,1.49491286277771,0.08228877931833267,1.49491286277771,0.08228877931833267,0.0,0.0,0.0,0.0
59.220239008,4407.03857421875,4589.427734375,2080.0,2006.0,467.7159118652344,666.7999267578125,1.49491286277771,0.08228877931833267,1.49491286277771,0.08228877931833267,1.49491286277771,0.08228877931833267,0.0,0.0,0.0,0.0
59.240445675,4407.3154296875,4589.28955078125,2080.0,2006.0,467.7159118652344,666.7999267578125,1.4949358701705933,0.0821017473936081,1.4949358701705933,0.0821017473936081,1.4949358701705933,0.0821017473936081,0.0,0.0,0.0,0.0
59.260470513,4407.3154296875,4589.28955078125,2080.0,2006.0,467.7159118652344,666.7999267578125,1.4949358701705933,0.0821017473936081,1.4949358701705933,0.0821017473936081,1.4949358701705933,0.0821017473936081,0.0,0.0,0.0,0.0
59.280217214,4407.3154296875,4589.28955078125,2080.0,2006.0,467.7159118652344,666.7999267578125,1.4949358701705933,0.0821017473936081,1.4949358701705933,0.0821017473936081,1.4949358701705933,0.0821017473936081,0.0,0.0,0.0,0.0
59.300184972,4407.3154296875,4589.28955078125,2080.0,2006.0,467.7159118652344,666.7999267578125,1.4949358701705933,0.0821017473936081,1.4949358701705933,0.0821017473936081,1.4949358701705933,0.0821017473936081,0.0,0.0,0.0,0.0
59.320201267,4407.3154296875,4589.28955078125,2074.0,2023.0,471.1709899902344,670.1834716796875,1.4949358701705933,0.0821017473936081,1.4949358701705933,0.0821017473936081,1.4949358701705933,0.0821017473936081,0.0,0.0,0.0,0.0
59.340414333,4407.3154296875,4589.28955078125,2074.0,2023.0,471.1709899902344,670.1834716796875,1.4949358701705933,0.0821017473936081,1.4949358701705933,0.0821017473936081,1.4949358701705933,0.0821017473936081,0.0,0.0,0.0,0.0
59.360396297,4407.3154296875,4589.28955078125,2074.0,2023.0,471.1709899902344,670.1834716796875,1.4949358701705933,0.0821017473936081,1.4949358701705933,0.0821017473936081,1.4949358701705933,0.0821017473936081,0.0,0.0,0.0,0.0
59.380178194,4407.5908203125,4589.15283203125,2074.0,2023.0,471.1709899902344,670.1834716796875,1.4949588775634766,0.08191555738449097,1.4949588775634766,0.08191555738449097,1.4949588775634766,0.08191555738449097,0.0,0.0,0.0,0.0
59.400170172,4407.5908203125,4589.15283203125,2074.0,2023.0,471.1709899902344,670.1834716796875,1.4949588775634766,0.08191555738449097,1.4949588775634766,0.08191555738449097,1.4949588775634766,0.08191555738449097,0.0,0.0,0.0,0.0
59.420378567,4407.5908203125,4589.15283203125,2069.0,2023.0,474.6260986328125,673.5670776367188,1.4949588775634766,0.08191555738449097,1.4949588775634766,0.08191555738449097,1.4949588775634766,0.08191555738449097,0.0,0.0,0.0,0.0
59.440209929,4407.5908203125,4589.15283203125,2069.0,2023.0,474.6260986328125,673.5670776367188,1.4949588775634766,0.08191555738449097,1.4949588775634766,0.08191555738449097,1.4949588775634766,0.08191555738449097,0.0,0.0,0.0,0.0
59.460183925,4407.5908203125,4589.15283203125,2069.0,2023.0,474.6260986328125,673.5670776367188,1.4949588775634766,0.08191555738449097,1.4949588775634766,0.08191555738449097,1.4949588775634766,0.08191555738449097,0.0,0.0,0.0,0.0
59.480276529,4407.5908203125,4589.15283203125,2069.0,2023.0,474.6260986328125,673.5670776367188,1.4949588775634766,0.08191555738449097,1.4949588775634766,0.08191555738449097,1.4949588775634766,0.08191555738449097,0.0,0.0,0.0,0.0
59.500202693,4407.5908203125,4589.15283203125,2069.0,2023.0,474.6260986328125,673.5670776367188,1.4949588775634766,0.08191555738449097,1.4949588775634766,0.08191555738449097,1.4949588775634766,0.08191555738449097,0.0,0.0,0.0,0.0
59.520233674,4407.5908203125,4589.15283203125,2080.0,2029.0,478.7959899902344,677.5941162109375,1.4949588775634766,0.08191555738449097,1.4949588775634766,0.08191555738449097,1.4949588775634766,0.08191555738449097,0.0,0.0,0.0,0.0
59.540405754,4407.5908203125,4589.15283203125,2080.0,2029.0,478.7959899902344,677.5941162109375,1.4949588775634766,0.08191555738449097,1.4949588775634766,0.08191555738449097,1.4949588775634766,0.08191555738449097,0.0,0.0,0.0,0.0
59.560375112,4407.5908203125,4589.15283203125,2080.0,2029.0,478.7959899902344,677.5941162109375,1.4949588775634766,0.08191555738449097,1.4949588775634766,0.08191555738449097,1.4949588775634766,0.08191555738449097,0.0,0.0,0.0,0.0
59.580192107,4407.5908203125,4589.15283203125,2080.0,2029.0,478.7959899902344,677.5941162109375,1.4949588775634766,0.08191555738449097,1.4949588775634766,0.08191555738449097,1.4949588775634766,0.08191555738449097,0.0,0.0,0.0,0.0
59.600171095,4407.5908203125,4589.15283203125,2080.0,2029.0,478.7959899902344,677.5941162109375,1.4949588775634766,0.08191555738449097,1.4949588775634766,0.08191555738449097,1.4949588775634766,0.08191555738449097,0.0,0.0,0.0,0.0
59.620223833,4407.5908203125,4589.15283203125,2080.0,2006.0,482.27490234375,680.9299926757812,1.4949588775634766,0.08191555738449097,1.4949588775634766,0.08191555738449097,1.4949588775634766,0.08191555738449097,0.0,0.0,0.0,0.0
59.640450594,4407.5908203125,4589.15283203125,2080.0,2006.0,482.27490234375,680.9299926757812,1.4949588775634766,0.08191555738449097,1.4949588775634766,0.08191555738449097,1.4949588775634766,0.08191555738449097,0.0,0.0,0.0,0.0
59.660362775,4407.5908203125,4589.15283203125,2080.0,2006.0,482.27490234375,680.9299926757812,1.4949588775634766,0.08191555738449097,1.4949588775634766,0.08191555738449097,1.4949588775634766,0.08191555738449097,0.0,0.0,0.0,0.0
59.680602718,4407.5908203125,4589.15283203125,2080.0,2006.0,482.27490234375,680.9299926757812,1.4949588775634766,0.08191555738449097,1.4949588775634766,0.08191555738449097,1.4949588775634766,0.08191555738449097,0.0,0.0,0.0,0.0
59.70040394,4407.5908203125,4589.15283203125,2080.0,2006.0,482.27490234375,680.9299926757812,1.4949588775634766,0.08191555738449097,1.4949588775634766,0.08191555738449097,1.4949588775634766,0.08191555738449097,0.0,0.0,0.0,0.0
59.720394542,4407.5908203125,4589.15283203125,2074.0,2006.0,485.7062072753906,684.289794921875,1.4949588775634766,0.08191555738449097,1.4949588775634766,0.08191555738449097,1.4949588775634766,0.08191555738449097,0.0,0.0,0.0,0.0
59.740549889,4407.865234375,4589.01611328125,2074.0,2006.0,485.7062072753906,684.289794921875,1.4949817657470703,0.08173020929098129,1.4949817657470703,0.08173020929098129,1.4949817657470703,0.08173020929098129,0.0,0.0,0.0,0.0
59.760567688,4407.865234375,4589.01611328125,2074.0,2006.0,485.7062072753906,684.289794921875,1.4949817657470703,0.08173020929098129,1.4949817657470703,0.08173020929098129,1.4949817657470703,0.08173020929098129,0.0,0.0,0.0,0.0
59.780584558,4407.865234375,4589.01611328125,2074.0,2006.0,485.7062072753906,684.289794921875,1.4949817657470703,0.08173020929098129,1.4949817657470703,0.08173020929098129,1.4949817657470703,0.08173020929098129,0.0,0.0,0.0,0.0
59.800363703,4407.865234375,4589.01611328125,2074.0,2006.0,485.7062072753906,684.289794921875,1.4949817657470703,0.08173020929098129,1.4949817657470703,0.08173020929098129,1.4949817657470703,0.08173020929098129,0.0,0.0,0.0,0.0
59.820236211,4407.865234375,4589.01611328125,2069.0,2017.0,489.1612854003906,687.6732788085938,1.4949817657470703,0.08173020929098129,1.4949817657470703,0.08173020929098129,1.4949817657470703,0.08173020929098129,0.0,0.0,0.0,0.0
59.840524147,4408.1376953125,4588.87939453125,2069.0,2017.0,489.1612854003906,687.6732788085938,1.495004415512085,0.08154569566249847,1.495004415512085,0.08154569566249847,1.495004415512085,0.08154569566249847,0.0,0.0,0.0,0.0
59.860270496,4408.1376953125,4588.87939453125,2069.0,2017.0,489.1612854003906,687.6732788085938,1.495004415512085,0.08154569566249847,1.495004415512085,0.08154569566249847,1.495004415512085,0.08154569566249847,0.0,0.0,0.0,0.0
59.880283239,4408.1376953125,4588.87939453125,2069.0,2017.0,489.1612854003906,687.6732788085938,1.495004415512085,0.08154569566249847,1.495004415512085,0.08154569566249847,1.495004415512085,0.08154569566249847,0.0,0.0,0.0,0.0
59.900271762,4408.1376953125,4588.87939453125,2069.0,2017.0,489.1612854003906,687.6732788085938,1.495004415512085,0.08154569566249847,1.495004415512085,0.08154569566249847,1.495004415512085,0.08154569566249847,0.0,0.0,0.0,0.0
59.920347025,4408.1376953125,4588.87939453125,2074.0,2023.0,492.64019775390625,691.0330810546875,1.495004415512085,0.08154569566249847,1.495004415512085,0.08154569566249847,1.495004415512085,0.08154569566249847,0.0,0.0,0.0,0.0
59.940373366,4408.1376953125,4588.87939453125,2074.0,2023.0,492.64019775390625,691.0330810546875,1.495004415512085,0.08154569566249847,1.495004415512085,0.08154569566249847,1.495004415512085,0.08154569566249847,0.0,0.0,0.0,0.0
59.96043583,4408.1376953125,4588.87939453125,2074.0,2023.0,492.64019775390625,691.0330810546875,1.495004415512085,0.08154569566249847,1.495004415512085,0.08154569566249847,1.495004415512085,0.08154569566249847,0.0,0.0,0.0,0.0
59.980566221,4408.1376953125,4588.87939453125,2074.0,2023.0,492.64019775390625,691.0330810546875,1.495004415512085,0.08154569566249847,1.495004415512085,0.08154569566249847,1.495004415512085,0.08154569566249847,0.0,0.0,0.0,0.0
60.000415083,4408.1376953125,4588.87939453125,2074.0,2023.0,492.64019775390625,691.0330810546875,1.495004415512085,0.08154569566249847,1.495004415512085,0.08154569566249847,1.495004415512085,0.08154569566249847,0.0,0.0,0.0,0.0
60.020432689,4408.1376953125,4588.87939453125,2080.0,2023.0,496.09521484375,694.4166870117188,1.495004415512085,0.08154569566249847,1.495004415512085,0.08154569566249847,1.495004415512085,0.08154569566249847,0.0,0.0,0.0,0.0
60.040570725,4408.4091796875,4588.74365234375,2080.0,2023.0,496.09521484375,694.4166870117188,1.49502694606781,0.08136200904846191,1.49502694606781,0.08136200904846191,1.49502694606781,0.08136200904846191,0.0,0.0,0.0,0.0
60.060560431,4408.4091796875,4588.74365234375,2080.0,2023.0,496.09521484375,694.4166870117188,1.49502694606781,0.08136200904846191,1.49502694606781,0.08136200904846191,1.49502694606781,0.08136200904846191,0.0,0.0,0.0,0.0
60.080358676,4408.4091796875,4588.74365234375,2080.0,2023.0,496.09521484375,694.4166870117188,1.49502694606781,0.08136200904846191,1.49502694606781,0.08136200904846191,1.49502694606781,0.08136200904846191,0.0,0.0,0.0,0.0
60.100545474,4408.4091796875,4588.74365234375,2080.0,2023.0,496.09521484375,694.4166870117188,1.49502694606781,0.08136200904846191,1.49502694606781,0.08136200904846191,1.49502694606781,0.08136200904846191,0.0,0.0,0.0,0.0
60.120272273,4408.4091796875,4588.74365234375,2080.0,2006.0,499.5741882324219,697.752685546875,1.49502694606781,0.08136200904846191,1.49502694606781,0.08136200904846191,1.49502694606781,0.08136200904846191,0.0,0.0,0.0,0.0
60.141616185,4408.4091796875,4588.74365234375,2080.0,2006.0,499.5741882324219,697.752685546875,1.49502694606781,0.08136200904846191,1.49502694606781,0.08136200904846191,1.49502694606781,0.08136200904846191,0.0,0.0,0.0,0.0
60.160486275,4408.4091796875,4588.74365234375,2080.0,2006.0,499.5741882324219,697.752685546875,1.49502694606781,0.08136200904846191,1.49502694606781,0.08136200904846191,1.49502694606781,0.08136200904846191,0.0,0.0,0.0,0.0
60.180216691,4408.4091796875,4588.74365234375,2080.0,2006.0,499.5741882324219,697.752685546875,1.49502694606781,0.08136200904846191,1.49502694606781,0.08136200904846191,1.49502694606781,0.08136200904846191,0.0,0.0,0.0,0.0
60.200212539,4408.4091796875,4588.74365234375,2080.0,2006.0,499.5741882324219,697.752685546875,1.49502694606781,0.08136200904846191,1.49502694606781,0.08136200904846191,1.49502694606781,0.08136200904846191,0.0,0.0,0.0,0.0
60.220263325,4408.4091796875,4588.74365234375,2080.0,2017.0,503.0530090332031,701.13623046875,1.49502694606781,0.08136200904846191,1.49502694606781,0.08136200904846191,1.49502694606781,0.08136200904846191,0.0,0.0,0.0,0.0
60.240490628,4408.4091796875,4588.74365234375,2080.0,2017.0,503.0530090332031,701.13623046875,1.49502694606781,0.08136200904846191,1.49502694606781,0.08136200904846191,1.49502694606781,0.08136200904846191,0.0,0.0,0.0,0.0
60.2603265,4408.4091796875,4588.74365234375,2080.0,2017.0,503.0530090332031,701.13623046875,1.49502694606781,0.08136200904846191,1.49502694606781,0.08136200904846191,1.49502694606781,0.08136200904846191,0.0,0.0,0.0,0.0
60.280250007,4408.4091796875,4588.74365234375,2080.0,2017.0,503.0530090332031,701.13623046875,1.49502694606781,0.08136200904846191,1.49502694606781,0.08136200904846191,1.49502694606781,0.08136200904846191,0.0,0.0,0.0,0.0
60.300478303,4408.4091796875,4588.74365234375,2080.0,2017.0,503.0530090332031,701.13623046875,1.49502694606781,0.08136200904846191,1.49502694606781,0.08136200904846191,1.49502694606781,0.08136200904846191,0.0,0.0,0.0,0.0
60.320255687,4408.4091796875,4588.74365234375,2080.0,2006.0,506.5080871582031,704.4484252929688,1.49502694606781,0.08136200904846191,1.49502694606781,0.08136200904846191,1.49502694606781,0.08136200904846191,0.0,0.0,0.0,0.0
60.340706351,4408.4091796875,4588.74365234375,2080.0,2006.0,506.5080871582031,704.4484252929688,1.49502694606781,0.08136200904846191,1.49502694606781,0.08136200904846191,1.49502694606781,0.08136200904846191,0.0,0.0,0.0,0.0
60.360449948,4408.4091796875,4588.74365234375,2080.0,2006.0,506.5080871582031,704.4484252929688,1.49502694606781,0.08136200904846191,1.49502694606781,0.08136200904846191,1.49502694606781,0.08136200904846191,0.0,0.0,0.0,0.0
60.380228356,4408.4091796875,4588.74365234375,2080.0,2006.0,506.5080871582031,704.4484252929688,1.49502694606781,0.08136200904846191,1.49502694606781,0.08136200904846191,1.49502694606781,0.08136200904846191,0.0,0.0,0.0,0.0
60.400465035,4408.4091796875,4588.74365234375,2080.0,2006.0,506.5080871582031,704.4484252929688,1.49502694606781,0.08136200904846191,1.49502694606781,0.08136200904846191,1.49502694606781,0.08136200904846191,0.0,0.0,0.0,0.0
60.420262352,4408.4091796875,4588.74365234375,2074.0,2017.0,509.96319580078125,707.8319702148438,1.49502694606781,0.08136200904846191,1.49502694606781,0.08136200904846191,1.49502694606781,0.08136200904846191,0.0,0.0,0.0,0.0
60.440637475,4408.4091796875,4588.74365234375,2074.0,2017.0,509.96319580078125,707.8319702148438,1.49502694606781,0.08136200904846191,1.49502694606781,0.08136200904846191,1.49502694606781,0.08136200904846191,0.0,0.0,0.0,0.0
60.460542233,4408.4091796875,4588.74365234375,2074.0,2017.0,509.96319580078125,707.8319702148438,1.49502694606781,0.08136200904846191,1.49502694606781,0.08136200904846191,1.49502694606781,0.08136200904846191,0.0,0.0,0.0,0.0
60.480215248,4408.4091796875,4588.74365234375,2074.0,2017.0,509.96319580078125,707.8319702148438,1.49502694606781,0.08136200904846191,1.49502694606781,0.08136200904846191,1.49502694606781,0.08136200904846191,0.0,0.0,0.0,0.0
60.500186876,4408.4091796875,4588.74365234375,2074.0,2017.0,509.96319580078125,707.8319702148438,1.49502694606781,0.08136200904846191,1.49502694606781,0.08136200904846191,1.49502694606781,0.08136200904846191,0.0,0.0,0.0,0.0
60.52027228,4408.4091796875,4588.74365234375,2074.0,2017.0,513.4182739257812,711.2393798828125,1.49502694606781,0.08136200904846191,1.49502694606781,0.08136200904846191,1.49502694606781,0.08136200904846191,0.0,0.0,0.0,0.0
60.540788599,4408.4091796875,4588.74365234375,2074.0,2017.0,513.4182739257812,711.2393798828125,1.49502694606781,0.08136200904846191,1.49502694606781,0.08136200904846191,1.49502694606781,0.08136200904846191,0.0,0.0,0.0,0.0
60.560257323,4408.4091796875,4588.74365234375,2074.0,2017.0,513.4182739257812,711.2393798828125,1.49502694606781,0.08136200904846191,1.49502694606781,0.08136200904846191,1.49502694606781,0.08136200904846191,0.0,0.0,0.0,0.0
60.580232183,4408.4091796875,4588.74365234375,2074.0,2017.0,513.4182739257812,711.2393798828125,1.49502694606781,0.08136200904846191,1.49502694606781,0.08136200904846191,1.49502694606781,0.08136200904846191,0.0,0.0,0.0,0.0
60.600380746,4408.4091796875,4588.74365234375,2074.0,2017.0,513.4182739257812,711.2393798828125,1.49502694606781,0.08136200904846191,1.49502694606781,0.08136200904846191,1.49502694606781,0.08136200904846191,0.0,0.0,0.0,0.0
60.620222377,4408.4091796875,4588.74365234375,2080.0,2029.0,516.897216796875,714.59912109375,1.49502694606781,0.08136200904846191,1.49502694606781,0.08136200904846191,1.49502694606781,0.08136200904846191,0.0,0.0,0.0,0.0
60.640449713,4408.4091796875,4588.74365234375,2080.0,2029.0,516.897216796875,714.59912109375,1.49502694606781,0.08136200904846191,1.49502694606781,0.08136200904846191,1.49502694606781,0.08136200904846191,0.0,0.0,0.0,0.0
60.660373028,4408.4091796875,4588.74365234375,2080.0,2029.0,516.897216796875,714.59912109375,1.49502694606781,0.08136200904846191,1.49502694606781,0.08136200904846191,1.49502694606781,0.08136200904846191,0.0,0.0,0.0,0.0
60.680340689,4408.4091796875,4588.74365234375,2080.0,2029.0,516.897216796875,714.59912109375,1.49502694606781,0.08136200904846191,1.49502694606781,0.08136200904846191,1.49502694606781,0.08136200904846191,0.0,0.0,0.0,0.0
60.700309662,4408.4091796875,4588.74365234375,2080.0,2029.0,516.897216796875,714.59912109375,1.49502694606781,0.08136200904846191,1.49502694606781,0.08136200904846191,1.49502694606781,0.08136200904846191,0.0,0.0,0.0,0.0
60.720226194,4408.4091796875,4588.74365234375,2080.0,2029.0,520.3760986328125,717.9589233398438,1.49502694606781,0.08136200904846191,1.49502694606781,0.08136200904846191,1.49502694606781,0.08136200904846191,0.0,0.0,0.0,0.0
60.740461977,4408.4091796875,4588.74365234375,2080.0,2029.0,520.3760986328125,717.9589233398438,1.49502694606781,0.08136200904846191,1.49502694606781,0.08136200904846191,1.49502694606781,0.08136200904846191,0.0,0.0,0.0,0.0
60.760211237,4408.4091796875,4588.74365234375,2080.0,2029.0,520.3760986328125,717.9589233398438,1.49502694606781,0.08136200904846191,1.49502694606781,0.08136200904846191,1.49502694606781,0.08136200904846191,0.0,0.0,0.0,0.0
60.78027978,4408.4091796875,4588.74365234375,2080.0,2029.0,520.3760986328125,717.9589233398438,1.49502694606781,0.08136200904846191,1.49502694606781,0.08136200904846191,1.49502694606781,0.08136200904846191,0.0,0.0,0.0,0.0
60.80044706,4408.4091796875,4588.74365234375,2080.0,2029.0,520.3760986328125,717.9589233398438,1.49502694606781,0.08136200904846191,1.49502694606781,0.08136200904846191,1.49502694606781,0.08136200904846191,0.0,0.0,0.0,0.0
60.820208447,4408.4091796875,4588.74365234375,2074.0,1994.0,523.8311767578125,721.27099609375,1.49502694606781,0.08136200904846191,1.49502694606781,0.08136200904846191,1.49502694606781,0.08136200904846191,0.0,0.0,0.0,0.0
60.840512283,4408.4091796875,4588.74365234375,2074.0,1994.0,523.8311767578125,721.27099609375,1.49502694606781,0.08136200904846191,1.49502694606781,0.08136200904846191,1.49502694606781,0.08136200904846191,0.0,0.0,0.0,0.0
60.860484776,4408.4091796875,4588.74365234375,2074.0,1994.0,523.8311767578125,721.27099609375,1.49502694606781,0.08136200904846191,1.49502694606781,0.08136200904846191,1.49502694606781,0.08136200904846191,0.0,0.0,0.0,0.0
60.88022063,4408.4091796875,4588.74365234375,2074.0,1994.0,523.8311767578125,721.27099609375,1.49502694606781,0.08136200904846191,1.49502694606781,0.08136200904846191,1.49502694606781,0.08136200904846191,0.0,0.0,0.0,0.0
60.900183268,4408.4091796875,4588.74365234375,2074.0,1994.0,523.8311767578125,721.27099609375,1.49502694606781,0.08136200904846191,1.49502694606781,0.08136200904846191,1.49502694606781,0.08136200904846191,0.0,0.0,0.0,0.0
60.920249027,4408.4091796875,4588.74365234375,2074.0,2011.0,527.2863159179688,724.6785278320312,1.49502694606781,0.08136200904846191,1.49502694606781,0.08136200904846191,1.49502694606781,0.08136200904846191,0.0,0.0,0.0,0.0
60.940535874,4408.4091796875,4588.74365234375,2074.0,2011.0,527.2863159179688,724.6785278320312,1.49502694606781,0.08136200904846191,1.49502694606781,0.08136200904846191,1.49502694606781,0.08136200904846191,0.0,0.0,0.0,0.0
60.960658233,4408.4091796875,4588.74365234375,2074.0,2011.0,527.2863159179688,724.6785278320312,1.49502694606781,0.08136200904846191,1.49502694606781,0.08136200904846191,1.49502694606781,0.08136200904846191,0.0,0.0,0.0,0.0
60.980238205,4408.4091796875,4588.74365234375,2074.0,2011.0,527.2863159179688,724.6785278320312,1.49502694606781,0.08136200904846191,1.49502694606781,0.08136200904846191,1.49502694606781,0.08136200904846191,0.0,0.0,0.0,0.0
61.00019198,4408.4091796875,4588.74365234375,2074.0,2011.0,527.2863159179688,724.6785278320312,1.49502694606781,0.08136200904846191,1.49502694606781,0.08136200904846191,1.49502694606781,0.08136200904846191,0.0,0.0,0.0,0.0
61.02042645,4408.4091796875,4588.74365234375,2074.0,2011.0,530.7412719726562,728.0382080078125,1.49502694606781,0.08136200904846191,1.49502694606781,0.08136200904846191,1.49502694606781,0.08136200904846191,0.0,0.0,0.0,0.0
61.040281742,4408.4091796875,4588.74365234375,2074.0,2011.0,530.7412719726562,728.0382080078125,1.49502694606781,0.08136200904846191,1.49502694606781,0.08136200904846191,1.49502694606781,0.08136200904846191,0.0,0.0,0.0,0.0
61.060499446,4408.4091796875,4588.74365234375,2074.0,2011.0,530.7412719726562,728.0382080078125,1.49502694606781,0.08136200904846191,1.49502694606781,0.08136200904846191,1.49502694606781,0.08136200904846191,0.0,0.0,0.0,0.0
61.080221766,4408.4091796875,4588.74365234375,2074.0,2011.0,530.7412719726562,728.0382080078125,1.49502694606781,0.08136200904846191,1.49502694606781,0.08136200904846191,1.49502694606781,0.08136200904846191,0.0,0.0,0.0,0.0
61.100420625,4408.4091796875,4588.74365234375,2074.0,2011.0,530.7412719726562,728.0382080078125,1.49502694606781,0.08136200904846191,1.49502694606781,0.08136200904846191,1.49502694606781,0.08136200904846191,0.0,0.0,0.0,0.0
61.120269838,4408.4091796875,4588.74365234375,2069.0,2040.0,534.1964111328125,731.439697265625,1.49502694606781,0.08136200904846191,1.49502694606781,0.08136200904846191,1.49502694606781,0.08136200904846191,0.0,0.0,0.0,0.0
61.140240666,4408.4091796875,4588.74365234375,2069.0,2040.0,534.1964111328125,731.439697265625,1.49502694606781,0.08136200904846191,1.49502694606781,0.08136200904846191,1.49502694606781,0.08136200904846191,0.0,0.0,0.0,0.0
61.160455106,4408.4091796875,4588.74365234375,2069.0,2040.0,534.1964111328125,731.439697265625,1.49502694606781,0.08136200904846191,1.49502694606781,0.08136200904846191,1.49502694606781,0.08136200904846191,0.0,0.0,0.0,0.0
61.180259718,4408.4091796875,4588.74365234375,2069.0,2040.0,534.1964111328125,731.439697265625,1.49502694606781,0.08136200904846191,1.49502694606781,0.08136200904846191,1.49502694606781,0.08136200904846191,0.0,0.0,0.0,0.0
61.200224083,4408.4091796875,4588.74365234375,2069.0,2040.0,534.1964111328125,731.439697265625,1.49502694606781,0.08136200904846191,1.49502694606781,0.08136200904846191,1.49502694606781,0.08136200904846191,0.0,0.0,0.0,0.0
61.220215451,4408.4091796875,4588.74365234375,2074.0,2017.0,537.67529296875,734.7694702148438,1.49502694606781,0.08136200904846191,1.49502694606781,0.08136200904846191,1.49502694606781,0.08136200904846191,0.0,0.0,0.0,0.0
61.240235168,4408.4091796875,4588.74365234375,2074.0,2017.0,537.67529296875,734.7694702148438,1.49502694606781,0.08136200904846191,1.49502694606781,0.08136200904846191,1.49502694606781,0.08136200904846191,0.0,0.0,0.0,0.0
61.260458376,4408.4091796875,4588.74365234375,2074.0,2017.0,537.67529296875,734.7694702148438,1.49502694606781,0.08136200904846191,1.49502694606781,0.08136200904846191,1.49502694606781,0.08136200904846191,0.0,0.0,0.0,0.0
61.280512711,4408.4091796875,4588.74365234375,2074.0,2017.0,537.67529296875,734.7694702148438,1.49502694606781,0.08136200904846191,1.49502694606781,0.08136200904846191,1.49502694606781,0.08136200904846191,0.0,0.0,0.0,0.0
61.30021065,4408.4091796875,4588.74365234375,2074.0,2017.0,537.67529296875,734.7694702148438,1.49502694606781,0.08136200904846191,1.49502694606781,0.08136200904846191,1.49502694606781,0.08136200904846191,0.0,0.0,0.0,0.0
61.320242781,4408.4091796875,4588.74365234375,2074.0,2006.0,541.13037109375,738.0994262695312,1.49502694606781,0.08136200904846191,1.49502694606781,0.08136200904846191,1.49502694606781,0.08136200904846191,0.0,0.0,0.0,0.0
61.34045735,4408.4091796875,4588.74365234375,2074.0,2006.0,541.13037109375,738.0994262695312,1.49502694606781,0.08136200904846191,1.49502694606781,0.08136200904846191,1.49502694606781,0.08136200904846191,0.0,0.0,0.0,0.0
61.360285286,4408.4091796875,4588.74365234375,2074.0,2006.0,541.13037109375,738.0994262695312,1.49502694606781,0.08136200904846191,1.49502694606781,0.08136200904846191,1.49502694606781,0.08136200904846191,0.0,0.0,0.0,0.0
61.380295276,4408.4091796875,4588.74365234375,2074.0,2006.0,541.13037109375,738.0994262695312,1.49502694606781,0.08136200904846191,1.49502694606781,0.08136200904846191,1.49502694606781,0.08136200904846191,0.0,0.0,0.0,0.0
61.400199074,4408.4091796875,4588.74365234375,2074.0,2006.0,541.13037109375,738.0994262695312,1.49502694606781,0.08136200904846191,1.49502694606781,0.08136200904846191,1.49502694606781,0.08136200904846191,0.0,0.0,0.0,0.0
61.420246594,4408.4091796875,4588.74365234375,2074.0,2011.0,544.5853881835938,741.4769287109375,1.49502694606781,0.08136200904846191,1.49502694606781,0.08136200904846191,1.49502694606781,0.08136200904846191,0.0,0.0,0.0,0.0
61.440286308,4408.4091796875,4588.74365234375,2074.0,2011.0,544.5853881835938,741.4769287109375,1.49502694606781,0.08136200904846191,1.49502694606781,0.08136200904846191,1.49502694606781,0.08136200904846191,0.0,0.0,0.0,0.0
61.460472049,4408.4091796875,4588.74365234375,2074.0,2011.0,544.5853881835938,741.4769287109375,1.49502694606781,0.08136200904846191,1.49502694606781,0.08136200904846191,1.49502694606781,0.08136200904846191,0.0,0.0,0.0,0.0
61.480447804,4408.4091796875,4588.74365234375,2074.0,2011.0,544.5853881835938,741.4769287109375,1.49502694606781,0.08136200904846191,1.49502694606781,0.08136200904846191,1.49502694606781,0.08136200904846191,0.0,0.0,0.0,0.0
61.500242913,4408.4091796875,4588.74365234375,2074.0,2011.0,544.5853881835938,741.4769287109375,1.49502694606781,0.08136200904846191,1.49502694606781,0.08136200904846191,1.49502694606781,0.08136200904846191,0.0,0.0,0.0,0.0
61.520295521,4408.4091796875,4588.74365234375,2074.0,2011.0,548.0643920898438,744.8067016601562,1.49502694606781,0.08136200904846191,1.49502694606781,0.08136200904846191,1.49502694606781,0.08136200904846191,0.0,0.0,0.0,0.0
61.540267789,4408.4091796875,4588.74365234375,2074.0,2011.0,548.0643920898438,744.8067016601562,1.49502694606781,0.08136200904846191,1.49502694606781,0.08136200904846191,1.49502694606781,0.08136200904846191,0.0,0.0,0.0,0.0
61.560233017,4408.4091796875,4588.74365234375,2074.0,2011.0,548.0643920898438,744.8067016601562,1.49502694606781,0.08136200904846191,1.49502694606781,0.08136200904846191,1.49502694606781,0.08136200904846191,0.0,0.0,0.0,0.0
61.580270811,4408.4091796875,4588.74365234375,2074.0,2011.0,548.0643920898438,744.8067016601562,1.49502694606781,0.08136200904846191,1.49502694606781,0.08136200904846191,1.49502694606781,0.08136200904846191,0.0,0.0,0.0,0.0
61.60021697,4408.4091796875,4588.74365234375,2074.0,2011.0,548.0643920898438,744.8067016601562,1.49502694606781,0.08136200904846191,1.49502694606781,0.08136200904846191,1.49502694606781,0.08136200904846191,0.0,0.0,0.0,0.0
61.620293031,4408.4091796875,4588.74365234375,2074.0,2023.0,551.5194702148438,748.2078857421875,1.49502694606781,0.08136200904846191,1.49502694606781,0.08136200904846191,1.49502694606781,0.08136200904846191,0.0,0.0,0.0,0.0
61.640245653,4408.4091796875,4588.74365234375,2074.0,2023.0,551.5194702148438,748.2078857421875,1.49502694606781,0.08136200904846191,1.49502694606781,0.08136200904846191,1.49502694606781,0.08136200904846191,0.0,0.0,0.0,0.0
61.660220129,4408.4091796875,4588.74365234375,2074.0,2023.0,551.5194702148438,748.2078857421875,1.49502694606781,0.08136200904846191,1.49502694606781,0.08136200904846191,1.49502694606781,0.08136200904846191,0.0,0.0,0.0,0.0
61.680297437,4408.4091796875,4588.74365234375,2074.0,2023.0,551.5194702148438,748.2078857421875,1.49502694606781,0.08136200904846191,1.49502694606781,0.08136200904846191,1.49502694606781,0.08136200904846191,0.0,0.0,0.0,0.0
61.700251979,4408.4091796875,4588.74365234375,2074.0,2023.0,551.5194702148438,748.2078857421875,1.49502694606781,0.08136200904846191,1.49502694606781,0.08136200904846191,1.49502694606781,0.08136200904846191,0.0,0.0,0.0,0.0
61.720610687,4408.4091796875,4588.74365234375,2074.0,2023.0,554.9744873046875,751.5853271484375,1.49502694606781,0.08136200904846191,1.49502694606781,0.08136200904846191,1.49502694606781,0.08136200904846191,0.0,0.0,0.0,0.0
61.740258361,4408.4091796875,4588.74365234375,2074.0,2023.0,554.9744873046875,751.5853271484375,1.49502694606781,0.08136200904846191,1.49502694606781,0.08136200904846191,1.49502694606781,0.08136200904846191,0.0,0.0,0.0,0.0
61.760215559,4408.4091796875,4588.74365234375,2074.0,2023.0,554.9744873046875,751.5853271484375,1.49502694606781,0.08136200904846191,1.49502694606781,0.08136200904846191,1.49502694606781,0.08136200904846191,0.0,0.0,0.0,0.0
61.780279909,4408.4091796875,4588.74365234375,2074.0,2023.0,554.9744873046875,751.5853271484375,1.49502694606781,0.08136200904846191,1.49502694606781,0.08136200904846191,1.49502694606781,0.08136200904846191,0.0,0.0,0.0,0.0
61.800235091,4408.4091796875,4588.74365234375,2074.0,2023.0,554.9744873046875,751.5853271484375,1.49502694606781,0.08136200904846191,1.49502694606781,0.08136200904846191,1.49502694606781,0.08136200904846191,0.0,0.0,0.0,0.0
61.820289939,4408.4091796875,4588.74365234375,2074.0,2034.0,558.4534301757812,754.9390258789062,1.49502694606781,0.08136200904846191,1.49502694606781,0.08136200904846191,1.49502694606781,0.08136200904846191,0.0,0.0,0.0,0.0
61.840251456,4408.4091796875,4588.74365234375,2074.0,2034.0,558.4534301757812,754.9390258789062,1.49502694606781,0.08136200904846191,1.49502694606781,0.08136200904846191,1.49502694606781,0.08136200904846191,0.0,0.0,0.0,0.0
61.860295937,4408.4091796875,4588.74365234375,2074.0,2034.0,558.4534301757812,754.9390258789062,1.49502694606781,0.08136200904846191,1.49502694606781,0.08136200904846191,1.49502694606781,0.08136200904846191,0.0,0.0,0.0,0.0
61.880273516,4408.4091796875,4588.74365234375,2074.0,2034.0,558.4534301757812,754.9390258789062,1.49502694606781,0.08136200904846191,1.49502694606781,0.08136200904846191,1.49502694606781,0.08136200904846191,0.0,0.0,0.0,0.0
61.900252438,4408.4091796875,4588.74365234375,2074.0,2034.0,558.4534301757812,754.9390258789062,1.49502694606781,0.08136200904846191,1.49502694606781,0.08136200904846191,1.49502694606781,0.08136200904846191,0.0,0.0,0.0,0.0
61.920301847,4408.4091796875,4588.74365234375,2080.0,2011.0,561.9085083007812,758.2689208984375,1.49502694606781,0.08136200904846191,1.49502694606781,0.08136200904846191,1.49502694606781,0.08136200904846191,0.0,0.0,0.0,0.0
61.9402888,4408.4091796875,4588.74365234375,2080.0,2011.0,561.9085083007812,758.2689208984375,1.49502694606781,0.08136200904846191,1.49502694606781,0.08136200904846191,1.49502694606781,0.08136200904846191,0.0,0.0,0.0,0.0
61.96033309,4408.4091796875,4588.74365234375,2080.0,2011.0,561.9085083007812,758.2689208984375,1.49502694606781,0.08136200904846191,1.49502694606781,0.08136200904846191,1.49502694606781,0.08136200904846191,0.0,0.0,0.0,0.0
61.980271026,4408.4091796875,4588.74365234375,2080.0,2011.0,561.9085083007812,758.2689208984375,1.49502694606781,0.08136200904846191,1.49502694606781,0.08136200904846191,1.49502694606781,0.08136200904846191,0.0,0.0,0.0,0.0
62.000237278,4408.4091796875,4588.74365234375,2080.0,2011.0,561.9085083007812,758.2689208984375,1.49502694606781,0.08136200904846191,1.49502694606781,0.08136200904846191,1.49502694606781,0.08136200904846191,0.0,0.0,0.0,0.0
62.020515197,4408.4091796875,4588.74365234375,2069.0,2011.0,565.3635864257812,761.6463012695312,1.49502694606781,0.08136200904846191,1.49502694606781,0.08136200904846191,1.49502694606781,0.08136200904846191,0.0,0.0,0.0,0.0
62.040244586,4408.4091796875,4588.74365234375,2069.0,2011.0,565.3635864257812,761.6463012695312,1.49502694606781,0.08136200904846191,1.49502694606781,0.08136200904846191,1.49502694606781,0.08136200904846191,0.0,0.0,0.0,0.0
62.060436789,4408.4091796875,4588.74365234375,2069.0,2011.0,565.3635864257812,761.6463012695312,1.49502694606781,0.08136200904846191,1.49502694606781,0.08136200904846191,1.49502694606781,0.08136200904846191,0.0,0.0,0.0,0.0
62.0803259,4408.4091796875,4588.74365234375,2069.0,2011.0,565.3635864257812,761.6463012695312,1.49502694606781,0.08136200904846191,1.49502694606781,0.08136200904846191,1.49502694606781,0.08136200904846191,0.0,0.0,0.0,0.0
62.100302614,4408.4091796875,4588.74365234375,2069.0,2011.0,565.3635864257812,761.6463012695312,1.49502694606781,0.08136200904846191,1.49502694606781,0.08136200904846191,1.49502694606781,0.08136200904846191,0.0,0.0,0.0,0.0
62.120273697,4408.4091796875,4588.74365234375,2074.0,2017.0,568.842529296875,765.023681640625,1.49502694606781,0.08136200904846191,1.49502694606781,0.08136200904846191,1.49502694606781,0.08136200904846191,0.0,0.0,0.0,0.0
62.140211025,4408.4091796875,4588.74365234375,2074.0,2017.0,568.842529296875,765.023681640625,1.49502694606781,0.08136200904846191,1.49502694606781,0.08136200904846191,1.49502694606781,0.08136200904846191,0.0,0.0,0.0,0.0
62.160195962,4408.4091796875,4588.74365234375,2074.0,2017.0,568.842529296875,765.023681640625,1.49502694606781,0.08136200904846191,1.49502694606781,0.08136200904846191,1.49502694606781,0.08136200904846191,0.0,0.0,0.0,0.0
62.180235291,4408.4091796875,4588.74365234375,2074.0,2017.0,568.842529296875,765.023681640625,1.49502694606781,0.08136200904846191,1.49502694606781,0.08136200904846191,1.49502694606781,0.08136200904846191,0.0,0.0,0.0,0.0
62.200363823,4408.4091796875,4588.74365234375,2074.0,2017.0,568.842529296875,765.023681640625,1.49502694606781,0.08136200904846191,1.49502694606781,0.08136200904846191,1.49502694606781,0.08136200904846191,0.0,0.0,0.0,0.0
62.22052867,4408.4091796875,4588.74365234375,2074.0,2023.0,572.273681640625,768.3773803710938,1.49502694606781,0.08136200904846191,1.49502694606781,0.08136200904846191,1.49502694606781,0.08136200904846191,0.0,0.0,0.0,0.0
62.240293767,4408.4091796875,4588.74365234375,2074.0,2023.0,572.273681640625,768.3773803710938,1.49502694606781,0.08136200904846191,1.49502694606781,0.08136200904846191,1.49502694606781,0.08136200904846191,0.0,0.0,0.0,0.0
62.260261874,4408.4091796875,4588.74365234375,2074.0,2023.0,572.273681640625,768.3773803710938,1.49502694606781,0.08136200904846191,1.49502694606781,0.08136200904846191,1.49502694606781,0.08136200904846191,0.0,0.0,0.0,0.0
62.280246011,4408.4091796875,4588.74365234375,2074.0,2023.0,572.273681640625,768.3773803710938,1.49502694606781,0.08136200904846191,1.49502694606781,0.08136200904846191,1.49502694606781,0.08136200904846191,0.0,0.0,0.0,0.0
62.300247362,4408.4091796875,4588.74365234375,2074.0,2023.0,572.273681640625,768.3773803710938,1.49502694606781,0.08136200904846191,1.49502694606781,0.08136200904846191,1.49502694606781,0.08136200904846191,0.0,0.0,0.0,0.0
62.320500516,4408.4091796875,4588.74365234375,2069.0,2029.0,575.7050170898438,771.7548217773438,1.49502694606781,0.08136200904846191,1.49502694606781,0.08136200904846191,1.49502694606781,0.08136200904846191,0.0,0.0,0.0,0.0
62.340265197,4408.4091796875,4588.74365234375,2069.0,2029.0,575.7050170898438,771.7548217773438,1.49502694606781,0.08136200904846191,1.49502694606781,0.08136200904846191,1.49502694606781,0.08136200904846191,0.0,0.0,0.0,0.0
62.360460919,4408.4091796875,4588.74365234375,2069.0,2029.0,575.7050170898438,771.7548217773438,1.49502694606781,0.08136200904846191,1.49502694606781,0.08136200904846191,1.49502694606781,0.08136200904846191,0.0,0.0,0.0,0.0
62.380426307,4408.4091796875,4588.74365234375,2069.0,2029.0,575.7050170898438,771.7548217773438,1.49502694606781,0.08136200904846191,1.49502694606781,0.08136200904846191,1.49502694606781,0.08136200904846191,0.0,0.0,0.0,0.0
62.400228038,4408.4091796875,4588.74365234375,2069.0,2029.0,575.7050170898438,771.7548217773438,1.49502694606781,0.08136200904846191,1.49502694606781,0.08136200904846191,1.49502694606781,0.08136200904846191,0.0,0.0,0.0,0.0
62.420254153,4408.4091796875,4588.74365234375,2069.0,2011.0,579.2078247070312,775.084716796875,1.49502694606781,0.08136200904846191,1.49502694606781,0.08136200904846191,1.49502694606781,0.08136200904846191,0.0,0.0,0.0,0.0
62.440256656,4408.4091796875,4588.74365234375,2069.0,2011.0,579.2078247070312,775.084716796875,1.49502694606781,0.08136200904846191,1.49502694606781,0.08136200904846191,1.49502694606781,0.08136200904846191,0.0,0.0,0.0,0.0
62.46021734,4408.4091796875,4588.74365234375,2069.0,2011.0,579.2078247070312,775.084716796875,1.49502694606781,0.08136200904846191,1.49502694606781,0.08136200904846191,1.49502694606781,0.08136200904846191,0.0,0.0,0.0,0.0
62.480300311,4408.4091796875,4588.74365234375,2069.0,2011.0,579.2078247070312,775.084716796875,1.49502694606781,0.08136200904846191,1.49502694606781,0.08136200904846191,1.49502694606781,0.08136200904846191,0.0,0.0,0.0,0.0
62.500233511,4408.67919921875,4588.6083984375,2069.0,2011.0,579.2078247070312,775.084716796875,1.495049238204956,0.08117914944887161,1.495049238204956,0.08117914944887161,1.495049238204956,0.08117914944887161,0.0,0.0,0.0,0.0
62.520279111,4408.67919921875,4588.6083984375,2080.0,2023.0,582.6865844726562,778.4620971679688,1.495049238204956,0.08117914944887161,1.495049238204956,0.08117914944887161,1.495049238204956,0.08117914944887161,0.0,0.0,0.0,0.0
62.540227221,4408.67919921875,4588.6083984375,2080.0,2023.0,582.6865844726562,778.4620971679688,1.495049238204956,0.08117914944887161,1.495049238204956,0.08117914944887161,1.495049238204956,0.08117914944887161,0.0,0.0,0.0,0.0
62.560253912,4408.67919921875,4588.6083984375,2080.0,2023.0,582.6865844726562,778.4620971679688,1.495049238204956,0.08117914944887161,1.495049238204956,0.08117914944887161,1.495049238204956,0.08117914944887161,0.0,0.0,0.0,0.0
62.58030188,4408.67919921875,4588.6083984375,2080.0,2023.0,582.6865844726562,778.4620971679688,1.495049238204956,0.08117914944887161,1.495049238204956,0.08117914944887161,1.495049238204956,0.08117914944887161,0.0,0.0,0.0,0.0
62.600236968,4408.67919921875,4588.6083984375,2080.0,2023.0,582.6865844726562,778.4620971679688,1.495049238204956,0.08117914944887161,1.495049238204956,0.08117914944887161,1.495049238204956,0.08117914944887161,0.0,0.0,0.0,0.0
62.620312612,4408.67919921875,4588.6083984375,2080.0,2006.0,586.117919921875,781.7918701171875,1.495049238204956,0.08117914944887161,1.495049238204956,0.08117914944887161,1.495049238204956,0.08117914944887161,0.0,0.0,0.0,0.0
62.640231351,4408.67919921875,4588.6083984375,2080.0,2006.0,586.117919921875,781.7918701171875,1.495049238204956,0.08117914944887161,1.495049238204956,0.08117914944887161,1.495049238204956,0.08117914944887161,0.0,0.0,0.0,0.0
62.66025321,4408.67919921875,4588.6083984375,2080.0,2006.0,586.117919921875,781.7918701171875,1.495049238204956,0.08117914944887161,1.495049238204956,0.08117914944887161,1.495049238204956,0.08117914944887161,0.0,0.0,0.0,0.0
62.680306329,4408.67919921875,4588.6083984375,2080.0,2006.0,586.117919921875,781.7918701171875,1.495049238204956,0.08117914944887161,1.495049238204956,0.08117914944887161,1.495049238204956,0.08117914944887161,0.0,0.0,0.0,0.0
62.700222348,4408.67919921875,4588.6083984375,2080.0,2006.0,586.117919921875,781.7918701171875,1.495049238204956,0.08117914944887161,1.495049238204956,0.08117914944887161,1.495049238204956,0.08117914944887161,0.0,0.0,0.0,0.0
62.720264877,4408.67919921875,4588.6083984375,2069.0,2017.0,589.572998046875,785.1693725585938,1.495049238204956,0.08117914944887161,1.495049238204956,0.08117914944887161,1.495049238204956,0.08117914944887161,0.0,0.0,0.0,0.0
62.740273138,4408.67919921875,4588.6083984375,2069.0,2017.0,589.572998046875,785.1693725585938,1.495049238204956,0.08117914944887161,1.495049238204956,0.08117914944887161,1.495049238204956,0.08117914944887161,0.0,0.0,0.0,0.0
62.760250908,4408.67919921875,4588.6083984375,2069.0,2017.0,589.572998046875,785.1693725585938,1.495049238204956,0.08117914944887161,1.495049238204956,0.08117914944887161,1.495049238204956,0.08117914944887161,0.0,0.0,0.0,0.0
62.780297372,4408.67919921875,4588.6083984375,2069.0,2017.0,589.572998046875,785.1693725585938,1.495049238204956,0.08117914944887161,1.495049238204956,0.08117914944887161,1.495049238204956,0.08117914944887161,0.0,0.0,0.0,0.0
62.80022091,4408.67919921875,4588.6083984375,2069.0,2017.0,589.572998046875,785.1693725585938,1.495049238204956,0.08117914944887161,1.495049238204956,0.08117914944887161,1.495049238204956,0.08117914944887161,0.0,0.0,0.0,0.0
62.820319143,4408.67919921875,4588.6083984375,2069.0,2023.0,593.0518798828125,788.5706176757812,1.495049238204956,0.08117914944887161,1.495049238204956,0.08117914944887161,1.495049238204956,0.08117914944887161,0.0,0.0,0.0,0.0
62.840239769,4408.67919921875,4588.6083984375,2069.0,2023.0,593.0518798828125,788.5706176757812,1.495049238204956,0.08117914944887161,1.495049238204956,0.08117914944887161,1.495049238204956,0.08117914944887161,0.0,0.0,0.0,0.0
62.860218883,4408.67919921875,4588.6083984375,2069.0,2023.0,593.0518798828125,788.5706176757812,1.495049238204956,0.08117914944887161,1.495049238204956,0.08117914944887161,1.495049238204956,0.08117914944887161,0.0,0.0,0.0,0.0
62.880324986,4408.67919921875,4588.6083984375,2069.0,2023.0,593.0518798828125,788.5706176757812,1.495049238204956,0.08117914944887161,1.495049238204956,0.08117914944887161,1.495049238204956,0.08117914944887161,0.0,0.0,0.0,0.0
62.900268041,4408.67919921875,4588.6083984375,2069.0,2023.0,593.0518798828125,788.5706176757812,1.495049238204956,0.08117914944887161,1.495049238204956,0.08117914944887161,1.495049238204956,0.08117914944887161,0.0,0.0,0.0,0.0
62.920277038,4408.67919921875,4588.6083984375,2080.0,2034.0,596.5070190429688,791.92431640625,1.495049238204956,0.08117914944887161,1.495049238204956,0.08117914944887161,1.495049238204956,0.08117914944887161,0.0,0.0,0.0,0.0
62.940272918,4408.67919921875,4588.6083984375,2080.0,2034.0,596.5070190429688,791.92431640625,1.495049238204956,0.08117914944887161,1.495049238204956,0.08117914944887161,1.495049238204956,0.08117914944887161,0.0,0.0,0.0,0.0
62.960254047,4408.67919921875,4588.6083984375,2080.0,2034.0,596.5070190429688,791.92431640625,1.495049238204956,0.08117914944887161,1.495049238204956,0.08117914944887161,1.495049238204956,0.08117914944887161,0.0,0.0,0.0,0.0
62.980620209,4408.67919921875,4588.6083984375,2080.0,2034.0,596.5070190429688,791.92431640625,1.495049238204956,0.08117914944887161,1.495049238204956,0.08117914944887161,1.495049238204956,0.08117914944887161,0.0,0.0,0.0,0.0
63.000212626,4408.67919921875,4588.6083984375,2080.0,2034.0,596.5070190429688,791.92431640625,1.495049238204956,0.08117914944887161,1.495049238204956,0.08117914944887161,1.495049238204956,0.08117914944887161,0.0,0.0,0.0,0.0
63.020274287,4408.67919921875,4588.6083984375,2074.0,2029.0,599.9619750976562,795.3016967773438,1.495049238204956,0.08117914944887161,1.495049238204956,0.08117914944887161,1.495049238204956,0.08117914944887161,0.0,0.0,0.0,0.0
63.040269558,4408.67919921875,4588.6083984375,2074.0,2029.0,599.9619750976562,795.3016967773438,1.495049238204956,0.08117914944887161,1.495049238204956,0.08117914944887161,1.495049238204956,0.08117914944887161,0.0,0.0,0.0,0.0
63.060225314,4408.67919921875,4588.6083984375,2074.0,2029.0,599.9619750976562,795.3016967773438,1.495049238204956,0.08117914944887161,1.495049238204956,0.08117914944887161,1.495049238204956,0.08117914944887161,0.0,0.0,0.0,0.0
63.080431466,4408.67919921875,4588.6083984375,2074.0,2029.0,599.9619750976562,795.3016967773438,1.495049238204956,0.08117914944887161,1.495049238204956,0.08117914944887161,1.495049238204956,0.08117914944887161,0.0,0.0,0.0,0.0
63.100243115,4408.67919921875,4588.6083984375,2074.0,2029.0,599.9619750976562,795.3016967773438,1.495049238204956,0.08117914944887161,1.495049238204956,0.08117914944887161,1.495049238204956,0.08117914944887161,0.0,0.0,0.0,0.0
63.120293162,4408.67919921875,4588.6083984375,2069.0,2006.0,603.4171142578125,798.6077270507812,1.495049238204956,0.08117914944887161,1.495049238204956,0.08117914944887161,1.495049238204956,0.08117914944887161,0.0,0.0,0.0,0.0
63.14024975,4408.67919921875,4588.6083984375,2069.0,2006.0,603.4171142578125,798.6077270507812,1.495049238204956,0.08117914944887161,1.495049238204956,0.08117914944887161,1.495049238204956,0.08117914944887161,0.0,0.0,0.0,0.0
63.160450112,4408.67919921875,4588.6083984375,2069.0,2006.0,603.4171142578125,798.6077270507812,1.495049238204956,0.08117914944887161,1.495049238204956,0.08117914944887161,1.495049238204956,0.08117914944887161,0.0,0.0,0.0,0.0
63.180324312,4408.67919921875,4588.6083984375,2069.0,2006.0,603.4171142578125,798.6077270507812,1.495049238204956,0.08117914944887161,1.495049238204956,0.08117914944887161,1.495049238204956,0.08117914944887161,0.0,0.0,0.0,0.0
63.200201391,4408.67919921875,4588.6083984375,2069.0,2006.0,603.4171142578125,798.6077270507812,1.495049238204956,0.08117914944887161,1.495049238204956,0.08117914944887161,1.495049238204956,0.08117914944887161,0.0,0.0,0.0,0.0
63.220259245,4408.67919921875,4588.6083984375,2074.0,2023.0,606.89599609375,802.0089721679688,1.495049238204956,0.08117914944887161,1.495049238204956,0.08117914944887161,1.495049238204956,0.08117914944887161,0.0,0.0,0.0,0.0
63.240736686,4408.67919921875,4588.6083984375,2074.0,2023.0,606.89599609375,802.0089721679688,1.495049238204956,0.08117914944887161,1.495049238204956,0.08117914944887161,1.495049238204956,0.08117914944887161,0.0,0.0,0.0,0.0
63.260439935,4408.67919921875,4588.6083984375,2074.0,2023.0,606.89599609375,802.0089721679688,1.495049238204956,0.08117914944887161,1.495049238204956,0.08117914944887161,1.495049238204956,0.08117914944887161,0.0,0.0,0.0,0.0
63.280340531,4408.67919921875,4588.6083984375,2074.0,2023.0,606.89599609375,802.0089721679688,1.495049238204956,0.08117914944887161,1.495049238204956,0.08117914944887161,1.495049238204956,0.08117914944887161,0.0,0.0,0.0,0.0
63.300215019,4408.67919921875,4588.6083984375,2074.0,2023.0,606.89599609375,802.0089721679688,1.495049238204956,0.08117914944887161,1.495049238204956,0.08117914944887161,1.495049238204956,0.08117914944887161,0.0,0.0,0.0,0.0
63.320326305,4408.67919921875,4588.6083984375,2074.0,2023.0,610.35107421875,805.3626098632812,1.495049238204956,0.08117914944887161,1.495049238204956,0.08117914944887161,1.495049238204956,0.08117914944887161,0.0,0.0,0.0,0.0
63.340229077,4408.67919921875,4588.6083984375,2074.0,2023.0,610.35107421875,805.3626098632812,1.495049238204956,0.08117914944887161,1.495049238204956,0.08117914944887161,1.495049238204956,0.08117914944887161,0.0,0.0,0.0,0.0
63.360265046,4408.67919921875,4588.6083984375,2074.0,2023.0,610.35107421875,805.3626098632812,1.495049238204956,0.08117914944887161,1.495049238204956,0.08117914944887161,1.495049238204956,0.08117914944887161,0.0,0.0,0.0,0.0
63.380312917,4408.67919921875,4588.6083984375,2074.0,2023.0,610.35107421875,805.3626098632812,1.495049238204956,0.08117914944887161,1.495049238204956,0.08117914944887161,1.495049238204956,0.08117914944887161,0.0,0.0,0.0,0.0
63.400249764,4408.67919921875,4588.6083984375,2074.0,2023.0,610.35107421875,805.3626098632812,1.495049238204956,0.08117914944887161,1.495049238204956,0.08117914944887161,1.495049238204956,0.08117914944887161,0.0,0.0,0.0,0.0
63.420311425,4408.67919921875,4588.6083984375,2069.0,2034.0,613.7822875976562,808.7401123046875,1.495049238204956,0.08117914944887161,1.495049238204956,0.08117914944887161,1.495049238204956,0.08117914944887161,0.0,0.0,0.0,0.0
63.440253135,4408.67919921875,4588.6083984375,2069.0,2034.0,613.7822875976562,808.7401123046875,1.495049238204956,0.08117914944887161,1.495049238204956,0.08117914944887161,1.495049238204956,0.08117914944887161,0.0,0.0,0.0,0.0
63.460453656,4408.67919921875,4588.6083984375,2069.0,2034.0,613.7822875976562,808.7401123046875,1.495049238204956,0.08117914944887161,1.495049238204956,0.08117914944887161,1.495049238204956,0.08117914944887161,0.0,0.0,0.0,0.0
63.480514646,4408.67919921875,4588.6083984375,2069.0,2034.0,613.7822875976562,808.7401123046875,1.495049238204956,0.08117914944887161,1.495049238204956,0.08117914944887161,1.495049238204956,0.08117914944887161,0.0,0.0,0.0,0.0
63.500253761,4408.67919921875,4588.6083984375,2069.0,2034.0,613.7822875976562,808.7401123046875,1.495049238204956,0.08117914944887161,1.495049238204956,0.08117914944887161,1.495049238204956,0.08117914944887161,0.0,0.0,0.0,0.0
63.52050026,4408.67919921875,4588.6083984375,2063.0,2023.0,617.213623046875,812.0936889648438,1.495049238204956,0.08117914944887161,1.495049238204956,0.08117914944887161,1.495049238204956,0.08117914944887161,0.0,0.0,0.0,0.0
63.540432179,4408.67919921875,4588.6083984375,2063.0,2023.0,617.213623046875,812.0936889648438,1.495049238204956,0.08117914944887161,1.495049238204956,0.08117914944887161,1.495049238204956,0.08117914944887161,0.0,0.0,0.0,0.0
63.560230582,4408.67919921875,4588.6083984375,2063.0,2023.0,617.213623046875,812.0936889648438,1.495049238204956,0.08117914944887161,1.495049238204956,0.08117914944887161,1.495049238204956,0.08117914944887161,0.0,0.0,0.0,0.0
63.580293683,4408.67919921875,4588.6083984375,2063.0,2023.0,617.213623046875,812.0936889648438,1.495049238204956,0.08117914944887161,1.495049238204956,0.08117914944887161,1.495049238204956,0.08117914944887161,0.0,0.0,0.0,0.0
63.600239137,4408.67919921875,4588.6083984375,2063.0,2023.0,617.213623046875,812.0936889648438,1.495049238204956,0.08117914944887161,1.495049238204956,0.08117914944887161,1.495049238204956,0.08117914944887161,0.0,0.0,0.0,0.0
63.620302622,4408.67919921875,4588.6083984375,2069.0,2011.0,620.6925048828125,815.4235229492188,1.495049238204956,0.08117914944887161,1.495049238204956,0.08117914944887161,1.495049238204956,0.08117914944887161,0.0,0.0,0.0,0.0
63.640231694,4408.67919921875,4588.6083984375,2069.0,2011.0,620.6925048828125,815.4235229492188,1.495049238204956,0.08117914944887161,1.495049238204956,0.08117914944887161,1.495049238204956,0.08117914944887161,0.0,0.0,0.0,0.0
63.660299114,4408.67919921875,4588.6083984375,2069.0,2011.0,620.6925048828125,815.4235229492188,1.495049238204956,0.08117914944887161,1.495049238204956,0.08117914944887161,1.495049238204956,0.08117914944887161,0.0,0.0,0.0,0.0
63.680316142,4408.67919921875,4588.6083984375,2069.0,2011.0,620.6925048828125,815.4235229492188,1.495049238204956,0.08117914944887161,1.495049238204956,0.08117914944887161,1.495049238204956,0.08117914944887161,0.0,0.0,0.0,0.0
63.700665857,4408.67919921875,4588.6083984375,2069.0,2011.0,620.6925048828125,815.4235229492188,1.495049238204956,0.08117914944887161,1.495049238204956,0.08117914944887161,1.495049238204956,0.08117914944887161,0.0,0.0,0.0,0.0
63.720470435,4408.67919921875,4588.6083984375,2080.0,2017.0,624.17138671875,818.801025390625,1.495049238204956,0.08117914944887161,1.495049238204956,0.08117914944887161,1.495049238204956,0.08117914944887161,0.0,0.0,0.0,0.0
63.740252617,4408.67919921875,4588.6083984375,2080.0,2017.0,624.17138671875,818.801025390625,1.495049238204956,0.08117914944887161,1.495049238204956,0.08117914944887161,1.495049238204956,0.08117914944887161,0.0,0.0,0.0,0.0
63.760246512,4408.67919921875,4588.6083984375,2080.0,2017.0,624.17138671875,818.801025390625,1.495049238204956,0.08117914944887161,1.495049238204956,0.08117914944887161,1.495049238204956,0.08117914944887161,0.0,0.0,0.0,0.0
63.780291471,4408.67919921875,4588.6083984375,2080.0,2017.0,624.17138671875,818.801025390625,1.495049238204956,0.08117914944887161,1.495049238204956,0.08117914944887161,1.495049238204956,0.08117914944887161,0.0,0.0,0.0,0.0
63.800227422,4408.67919921875,4588.6083984375,2080.0,2017.0,624.17138671875,818.801025390625,1.495049238204956,0.08117914944887161,1.495049238204956,0.08117914944887161,1.495049238204956,0.08117914944887161,0.0,0.0,0.0,0.0
63.82036616,4408.67919921875,4588.6083984375,2069.0,2011.0,627.6027221679688,822.1546020507812,1.495049238204956,0.08117914944887161,1.495049238204956,0.08117914944887161,1.495049238204956,0.08117914944887161,0.0,0.0,0.0,0.0
63.840241672,4408.67919921875,4588.6083984375,2069.0,2011.0,627.6027221679688,822.1546020507812,1.495049238204956,0.08117914944887161,1.495049238204956,0.08117914944887161,1.495049238204956,0.08117914944887161,0.0,0.0,0.0,0.0
63.8602308,4362.7373046875,4454.0087890625,2069.0,2011.0,627.6027221679688,822.1546020507812,0.0,-0.0,1.4650492668151855,0.041179150342941284,1.4650492668151855,0.041179150342941284,0.0,0.0,0.0,0.0
63.880303371,4316.79541015625,4319.40869140625,2069.0,2011.0,627.6027221679688,822.1546020507812,0.0,-0.0,1.435049295425415,0.0011791494907811284,1.435049295425415,0.0011791494907811284,0.0,0.0,0.0,0.0
63.900393028,4227.8310546875,4227.8310546875,2069.0,2011.0,627.6027221679688,822.1546020507812,0.0,-0.0,1.4050493240356445,0.0,1.4050493240356445,0.0,0.0,0.0,0.0,0.0
63.920291193,4137.560546875,4137.560546875,2069.0,2011.0,627.6027221679688,822.1546020507812,0.0,-0.0,1.3750492334365845,0.0,1.3750492334365845,0.0,0.0,0.0,0.0,0.0
63.94025306,4047.289794921875,4047.289794921875,2069.0,2023.0,631.0576782226562,825.531982421875,0.0,-0.0,1.345049262046814,0.0,1.345049262046814,0.0,0.0,0.0,0.0,0.0
63.960219951,3957.018798828125,3957.018798828125,2069.0,2023.0,631.0576782226562,825.531982421875,0.0,-0.0,1.3150492906570435,0.0,1.3150492906570435,0.0,0.0,0.0,0.0,0.0
63.980334628,3866.748046875,3866.748046875,2069.0,2023.0,631.0576782226562,825.531982421875,0.0,-0.0,1.285049319267273,0.0,1.285049319267273,0.0,0.0,0.0,0.0,0.0
64.000597188,3776.477294921875,3776.477294921875,2069.0,2023.0,631.0576782226562,825.531982421875,0.0,-0.0,1.255049228668213,0.0,1.255049228668213,0.0,0.0,0.0,0.0,0.0
64.020462748,3686.20654296875,3686.20654296875,2069.0,2023.0,631.0576782226562,825.531982421875,0.0,-0.0,1.2250492572784424,0.0,1.2250492572784424,0.0,0.0,0.0,0.0,0.0
64.040430182,3595.935546875,3595.935546875,2074.0,2023.0,634.53662109375,828.8856811523438,0.0,-0.0,1.1950492858886719,0.0,1.1950492858886719,0.0,0.0,0.0,0.0,0.0
64.060205804,3505.664794921875,3505.664794921875,2074.0,2023.0,634.53662109375,828.8856811523438,0.0,-0.0,1.1650493144989014,0.0,1.1650493144989014,0.0,0.0,0.0,0.0,0.0
64.080365818,3415.39404296875,3415.39404296875,2074.0,2023.0,634.53662109375,828.8856811523438,0.0,-0.0,1.1350492238998413,0.0,1.1350492238998413,0.0,0.0,0.0,0.0,0.0
64.100406649,3325.123291015625,3325.123291015625,2074.0,2023.0,634.53662109375,828.8856811523438,0.0,-0.0,1.1050492525100708,0.0,1.1050492525100708,0.0,0.0,0.0,0.0,0.0
64.120306317,3234.852294921875,3234.852294921875,2074.0,2023.0,634.53662109375,828.8856811523438,0.0,-0.0,1.0750492811203003,0.0,1.0750492811203003,0.0,0.0,0.0,0.0,0.0
64.140308818,3144.58154296875,3144.58154296875,2069.0,2034.0,637.9678955078125,832.2869262695312,0.0,-0.0,1.0450493097305298,0.0,1.0450493097305298,0.0,0.0,0.0,0.0,0.0
64.16027542,3054.310791015625,3054.310791015625,2069.0,2034.0,637.9678955078125,832.2869262695312,0.0,-0.0,1.0150492191314697,0.0,1.0150492191314697,0.0,0.0,0.0,0.0,0.0
64.180270785,2964.0400390625,2964.0400390625,2069.0,2034.0,637.9678955078125,832.2869262695312,0.0,-0.0,0.9850492477416992,0.0,0.9850492477416992,0.0,0.0,0.0,0.0,0.0
64.200521794,2873.76904296875,2873.76904296875,2069.0,2034.0,637.9678955078125,832.2869262695312,0.0,-0.0,0.9550492763519287,0.0,0.9550492763519287,0.0,0.0,0.0,0.0,0.0
64.220289001,2783.498291015625,2783.498291015625,2069.0,2034.0,637.9678955078125,832.2869262695312,0.0,-0.0,0.9250492453575134,0.0,0.9250492453575134,0.0,0.0,0.0,0.0,0.0
64.24023583,2693.2275390625,2693.2275390625,2069.0,2011.0,641.4229736328125,835.6168212890625,0.0,-0.0,0.8950492739677429,0.0,0.8950492739677429,0.0,0.0,0.0,0.0,0.0
64.260279061,2602.956787109375,2602.956787109375,2069.0,2011.0,641.4229736328125,835.6168212890625,0.0,-0.0,0.8650492429733276,0.0,0.8650492429733276,0.0,0.0,0.0,0.0,0.0
64.280307574,2512.685791015625,2512.685791015625,2069.0,2011.0,641.4229736328125,835.6168212890625,0.0,-0.0,0.8350492715835571,0.0,0.8350492715835571,0.0,0.0,0.0,0.0,0.0
64.300231462,2422.4150390625,2422.4150390625,2069.0,2011.0,641.4229736328125,835.6168212890625,0.0,-0.0,0.8050492405891418,0.0,0.8050492405891418,0.0,0.0,0.0,0.0,0.0
64.320286627,2332.144287109375,2332.144287109375,2069.0,2011.0,641.4229736328125,835.6168212890625,0.0,-0.0,0.7750492691993713,0.0,0.7750492691993713,0.0,0.0,0.0,0.0,0.0
64.340254957,2241.87353515625,2241.87353515625,1983.0,1886.0,644.3062133789062,838.3043823242188,0.0,-0.0,0.745049238204956,0.0,0.745049238204956,0.0,0.0,0.0,0.0,0.0
64.360255378,2151.6025390625,2151.6025390625,1983.0,1886.0,644.3062133789062,838.3043823242188,0.0,-0.0,0.7150492668151855,0.0,0.7150492668151855,0.0,0.0,0.0,0.0,0.0
64.380295282,2061.331787109375,2061.331787109375,1983.0,1886.0,644.3062133789062,838.3043823242188,0.0,-0.0,0.685049295425415,0.0,0.685049295425415,0.0,0.0,0.0,0.0,0.0
64.400248222,1971.06103515625,1971.06103515625,1983.0,1886.0,644.3062133789062,838.3043823242188,0.0,-0.0,0.6550492644309998,0.0,0.6550492644309998,0.0,0.0,0.0,0.0,0.0
64.420255074,1880.7901611328125,1880.7901611328125,1983.0,1886.0,644.3062133789062,838.3043823242188,0.0,-0.0,0.6250492930412292,0.0,0.6250492930412292,0.0,0.0,0.0,0.0,0.0
64.44019064,1790.5194091796875,1790.5194091796875,1680.0,1543.0,646.236328125,840.0645141601562,0.0,-0.0,0.595049262046814,0.0,0.595049262046814,0.0,0.0,0.0,0.0,0.0
64.46106588,1700.24853515625,1700.24853515625,1680.0,1543.0,646.236328125,840.0645141601562,0.0,-0.0,0.5650492906570435,0.0,0.5650492906570435,0.0,0.0,0.0,0.0,0.0
64.480312041,1609.977783203125,1609.977783203125,1680.0,1543.0,646.236328125,840.0645141601562,0.0,-0.0,0.5350492596626282,0.0,0.5350492596626282,0.0,0.0,0.0,0.0,0.0
64.500207421,1519.7069091796875,1519.7069091796875,1680.0,1543.0,646.236328125,840.0645141601562,0.0,-0.0,0.5050492882728577,0.0,0.5050492882728577,0.0,0.0,0.0,0.0,0.0
64.520212258,1429.4361572265625,1429.4361572265625,1680.0,1543.0,646.236328125,840.0645141601562,0.0,-0.0,0.4750492572784424,0.0,0.4750492572784424,0.0,0.0,0.0,0.0,0.0
64.540337109,1339.165283203125,1339.165283203125,1154.0,1149.0,647.8328247070312,841.5629272460938,0.0,-0.0,0.4450492560863495,0.0,0.4450492560863495,0.0,0.0,0.0,0.0,0.0
64.560289473,1248.89453125,1248.89453125,1154.0,1149.0,647.8328247070312,841.5629272460938,0.0,-0.0,0.4150492548942566,0.0,0.4150492548942566,0.0,0.0,0.0,0.0,0.0
64.580353277,1158.6236572265625,1158.6236572265625,1154.0,1149.0,647.8328247070312,841.5629272460938,0.0,-0.0,0.3850492537021637,0.0,0.3850492537021637,0.0,0.0,0.0,0.0,0.0
64.600243506,1068.3529052734375,1068.3529052734375,1154.0,1149.0,647.8328247070312,841.5629272460938,0.0,-0.0,0.3550492823123932,0.0,0.3550492823123932,0.0,0.0,0.0,0.0,0.0
64.620258005,978.08203125,978.08203125,1154.0,1149.0,647.8328247070312,841.5629272460938,0.0,-0.0,0.3250492811203003,0.0,0.3250492811203003,0.0,0.0,0.0,0.0,0.0
64.640266233,887.8112182617188,887.8112182617188,920.0,897.0,649.0955810546875,842.7047119140625,0.0,-0.0,0.2950492799282074,0.0,0.2950492799282074,0.0,0.0,0.0,0.0,0.0
64.660258719,797.5404052734375,797.5404052734375,920.0,897.0,649.0955810546875,842.7047119140625,0.0,-0.0,0.2650492787361145,0.0,0.2650492787361145,0.0,0.0,0.0,0.0,0.0
64.680280577,707.2695922851562,707.2695922851562,920.0,897.0,649.0955810546875,842.7047119140625,0.0,-0.0,0.2350492626428604,0.0,0.2350492626428604,0.0,0.0,0.0,0.0,0.0
64.700238061,616.998779296875,616.998779296875,920.0,897.0,649.0955810546875,842.7047119140625,0.0,-0.0,0.20504926145076752,0.0,0.20504926145076752,0.0,0.0,0.0,0.0,0.0
64.720245489,526.7279663085938,526.7279663085938,920.0,897.0,649.0955810546875,842.7047119140625,0.0,-0.0,0.17504927515983582,0.0,0.17504927515983582,0.0,0.0,0.0,0.0,0.0
64.740210779,436.4571838378906,436.4571838378906,651.0,549.0,649.5722045898438,843.0614013671875,0.0,-0.0,0.14504927396774292,0.0,0.14504927396774292,0.0,0.0,0.0,0.0,0.0
64.760269592,346.1863708496094,346.1863708496094,651.0,549.0,649.5722045898438,843.0614013671875,0.0,-0.0,0.11504926532506943,0.0,0.11504926532506943,0.0,0.0,0.0,0.0,0.0
64.780296313,255.91555786132812,255.91555786132812,651.0,549.0,649.5722045898438,843.0614013671875,0.0,-0.0,0.08504927158355713,0.0,0.08504927158355713,0.0,0.0,0.0,0.0,0.0
64.800428331,165.64474487304688,165.64474487304688,651.0,549.0,649.5722045898438,843.0614013671875,0.0,-0.0,0.055049266666173935,0.0,0.055049266666173935,0.0,0.0,0.0,0.0,0.0
64.820303106,75.3739242553711,75.3739242553711,651.0,549.0,649.5722045898438,843.0614013671875,0.0,-0.0,0.02504926733672619,0.0,0.02504926733672619,0.0,0.0,0.0,0.0,0.0
64.84024216,0.0,0.0,314.0,229.0,649.5722045898438,843.0614013671875,0.0,-0.0,0.0,0.0,0.0,0.0,0.0,0.0,0.0,0.0
64.860435258,0.0,0.0,314.0,229.0,649.5722045898438,843.0614013671875,0.0,-0.0,0.0,0.0,0.0,0.0,0.0,0.0,0.0,0.0
64.880292051,0.0,0.0,314.0,229.0,649.5722045898438,843.0614013671875,0.0,-0.0,0.0,0.0,0.0,0.0,0.0,0.0,0.0,0.0
64.900251454,0.0,0.0,314.0,229.0,649.5722045898438,843.0614013671875,0.0,-0.0,0.0,0.0,0.0,0.0,0.0,0.0,0.0,0.0
64.92033388,0.0,0.0,314.0,229.0,649.5722045898438,843.0614013671875,0.0,-0.0,0.0,0.0,0.0,0.0,0.0,0.0,0.0,0.0
64.940234187,0.0,0.0,46.0,6.0,649.4053955078125,842.9423828125,0.0,-0.0,0.0,0.0,0.0,0.0,0.0,0.0,0.0,0.0
64.9604843,0.0,0.0,46.0,6.0,649.4053955078125,842.9423828125,0.0,-0.0,0.0,0.0,0.0,0.0,0.0,0.0,0.0,0.0
64.980297132,0.0,0.0,46.0,6.0,649.4053955078125,842.9423828125,0.0,-0.0,0.0,0.0,0.0,0.0,0.0,0.0,0.0,0.0
65.000232922,0.0,0.0,46.0,6.0,649.4053955078125,842.9423828125,0.0,-0.0,0.0,0.0,0.0,0.0,0.0,0.0,0.0,0.0
65.020234654,0.0,0.0,46.0,6.0,649.4053955078125,842.9423828125,0.0,-0.0,0.0,0.0,0.0,0.0,0.0,0.0,0.0,0.0
65.040234019,0.0,0.0,-34.0,-29.0,649.42919921875,842.9423828125,0.0,-0.0,0.0,0.0,0.0,0.0,0.0,0.0,0.0,0.0
65.06046263,0.0,0.0,-34.0,-29.0,649.42919921875,842.9423828125,0.0,-0.0,0.0,0.0,0.0,0.0,0.0,0.0,0.0,0.0
65.080296707,0.0,0.0,-34.0,-29.0,649.42919921875,842.9423828125,0.0,-0.0,0.0,0.0,0.0,0.0,0.0,0.0,0.0,0.0
65.100241551,0.0,0.0,-34.0,-29.0,649.42919921875,842.9423828125,0.0,-0.0,0.0,0.0,0.0,0.0,0.0,0.0,0.0,0.0
65.120466771,0.0,0.0,-34.0,-29.0,649.42919921875,842.9423828125,0.0,-0.0,0.0,0.0,0.0,0.0,0.0,0.0,0.0,0.0
65.140295984,0.0,0.0,-17.0,-11.0,649.4769287109375,842.9901123046875,0.0,-0.0,0.0,0.0,0.0,0.0,0.0,0.0,0.0,0.0
65.160459197,0.0,0.0,-17.0,-11.0,649.4769287109375,842.9901123046875,0.0,-0.0,0.0,0.0,0.0,0.0,0.0,0.0,0.0,0.0
65.180271964,0.0,0.0,-17.0,-11.0,649.4769287109375,842.9901123046875,0.0,-0.0,0.0,0.0,0.0,0.0,0.0,0.0,0.0,0.0
65.200179918,0.0,0.0,-17.0,-11.0,649.4769287109375,842.9901123046875,0.0,-0.0,0.0,0.0,0.0,0.0,0.0,0.0,0.0,0.0
65.220283235,0.0,0.0,-17.0,-11.0,649.4769287109375,842.9901123046875,0.0,-0.0,0.0,0.0,0.0,0.0,0.0,0.0,0.0,0.0
65.240264874,0.0,0.0,23.0,11.0,649.4769287109375,842.9901123046875,0.0,-0.0,0.0,0.0,0.0,0.0,0.0,0.0,0.0,0.0
65.260466418,0.0,0.0,23.0,11.0,649.4769287109375,842.9901123046875,0.0,-0.0,0.0,0.0,0.0,0.0,0.0,0.0,0.0,0.0
65.280503473,0.0,0.0,23.0,11.0,649.4769287109375,842.9901123046875,0.0,-0.0,0.0,0.0,0.0,0.0,0.0,0.0,0.0,0.0
65.300243099,0.0,0.0,23.0,11.0,649.4769287109375,842.9901123046875,0.0,-0.0,0.0,0.0,0.0,0.0,0.0,0.0,0.0,0.0
65.320505081,0.0,0.0,23.0,11.0,649.4769287109375,842.9901123046875,0.0,-0.0,0.0,0.0,0.0,0.0,0.0,0.0,0.0,0.0
65.340245923,0.0,0.0,6.0,6.0,649.4769287109375,842.9901123046875,0.0,-0.0,0.0,0.0,0.0,0.0,0.0,0.0,0.0,0.0
65.360274659,0.0,0.0,6.0,6.0,649.4769287109375,842.9901123046875,0.0,-0.0,0.0,0.0,0.0,0.0,0.0,0.0,0.0,0.0
65.380264393,0.0,0.0,6.0,6.0,649.4769287109375,842.9901123046875,0.0,-0.0,0.0,0.0,0.0,0.0,0.0,0.0,0.0,0.0
65.4001942,0.0,0.0,6.0,6.0,649.4769287109375,842.9901123046875,0.0,-0.0,0.0,0.0,0.0,0.0,0.0,0.0,0.0,0.0
65.420247188,0.0,0.0,6.0,6.0,649.4769287109375,842.9901123046875,0.0,-0.0,0.0,0.0,0.0,0.0,0.0,0.0,0.0,0.0
65.440213406,0.0,0.0,-0.0,0.0,649.4769287109375,842.9901123046875,0.0,-0.0,0.0,0.0,0.0,0.0,0.0,0.0,0.0,0.0
65.460683582,0.0,0.0,-0.0,0.0,649.4769287109375,842.9901123046875,0.0,-0.0,0.0,0.0,0.0,0.0,0.0,0.0,0.0,0.0
65.480306617,0.0,0.0,-0.0,0.0,649.4769287109375,842.9901123046875,0.0,-0.0,0.0,0.0,0.0,0.0,0.0,0.0,0.0,0.0
65.500196429,0.0,0.0,-0.0,0.0,649.4769287109375,842.9901123046875,0.0,-0.0,0.0,0.0,0.0,0.0,0.0,0.0,0.0,0.0
65.520235756,0.0,0.0,-0.0,0.0,649.4769287109375,842.9901123046875,0.0,-0.0,0.0,0.0,0.0,0.0,0.0,0.0,0.0,0.0
65.540253614,0.0,0.0,-0.0,0.0,649.4769287109375,842.9901123046875,0.0,-0.0,0.0,0.0,0.0,0.0,0.0,0.0,0.0,0.0
65.560459829,0.0,0.0,-0.0,0.0,649.4769287109375,842.9901123046875,0.0,-0.0,0.0,0.0,0.0,0.0,0.0,0.0,0.0,0.0
65.58024492,0.0,0.0,-0.0,0.0,649.4769287109375,842.9901123046875,0.0,-0.0,0.0,0.0,0.0,0.0,0.0,0.0,0.0,0.0
65.60021632,0.0,0.0,-0.0,0.0,649.4769287109375,842.9901123046875,0.0,-0.0,0.0,0.0,0.0,0.0,0.0,0.0,0.0,0.0
65.620265022,0.0,0.0,-0.0,0.0,649.4769287109375,842.9901123046875,0.0,-0.0,0.0,0.0,0.0,0.0,0.0,0.0,0.0,0.0
65.640222952,0.0,0.0,-0.0,0.0,649.4769287109375,842.9901123046875,0.0,-0.0,0.0,0.0,0.0,0.0,0.0,0.0,0.0,0.0
65.660273253,0.0,0.0,-0.0,0.0,649.4769287109375,842.9901123046875,0.0,-0.0,0.0,0.0,0.0,0.0,0.0,0.0,0.0,0.0
65.680309125,0.0,0.0,-0.0,0.0,649.4769287109375,842.9901123046875,0.0,-0.0,0.0,0.0,0.0,0.0,0.0,0.0,0.0,0.0
65.700199353,0.0,0.0,-0.0,0.0,649.4769287109375,842.9901123046875,0.0,-0.0,0.0,0.0,0.0,0.0,0.0,0.0,0.0,0.0
65.720238616,0.0,0.0,-0.0,0.0,649.4769287109375,842.9901123046875,0.0,-0.0,0.0,0.0,0.0,0.0,0.0,0.0,0.0,0.0
65.740217279,0.0,0.0,-0.0,0.0,649.4769287109375,842.9901123046875,0.0,-0.0,0.0,0.0,0.0,0.0,0.0,0.0,0.0,0.0
65.760436068,0.0,0.0,-0.0,0.0,649.4769287109375,842.9901123046875,0.0,-0.0,0.0,0.0,0.0,0.0,0.0,0.0,0.0,0.0
65.780264737,0.0,0.0,-0.0,0.0,649.4769287109375,842.9901123046875,0.0,-0.0,0.0,0.0,0.0,0.0,0.0,0.0,0.0,0.0
65.800209229,0.0,0.0,-0.0,0.0,649.4769287109375,842.9901123046875,0.0,-0.0,0.0,0.0,0.0,0.0,0.0,0.0,0.0,0.0
65.820227311,0.0,0.0,-0.0,0.0,649.4769287109375,842.9901123046875,0.0,-0.0,0.0,0.0,0.0,0.0,0.0,0.0,0.0,0.0
65.84019612,0.0,0.0,-0.0,0.0,649.4769287109375,842.9901123046875,0.0,-0.0,0.0,0.0,0.0,0.0,0.0,0.0,0.0,0.0
65.860442457,0.0,0.0,-0.0,0.0,649.4769287109375,842.9901123046875,0.0,-0.0,0.0,0.0,0.0,0.0,0.0,0.0,0.0,0.0
65.880277621,0.0,0.0,-0.0,0.0,649.4769287109375,842.9901123046875,0.0,-0.0,0.0,0.0,0.0,0.0,0.0,0.0,0.0,0.0
65.900188998,0.0,0.0,-0.0,0.0,649.4769287109375,842.9901123046875,0.0,-0.0,0.0,0.0,0.0,0.0,0.0,0.0,0.0,0.0
65.92026624,0.0,0.0,-0.0,0.0,649.4769287109375,842.9901123046875,0.0,-0.0,0.0,0.0,0.0,0.0,0.0,0.0,0.0,0.0
65.940233225,0.0,0.0,-0.0,0.0,649.4769287109375,842.9901123046875,0.0,-0.0,0.0,0.0,0.0,0.0,0.0,0.0,0.0,0.0
65.960212912,0.0,0.0,-0.0,0.0,649.4769287109375,842.9901123046875,0.0,-0.0,0.0,0.0,0.0,0.0,0.0,0.0,0.0,0.0
65.98025819,0.0,0.0,-0.0,0.0,649.4769287109375,842.9901123046875,0.0,-0.0,0.0,0.0,0.0,0.0,0.0,0.0,0.0,0.0
66.000210041,0.0,0.0,-0.0,0.0,649.4769287109375,842.9901123046875,0.0,-0.0,0.0,0.0,0.0,0.0,0.0,0.0,0.0,0.0
66.020485621,0.0,0.0,-0.0,0.0,649.4769287109375,842.9901123046875,0.0,-0.0,0.0,0.0,0.0,0.0,0.0,0.0,0.0,0.0
66.040221918,0.0,0.0,-0.0,0.0,649.4769287109375,842.9901123046875,0.0,-0.0,0.0,0.0,0.0,0.0,0.0,0.0,0.0,0.0
66.060457696,0.0,0.0,-0.0,0.0,649.4769287109375,842.9901123046875,0.0,-0.0,0.0,0.0,0.0,0.0,0.0,0.0,0.0,0.0
66.080285948,0.0,0.0,-0.0,0.0,649.4769287109375,842.9901123046875,0.0,-0.0,0.0,0.0,0.0,0.0,0.0,0.0,0.0,0.0
66.100254052,0.0,0.0,-0.0,0.0,649.4769287109375,842.9901123046875,0.0,-0.0,0.0,0.0,0.0,0.0,0.0,0.0,0.0,0.0
66.120219117,0.0,0.0,-0.0,0.0,649.4769287109375,842.9901123046875,0.0,-0.0,0.0,0.0,0.0,0.0,0.0,0.0,0.0,0.0
66.140449487,0.0,0.0,-0.0,0.0,649.4769287109375,842.9901123046875,0.0,-0.0,0.0,0.0,0.0,0.0,0.0,0.0,0.0,0.0
66.160249808,0.0,0.0,-0.0,0.0,649.4769287109375,842.9901123046875,0.0,-0.0,0.0,0.0,0.0,0.0,0.0,0.0,0.0,0.0
66.180290158,0.0,0.0,-0.0,0.0,649.4769287109375,842.9901123046875,0.0,-0.0,0.0,0.0,0.0,0.0,0.0,0.0,0.0,0.0
66.200224667,0.0,0.0,-0.0,0.0,649.4769287109375,842.9901123046875,0.0,-0.0,0.0,0.0,0.0,0.0,0.0,0.0,0.0,0.0
66.220215872,0.0,0.0,-0.0,0.0,649.4769287109375,842.9901123046875,0.0,-0.0,0.0,0.0,0.0,0.0,0.0,0.0,0.0,0.0
66.240532982,0.0,0.0,-0.0,0.0,649.4769287109375,842.9901123046875,0.0,-0.0,0.0,0.0,0.0,0.0,0.0,0.0,0.0,0.0
66.260476769,0.0,0.0,-0.0,0.0,649.4769287109375,842.9901123046875,0.0,-0.0,0.0,0.0,0.0,0.0,0.0,0.0,0.0,0.0
66.280426348,0.0,0.0,-0.0,0.0,649.4769287109375,842.9901123046875,0.0,-0.0,0.0,0.0,0.0,0.0,0.0,0.0,0.0,0.0
66.300197969,0.0,0.0,-0.0,0.0,649.4769287109375,842.9901123046875,0.0,-0.0,0.0,0.0,0.0,0.0,0.0,0.0,0.0,0.0
66.320245965,0.0,0.0,-0.0,0.0,649.4769287109375,842.9901123046875,0.0,-0.0,0.0,0.0,0.0,0.0,0.0,0.0,0.0,0.0
66.340222708,0.0,0.0,-0.0,0.0,649.4769287109375,842.9901123046875,0.0,-0.0,0.0,0.0,0.0,0.0,0.0,0.0,0.0,0.0
66.360212377,0.0,0.0,-0.0,0.0,649.4769287109375,842.9901123046875,0.0,-0.0,0.0,0.0,0.0,0.0,0.0,0.0,0.0,0.0
66.380249016,0.0,0.0,-0.0,0.0,649.4769287109375,842.9901123046875,0.0,-0.0,0.0,0.0,0.0,0.0,0.0,0.0,0.0,0.0
66.400230302,0.0,0.0,-0.0,0.0,649.4769287109375,842.9901123046875,0.0,-0.0,0.0,0.0,0.0,0.0,0.0,0.0,0.0,0.0
66.420262589,0.0,0.0,-0.0,0.0,649.4769287109375,842.9901123046875,0.0,-0.0,0.0,0.0,0.0,0.0,0.0,0.0,0.0,0.0
66.440960348,0.0,0.0,-0.0,0.0,649.4769287109375,842.9901123046875,0.0,-0.0,0.0,0.0,0.0,0.0,0.0,0.0,0.0,0.0
66.460437259,0.0,0.0,-0.0,0.0,649.4769287109375,842.9901123046875,0.0,-0.0,0.0,0.0,0.0,0.0,0.0,0.0,0.0,0.0
66.480477193,0.0,0.0,-0.0,0.0,649.4769287109375,842.9901123046875,0.0,-0.0,0.0,0.0,0.0,0.0,0.0,0.0,0.0,0.0
66.501040924,0.0,0.0,-0.0,0.0,649.4769287109375,842.9901123046875,0.0,-0.0,0.0,0.0,0.0,0.0,0.0,0.0,0.0,0.0
66.52022882,0.0,0.0,-0.0,0.0,649.4769287109375,842.9901123046875,0.0,-0.0,0.0,0.0,0.0,0.0,0.0,0.0,0.0,0.0
66.540168128,0.0,0.0,-0.0,0.0,649.4769287109375,842.9901123046875,0.0,-0.0,0.0,0.0,0.0,0.0,0.0,0.0,0.0,0.0
66.560441245,0.0,0.0,-0.0,0.0,649.4769287109375,842.9901123046875,0.0,-0.0,0.0,0.0,0.0,0.0,0.0,0.0,0.0,0.0
66.580462205,0.0,0.0,-0.0,0.0,649.4769287109375,842.9901123046875,0.0,-0.0,0.0,0.0,0.0,0.0,0.0,0.0,0.0,0.0
66.60020231,0.0,0.0,-0.0,0.0,649.4769287109375,842.9901123046875,0.0,-0.0,0.0,0.0,0.0,0.0,0.0,0.0,0.0,0.0
66.620234341,0.0,0.0,-0.0,0.0,649.4769287109375,842.9901123046875,0.0,-0.0,0.0,0.0,0.0,0.0,0.0,0.0,0.0,0.0
66.64039077,0.0,0.0,-0.0,0.0,649.4769287109375,842.9901123046875,0.0,-0.0,0.0,0.0,0.0,0.0,0.0,0.0,0.0,0.0
66.660244491,0.0,0.0,-0.0,0.0,649.4769287109375,842.9901123046875,0.0,-0.0,0.0,0.0,0.0,0.0,0.0,0.0,0.0,0.0
66.680251822,0.0,0.0,-0.0,0.0,649.4769287109375,842.9901123046875,0.0,-0.0,0.0,0.0,0.0,0.0,0.0,0.0,0.0,0.0
66.700212599,0.0,0.0,-0.0,0.0,649.4769287109375,842.9901123046875,0.0,-0.0,0.0,0.0,0.0,0.0,0.0,0.0,0.0,0.0
66.720264243,0.0,0.0,-0.0,0.0,649.4769287109375,842.9901123046875,0.0,-0.0,0.0,0.0,0.0,0.0,0.0,0.0,0.0,0.0
66.740192289,0.0,0.0,-0.0,0.0,649.4769287109375,842.9901123046875,0.0,-0.0,0.0,0.0,0.0,0.0,0.0,0.0,0.0,0.0
66.76022352,0.0,0.0,-0.0,0.0,649.4769287109375,842.9901123046875,0.0,-0.0,0.0,0.0,0.0,0.0,0.0,0.0,0.0,0.0
66.780227075,0.0,0.0,-0.0,0.0,649.4769287109375,842.9901123046875,0.0,-0.0,0.0,0.0,0.0,0.0,0.0,0.0,0.0,0.0
66.800452647,0.0,0.0,-0.0,0.0,649.4769287109375,842.9901123046875,0.0,-0.0,0.0,0.0,0.0,0.0,0.0,0.0,0.0,0.0
66.820236105,0.0,0.0,-0.0,0.0,649.4769287109375,842.9901123046875,0.0,-0.0,0.0,0.0,0.0,0.0,0.0,0.0,0.0,0.0
66.840255466,0.0,0.0,-0.0,0.0,649.4769287109375,842.9901123046875,0.0,-0.0,0.0,0.0,0.0,0.0,0.0,0.0,0.0,0.0
66.860212276,0.0,0.0,-0.0,0.0,649.4769287109375,842.9901123046875,0.0,-0.0,0.0,0.0,0.0,0.0,0.0,0.0,0.0,0.0
66.880603903,0.0,0.0,-0.0,0.0,649.4769287109375,842.9901123046875,0.0,-0.0,0.0,0.0,0.0,0.0,0.0,0.0,0.0,0.0
66.900272754,0.0,0.0,-0.0,0.0,649.4769287109375,842.9901123046875,0.0,-0.0,0.0,0.0,0.0,0.0,0.0,0.0,0.0,0.0
66.920281685,0.0,0.0,-0.0,0.0,649.4769287109375,842.9901123046875,0.0,-0.0,0.0,0.0,0.0,0.0,0.0,0.0,0.0,0.0
66.940219265,0.0,0.0,-0.0,0.0,649.4769287109375,842.9901123046875,0.0,-0.0,0.0,0.0,0.0,0.0,0.0,0.0,0.0,0.0
66.960287419,0.0,0.0,-0.0,0.0,649.4769287109375,842.9901123046875,0.0,-0.0,0.0,0.0,0.0,0.0,0.0,0.0,0.0,0.0
66.980243109,0.0,0.0,-0.0,0.0,649.4769287109375,842.9901123046875,0.0,-0.0,0.0,0.0,0.0,0.0,0.0,0.0,0.0,0.0
67.000193743,0.0,0.0,-0.0,0.0,649.4769287109375,842.9901123046875,0.0,-0.0,0.0,0.0,0.0,0.0,0.0,0.0,0.0,0.0
67.020240939,0.0,0.0,-0.0,0.0,649.4769287109375,842.9901123046875,0.0,-0.0,0.0,0.0,0.0,0.0,0.0,0.0,0.0,0.0
67.040208147,0.0,0.0,-0.0,0.0,649.4769287109375,842.9901123046875,0.0,-0.0,0.0,0.0,0.0,0.0,0.0,0.0,0.0,0.0
67.060217364,0.0,0.0,-0.0,0.0,649.4769287109375,842.9901123046875,0.0,-0.0,0.0,0.0,0.0,0.0,0.0,0.0,0.0,0.0
67.080257074,0.0,0.0,-0.0,0.0,649.4769287109375,842.9901123046875,0.0,-0.0,0.0,0.0,0.0,0.0,0.0,0.0,0.0,0.0
67.100406559,0.0,0.0,-0.0,0.0,649.4769287109375,842.9901123046875,0.0,-0.0,0.0,0.0,0.0,0.0,0.0,0.0,0.0,0.0
67.120263062,0.0,0.0,-0.0,0.0,649.4769287109375,842.9901123046875,0.0,-0.0,0.0,0.0,0.0,0.0,0.0,0.0,0.0,0.0
67.140181989,0.0,0.0,-0.0,0.0,649.4769287109375,842.9901123046875,0.0,-0.0,0.0,0.0,0.0,0.0,0.0,0.0,0.0,0.0
67.160239552,0.0,0.0,-0.0,0.0,649.4769287109375,842.9901123046875,0.0,-0.0,0.0,0.0,0.0,0.0,0.0,0.0,0.0,0.0
67.180338548,0.0,0.0,-0.0,0.0,649.4769287109375,842.9901123046875,0.0,-0.0,0.0,0.0,0.0,0.0,0.0,0.0,0.0,0.0
67.200216969,0.0,0.0,-0.0,0.0,649.4769287109375,842.9901123046875,0.0,-0.0,0.0,0.0,0.0,0.0,0.0,0.0,0.0,0.0
67.220231433,0.0,0.0,-0.0,0.0,649.4769287109375,842.9901123046875,0.0,-0.0,0.0,0.0,0.0,0.0,0.0,0.0,0.0,0.0
67.240199217,0.0,0.0,-0.0,0.0,649.4769287109375,842.9901123046875,0.0,-0.0,0.0,0.0,0.0,0.0,0.0,0.0,0.0,0.0
67.260206259,0.0,0.0,-0.0,0.0,649.4769287109375,842.9901123046875,0.0,-0.0,0.0,0.0,0.0,0.0,0.0,0.0,0.0,0.0
67.280220979,0.0,0.0,-0.0,0.0,649.4769287109375,842.9901123046875,0.0,-0.0,0.0,0.0,0.0,0.0,0.0,0.0,0.0,0.0
67.300204857,0.0,0.0,-0.0,0.0,649.4769287109375,842.9901123046875,0.0,-0.0,0.0,0.0,0.0,0.0,0.0,0.0,0.0,0.0
67.320218457,0.0,0.0,-0.0,0.0,649.4769287109375,842.9901123046875,0.0,-0.0,0.0,0.0,0.0,0.0,0.0,0.0,0.0,0.0
67.340247352,0.0,0.0,-0.0,0.0,649.4769287109375,842.9901123046875,0.0,-0.0,0.0,0.0,0.0,0.0,0.0,0.0,0.0,0.0
67.360217023,0.0,0.0,-0.0,0.0,649.4769287109375,842.9901123046875,0.0,-0.0,0.0,0.0,0.0,0.0,0.0,0.0,0.0,0.0
67.380266811,0.0,0.0,-0.0,0.0,649.4769287109375,842.9901123046875,0.0,-0.0,0.0,0.0,0.0,0.0,0.0,0.0,0.0,0.0
67.400205415,0.0,0.0,-0.0,0.0,649.4769287109375,842.9901123046875,0.0,-0.0,0.0,0.0,0.0,0.0,0.0,0.0,0.0,0.0
67.420283934,0.0,0.0,-0.0,0.0,649.4769287109375,842.9901123046875,0.0,-0.0,0.0,0.0,0.0,0.0,0.0,0.0,0.0,0.0
67.440227977,0.0,0.0,-0.0,0.0,649.4769287109375,842.9901123046875,0.0,-0.0,0.0,0.0,0.0,0.0,0.0,0.0,0.0,0.0
67.460684202,0.0,0.0,-0.0,0.0,649.4769287109375,842.9901123046875,0.0,-0.0,0.0,0.0,0.0,0.0,0.0,0.0,0.0,0.0
67.480233326,0.0,0.0,-0.0,0.0,649.4769287109375,842.9901123046875,0.0,-0.0,0.0,0.0,0.0,0.0,0.0,0.0,0.0,0.0
67.500183096,0.0,0.0,-0.0,0.0,649.4769287109375,842.9901123046875,0.0,-0.0,0.0,0.0,0.0,0.0,0.0,0.0,0.0,0.0
67.520247826,0.0,0.0,-0.0,0.0,649.4769287109375,842.9901123046875,0.0,-0.0,0.0,0.0,0.0,0.0,0.0,0.0,0.0,0.0
67.540170272,0.0,0.0,-0.0,0.0,649.4769287109375,842.9901123046875,0.0,-0.0,0.0,0.0,0.0,0.0,0.0,0.0,0.0,0.0
67.560560906,0.0,0.0,-0.0,0.0,649.4769287109375,842.9901123046875,0.0,-0.0,0.0,0.0,0.0,0.0,0.0,0.0,0.0,0.0
67.580514868,0.0,0.0,-0.0,0.0,649.4769287109375,842.9901123046875,0.0,-0.0,0.0,0.0,0.0,0.0,0.0,0.0,0.0,0.0
67.600426499,0.0,0.0,-0.0,0.0,649.4769287109375,842.9901123046875,0.0,-0.0,0.0,0.0,0.0,0.0,0.0,0.0,0.0,0.0
67.620207046,0.0,0.0,-0.0,0.0,649.4769287109375,842.9901123046875,0.0,-0.0,0.0,0.0,0.0,0.0,0.0,0.0,0.0,0.0
67.640173614,0.0,0.0,-0.0,0.0,649.4769287109375,842.9901123046875,0.0,-0.0,0.0,0.0,0.0,0.0,0.0,0.0,0.0,0.0
67.660275426,0.0,0.0,-0.0,0.0,649.4769287109375,842.9901123046875,0.0,-0.0,0.0,0.0,0.0,0.0,0.0,0.0,0.0,0.0
67.680295682,0.0,0.0,-0.0,0.0,649.4769287109375,842.9901123046875,0.0,-0.0,0.0,0.0,0.0,0.0,0.0,0.0,0.0,0.0
67.700212465,0.0,0.0,-0.0,0.0,649.4769287109375,842.9901123046875,0.0,-0.0,0.0,0.0,0.0,0.0,0.0,0.0,0.0,0.0
67.720203029,0.0,0.0,-0.0,0.0,649.4769287109375,842.9901123046875,0.0,-0.0,0.0,0.0,0.0,0.0,0.0,0.0,0.0,0.0
67.74016982,0.0,0.0,-0.0,0.0,649.4769287109375,842.9901123046875,0.0,-0.0,0.0,0.0,0.0,0.0,0.0,0.0,0.0,0.0
67.760414524,0.0,0.0,-0.0,0.0,649.4769287109375,842.9901123046875,0.0,-0.0,0.0,0.0,0.0,0.0,0.0,0.0,0.0,0.0
67.780220155,0.0,0.0,-0.0,0.0,649.4769287109375,842.9901123046875,0.0,-0.0,0.0,0.0,0.0,0.0,0.0,0.0,0.0,0.0
67.800193314,0.0,0.0,-0.0,0.0,649.4769287109375,842.9901123046875,0.0,-0.0,0.0,0.0,0.0,0.0,0.0,0.0,0.0,0.0
67.820232799,0.0,0.0,-0.0,0.0,649.4769287109375,842.9901123046875,0.0,-0.0,0.0,0.0,0.0,0.0,0.0,0.0,0.0,0.0
67.84021706,0.0,0.0,-0.0,0.0,649.4769287109375,842.9901123046875,0.0,-0.0,0.0,0.0,0.0,0.0,0.0,0.0,0.0,0.0
67.86041681,0.0,0.0,-0.0,0.0,649.4769287109375,842.9901123046875,0.0,-0.0,0.0,0.0,0.0,0.0,0.0,0.0,0.0,0.0
67.880251749,0.0,0.0,-0.0,0.0,649.4769287109375,842.9901123046875,0.0,-0.0,0.0,0.0,0.0,0.0,0.0,0.0,0.0,0.0
67.90017765,0.0,0.0,-0.0,0.0,649.4769287109375,842.9901123046875,0.0,-0.0,0.0,0.0,0.0,0.0,0.0,0.0,0.0,0.0
67.920578651,0.0,0.0,-0.0,0.0,649.4769287109375,842.9901123046875,0.0,-0.0,0.0,0.0,0.0,0.0,0.0,0.0,0.0,0.0
67.940191222,0.0,0.0,-0.0,0.0,649.4769287109375,842.9901123046875,0.0,-0.0,0.0,0.0,0.0,0.0,0.0,0.0,0.0,0.0
67.960427799,0.0,0.0,-0.0,0.0,649.4769287109375,842.9901123046875,0.0,-0.0,0.0,0.0,0.0,0.0,0.0,0.0,0.0,0.0
67.980245876,0.0,0.0,-0.0,0.0,649.4769287109375,842.9901123046875,0.0,-0.0,0.0,0.0,0.0,0.0,0.0,0.0,0.0,0.0
68.000188414,0.0,0.0,-0.0,0.0,649.4769287109375,842.9901123046875,0.0,-0.0,0.0,0.0,0.0,0.0,0.0,0.0,0.0,0.0
68.020237497,0.0,0.0,-0.0,0.0,649.4769287109375,842.9901123046875,0.0,-0.0,0.0,0.0,0.0,0.0,0.0,0.0,0.0,0.0
68.040174084,0.0,0.0,-0.0,0.0,649.4769287109375,842.9901123046875,0.0,-0.0,0.0,0.0,0.0,0.0,0.0,0.0,0.0,0.0
68.06020749,0.0,0.0,-0.0,0.0,649.4769287109375,842.9901123046875,0.0,-0.0,0.0,0.0,0.0,0.0,0.0,0.0,0.0,0.0
68.080458624,0.0,0.0,-0.0,0.0,649.4769287109375,842.9901123046875,0.0,-0.0,0.0,0.0,0.0,0.0,0.0,0.0,0.0,0.0
68.100397099,0.0,0.0,-0.0,0.0,649.4769287109375,842.9901123046875,0.0,-0.0,0.0,0.0,0.0,0.0,0.0,0.0,0.0,0.0
68.1205669,0.0,0.0,-0.0,0.0,649.4769287109375,842.9901123046875,0.0,-0.0,0.0,0.0,0.0,0.0,0.0,0.0,0.0,0.0
68.140184653,0.0,0.0,-0.0,0.0,649.4769287109375,842.9901123046875,0.0,-0.0,0.0,0.0,0.0,0.0,0.0,0.0,0.0,0.0
68.160191151,0.0,0.0,-0.0,0.0,649.4769287109375,842.9901123046875,0.0,-0.0,0.0,0.0,0.0,0.0,0.0,0.0,0.0,0.0
68.180194448,0.0,0.0,-0.0,0.0,649.4769287109375,842.9901123046875,0.0,-0.0,0.0,0.0,0.0,0.0,0.0,0.0,0.0,0.0
68.200388758,0.0,0.0,-0.0,0.0,649.4769287109375,842.9901123046875,0.0,-0.0,0.0,0.0,0.0,0.0,0.0,0.0,0.0,0.0
68.22022248,0.0,0.0,-0.0,0.0,649.4769287109375,842.9901123046875,0.0,-0.0,0.0,0.0,0.0,0.0,0.0,0.0,0.0,0.0
68.240211604,0.0,0.0,-0.0,0.0,649.4769287109375,842.9901123046875,0.0,-0.0,0.0,0.0,0.0,0.0,0.0,0.0,0.0,0.0
68.260231987,0.0,0.0,-0.0,0.0,649.4769287109375,842.9901123046875,0.0,-0.0,0.0,0.0,0.0,0.0,0.0,0.0,0.0,0.0
68.280243508,0.0,0.0,-0.0,0.0,649.4769287109375,842.9901123046875,0.0,-0.0,0.0,0.0,0.0,0.0,0.0,0.0,0.0,0.0
68.300199932,0.0,0.0,-0.0,0.0,649.4769287109375,842.9901123046875,0.0,-0.0,0.0,0.0,0.0,0.0,0.0,0.0,0.0,0.0
68.320629344,0.0,0.0,-0.0,0.0,649.4769287109375,842.9901123046875,0.0,-0.0,0.0,0.0,0.0,0.0,0.0,0.0,0.0,0.0
68.340189954,0.0,0.0,-0.0,0.0,649.4769287109375,842.9901123046875,0.0,-0.0,0.0,0.0,0.0,0.0,0.0,0.0,0.0,0.0
68.360458365,0.0,0.0,-0.0,0.0,649.4769287109375,842.9901123046875,0.0,-0.0,0.0,0.0,0.0,0.0,0.0,0.0,0.0,0.0
68.3803117,0.0,0.0,-0.0,0.0,649.4769287109375,842.9901123046875,0.0,-0.0,0.0,0.0,0.0,0.0,0.0,0.0,0.0,0.0
68.400334707,0.0,0.0,-0.0,0.0,649.4769287109375,842.9901123046875,0.0,-0.0,0.0,0.0,0.0,0.0,0.0,0.0,0.0,0.0
68.420211239,0.0,0.0,-0.0,0.0,649.4769287109375,842.9901123046875,0.0,-0.0,0.0,0.0,0.0,0.0,0.0,0.0,0.0,0.0
68.440176142,0.0,0.0,-0.0,0.0,649.4769287109375,842.9901123046875,0.0,-0.0,0.0,0.0,0.0,0.0,0.0,0.0,0.0,0.0
68.460418925,0.0,0.0,-0.0,0.0,649.4769287109375,842.9901123046875,0.0,-0.0,0.0,0.0,0.0,0.0,0.0,0.0,0.0,0.0
68.480237993,0.0,0.0,-0.0,0.0,649.4769287109375,842.9901123046875,0.0,-0.0,0.0,0.0,0.0,0.0,0.0,0.0,0.0,0.0
68.500219022,0.0,0.0,-0.0,0.0,649.4769287109375,842.9901123046875,0.0,-0.0,0.0,0.0,0.0,0.0,0.0,0.0,0.0,0.0
68.520227375,0.0,0.0,-0.0,0.0,649.4769287109375,842.9901123046875,0.0,-0.0,0.0,0.0,0.0,0.0,0.0,0.0,0.0,0.0
68.540187959,0.0,0.0,-0.0,0.0,649.4769287109375,842.9901123046875,0.0,-0.0,0.0,0.0,0.0,0.0,0.0,0.0,0.0,0.0
68.560210006,0.0,0.0,-0.0,0.0,649.4769287109375,842.9901123046875,0.0,-0.0,0.0,0.0,0.0,0.0,0.0,0.0,0.0,0.0
68.580614238,0.0,0.0,-0.0,0.0,649.4769287109375,842.9901123046875,0.0,-0.0,0.0,0.0,0.0,0.0,0.0,0.0,0.0,0.0
68.600152098,0.0,0.0,-0.0,0.0,649.4769287109375,842.9901123046875,0.0,-0.0,0.0,0.0,0.0,0.0,0.0,0.0,0.0,0.0
68.620192735,0.0,0.0,-0.0,0.0,649.4769287109375,842.9901123046875,0.0,-0.0,0.0,0.0,0.0,0.0,0.0,0.0,0.0,0.0
68.640135785,0.0,0.0,-0.0,0.0,649.4769287109375,842.9901123046875,0.0,-0.0,0.0,0.0,0.0,0.0,0.0,0.0,0.0,0.0
68.660427649,0.0,0.0,-0.0,0.0,649.4769287109375,842.9901123046875,0.0,-0.0,0.0,0.0,0.0,0.0,0.0,0.0,0.0,0.0
68.680585196,0.0,0.0,-0.0,0.0,649.4769287109375,842.9901123046875,0.0,-0.0,0.0,0.0,0.0,0.0,0.0,0.0,0.0,0.0
68.700184328,0.0,0.0,-0.0,0.0,649.4769287109375,842.9901123046875,0.0,-0.0,0.0,0.0,0.0,0.0,0.0,0.0,0.0,0.0
68.720200968,0.0,0.0,-0.0,0.0,649.4769287109375,842.9901123046875,0.0,-0.0,0.0,0.0,0.0,0.0,0.0,0.0,0.0,0.0
68.740168527,0.0,0.0,-0.0,0.0,649.4769287109375,842.9901123046875,0.0,-0.0,0.0,0.0,0.0,0.0,0.0,0.0,0.0,0.0
68.760202668,0.0,0.0,-0.0,0.0,649.4769287109375,842.9901123046875,0.0,-0.0,0.0,0.0,0.0,0.0,0.0,0.0,0.0,0.0
68.780471079,0.0,0.0,-0.0,0.0,649.4769287109375,842.9901123046875,0.0,-0.0,0.0,0.0,0.0,0.0,0.0,0.0,0.0,0.0
68.800208879,0.0,0.0,-0.0,0.0,649.4769287109375,842.9901123046875,0.0,-0.0,0.0,0.0,0.0,0.0,0.0,0.0,0.0,0.0
68.820187572,0.0,0.0,-0.0,0.0,649.4769287109375,842.9901123046875,0.0,-0.0,0.0,0.0,0.0,0.0,0.0,0.0,0.0,0.0
68.840154843,0.0,0.0,-0.0,0.0,649.4769287109375,842.9901123046875,0.0,-0.0,0.0,0.0,0.0,0.0,0.0,0.0,0.0,0.0
68.86042735,0.0,0.0,-0.0,0.0,649.4769287109375,842.9901123046875,0.0,-0.0,0.0,0.0,0.0,0.0,0.0,0.0,0.0,0.0
68.880448629,0.0,0.0,-0.0,0.0,649.4769287109375,842.9901123046875,0.0,-0.0,0.0,0.0,0.0,0.0,0.0,0.0,0.0,0.0
68.900178558,0.0,0.0,-0.0,0.0,649.4769287109375,842.9901123046875,0.0,-0.0,0.0,0.0,0.0,0.0,0.0,0.0,0.0,0.0
68.920198781,0.0,0.0,-0.0,0.0,649.4769287109375,842.9901123046875,0.0,-0.0,0.0,0.0,0.0,0.0,0.0,0.0,0.0,0.0
68.940137352,0.0,0.0,-0.0,0.0,649.4769287109375,842.9901123046875,0.0,-0.0,0.0,0.0,0.0,0.0,0.0,0.0,0.0,0.0
68.960415906,0.0,0.0,-0.0,0.0,649.4769287109375,842.9901123046875,0.0,-0.0,0.0,0.0,0.0,0.0,0.0,0.0,0.0,0.0
68.980784943,0.0,0.0,-0.0,0.0,649.4769287109375,842.9901123046875,0.0,-0.0,0.0,0.0,0.0,0.0,0.0,0.0,0.0,0.0
69.000201604,0.0,0.0,-0.0,0.0,649.4769287109375,842.9901123046875,0.0,-0.0,0.0,0.0,0.0,0.0,0.0,0.0,0.0,0.0
69.02025587,0.0,0.0,-0.0,0.0,649.4769287109375,842.9901123046875,0.0,-0.0,0.0,0.0,0.0,0.0,0.0,0.0,0.0,0.0
69.040157134,0.0,0.0,-0.0,0.0,649.4769287109375,842.9901123046875,0.0,-0.0,0.0,0.0,0.0,0.0,0.0,0.0,0.0,0.0
69.060430632,0.0,0.0,-0.0,0.0,649.4769287109375,842.9901123046875,0.0,-0.0,0.0,0.0,0.0,0.0,0.0,0.0,0.0,0.0
69.080467396,0.0,0.0,-0.0,0.0,649.4769287109375,842.9901123046875,0.0,-0.0,0.0,0.0,0.0,0.0,0.0,0.0,0.0,0.0
69.100181742,0.0,0.0,-0.0,0.0,649.4769287109375,842.9901123046875,0.0,-0.0,0.0,0.0,0.0,0.0,0.0,0.0,0.0,0.0
69.120211947,0.0,0.0,-0.0,0.0,649.4769287109375,842.9901123046875,0.0,-0.0,0.0,0.0,0.0,0.0,0.0,0.0,0.0,0.0
69.140172018,0.0,0.0,-0.0,0.0,649.4769287109375,842.9901123046875,0.0,-0.0,0.0,0.0,0.0,0.0,0.0,0.0,0.0,0.0
69.160416816,0.0,0.0,-0.0,0.0,649.4769287109375,842.9901123046875,0.0,-0.0,0.0,0.0,0.0,0.0,0.0,0.0,0.0,0.0
69.180213743,0.0,0.0,-0.0,0.0,649.4769287109375,842.9901123046875,0.0,-0.0,0.0,0.0,0.0,0.0,0.0,0.0,0.0,0.0
69.200184532,0.0,0.0,-0.0,0.0,649.4769287109375,842.9901123046875,0.0,-0.0,0.0,0.0,0.0,0.0,0.0,0.0,0.0,0.0
69.220328001,0.0,0.0,-0.0,0.0,649.4769287109375,842.9901123046875,0.0,-0.0,0.0,0.0,0.0,0.0,0.0,0.0,0.0,0.0
69.240479373,0.0,0.0,-0.0,0.0,649.4769287109375,842.9901123046875,0.0,-0.0,0.0,0.0,0.0,0.0,0.0,0.0,0.0,0.0
69.260471407,0.0,0.0,-0.0,0.0,649.4769287109375,842.9901123046875,0.0,-0.0,0.0,0.0,0.0,0.0,0.0,0.0,0.0,0.0
69.280463378,0.0,0.0,-0.0,0.0,649.4769287109375,842.9901123046875,0.0,-0.0,0.0,0.0,0.0,0.0,0.0,0.0,0.0,0.0
69.300207832,0.0,0.0,-0.0,0.0,649.4769287109375,842.9901123046875,0.0,-0.0,0.0,0.0,0.0,0.0,0.0,0.0,0.0,0.0
69.320190907,0.0,0.0,-0.0,0.0,649.4769287109375,842.9901123046875,0.0,-0.0,0.0,0.0,0.0,0.0,0.0,0.0,0.0,0.0
69.340175679,0.0,0.0,-0.0,0.0,649.4769287109375,842.9901123046875,0.0,-0.0,0.0,0.0,0.0,0.0,0.0,0.0,0.0,0.0
69.360419229,0.0,0.0,-0.0,0.0,649.4769287109375,842.9901123046875,0.0,-0.0,0.0,0.0,0.0,0.0,0.0,0.0,0.0,0.0
69.380442715,0.0,0.0,-0.0,0.0,649.4769287109375,842.9901123046875,0.0,-0.0,0.0,0.0,0.0,0.0,0.0,0.0,0.0,0.0
69.400204319,0.0,0.0,-0.0,0.0,649.4769287109375,842.9901123046875,0.0,-0.0,0.0,0.0,0.0,0.0,0.0,0.0,0.0,0.0
69.420204928,0.0,0.0,-0.0,0.0,649.4769287109375,842.9901123046875,0.0,-0.0,0.0,0.0,0.0,0.0,0.0,0.0,0.0,0.0
69.440166919,0.0,0.0,-0.0,0.0,649.4769287109375,842.9901123046875,0.0,-0.0,0.0,0.0,0.0,0.0,0.0,0.0,0.0,0.0
69.460418148,0.0,0.0,-0.0,0.0,649.4769287109375,842.9901123046875,0.0,-0.0,0.0,0.0,0.0,0.0,0.0,0.0,0.0,0.0
69.480461023,0.0,0.0,-0.0,0.0,649.4769287109375,842.9901123046875,0.0,-0.0,0.0,0.0,0.0,0.0,0.0,0.0,0.0,0.0
69.500179113,0.0,0.0,-0.0,0.0,649.4769287109375,842.9901123046875,0.0,-0.0,0.0,0.0,0.0,0.0,0.0,0.0,0.0,0.0
69.520186282,0.0,0.0,-0.0,0.0,649.4769287109375,842.9901123046875,0.0,-0.0,0.0,0.0,0.0,0.0,0.0,0.0,0.0,0.0
69.540198921,0.0,0.0,-0.0,0.0,649.4769287109375,842.9901123046875,0.0,-0.0,0.0,0.0,0.0,0.0,0.0,0.0,0.0,0.0
69.560424714,0.0,0.0,-0.0,0.0,649.4769287109375,842.9901123046875,0.0,-0.0,0.0,0.0,0.0,0.0,0.0,0.0,0.0,0.0
69.580427627,0.0,0.0,-0.0,0.0,649.4769287109375,842.9901123046875,0.0,-0.0,0.0,0.0,0.0,0.0,0.0,0.0,0.0,0.0
69.60020302,0.0,0.0,-0.0,0.0,649.4769287109375,842.9901123046875,0.0,-0.0,0.0,0.0,0.0,0.0,0.0,0.0,0.0,0.0
69.620178481,0.0,0.0,-0.0,0.0,649.4769287109375,842.9901123046875,0.0,-0.0,0.0,0.0,0.0,0.0,0.0,0.0,0.0,0.0
69.640509251,0.0,0.0,-0.0,0.0,649.4769287109375,842.9901123046875,0.0,-0.0,0.0,0.0,0.0,0.0,0.0,0.0,0.0,0.0
69.66047201,0.0,0.0,-0.0,0.0,649.4769287109375,842.9901123046875,0.0,-0.0,0.0,0.0,0.0,0.0,0.0,0.0,0.0,0.0
69.680447791,0.0,0.0,-0.0,0.0,649.4769287109375,842.9901123046875,0.0,-0.0,0.0,0.0,0.0,0.0,0.0,0.0,0.0,0.0
69.700452847,0.0,0.0,-0.0,0.0,649.4769287109375,842.9901123046875,0.0,-0.0,0.0,0.0,0.0,0.0,0.0,0.0,0.0,0.0
69.720200405,0.0,0.0,-0.0,0.0,649.4769287109375,842.9901123046875,0.0,-0.0,0.0,0.0,0.0,0.0,0.0,0.0,0.0,0.0
69.740169147,0.0,0.0,-0.0,0.0,649.4769287109375,842.9901123046875,0.0,-0.0,0.0,0.0,0.0,0.0,0.0,0.0,0.0,0.0
69.760448052,0.0,0.0,-0.0,0.0,649.4769287109375,842.9901123046875,0.0,-0.0,0.0,0.0,0.0,0.0,0.0,0.0,0.0,0.0
69.780431576,0.0,0.0,-0.0,0.0,649.4769287109375,842.9901123046875,0.0,-0.0,0.0,0.0,0.0,0.0,0.0,0.0,0.0,0.0
69.800192635,0.0,0.0,-0.0,0.0,649.4769287109375,842.9901123046875,0.0,-0.0,0.0,0.0,0.0,0.0,0.0,0.0,0.0,0.0
69.820208858,0.0,0.0,-0.0,0.0,649.4769287109375,842.9901123046875,0.0,-0.0,0.0,0.0,0.0,0.0,0.0,0.0,0.0,0.0
69.840196222,0.0,0.0,-0.0,0.0,649.4769287109375,842.9901123046875,0.0,-0.0,0.0,0.0,0.0,0.0,0.0,0.0,0.0,0.0
69.860314318,0.0,0.0,-0.0,0.0,649.4769287109375,842.9901123046875,0.0,-0.0,0.0,0.0,0.0,0.0,0.0,0.0,0.0,0.0
69.880166373,0.0,0.0,-0.0,0.0,649.4769287109375,842.9901123046875,0.0,-0.0,0.0,0.0,0.0,0.0,0.0,0.0,0.0,0.0
69.900918234,0.0,0.0,-0.0,0.0,649.4769287109375,842.9901123046875,0.0,-0.0,0.0,0.0,0.0,0.0,0.0,0.0,0.0,0.0
69.920276439,0.0,0.0,-0.0,0.0,649.4769287109375,842.9901123046875,0.0,-0.0,0.0,0.0,0.0,0.0,0.0,0.0,0.0,0.0
69.940397255,0.0,0.0,-0.0,0.0,649.4769287109375,842.9901123046875,0.0,-0.0,0.0,0.0,0.0,0.0,0.0,0.0,0.0,0.0
69.960232608,0.0,0.0,-0.0,0.0,649.4769287109375,842.9901123046875,0.0,-0.0,0.0,0.0,0.0,0.0,0.0,0.0,0.0,0.0
69.980417063,0.0,0.0,-0.0,0.0,649.4769287109375,842.9901123046875,0.0,-0.0,0.0,0.0,0.0,0.0,0.0,0.0,0.0,0.0
70.000393387,0.0,0.0,-0.0,0.0,649.4769287109375,842.9901123046875,0.0,-0.0,0.0,0.0,0.0,0.0,0.0,0.0,0.0,0.0
70.020415785,0.0,0.0,-0.0,0.0,649.4769287109375,842.9901123046875,0.0,-0.0,0.0,0.0,0.0,0.0,0.0,0.0,0.0,0.0
70.040397132,0.0,0.0,-0.0,0.0,649.4769287109375,842.9901123046875,0.0,-0.0,0.0,0.0,0.0,0.0,0.0,0.0,0.0,0.0
70.06037592,0.0,0.0,-0.0,0.0,649.4769287109375,842.9901123046875,0.0,-0.0,0.0,0.0,0.0,0.0,0.0,0.0,0.0,0.0
70.080159983,0.0,0.0,-0.0,0.0,649.4769287109375,842.9901123046875,0.0,-0.0,0.0,0.0,0.0,0.0,0.0,0.0,0.0,0.0
70.100174798,0.0,0.0,-0.0,0.0,649.4769287109375,842.9901123046875,0.0,-0.0,0.0,0.0,0.0,0.0,0.0,0.0,0.0,0.0
70.120188908,0.0,0.0,-0.0,0.0,649.4769287109375,842.9901123046875,0.0,-0.0,0.0,0.0,0.0,0.0,0.0,0.0,0.0,0.0
70.140145971,0.0,0.0,-0.0,0.0,649.4769287109375,842.9901123046875,0.0,-0.0,0.0,0.0,0.0,0.0,0.0,0.0,0.0,0.0
70.160168304,0.0,0.0,-0.0,0.0,649.4769287109375,842.9901123046875,0.0,-0.0,0.0,0.0,0.0,0.0,0.0,0.0,0.0,0.0
70.180226601,0.0,0.0,-0.0,0.0,649.4769287109375,842.9901123046875,0.0,-0.0,0.0,0.0,0.0,0.0,0.0,0.0,0.0,0.0
70.200294623,0.0,0.0,-0.0,0.0,649.4769287109375,842.9901123046875,0.0,-0.0,0.0,0.0,0.0,0.0,0.0,0.0,0.0,0.0
70.220215563,0.0,0.0,-0.0,0.0,649.4769287109375,842.9901123046875,0.0,-0.0,0.0,0.0,0.0,0.0,0.0,0.0,0.0,0.0
70.240348633,0.0,0.0,-0.0,0.0,649.4769287109375,842.9901123046875,0.0,-0.0,0.0,0.0,0.0,0.0,0.0,0.0,0.0,0.0
70.26020443,0.0,0.0,-0.0,0.0,649.4769287109375,842.9901123046875,0.0,-0.0,0.0,0.0,0.0,0.0,0.0,0.0,0.0,0.0
70.28025044,0.0,0.0,-0.0,0.0,649.4769287109375,842.9901123046875,0.0,-0.0,0.0,0.0,0.0,0.0,0.0,0.0,0.0,0.0
70.300213742,0.0,0.0,-0.0,0.0,649.4769287109375,842.9901123046875,0.0,-0.0,0.0,0.0,0.0,0.0,0.0,0.0,0.0,0.0
70.320193202,0.0,0.0,-0.0,0.0,649.4769287109375,842.9901123046875,0.0,-0.0,0.0,0.0,0.0,0.0,0.0,0.0,0.0,0.0
70.34014105,0.0,0.0,-0.0,0.0,649.4769287109375,842.9901123046875,0.0,-0.0,0.0,0.0,0.0,0.0,0.0,0.0,0.0,0.0
70.360157944,0.0,0.0,-0.0,0.0,649.4769287109375,842.9901123046875,0.0,-0.0,0.0,0.0,0.0,0.0,0.0,0.0,0.0,0.0
70.380215504,0.0,0.0,-0.0,0.0,649.4769287109375,842.9901123046875,0.0,-0.0,0.0,0.0,0.0,0.0,0.0,0.0,0.0,0.0
70.400189365,0.0,0.0,-0.0,0.0,649.4769287109375,842.9901123046875,0.0,-0.0,0.0,0.0,0.0,0.0,0.0,0.0,0.0,0.0
70.420206067,0.0,0.0,-0.0,0.0,649.4769287109375,842.9901123046875,0.0,-0.0,0.0,0.0,0.0,0.0,0.0,0.0,0.0,0.0
70.440157146,0.0,0.0,-0.0,0.0,649.4769287109375,842.9901123046875,0.0,-0.0,0.0,0.0,0.0,0.0,0.0,0.0,0.0,0.0
70.460362109,0.0,0.0,-0.0,0.0,649.4769287109375,842.9901123046875,0.0,-0.0,0.0,0.0,0.0,0.0,0.0,0.0,0.0,0.0
70.48021074,0.0,0.0,-0.0,0.0,649.4769287109375,842.9901123046875,0.0,-0.0,0.0,0.0,0.0,0.0,0.0,0.0,0.0,0.0
70.500227186,0.0,0.0,-0.0,0.0,649.4769287109375,842.9901123046875,0.0,-0.0,0.0,0.0,0.0,0.0,0.0,0.0,0.0,0.0
70.520268301,0.0,0.0,-0.0,0.0,649.4769287109375,842.9901123046875,0.0,-0.0,0.0,0.0,0.0,0.0,0.0,0.0,0.0,0.0
70.540228691,0.0,0.0,-0.0,0.0,649.4769287109375,842.9901123046875,0.0,-0.0,0.0,0.0,0.0,0.0,0.0,0.0,0.0,0.0
70.560228116,0.0,0.0,-0.0,0.0,649.4769287109375,842.9901123046875,0.0,-0.0,0.0,0.0,0.0,0.0,0.0,0.0,0.0,0.0
70.580174716,0.0,0.0,-0.0,0.0,649.4769287109375,842.9901123046875,0.0,-0.0,0.0,0.0,0.0,0.0,0.0,0.0,0.0,0.0
70.600185851,0.0,0.0,-0.0,0.0,649.4769287109375,842.9901123046875,0.0,-0.0,0.0,0.0,0.0,0.0,0.0,0.0,0.0,0.0
70.6201831,0.0,0.0,-0.0,0.0,649.4769287109375,842.9901123046875,0.0,-0.0,0.0,0.0,0.0,0.0,0.0,0.0,0.0,0.0
70.640158912,0.0,0.0,-0.0,0.0,649.4769287109375,842.9901123046875,0.0,-0.0,0.0,0.0,0.0,0.0,0.0,0.0,0.0,0.0
70.660200635,0.0,0.0,-0.0,0.0,649.4769287109375,842.9901123046875,0.0,-0.0,0.0,0.0,0.0,0.0,0.0,0.0,0.0,0.0
70.68026517,0.0,0.0,-0.0,0.0,649.4769287109375,842.9901123046875,0.0,-0.0,0.0,0.0,0.0,0.0,0.0,0.0,0.0,0.0
70.700192381,0.0,0.0,-0.0,0.0,649.4769287109375,842.9901123046875,0.0,-0.0,0.0,0.0,0.0,0.0,0.0,0.0,0.0,0.0
70.72020518,0.0,0.0,-0.0,0.0,649.4769287109375,842.9901123046875,0.0,-0.0,0.0,0.0,0.0,0.0,0.0,0.0,0.0,0.0
70.740155331,0.0,0.0,-0.0,0.0,649.4769287109375,842.9901123046875,0.0,-0.0,0.0,0.0,0.0,0.0,0.0,0.0,0.0,0.0
70.760192287,0.0,0.0,-0.0,0.0,649.4769287109375,842.9901123046875,0.0,-0.0,0.0,0.0,0.0,0.0,0.0,0.0,0.0,0.0
70.780185248,0.0,0.0,-0.0,0.0,649.4769287109375,842.9901123046875,0.0,-0.0,0.0,0.0,0.0,0.0,0.0,0.0,0.0,0.0
70.800195743,0.0,0.0,-0.0,0.0,649.4769287109375,842.9901123046875,0.0,-0.0,0.0,0.0,0.0,0.0,0.0,0.0,0.0,0.0
70.820188289,0.0,0.0,-0.0,0.0,649.4769287109375,842.9901123046875,0.0,-0.0,0.0,0.0,0.0,0.0,0.0,0.0,0.0,0.0
70.840137161,0.0,0.0,-0.0,0.0,649.4769287109375,842.9901123046875,0.0,-0.0,0.0,0.0,0.0,0.0,0.0,0.0,0.0,0.0
70.860205952,0.0,0.0,-0.0,0.0,649.4769287109375,842.9901123046875,0.0,-0.0,0.0,0.0,0.0,0.0,0.0,0.0,0.0,0.0
70.88038887,0.0,0.0,-0.0,0.0,649.4769287109375,842.9901123046875,0.0,-0.0,0.0,0.0,0.0,0.0,0.0,0.0,0.0,0.0
70.900413731,0.0,0.0,-0.0,0.0,649.4769287109375,842.9901123046875,0.0,-0.0,0.0,0.0,0.0,0.0,0.0,0.0,0.0,0.0
70.920136204,0.0,0.0,-0.0,0.0,649.4769287109375,842.9901123046875,0.0,-0.0,0.0,0.0,0.0,0.0,0.0,0.0,0.0,0.0
70.940145771,0.0,0.0,-0.0,0.0,649.4769287109375,842.9901123046875,0.0,-0.0,0.0,0.0,0.0,0.0,0.0,0.0,0.0,0.0
70.960864036,0.0,0.0,-0.0,0.0,649.4769287109375,842.9901123046875,0.0,-0.0,0.0,0.0,0.0,0.0,0.0,0.0,0.0,0.0
70.980151243,0.0,0.0,-0.0,0.0,649.4769287109375,842.9901123046875,0.0,-0.0,0.0,0.0,0.0,0.0,0.0,0.0,0.0,0.0
71.000133614,0.0,0.0,-0.0,0.0,649.4769287109375,842.9901123046875,0.0,-0.0,0.0,0.0,0.0,0.0,0.0,0.0,0.0,0.0
71.020204835,0.0,0.0,-0.0,0.0,649.4769287109375,842.9901123046875,0.0,-0.0,0.0,0.0,0.0,0.0,0.0,0.0,0.0,0.0
71.040150443,0.0,0.0,-0.0,0.0,649.4769287109375,842.9901123046875,0.0,-0.0,0.0,0.0,0.0,0.0,0.0,0.0,0.0,0.0
71.060436898,0.0,0.0,-0.0,0.0,649.4769287109375,842.9901123046875,0.0,-0.0,0.0,0.0,0.0,0.0,0.0,0.0,0.0,0.0
71.080227968,0.0,0.0,-0.0,0.0,649.4769287109375,842.9901123046875,0.0,-0.0,0.0,0.0,0.0,0.0,0.0,0.0,0.0,0.0
71.10018423,0.0,0.0,-0.0,0.0,649.4769287109375,842.9901123046875,0.0,-0.0,0.0,0.0,0.0,0.0,0.0,0.0,0.0,0.0
71.120162601,0.0,0.0,-0.0,0.0,649.4769287109375,842.9901123046875,0.0,-0.0,0.0,0.0,0.0,0.0,0.0,0.0,0.0,0.0
71.140156137,0.0,0.0,-0.0,0.0,649.4769287109375,842.9901123046875,0.0,-0.0,0.0,0.0,0.0,0.0,0.0,0.0,0.0,0.0
71.160786958,0.0,0.0,-0.0,0.0,649.4769287109375,842.9901123046875,0.0,-0.0,0.0,0.0,0.0,0.0,0.0,0.0,0.0,0.0
71.180392071,0.0,0.0,-0.0,0.0,649.4769287109375,842.9901123046875,0.0,-0.0,0.0,0.0,0.0,0.0,0.0,0.0,0.0,0.0
71.200138859,0.0,0.0,-0.0,0.0,649.4769287109375,842.9901123046875,0.0,-0.0,0.0,0.0,0.0,0.0,0.0,0.0,0.0,0.0
71.220154185,0.0,0.0,-0.0,0.0,649.4769287109375,842.9901123046875,0.0,-0.0,0.0,0.0,0.0,0.0,0.0,0.0,0.0,0.0
71.240134156,0.0,0.0,-0.0,0.0,649.4769287109375,842.9901123046875,0.0,-0.0,0.0,0.0,0.0,0.0,0.0,0.0,0.0,0.0
71.260970067,0.0,0.0,-0.0,0.0,649.4769287109375,842.9901123046875,0.0,-0.0,0.0,0.0,0.0,0.0,0.0,0.0,0.0,0.0
71.280227806,0.0,0.0,-0.0,0.0,649.4769287109375,842.9901123046875,0.0,-0.0,0.0,0.0,0.0,0.0,0.0,0.0,0.0,0.0
71.300194339,0.0,0.0,-0.0,0.0,649.4769287109375,842.9901123046875,0.0,-0.0,0.0,0.0,0.0,0.0,0.0,0.0,0.0,0.0
71.320799051,0.0,0.0,-0.0,0.0,649.4769287109375,842.9901123046875,0.0,-0.0,0.0,0.0,0.0,0.0,0.0,0.0,0.0,0.0
71.340195586,0.0,0.0,-0.0,0.0,649.4769287109375,842.9901123046875,0.0,-0.0,0.0,0.0,0.0,0.0,0.0,0.0,0.0,0.0
71.360666942,0.0,0.0,-0.0,0.0,649.4769287109375,842.9901123046875,0.0,-0.0,0.0,0.0,0.0,0.0,0.0,0.0,0.0,0.0
71.380198466,0.0,0.0,-0.0,0.0,649.4769287109375,842.9901123046875,0.0,-0.0,0.0,0.0,0.0,0.0,0.0,0.0,0.0,0.0
71.400185827,0.0,0.0,-0.0,0.0,649.4769287109375,842.9901123046875,0.0,-0.0,0.0,0.0,0.0,0.0,0.0,0.0,0.0,0.0
71.420177988,0.0,0.0,-0.0,0.0,649.4769287109375,842.9901123046875,0.0,-0.0,0.0,0.0,0.0,0.0,0.0,0.0,0.0,0.0
71.44018989,0.0,0.0,-0.0,0.0,649.4769287109375,842.9901123046875,0.0,-0.0,0.0,0.0,0.0,0.0,0.0,0.0,0.0,0.0
71.460426048,0.0,0.0,-0.0,0.0,649.4769287109375,842.9901123046875,0.0,-0.0,0.0,0.0,0.0,0.0,0.0,0.0,0.0,0.0
71.480181603,0.0,0.0,-0.0,0.0,649.4769287109375,842.9901123046875,0.0,-0.0,0.0,0.0,0.0,0.0,0.0,0.0,0.0,0.0
71.500247418,0.0,0.0,-0.0,0.0,649.4769287109375,842.9901123046875,0.0,-0.0,0.0,0.0,0.0,0.0,0.0,0.0,0.0,0.0
71.520208479,0.0,0.0,-0.0,0.0,649.4769287109375,842.9901123046875,0.0,-0.0,0.0,0.0,0.0,0.0,0.0,0.0,0.0,0.0
71.540164645,0.0,0.0,-0.0,0.0,649.4769287109375,842.9901123046875,0.0,-0.0,0.0,0.0,0.0,0.0,0.0,0.0,0.0,0.0
71.560714422,0.0,0.0,-0.0,0.0,649.4769287109375,842.9901123046875,0.0,-0.0,0.0,0.0,0.0,0.0,0.0,0.0,0.0,0.0
71.580325006,0.0,0.0,-0.0,0.0,649.4769287109375,842.9901123046875,0.0,-0.0,0.0,0.0,0.0,0.0,0.0,0.0,0.0,0.0
71.600275733,0.0,0.0,-0.0,0.0,649.4769287109375,842.9901123046875,0.0,-0.0,0.0,0.0,0.0,0.0,0.0,0.0,0.0,0.0
71.620206719,0.0,0.0,-0.0,0.0,649.4769287109375,842.9901123046875,0.0,-0.0,0.0,0.0,0.0,0.0,0.0,0.0,0.0,0.0
71.640181122,0.0,0.0,-0.0,0.0,649.4769287109375,842.9901123046875,0.0,-0.0,0.0,0.0,0.0,0.0,0.0,0.0,0.0,0.0
71.660423007,0.0,0.0,-0.0,0.0,649.4769287109375,842.9901123046875,0.0,-0.0,0.0,0.0,0.0,0.0,0.0,0.0,0.0,0.0
71.680217277,0.0,0.0,-0.0,0.0,649.4769287109375,842.9901123046875,0.0,-0.0,0.0,0.0,0.0,0.0,0.0,0.0,0.0,0.0
71.700223548,0.0,0.0,-0.0,0.0,649.4769287109375,842.9901123046875,0.0,-0.0,0.0,0.0,0.0,0.0,0.0,0.0,0.0,0.0
71.720186817,0.0,0.0,-0.0,0.0,649.4769287109375,842.9901123046875,0.0,-0.0,0.0,0.0,0.0,0.0,0.0,0.0,0.0,0.0
71.740167331,0.0,0.0,-0.0,0.0,649.4769287109375,842.9901123046875,0.0,-0.0,0.0,0.0,0.0,0.0,0.0,0.0,0.0,0.0
71.760430781,0.0,0.0,-0.0,0.0,649.4769287109375,842.9901123046875,0.0,-0.0,0.0,0.0,0.0,0.0,0.0,0.0,0.0,0.0
71.780452058,0.0,0.0,-0.0,0.0,649.4769287109375,842.9901123046875,0.0,-0.0,0.0,0.0,0.0,0.0,0.0,0.0,0.0,0.0
71.80016218,0.0,0.0,-0.0,0.0,649.4769287109375,842.9901123046875,0.0,-0.0,0.0,0.0,0.0,0.0,0.0,0.0,0.0,0.0
71.820221403,0.0,0.0,-0.0,0.0,649.4769287109375,842.9901123046875,0.0,-0.0,0.0,0.0,0.0,0.0,0.0,0.0,0.0,0.0
71.840177665,0.0,0.0,-0.0,0.0,649.4769287109375,842.9901123046875,0.0,-0.0,0.0,0.0,0.0,0.0,0.0,0.0,0.0,0.0
71.860630432,0.0,0.0,-0.0,0.0,649.4769287109375,842.9901123046875,0.0,-0.0,0.0,0.0,0.0,0.0,0.0,0.0,0.0,0.0
71.880677465,0.0,0.0,-0.0,0.0,649.4769287109375,842.9901123046875,0.0,-0.0,0.0,0.0,0.0,0.0,0.0,0.0,0.0,0.0
71.90016813,0.0,0.0,-0.0,0.0,649.4769287109375,842.9901123046875,0.0,-0.0,0.0,0.0,0.0,0.0,0.0,0.0,0.0,0.0
71.920181504,0.0,0.0,-0.0,0.0,649.4769287109375,842.9901123046875,0.0,-0.0,0.0,0.0,0.0,0.0,0.0,0.0,0.0,0.0
71.940168514,0.0,0.0,-0.0,0.0,649.4769287109375,842.9901123046875,0.0,-0.0,0.0,0.0,0.0,0.0,0.0,0.0,0.0,0.0
71.960222042,0.0,0.0,-0.0,0.0,649.4769287109375,842.9901123046875,0.0,-0.0,0.0,0.0,0.0,0.0,0.0,0.0,0.0,0.0
71.980303854,0.0,0.0,-0.0,0.0,649.4769287109375,842.9901123046875,0.0,-0.0,0.0,0.0,0.0,0.0,0.0,0.0,0.0,0.0
72.000223225,0.0,0.0,-0.0,0.0,649.4769287109375,842.9901123046875,0.0,-0.0,0.0,0.0,0.0,0.0,0.0,0.0,0.0,0.0
72.020206362,0.0,0.0,-0.0,0.0,649.4769287109375,842.9901123046875,0.0,-0.0,0.0,0.0,0.0,0.0,0.0,0.0,0.0,0.0
72.040181693,0.0,0.0,-0.0,0.0,649.4769287109375,842.9901123046875,0.0,-0.0,0.0,0.0,0.0,0.0,0.0,0.0,0.0,0.0
72.0602628,0.0,0.0,-0.0,0.0,649.4769287109375,842.9901123046875,0.0,-0.0,0.0,0.0,0.0,0.0,0.0,0.0,0.0,0.0
72.080523882,0.0,0.0,-0.0,0.0,649.4769287109375,842.9901123046875,0.0,-0.0,0.0,0.0,0.0,0.0,0.0,0.0,0.0,0.0
72.100492973,0.0,0.0,-0.0,0.0,649.4769287109375,842.9901123046875,0.0,-0.0,0.0,0.0,0.0,0.0,0.0,0.0,0.0,0.0
72.120429878,0.0,0.0,-0.0,0.0,649.4769287109375,842.9901123046875,0.0,-0.0,0.0,0.0,0.0,0.0,0.0,0.0,0.0,0.0
72.140398553,0.0,0.0,-0.0,0.0,649.4769287109375,842.9901123046875,0.0,-0.0,0.0,0.0,0.0,0.0,0.0,0.0,0.0,0.0
72.160427572,0.0,0.0,-0.0,0.0,649.4769287109375,842.9901123046875,0.0,-0.0,0.0,0.0,0.0,0.0,0.0,0.0,0.0,0.0
72.180383706,0.0,0.0,-0.0,0.0,649.4769287109375,842.9901123046875,0.0,-0.0,0.0,0.0,0.0,0.0,0.0,0.0,0.0,0.0
72.200386488,0.0,0.0,-0.0,0.0,649.4769287109375,842.9901123046875,0.0,-0.0,0.0,0.0,0.0,0.0,0.0,0.0,0.0,0.0
72.220399478,0.0,0.0,-0.0,0.0,649.4769287109375,842.9901123046875,0.0,-0.0,0.0,0.0,0.0,0.0,0.0,0.0,0.0,0.0
72.240415794,0.0,0.0,-0.0,0.0,649.4769287109375,842.9901123046875,0.0,-0.0,0.0,0.0,0.0,0.0,0.0,0.0,0.0,0.0
72.260467082,0.0,0.0,-0.0,0.0,649.4769287109375,842.9901123046875,0.0,-0.0,0.0,0.0,0.0,0.0,0.0,0.0,0.0,0.0
72.280543806,0.0,0.0,-0.0,0.0,649.4769287109375,842.9901123046875,0.0,-0.0,0.0,0.0,0.0,0.0,0.0,0.0,0.0,0.0
72.300304064,0.0,0.0,-0.0,0.0,649.4769287109375,842.9901123046875,0.0,-0.0,0.0,0.0,0.0,0.0,0.0,0.0,0.0,0.0
72.320193743,0.0,0.0,-0.0,0.0,649.4769287109375,842.9901123046875,0.0,-0.0,0.0,0.0,0.0,0.0,0.0,0.0,0.0,0.0
72.340384306,0.0,0.0,-0.0,0.0,649.4769287109375,842.9901123046875,0.0,-0.0,0.0,0.0,0.0,0.0,0.0,0.0,0.0,0.0
72.360394224,0.0,0.0,-0.0,0.0,649.4769287109375,842.9901123046875,0.0,-0.0,0.0,0.0,0.0,0.0,0.0,0.0,0.0,0.0
72.380437609,0.0,0.0,-0.0,0.0,649.4769287109375,842.9901123046875,0.0,-0.0,0.0,0.0,0.0,0.0,0.0,0.0,0.0,0.0
72.400356788,0.0,0.0,-0.0,0.0,649.4769287109375,842.9901123046875,0.0,-0.0,0.0,0.0,0.0,0.0,0.0,0.0,0.0,0.0
72.42034722,0.0,0.0,-0.0,0.0,649.4769287109375,842.9901123046875,0.0,-0.0,0.0,0.0,0.0,0.0,0.0,0.0,0.0,0.0
72.44037192,0.0,0.0,-0.0,0.0,649.4769287109375,842.9901123046875,0.0,-0.0,0.0,0.0,0.0,0.0,0.0,0.0,0.0,0.0
72.460409865,0.0,0.0,-0.0,0.0,649.4769287109375,842.9901123046875,0.0,-0.0,0.0,0.0,0.0,0.0,0.0,0.0,0.0,0.0
72.480459745,0.0,0.0,-0.0,0.0,649.4769287109375,842.9901123046875,0.0,-0.0,0.0,0.0,0.0,0.0,0.0,0.0,0.0,0.0
72.500196486,0.0,0.0,-0.0,0.0,649.4769287109375,842.9901123046875,0.0,-0.0,0.0,0.0,0.0,0.0,0.0,0.0,0.0,0.0
72.520180776,0.0,0.0,-0.0,0.0,649.4769287109375,842.9901123046875,0.0,-0.0,0.0,0.0,0.0,0.0,0.0,0.0,0.0,0.0
72.54039396,0.0,0.0,-0.0,0.0,649.4769287109375,842.9901123046875,0.0,-0.0,0.0,0.0,0.0,0.0,0.0,0.0,0.0,0.0
72.560178886,0.0,0.0,-0.0,0.0,649.4769287109375,842.9901123046875,0.0,-0.0,0.0,0.0,0.0,0.0,0.0,0.0,0.0,0.0
72.580153961,0.0,0.0,-0.0,0.0,649.4769287109375,842.9901123046875,0.0,-0.0,0.0,0.0,0.0,0.0,0.0,0.0,0.0,0.0
72.600175781,0.0,0.0,-0.0,0.0,649.4769287109375,842.9901123046875,0.0,-0.0,0.0,0.0,0.0,0.0,0.0,0.0,0.0,0.0
72.620158695,0.0,0.0,-0.0,0.0,649.4769287109375,842.9901123046875,0.0,-0.0,0.0,0.0,0.0,0.0,0.0,0.0,0.0,0.0
72.640570794,0.0,0.0,-0.0,0.0,649.4769287109375,842.9901123046875,0.0,-0.0,0.0,0.0,0.0,0.0,0.0,0.0,0.0,0.0
72.660225435,0.0,0.0,-0.0,0.0,649.4769287109375,842.9901123046875,0.0,-0.0,0.0,0.0,0.0,0.0,0.0,0.0,0.0,0.0
72.680225882,0.0,0.0,-0.0,0.0,649.4769287109375,842.9901123046875,0.0,-0.0,0.0,0.0,0.0,0.0,0.0,0.0,0.0,0.0
72.70019427,0.0,0.0,-0.0,0.0,649.4769287109375,842.9901123046875,0.0,-0.0,0.0,0.0,0.0,0.0,0.0,0.0,0.0,0.0
72.720402015,0.0,0.0,-0.0,0.0,649.4769287109375,842.9901123046875,0.0,-0.0,0.0,0.0,0.0,0.0,0.0,0.0,0.0,0.0
72.740428154,0.0,0.0,-0.0,0.0,649.4769287109375,842.9901123046875,0.0,-0.0,0.0,0.0,0.0,0.0,0.0,0.0,0.0,0.0
72.760205914,0.0,0.0,-0.0,0.0,649.4769287109375,842.9901123046875,0.0,-0.0,0.0,0.0,0.0,0.0,0.0,0.0,0.0,0.0
72.780172509,0.0,0.0,-0.0,0.0,649.4769287109375,842.9901123046875,0.0,-0.0,0.0,0.0,0.0,0.0,0.0,0.0,0.0,0.0
72.800165502,0.0,0.0,-0.0,0.0,649.4769287109375,842.9901123046875,0.0,-0.0,0.0,0.0,0.0,0.0,0.0,0.0,0.0,0.0
72.820753736,0.0,0.0,-0.0,0.0,649.4769287109375,842.9901123046875,0.0,-0.0,0.0,0.0,0.0,0.0,0.0,0.0,0.0,0.0
72.840695375,0.0,0.0,-0.0,0.0,649.4769287109375,842.9901123046875,0.0,-0.0,0.0,0.0,0.0,0.0,0.0,0.0,0.0,0.0
72.86093534,0.0,0.0,-0.0,0.0,649.4769287109375,842.9901123046875,0.0,-0.0,0.0,0.0,0.0,0.0,0.0,0.0,0.0,0.0
72.880316324,0.0,0.0,-0.0,0.0,649.4769287109375,842.9901123046875,0.0,-0.0,0.0,0.0,0.0,0.0,0.0,0.0,0.0,0.0
72.900219729,0.0,0.0,-0.0,0.0,649.4769287109375,842.9901123046875,0.0,-0.0,0.0,0.0,0.0,0.0,0.0,0.0,0.0,0.0
72.920226799,0.0,0.0,-0.0,0.0,649.4769287109375,842.9901123046875,0.0,-0.0,0.0,0.0,0.0,0.0,0.0,0.0,0.0,0.0
72.94018546,0.0,0.0,-0.0,0.0,649.4769287109375,842.9901123046875,0.0,-0.0,0.0,0.0,0.0,0.0,0.0,0.0,0.0,0.0
72.960229165,0.0,0.0,-0.0,0.0,649.4769287109375,842.9901123046875,0.0,-0.0,0.0,0.0,0.0,0.0,0.0,0.0,0.0,0.0
72.980592984,0.0,0.0,-0.0,0.0,649.4769287109375,842.9901123046875,0.0,-0.0,0.0,0.0,0.0,0.0,0.0,0.0,0.0,0.0
73.000231467,0.0,0.0,-0.0,0.0,649.4769287109375,842.9901123046875,0.0,-0.0,0.0,0.0,0.0,0.0,0.0,0.0,0.0,0.0
73.020212172,0.0,0.0,-0.0,0.0,649.4769287109375,842.9901123046875,0.0,-0.0,0.0,0.0,0.0,0.0,0.0,0.0,0.0,0.0
73.040173424,0.0,0.0,-0.0,0.0,649.4769287109375,842.9901123046875,0.0,-0.0,0.0,0.0,0.0,0.0,0.0,0.0,0.0,0.0
73.060267553,0.0,0.0,-0.0,0.0,649.4769287109375,842.9901123046875,0.0,-0.0,0.0,0.0,0.0,0.0,0.0,0.0,0.0,0.0
73.080199721,0.0,0.0,-0.0,0.0,649.4769287109375,842.9901123046875,0.0,-0.0,0.0,0.0,0.0,0.0,0.0,0.0,0.0,0.0
73.100211365,0.0,0.0,-0.0,0.0,649.4769287109375,842.9901123046875,0.0,-0.0,0.0,0.0,0.0,0.0,0.0,0.0,0.0,0.0
73.120256061,0.0,0.0,-0.0,0.0,649.4769287109375,842.9901123046875,0.0,-0.0,0.0,0.0,0.0,0.0,0.0,0.0,0.0,0.0
73.140602026,0.0,0.0,-0.0,0.0,649.4769287109375,842.9901123046875,0.0,-0.0,0.0,0.0,0.0,0.0,0.0,0.0,0.0,0.0
73.160283126,0.0,0.0,-0.0,0.0,649.4769287109375,842.9901123046875,0.0,-0.0,0.0,0.0,0.0,0.0,0.0,0.0,0.0,0.0
73.180403171,0.0,0.0,-0.0,0.0,649.4769287109375,842.9901123046875,0.0,-0.0,0.0,0.0,0.0,0.0,0.0,0.0,0.0,0.0
73.200553836,0.0,0.0,-0.0,0.0,649.4769287109375,842.9901123046875,0.0,-0.0,0.0,0.0,0.0,0.0,0.0,0.0,0.0,0.0
73.220371237,0.0,0.0,-0.0,0.0,649.4769287109375,842.9901123046875,0.0,-0.0,0.0,0.0,0.0,0.0,0.0,0.0,0.0,0.0
73.240323338,0.0,0.0,-0.0,0.0,649.4769287109375,842.9901123046875,0.0,-0.0,0.0,0.0,0.0,0.0,0.0,0.0,0.0,0.0
73.260056207,0.0,0.0,-0.0,0.0,649.4769287109375,842.9901123046875,0.0,-0.0,0.0,0.0,0.0,0.0,0.0,0.0,0.0,0.0
73.280226133,0.0,0.0,-0.0,0.0,649.4769287109375,842.9901123046875,0.0,-0.0,0.0,0.0,0.0,0.0,0.0,0.0,0.0,0.0
73.300371166,0.0,0.0,-0.0,0.0,649.4769287109375,842.9901123046875,0.0,-0.0,0.0,0.0,0.0,0.0,0.0,0.0,0.0,0.0
73.320336866,0.0,0.0,-0.0,0.0,649.4769287109375,842.9901123046875,0.0,-0.0,0.0,0.0,0.0,0.0,0.0,0.0,0.0,0.0
73.340237422,0.0,0.0,-0.0,0.0,649.4769287109375,842.9901123046875,0.0,-0.0,0.0,0.0,0.0,0.0,0.0,0.0,0.0,0.0
73.36025329,0.0,0.0,-0.0,0.0,649.4769287109375,842.9901123046875,0.0,-0.0,0.0,0.0,0.0,0.0,0.0,0.0,0.0,0.0
73.380367832,0.0,0.0,-0.0,0.0,649.4769287109375,842.9901123046875,0.0,-0.0,0.0,0.0,0.0,0.0,0.0,0.0,0.0,0.0
73.400487077,0.0,0.0,-0.0,0.0,649.4769287109375,842.9901123046875,0.0,-0.0,0.0,0.0,0.0,0.0,0.0,0.0,0.0,0.0
73.420309469,0.0,0.0,-0.0,0.0,649.4769287109375,842.9901123046875,0.0,-0.0,0.0,0.0,0.0,0.0,0.0,0.0,0.0,0.0
73.44022436,0.0,0.0,-0.0,0.0,649.4769287109375,842.9901123046875,0.0,-0.0,0.0,0.0,0.0,0.0,0.0,0.0,0.0,0.0
