t_rel,x,y,yaw_q_z,yaw_q_w,vx,wz
0.010289658,-0.33387943177172447,-0.05265384773733839,-0.9674768654292532,0.2529595122923562,0.09587816666666665,-0.002255860258846943
0.061504095,-0.3415512056181679,-0.05695467432263957,-0.9676103232877015,0.25244853389764405,0.17281333333333335,-0.02075391438139196
0.110880678,-0.34898940190531336,-0.061114396803748645,-0.9677393850719608,0.2519533341326191,0.17281333333333335,-0.02075391438139196
0.161417418,-0.3598202114989335,-0.06715665945720724,-0.9678716394710185,0.25144480409760456,0.24492966666666666,-0.02075391438139196
0.210748631,-0.37037196667295413,-0.07302890379095203,-0.9680001551573633,0.25094959576640224,0.24492966666666666,-0.02075391438139196
0.261448868,-0.3845602468524363,-0.08091416136702598,-0.9680173805785728,0.2508831419163085,0.320037,-0.0027070323106163393
0.310717178,-0.39834406686583446,-0.08857219528290973,-0.9680341093341148,0.25081858616479574,0.320037,-0.0027070323106163393
0.361404073,-0.4149698997661979,-0.09780351759641118,-0.9680828642001451,0.25063034142346674,0.3750381666666667,-0.0076699248800795655
0.410719704,-0.43113611562584675,-0.10677153302790794,-0.9681302260700055,0.25044733053007373,0.3750381666666667,-0.0076699248800795655
0.461359214,-0.4478530201716745,-0.1160336577472573,-0.9682132226149872,0.2501262792141226,0.37703216666666667,-0.01308398950131232
0.510656352,-0.46412089933321676,-0.1250330924703919,-0.9682938584192147,0.2498139382573157,0.37703216666666667,-0.01308398950131232
0.561450175,-0.4797250156557549,-0.1336508314807205,-0.9683910159760123,0.24943704652065343,0.3512763333333333,-0.015339849760159207
0.610736499,-0.49487823730956854,-0.14200439190659617,-0.9684851858446512,0.24907116412674407,0.3512763333333333,-0.015339849760159207
0.66136593,-0.5107328840708,-0.1507179274625378,-0.9687126140767601,0.24818515533482244,0.35692599999999997,-0.03609376414155124
0.710766797,-0.5261759714466385,-0.15916901949603815,-0.9689331413908545,0.24732280023170206,0.35692599999999997,-0.03609376414155124
0.761370856,-0.5431958149221193,-0.16845597829862471,-0.969015063983989,0.24700163111223727,0.3826818333333333,-0.013083989501312395
0.810671321,-0.5597738248616299,-0.1774877794340739,-0.969094729124868,0.24668888499970712,0.3826818333333333,-0.013083989501312395
0.861392163,-0.5783002085973619,-0.18756699613502506,-0.9691596002285314,0.24643390449545133,0.4159151666666666,-0.01037695719069598
0.91072776,-0.5963130828827214,-0.19735473109272372,-0.9692225911637908,0.24618604505078504,0.4159151666666666,-0.01037695719069598
0.961353639,-0.6178047642464449,-0.20901450764929863,-0.9693210384911403,0.2457981373779251,0.4823818333333333,-0.01579102181192866
1.01067602,-0.6387175835766025,-0.22033887681020436,-0.9694166442933165,0.2454208014148056,0.4823818333333333,-0.01579102181192866
1.061316262,-0.6646414337605164,-0.23432424528923312,-0.9697050332524061,0.24427883347713547,0.5810848333333334,-0.046470721332247146
1.110639025,-0.6898917367905242,-0.24787059665625558,-0.9699842876007156,0.2431676002425738,0.5810848333333334,-0.046470721332247146
1.161279139,-0.7184945219724913,-0.26313507483559034,-0.9702366745248622,0.24215861621453144,0.6399078333333335,-0.04105665671101462
1.21060923,-0.7463757104663564,-0.2779410031093519,-0.970481416957084,0.2411759095369404,0.6399078333333335,-0.04105665671101462
1.261299481,-0.7771335110934816,-0.2942013018011392,-0.9706850767853561,0.2403549078055353,0.6866006666666666,-0.033386731830934976
1.310655071,-0.8071050156578011,-0.30998195800572137,-0.9708826882553158,0.23955543334713023,0.6866006666666666,-0.033386731830934976
1.36130856,-0.838298628618385,-0.32634735326358566,-0.9710385896944884,0.23892270156713658,0.6950751666666667,-0.025716806950855188
1.410621468,-0.8686734522744569,-0.3422334078952972,-0.9711899008607547,0.2383068955487384,0.6950751666666667,-0.025716806950855188
1.461292106,-0.8989079384510277,-0.3579992392949695,-0.9713286172909983,0.23774086151008508,0.6731411666666667,-0.023009774640239074
1.510628627,-0.928379483474838,-0.37332413186278773,-0.9714634351157196,0.23718936365943136,0.6731411666666667,-0.023009774640239074
1.561287971,-0.9587821508475507,-0.3890760065273071,-0.9716798587507601,0.2363011893709017,0.6759660000000001,-0.03609376414155124
1.610641418,-0.9884257722893899,-0.4043668190203243,-0.9718899015029531,0.23543580729485508,0.6759660000000001,-0.03609376414155124
1.661284155,-1.019281567829755,-0.42021512644122055,-0.9720886913255666,0.23461367436052669,0.6846066666666667,-0.033386731830934976
1.71061351,-1.049349271338354,-0.435595269598062,-0.9722815699712452,0.233813063566283,0.6846066666666667,-0.033386731830934976
1.76128002,-1.0802116645969666,-0.4513347386696942,-0.9723723793391726,0.2334351213898117,0.6836096666666667,-0.015339849760159282
1.810633179,-1.1102612006018437,-0.46663062819296597,-0.9724606213361284,0.2330672434096027,0.6836096666666667,-0.015339849760159282
1.861298282,-1.1409387699661715,-0.4822139380988772,-0.9725671002987749,0.23262251700218703,0.678957,-0.018046882070775698
1.910633747,-1.1708075290596631,-0.49735250559393285,-0.9726705292258407,0.23218966724538542,0.678957,-0.018046882070775698
1.961263495,-1.2015632696917302,-0.5128881077579275,-0.9728824666310703,0.23130003485050438,0.679954,-0.03609376414155124
2.010907811,-1.2315299907799735,-0.5279573321949346,-0.9730879975892736,0.23043382769831752,0.679954,-0.03609376414155124
2.061296053,-1.2625081471314432,-0.5434753785510477,-0.9732379297320309,0.2297997652977705,0.6837758333333332,-0.025716806950855337
2.11061619,-1.2926827616532648,-0.5585423998080774,-0.973383482067189,0.22918245316505828,0.6837758333333332,-0.025716806950855337
2.16130199,-1.3234808186908351,-0.5738787488819795,-0.9734881743240323,0.22873734817747288,0.678957,-0.018046882070775698
2.210833937,-1.3534758196566012,-0.5887814407918545,-0.9735898954732479,0.22830399784583294,0.678957,-0.018046882070775698
2.261297113,-1.384302218217758,-0.6040572690117407,-0.9737254274354593,0.22772525544091943,0.678957,-0.023460946692008225
2.310824068,-1.414326223128263,-0.6188916353770172,-0.9738570245571271,0.2271618271645552,0.678957,-0.023460946692008225
2.361278861,-1.445265870460134,-0.6341337236016421,-0.9739892643809159,0.22659415895102453,0.6807848333333333,-0.023009774640238925
2.410852562,-1.4754207910096087,-0.6489461309877609,-0.9741177591091357,0.22604112764759418,0.6807848333333333,-0.023009774640238925
2.461302492,-1.5064390273307244,-0.6641409685672571,-0.9742338793650396,0.22554012569240423,0.6817818333333333,-0.02030274232962266
2.510844709,-1.536649648473645,-0.678902180850545,-0.9743466725672206,0.22505235314740737,0.6817818333333333,-0.02030274232962266
2.561314924,-1.567669315953116,-0.6940118142294006,-0.9745085242386301,0.22435047623360943,0.6807848333333334,-0.028423839261471604
2.61088856,-1.5978820856022107,-0.708675313027911,-0.9746655712992625,0.2236672173651793,0.6807848333333334,-0.028423839261471604
2.66142507,-1.628916773371663,-0.7236783856524391,-0.9748547856308898,0.22284107999323638,0.678957,-0.033386731830934976
2.710646532,-1.6590311646293123,-0.7381745932062715,-0.9750375726520483,0.22203993315798334,0.678957,-0.033386731830934976
2.761391396,-1.6901897785132578,-0.7531195459637693,-0.9751670777401774,0.22147047318250537,0.6807848333333333,-0.023009774640238925
2.81083382,-1.7204319664744567,-0.767582168195868,-0.9752923868335537,0.22091799425241482,0.6807848333333333,-0.023009774640238925
2.861559006,-1.7515397090933118,-0.7824121802553916,-0.9754361866360978,0.22028219583259054,0.6797878333333334,-0.025716806950855188
2.910659526,-1.7818166813270806,-0.7967983856760992,-0.9755756627963302,0.21966366599759066,0.6797878333333334,-0.025716806950855188
2.961546098,-1.8131701636210418,-0.8116541257505798,-0.9756763046818795,0.2192162140041474,0.6826126666666668,-0.018046882070775545
3.010722605,-1.8435254151863165,-0.8260033589651171,-0.9757735053244065,0.2187831490469967,0.6826126666666668,-0.018046882070775545
3.061443054,-1.8747778887873399,-0.8407374404319998,-0.97590108694999,0.21821335543414408,0.6807848333333333,-0.023009774640238925
3.110654562,-1.9051086202900123,-0.8549943432680347,-0.9760245208361688,0.21766059525446307,0.6807848333333333,-0.023009774640238925
3.161348262,-1.936372789897776,-0.8696409052742666,-0.9761811429061529,0.21695708385401288,0.6807848333333334,-0.028423839261471604
3.210622226,-1.9667766815655794,-0.8838317890594112,-0.9763328682463326,0.216273277086859,0.6807848333333334,-0.028423839261471604
3.261331732,-1.9980771003664084,-0.8983869894198598,-0.976488464275977,0.2155696619098893,0.6807848333333334,-0.028423839261471604
3.310622046,-2.0285259460864347,-0.9124935992861654,-0.9766392411900642,0.2148855336398793,0.6807848333333334,-0.028423839261471604
3.361328096,-2.059769892163343,-0.9269146777930898,-0.9767938078942388,0.21418183130105342,0.6787908333333333,-0.028423839261471604
3.410624233,-2.0901786629854096,-0.9408978785531703,-0.9769436580251333,0.21349728111728142,0.6787908333333333,-0.028423839261471604
3.461362631,-2.121538824644027,-0.9552771811093522,-0.9770266682182646,0.2131170795368525,0.679954,-0.015339849760159433
3.510606487,-2.151995591190813,-0.9692139970305951,-0.977107117253002,0.2127479292814107,0.679954,-0.015339849760159433
3.561330262,-2.183326996368488,-0.9835141950048762,-0.9772335370314272,0.2121664773262877,0.678957,-0.023460946692008225
3.610659963,-2.2137805842630374,-0.9973705980232236,-0.9773560178768671,0.2116015461188149,0.678957,-0.023460946692008225
3.661337537,-2.2452678698188437,-1.0116558189203424,-0.9774648254847346,0.2110983537124283,0.6817818333333333,-0.02030274232962266
3.710614284,-2.275874839390823,-1.025504212268567,-0.9775702943058076,0.21060940076562776,0.6817818333333333,-0.02030274232962266
3.76135393,-2.3072372788268116,-1.0396461422391412,-0.9777339425432877,0.20984836811078375,0.67796,-0.030679699520318564
3.810828218,-2.3377039475579418,-1.0533279483768885,-0.9778922402353718,0.20910946054027743,0.67796,-0.030679699520318564
3.86134783,-2.369180791325837,-1.0674101772336568,-0.9780284266521401,0.20847157278712966,0.6797878333333334,-0.025716806950855188
3.910617795,-2.3997688077976504,-1.0810475862566442,-0.9781602932339403,0.20785196833441805,0.6797878333333334,-0.025716806950855188
3.961318534,-2.4312667085602397,-1.0950421507598957,-0.978295594842157,0.2072142106913285,0.6797878333333334,-0.025716806950855188
4.010614989,-2.461914510109438,-1.1086118504251097,-0.9784267709253451,0.20659393489791053,0.6797878333333334,-0.025716806950855188
4.061269651,-2.493473317366252,-1.1225389997509008,-0.9785470388153175,0.2060235249328912,0.6807848333333333,-0.023009774640238925
4.110620529,-2.5242156991782596,-1.1360636169860856,-0.9786638164948764,0.20546808580332582,0.6807848333333333,-0.023009774640238925
4.16128847,-2.555771549677591,-1.1499049434482616,-0.9787717312210731,0.2049534048570636,0.679954,-0.02075391438139196
4.210639508,-2.5865045553094257,-1.1633473320563992,-0.9788765242172907,0.2044523180017191,0.679954,-0.02075391438139196
4.261256192,-2.618017355786436,-1.177084582812886,-0.9790234256620767,0.20374771656362745,0.6787908333333333,-0.028423839261471604
4.310777062,-2.6488421177126655,-1.1904697198932561,-0.9791665405255457,0.2030588237807823,0.6787908333333333,-0.028423839261471604
4.362065939,-2.6806861697320015,-1.2042408059438587,-0.9793275434553591,0.20228090030868404,0.6797878333333334,-0.031130871572088017
4.411005035,-2.711228587118466,-1.2173926269968387,-0.979481281620643,0.2015351556299362,0.6797878333333334,-0.031130871572088017
4.461667088,-2.7428260037498546,-1.230941120580133,-0.9796377574190159,0.20077316613293064,0.67796,-0.030679699520318564
4.510874914,-2.773521876120967,-1.2440473704878634,-0.979789101827964,0.20003328707780538,0.67796,-0.030679699520318564
4.561317062,-2.8052780617529973,-1.2575587221690514,-0.9798917598069413,0.19952979492410575,0.6817818333333333,-0.02030274232962266
4.61065959,-2.836227676143809,-1.2706898368237103,-0.9799915184768514,0.19903925169030134,0.6817818333333333,-0.02030274232962266
4.661386658,-2.868041801424923,-1.2841470522665364,-0.980107542964027,0.19846713638539226,0.6807848333333333,-0.023009774640238925
4.710672585,-2.898945859301915,-1.297177415546411,-0.9802198741603598,0.1979115921340847,0.6807848333333333,-0.023009774640238925
4.761311634,-2.9306632917435436,-1.3105073725593561,-0.9803373429432012,0.19732889811445328,0.678957,-0.023460946692008225
4.810885168,-2.96155333662541,-1.3234469869832053,-0.9804513584132992,0.19676161664693698,0.678957,-0.023460946692008225
4.86125923,-2.9932807541015616,-1.3366889720146902,-0.9805927366204874,0.1960558208448384,0.6787908333333333,-0.028423839261471604
4.910646807,-3.024212786408569,-1.3495474025639187,-0.9807300003007898,0.19536802837212827,0.6787908333333333,-0.028423839261471604
4.961276321,-3.0559530771387133,-1.3626868171829851,-0.9808815586954801,0.19460567260777736,0.67796,-0.030679699520318564
5.010889144,-3.086873364278095,-1.3754312534372073,-0.9810285387894183,0.19386336962071682,0.67796,-0.030679699520318564
5.061578519,-3.1189484141396537,-1.3885987467457583,-0.9811551012906584,0.19322180832224334,0.6817818333333334,-0.025716806950855337
5.111021893,-3.1499903577492803,-1.4012954883769015,-0.9812771235917361,0.19260115969414282,0.6817818333333334,-0.025716806950855337
5.161496065,-3.181873850243958,-1.4142860985560977,-0.98141570148425,0.19189377499069016,0.6787908333333333,-0.028423839261471604
5.21077495,-3.2129120012364987,-1.4268808441554106,-0.9815500377953774,0.1912054478928181,0.6787908333333333,-0.028423839261471604
5.261477507,-3.2449372932685194,-1.4398282478652367,-0.9816614898469678,0.190632419465923,0.6807848333333333,-0.023009774640238925
5.310981576,-3.275994325740893,-1.4523426767639054,-0.9817692028003463,0.19007691188772122,0.6807848333333333,-0.023009774640238925
5.36152921,-3.30813722995968,-1.465254264045184,-0.9818671062161747,0.18957052969983296,0.6817818333333333,-0.02030274232962266
5.41099047,-3.339271867951435,-1.477724146759725,-0.9819616510967615,0.18908018345485594,0.6817818333333333,-0.02030274232962266
5.461437478,-3.3712463994559787,-1.4904851682759666,-0.9820976851296012,0.18837233571593992,0.6787908333333333,-0.028423839261471604
5.510961577,-3.402360798501805,-1.5028516550601176,-0.9822294953997571,0.18768382553309812,0.6787908333333333,-0.028423839261471604
5.561590064,-3.4343845408143125,-1.515524702351634,-0.9823754516889688,0.1869183562919773,0.67796,-0.030679699520318564
5.611029982,-3.4653965844580146,-1.5277424113576694,-0.9825161432914105,0.18617741047660027,0.67796,-0.030679699520318564
5.66153615,-3.4975419516518254,-1.5403543795119887,-0.9826375380615111,0.18553562674702762,0.6797878333333334,-0.025716806950855188
5.710709738,-3.5286867919778104,-1.5525276164493984,-0.9827546956630588,0.1849140561239428,0.6797878333333334,-0.025716806950855188
5.761646662,-3.5610670538100337,-1.5651382845118442,-0.9828627995677522,0.18433859396729807,0.6827788333333333,-0.023009774640239074
5.810802716,-3.5923749400699285,-1.5772898128112771,-0.9829669562878054,0.18378237904186465,0.6827788333333333,-0.023009774640239074
5.861810893,-3.624559773175369,-1.589731520307905,-0.9831118557973578,0.1830056802142356,0.6797878333333334,-0.031130871572088017
5.910753794,-3.655752447779952,-1.60173395532922,-0.9832516191851444,0.18225326710320408,0.6797878333333334,-0.031130871572088017
5.962050634,-3.688373046498664,-1.6142372298939252,-0.9833486474234066,0.18172902247730527,0.679954,-0.02075391438139196
6.010743553,-3.719256637746926,-1.6260379783773047,-0.9834402151195587,0.18123284273441195,0.679954,-0.02075391438139196
6.06143318,-3.7513944047727295,-1.6382681659331386,-0.9835935356220781,0.1803988821541307,0.676963,-0.033386731830934976
6.110714557,-3.7825505679082765,-1.6500652904392954,-0.9837414045041513,0.17959078223617142,0.676963,-0.033386731830934976
6.161576352,-3.815007066973733,-1.6622928572509696,-0.9838933770265412,0.17875632196738786,0.6826126666666666,-0.03338673183093468
6.210773262,-3.846446859509135,-1.6740774997516357,-0.9840398223748681,0.17794838572023675,0.6826126666666666,-0.03338673183093468
6.261508931,-3.8787849356410264,-1.6861394528813674,-0.9841801463420567,0.17717065091636303,0.6797878333333334,-0.031130871572088017
6.31074673,-3.9101923152112765,-1.697798573930968,-0.9843157649082057,0.17641563126087778,0.6797878333333334,-0.031130871572088017
6.361551669,-3.942578445566318,-1.7097687235010177,-0.9844307716767197,0.17577273900118368,0.6797878333333334,-0.025716806950855188
6.410797916,-3.973929870858039,-1.7213106690567277,-0.9845416516264859,0.1751506100834118,0.6797878333333334,-0.025716806950855188
6.461558829,-4.006520183130694,-1.733263695271934,-0.9846439322860244,0.17457470209716808,0.6827788333333333,-0.023009774640239074
6.510780055,-4.038067094918962,-1.7447928643679638,-0.9847425759846583,0.1740174101723718,0.6827788333333333,-0.023009774640239074
6.561449589,-4.07053930149554,-1.756615389710807,-0.9848557832170719,0.17337556420640116,0.6817818333333334,-0.025716806950855337
6.61072108,-4.102156337044572,-1.7680805339742431,-0.9849655559005346,0.1727508428041698,0.6817818333333334,-0.025716806950855337
6.661482153,-4.1345066046619765,-1.7797598895724862,-0.9850996949615781,0.17198427540506622,0.67796,-0.030679699520318564
6.71082317,-4.165911446673073,-1.7910435217138394,-0.9852292717378359,0.17124042195385278,0.67796,-0.030679699520318564
6.761547929,-4.198376903546598,-1.8026541173078638,-0.9853526324149499,0.17052914646162035,0.6787908333333333,-0.028423839261471604
6.810822011,-4.229838477982003,-1.8138552920188795,-0.9854716284278511,0.16984012942693932,0.6787908333333333,-0.028423839261471604
6.861490841,-4.262554552208703,-1.8254507209427675,-0.98559407831016,0.1691280958325557,0.6827788333333333,-0.028423839261471604
6.91080527,-4.294251380638197,-1.8366341893138425,-0.9857121634029113,0.16843850782867986,0.6827788333333333,-0.028423839261471604
6.961760428,-4.326989713660365,-1.848135303250365,-0.9858221847989296,0.167793384727364,0.6817818333333334,-0.025716806950855337
7.010769075,-4.358552028613969,-1.8591777317393643,-0.9859278067883264,0.16717164772042103,0.6817818333333334,-0.025716806950855337
7.06166171,-4.3911258776456314,-1.8705317692447145,-0.9860156779428382,0.1666525812909159,0.679954,-0.02075391438139196
7.110727339,-4.422763281440114,-1.8815225951616374,-0.9861007306723982,0.16614857497842794,0.679954,-0.02075391438139196
7.161756947,-4.455344508827755,-1.8927941802385584,-0.9862300377315714,0.1653792994179845,0.67796,-0.030679699520318564
7.210737244,-4.486863035084661,-1.903644002608285,-0.9863544903388785,0.16463541353041702,0.67796,-0.030679699520318564
7.26157376,-4.51845497226705,-1.9144091478502114,-0.9867403864146937,0.16230653042370427,0.657023,-0.0929414426644946
7.310780297,-4.549116990001679,-1.9246985958059724,-0.9871090892746225,0.16004888587998767,0.657023,-0.0929414426644946
7.361412169,-4.5798308276111435,-1.9347980001183402,-0.9877093538119519,0.15630173509074177,0.63808,-0.1497891211874378
7.410712741,-4.609796188631089,-1.9444032401784557,-0.9882799091861875,0.15265261576186973,0.63808,-0.1497891211874378
7.461298124,-4.6394056222039834,-1.9535979154479466,-0.9890916871910584,0.14730116879897945,0.6124903333333334,-0.21385555253869135
7.510620612,-4.668358139885499,-1.9622504208500742,-0.9898549903656935,0.14208130787733056,0.6124903333333334,-0.21385555253869135
7.561320187,-4.6972248854849425,-1.970499269539218,-0.9907967829478777,0.13535780324804386,0.5925503333333333,-0.26799619875101827
7.610659026,-4.725426518828964,-1.978150918487041,-0.9916695923937136,0.12880768424937247,0.5925503333333333,-0.26799619875101827
7.661309359,-4.753870879390114,-1.9854287810641278,-0.9926494273309133,0.12102526355934899,0.579257,-0.3095040275138021
7.710652677,-4.78165324362644,-1.9920809290239294,-0.9935441761292404,0.1134458905367178,0.579257,-0.3095040275138021
7.761303427,-4.809551948033225,-1.9982833564110298,-0.9944851148166886,0.10487781656784124,0.5639696666666667,-0.34018372703412075
7.810708272,-4.836838009423025,-2.003864026811817,-0.9953309702095765,0.0965207736275628,0.5639696666666667,-0.34018372703412075
7.861270938,-4.863821426724382,-2.0088606845148336,-0.9962672678487866,0.08632225097339644,0.5422018333333334,-0.4047013304371437
7.910613104,-4.8902128570537355,-2.013197693794293,-0.9970792453466056,0.07637393861156666,0.5422018333333334,-0.4047013304371437
7.961427063,-4.917994573359114,-2.0172074635942105,-0.9977634976337376,0.06684312073572274,0.5526703333333334,-0.376277491175672
8.010635774,-4.944983632456778,-2.020585803836411,-0.9983396353353771,0.057601844748465456,0.5526703333333334,-0.376277491175672
8.061331826,-4.974996968822973,-2.023860159572483,-0.9986980895810594,0.051011036718951394,0.5953751666666667,-0.26032627387093865
8.110647465,-5.004208571904669,-2.026662822172499,-0.9990048040265153,0.04460270767502634,0.5953751666666667,-0.26032627387093865
8.161325759,-5.036579737624928,-2.029454724454622,-0.9991424729986472,0.04140433129694801,0.641071,-0.12632817449542943
8.210648405,-5.068093447057137,-2.0319722516303815,-0.9992665962566694,0.03829190000000812,0.641071,-0.12632817449542943
8.261311662,-5.1019746162925275,-2.034532597189465,-0.9993109918068044,0.03711524826942266,0.6704825,-0.0464707213322473
8.310710553,-5.134996749771513,-2.036950827809412,-0.9993529213200396,0.03596857863612061,0.6704825,-0.0464707213322473
8.361544473,-5.16924771070905,-2.039396723198956,-0.9993765380600701,0.03530630503280264,0.67796,-0.02616797900262464
8.410623345,-5.20258432273951,-2.041733513548403,-0.9993991007974609,0.03466175594551763,0.67796,-0.02616797900262464
8.461594015,-5.237041375360394,-2.044106303941267,-0.9994191620728357,0.03407841665381479,0.6807848333333333,-0.023009774640238925
8.51064841,-5.2705135332716475,-2.046372578265737,-0.9994383224089017,0.03351178450157662,0.6807848333333333,-0.023009774640238925
8.561350798,-5.304955263363003,-2.048664702186802,-0.9994577009180616,0.032928772761559234,0.6807848333333333,-0.023009774640238925
8.61062721,-5.338436915392895,-2.050854248445027,-0.9994762118448522,0.03236204499508603,0.6807848333333333,-0.023009774640238925
8.661288035,-5.37281866345892,-2.053060579629276,-0.9994970892894879,0.03171070011591335,0.6797878333333334,-0.025716806950855188
8.710701292,-5.406314873409892,-2.055166816902067,-0.9995170191870821,0.031076170217228617,0.6797878333333334,-0.025716806950855188
8.761356998,-5.440650202804245,-2.0572747837714482,-0.9995429454278825,0.03023078307542057,0.678957,-0.033386731830934976
8.810725845,-5.474047050754347,-2.059269211374817,-0.9995674746111126,0.029408565071465633,0.678957,-0.033386731830934976
8.861610575,-5.508560904000771,-2.0612840273547786,-0.9995824807609369,0.028894015916987075,0.6817818333333333,-0.02030274232962266
8.910715811,-5.542156420025313,-2.0632109926147653,-0.9995968323965793,0.02839317986286361,0.6817818333333333,-0.02030274232962266
8.961637719,-5.576677758894363,-2.0651558788210624,-0.9996113172947281,0.027878564100369662,0.6817818333333333,-0.02030274232962266
9.010998246,-5.6103532010022,-2.067018753803633,-0.9996251912024149,0.027376579653701872,0.6817818333333333,-0.02030274232962266
9.061697879,-5.6448535684055825,-2.0688920831130946,-0.9996391427753142,0.02686231991907927,0.6817818333333333,-0.02030274232962266
9.110903482,-5.678409084307592,-2.070679958054923,-0.999652457747399,0.02636216454665114,0.6817818333333333,-0.02030274232962266
9.161550514,-5.71273754052287,-2.0724670176753466,-0.9996711720082864,0.02564269594990321,0.6787908333333333,-0.028423839261471604
9.210788177,-5.746077309211442,-2.07415518652962,-0.99968885035382,0.024943986815613793,0.6787908333333333,-0.028423839261471604
9.261502047,-5.780469433792538,-2.0758496319674338,-0.9997052059084552,0.024279647434285533,0.67796,-0.02616797900262464
9.310734751,-5.813789161338601,-2.0774475462439286,-0.9997206294555329,0.02363605383800681,0.67796,-0.02616797900262464
9.361533601,-5.848300523898389,-2.079057736595767,-0.999735862225806,0.022982727854285876,0.6797878333333334,-0.025716806950855188
9.410653905,-5.881695294404504,-2.0805727995345396,-0.999750194857052,0.02235056785154734,0.6797878333333334,-0.025716806950855188
9.461556324,-5.916171798131933,-2.082094497556749,-0.9997633433920974,0.02175447561894317,0.678957,-0.023460946692008225
9.510747242,-5.94953207024065,-2.083527717658551,-0.9997757272579507,0.02117770492371091,0.678957,-0.023460946692008225
9.561466968,-5.984131552238676,-2.08498027919675,-0.9997841399488091,0.020776754001050037,0.6817818333333334,-0.015791021811928586
9.610678042,-6.017630409434714,-2.086360147452651,-0.99979213156193,0.0203885670622653,0.6817818333333334,-0.015791021811928586
9.661405383,-6.052073939016645,-2.0877449852110943,-0.9998040970337558,0.019793118867829793,0.678957,-0.023460946692008225
9.710634503,-6.085468144713409,-2.0890484020621245,-0.9998153588703196,0.019215831155952236,0.678957,-0.023460946692008225
9.761352853,-6.119926560394772,-2.0903509218383043,-0.9998276798568047,0.018563690154682413,0.6797878333333334,-0.025716806950855188
9.810618927,-6.15340138810426,-2.0915731586415665,-0.9998392412807581,0.01793018670059269,0.6797878333333334,-0.025716806950855188
9.86134374,-6.1877997524165265,-2.092782471694434,-0.9998519029963359,0.017209650624164366,0.6787908333333333,-0.028423839261471604
9.910636339,-6.221243156120603,-2.093910624067805,-0.9998637148011411,0.016509143650182165,0.6787908333333333,-0.028423839261471604
9.961302569,-6.255627778249732,-2.0950216164435926,-0.9998753468035966,0.015788947222265207,0.6787908333333333,-0.028423839261471604
10.010939342,-6.289286082436289,-2.0960611187210745,-0.9998862301878689,0.015083987559393658,0.6787908333333333,-0.028423839261471604
10.06133239,-6.323599873271125,-2.0970810263829707,-0.9998929884512222,0.014629136887871758,0.680951,-0.018046882070775698
10.110756104,-6.3571641958070115,-2.09804842874185,-0.9998993987539502,0.014184229675558817,0.680951,-0.018046882070775698
10.162200076,-6.392062495928005,-2.09901767218529,-0.9999077724653902,0.013581110532698932,0.678957,-0.023460946692008225
10.210694673,-6.425068654419361,-2.0998955987305865,-0.999915357190351,0.013010705395663938,0.678957,-0.023460946692008225
10.261730863,-6.459879985476157,-2.1007832554263386,-0.9999220948977311,0.01248215267223038,0.6836096666666667,-0.02075391438139196
10.310764104,-6.493371257610811,-2.1016024952400207,-0.9999283132504165,0.011973652749973997,0.6836096666666667,-0.02075391438139196
10.361733999,-6.527824275409534,-2.102402795513711,-0.9999367123641869,0.011250389606648821,0.6771291666666667,-0.028423839261471604
10.410714287,-6.561065590953047,-2.1031276841832183,-0.9999443199758699,0.01055258015819701,0.6771291666666667,-0.028423839261471604
10.461471605,-6.595544112119137,-2.1038325236634834,-0.999951121700034,0.009887072915878066,0.67796,-0.02616797900262464
10.510814722,-6.628900972037847,-2.104470738074557,-0.9999572804502062,0.009243228582467405,0.67796,-0.02616797900262464
10.561658331,-6.663437510136517,-2.1050867054388567,-0.9999631062911827,0.008589881052078167,0.6797878333333334,-0.025716806950855188
10.610759562,-6.696832279771444,-2.1056393796887245,-0.9999683334747937,0.00795814347970732,0.6797878333333334,-0.025716806950855188
10.661457016,-6.731374622998238,-2.106169046503684,-0.9999728091444293,0.00737434551664189,0.6807848333333333,-0.023009774640238925
10.710758218,-6.764955080112196,-2.1066452921765406,-0.9999768333898311,0.006806811562395454,0.6807848333333333,-0.023009774640238925
10.761421341,-6.799381051377189,-2.107098231974412,-0.9999798432740733,0.006349255512248427,0.678957,-0.018046882070775698
10.810802053,-6.8327941762899815,-2.1075077135288263,-0.9999825643609697,0.005905165032337361,0.678957,-0.018046882070775698
10.861591014,-6.867240439893651,-2.107889647964609,-0.9999865725362661,0.005182156613893432,0.6771291666666667,-0.028423839261471604
10.910733487,-6.900507170019492,-2.1082112178033503,-0.9999899472084941,0.0044839136870812564,0.6771291666666667,-0.028423839261471604
10.961468087,-6.934985493482707,-2.1084932003669214,-0.9999931755820055,0.0036944268048506954,0.6797878333333334,-0.031130871572088017
11.010744524,-6.968537743686483,-2.1087153393461175,-0.9999957188085142,0.0029261518489363324,0.6797878333333334,-0.031130871572088017
11.061491536,-7.003014057856924,-2.108889890307938,-0.9999977172044028,0.002136723188273742,0.6797878333333334,-0.031130871572088017
11.110778818,-7.036461630289355,-2.109007210806081,-0.9999990603789599,0.001370854185255256,0.6797878333333334,-0.031130871572088017
11.161501353,-7.0709992473815655,-2.109083698637675,-0.9999996440297889,0.0008437655453634116,0.679954,-0.02075391438139196
11.210738882,-7.1044522851357295,-2.1091230727244614,-0.9999999444789952,0.0003332296602279089,0.679954,-0.02075391438139196
11.261538047,-7.1391015419539166,-2.1091211021797593,0.9999999239106593,0.0003901008531969916,0.6807848333333334,-0.028423839261471604
11.310701634,-7.172544734249816,-2.1090716612174583,0.9999994078510132,0.0010882543926386506,0.6807848333333334,-0.028423839261471604
11.36150323,-7.207145878944358,-2.108978524958537,0.9999987144755572,0.0016034485439080303,0.6817818333333333,-0.02030274232962266
11.410750294,-7.240710014829449,-2.1088541137455543,0.9999977882653722,0.0021032033576618,0.6817818333333333,-0.02030274232962266
11.461427043,-7.27516754557453,-2.108688656156552,0.9999963589396544,0.002698538017873834,0.678957,-0.023460946692008225
11.510763822,-7.30860197986333,-2.108488891520961,0.9999946332455698,0.0032761990260541996,0.678957,-0.023460946692008225
11.561431389,-7.343080144525009,-2.1082337436176566,0.9999914965915985,0.00412392343469146,0.678957,-0.033386731830934976
11.610662487,-7.376502526140841,-2.1079306059098006,0.9999877699634242,0.004945697481436955,0.678957,-0.033386731830934976
11.661507981,-7.411018688258064,-2.1075666417269554,0.9999843276663984,0.005598608896948187,0.6797878333333334,-0.025716806950855188
11.710793439,-7.444475088091924,-2.107170828730832,0.9999805841364997,0.006231480564432598,0.6797878333333334,-0.025716806950855188
11.761426451,-7.478943050403391,-2.1067187530600737,0.9999763084669652,0.006883495099221039,0.6797878333333334,-0.025716806950855188
11.81077654,-7.5125132590309125,-2.1062352362481827,0.9999717354111909,0.007518535677324375,0.6797878333333334,-0.025716806950855188
11.861434508,-7.547068292871979,-2.1056978005856966,0.9999677342237856,0.008033088531095444,0.6817818333333333,-0.02030274232962266
11.910804147,-7.580615730345788,-2.1051420055093297,0.9999635963344146,0.008532643549566466,0.6817818333333333,-0.02030274232962266
11.961512956,-7.615031249989656,-2.104531761777384,0.9999577075384837,0.009196908957928532,0.67796,-0.02616797900262464
12.010752211,-7.6484053640531515,-2.103896299173279,0.9999515753458682,0.009841085474504805,0.67796,-0.02616797900262464
12.061447035,-7.682876851054729,-2.103190501507006,0.9999434944248905,0.010630520087890808,0.6797878333333334,-0.031130871572088017
12.110788706,-7.7164250619554515,-2.1024513216518215,0.9999350312296571,0.011398829753298517,0.6797878333333334,-0.031130871572088017
12.161496041,-7.7508333315232045,-2.1016376078666963,0.9999250272302379,0.012244995655690606,0.678957,-0.033386731830934976
12.210779608,-7.784246965197178,-2.1007916479158073,0.999914626682259,0.013066726708656306,0.678957,-0.033386731830934976
12.261510779,-7.8188047068134106,-2.0998633462555825,0.9999049362946707,0.0137883419434903,0.6807848333333334,-0.028423839261471604
12.310712023,-7.852287974291334,-2.0989162932693444,0.999895050068259,0.014487541164527842,0.6807848333333334,-0.028423839261471604
12.361490579,-7.88687359339627,-2.0978888530618542,0.9998843245742252,0.015209782074231829,0.6807848333333334,-0.028423839261471604
12.410733448,-7.920381551272451,-2.0968457291704135,0.9998734352397602,0.015909541220317052,0.6807848333333334,-0.028423839261471604
12.461516644,-7.9549460875966025,-2.0957181809290732,0.9998605622709816,0.016698982458711587,0.6817818333333334,-0.031130871572087868
12.51086465,-7.988497164625462,-2.0945714301599274,0.9998474699011172,0.01746530653423151,0.6817818333333334,-0.031130871572087868
12.561439172,-8.023058057345203,-2.0933458262465408,0.9998383441706736,0.017980142547979774,0.6817818333333333,-0.02030274232962266
12.610775532,-8.056607109843071,-2.092122015521281,0.9998292317090051,0.018479919377009654,0.6817818333333333,-0.02030274232962266
12.661561831,-8.091079591218977,-2.0908179855179156,0.9998131978953697,0.019327941282875148,0.678957,-0.033386731830934976
12.710653841,-8.124457570384527,-2.089499551636705,0.9997969867160765,0.020149078228380364,0.678957,-0.033386731830934976
12.761534303,-8.15902152345486,-2.0880760746286806,0.9997792947535166,0.021008612095066524,0.6807848333333333,-0.03383790388270428
12.81075228,-8.192469716934372,-2.086641863330026,0.9997614690609552,0.021840443701552543,0.6807848333333333,-0.03383790388270428
12.861438114,-8.226937737060355,-2.085107908234553,0.9997439028569275,0.02263026072316454,0.6797878333333334,-0.031130871572088017
12.910805413,-8.260477488697834,-2.0835628754509288,0.9997262094838019,0.023398847645758135,0.6797878333333334,-0.031130871572088017
12.96142604,-8.294923509719029,-2.0819247028505483,0.9997091055844343,0.024118544972085765,0.6807848333333334,-0.028423839261471604
13.010756255,-8.328384822928786,-2.0802857593938877,0.9996919933437556,0.024817704252981434,0.6807848333333334,-0.028423839261471604
13.061554678,-8.362946220219857,-2.078548441374542,0.9996773088568192,0.025402325814534988,0.6807848333333333,-0.023009774640238925
13.110717844,-8.396373989303537,-2.0768295512707664,0.9996627799174449,0.025967796358683015,0.6807848333333333,-0.023009774640238925
13.161452019,-8.430872886193834,-2.075008651140948,0.9996419256475358,0.026758559148175834,0.6797878333333334,-0.031130871572088017
13.210836306,-8.46429516245265,-2.073192373577136,0.9996211238850646,0.02752469223733806,0.6797878333333334,-0.031130871572088017
13.261508026,-8.498682773832623,-2.071272329188926,0.9996010159741359,0.028245510501235725,0.6787908333333333,-0.028423839261471604
13.310842911,-8.53202973615516,-2.0693628712623418,0.9995810185300218,0.028944557251480367,0.6787908333333333,-0.028423839261471604
13.361547235,-8.566492257684315,-2.0673360042397886,0.9995560907119414,0.02979297770719214,0.678957,-0.033386731830934976
13.410840271,-8.599870595885884,-2.065316929911977,0.9995312581155411,0.03061476849436431,0.678957,-0.033386731830934976
13.461485819,-8.634380618628589,-2.0631783313887575,0.9995110814746933,0.03126656375889503,0.6817818333333334,-0.025716806950855337
13.510737612,-8.667875495760079,-2.0610594293219573,0.9994910902585918,0.031899224029614086,0.6817818333333334,-0.025716806950855337
13.561532195,-8.702404396707374,-2.0588305446197483,0.9994700609573175,0.032551455420243174,0.6817818333333334,-0.025716806950855337
13.610758872,-8.73587201497573,-2.05662697379748,0.99944927005488,0.033183679524240756,0.6817818333333334,-0.025716806950855337
13.661471898,-8.77046204179694,-2.054307229242762,0.9994297151387592,0.033767506535996826,0.6827788333333333,-0.023009774640239074
13.710734794,-8.803995100030788,-2.0520196127951427,0.9994104306804602,0.034333526575301795,0.6827788333333333,-0.023009774640239074
13.761559261,-8.838570348687599,-2.049620877241507,0.9993901498666448,0.03491888242090933,0.6807848333333333,-0.023009774640238925
13.810971159,-8.871911181983656,-2.0472692340499252,0.9993702668094174,0.035483373814701555,0.6807848333333333,-0.023009774640238925
13.861743218,-8.906306555707113,-2.044794373557314,0.9993398227536407,0.036330684809427104,0.678957,-0.033386731830934976
13.910748582,-8.939636927947275,-2.042340201410185,0.9993096322757599,0.037151834959871975,0.678957,-0.033386731830934976
13.961439275,-8.97412053863325,-2.039745246113894,0.9992799892817071,0.037940783085636705,0.6817818333333334,-0.031130871572087868
14.010693083,-9.00763169711686,-2.037170996628788,0.9992505819476378,0.038707550649803656,0.6817818333333334,-0.031130871572087868
14.061545735,-9.042119084008954,-2.0344700779464193,0.9992223685059608,0.039429155168958785,0.6807848333333334,-0.028423839261471604
14.110740381,-9.075474754526144,-2.0318101067760574,0.9991945820178435,0.04012713877399001,0.6807848333333334,-0.028423839261471604
14.161347756,-9.11001213496179,-2.0290089672497573,0.9991682227298532,0.040778213384925696,0.6837758333333332,-0.025716806950855337
14.210691501,-9.143638255718065,-2.026238199790969,0.9991421485649098,0.04141215958019666,0.6837758333333332,-0.025716806950855337
14.261651882,-9.178174132383162,-2.0233452466668083,0.9991119258466535,0.0421350166843567,0.6807848333333334,-0.028423839261471604
14.310837953,-9.211503491130927,-2.020505634013078,0.9990822594876748,0.042832683513905276,0.6807848333333334,-0.028423839261471604
14.361588412,-9.245908705140517,-2.0175275179026397,0.999054067211493,0.04348529392994358,0.6797878333333334,-0.025716806950855188
14.41075631,-9.279189917121188,-2.0146035981707264,0.9990263872101174,0.04411663697405678,0.6797878333333334,-0.025716806950855188
14.461547946,-9.31356272524506,-2.011536854205534,0.9989942510275691,0.04483844794221068,0.6787908333333333,-0.028423839261471604
14.511006011,-9.346815011066242,-2.0085224299018516,0.9989626620911961,0.04553679553581707,0.6787908333333333,-0.028423839261471604
14.561715068,-9.381256310329773,-2.00535086488661,0.9989295227093036,0.046258065888696596,0.6807848333333334,-0.028423839261471604
14.610940942,-9.414616416636317,-2.002231033291072,0.9988969228121528,0.04695676305296257,0.6807848333333334,-0.028423839261471604
14.661564378,-9.449131860952791,-1.9989536684283598,0.9988627756826586,0.04767761902124461,0.6827788333333333,-0.028423839261471604
14.710784589,-9.482550839748072,-1.9957325107823254,0.9988292130429846,0.04837564647559894,0.6827788333333333,-0.028423839261471604
14.761576737,-9.516973151209509,-1.9923700540253944,0.9988007675062142,0.04895944065241675,0.6807848333333333,-0.023009774640238925
14.810742076,-9.550299513899548,-1.9890759424680815,0.9987728993668997,0.049524695761174,0.6807848333333333,-0.023009774640238925
14.861456187,-9.584869356062846,-1.9856207512882589,0.9987466425028612,0.050051414458154746,0.6836096666666667,-0.02075391438139196
14.910684877,-9.61832920578172,-1.9822414243986215,0.998720961482772,0.05056126081228138,0.6836096666666667,-0.02075391438139196
14.961799412,-9.6527404581973,-1.9787210500591301,0.9986810828419938,0.051342913566944745,0.67796,-0.030679699520318564
15.011004359,-9.685754987945892,-1.975292392596232,0.9986422416347424,0.052092928721055226,0.67796,-0.030679699520318564
15.061636015,-9.720127574549137,-1.9716667510496029,0.9985971269134966,0.052950714066101176,0.6807848333333333,-0.03383790388270428
15.110710868,-9.753451710072765,-1.9680946824323282,0.9985526768193095,0.05378244710862075,0.6807848333333333,-0.03383790388270428
15.161436879,-9.787735041993603,-1.9643658656624785,0.9985135841518862,0.054503415160466695,0.6787908333333333,-0.028423839261471604
15.210970866,-9.820928222374114,-1.9607078791652697,0.9984752325768945,0.05520153920423189,0.6787908333333333,-0.028423839261471604
15.261477836,-9.855396467800624,-1.9568689855380856,0.9984498203842243,0.05565928650917438,0.6826126666666668,-0.018046882070775545
15.310705307,-9.888772709132772,-1.953121217408017,0.9984250107878818,0.05610256529979732,0.6826126666666668,-0.018046882070775545
15.361471984,-9.92314839591492,-1.9492230517644298,0.9983881924275902,0.05675400621250398,0.6817818333333334,-0.025716806950855337
15.410689376,-9.95654606113051,-1.9453922680466982,0.9983520091698306,0.0573869827274657,0.6817818333333334,-0.025716806950855337
15.461600449,-9.99083856825389,-1.9414093435297126,0.9983063333690269,0.05817615280584874,0.6797878333333334,-0.031130871572088017
15.510987802,-10.024030856853123,-1.9375018592626705,0.9982615206786554,0.05894010801091619,0.6797878333333334,-0.031130871572088017
15.561629536,-10.058277425097168,-1.9334277707346574,0.9982344005382381,0.05939765636845061,0.678957,-0.018046882070775698
15.61078089,-10.091507328118889,-1.9294441887765077,0.9982078821638491,0.0598416576137652,0.678957,-0.018046882070775698
15.661468378,-10.125556659942005,-1.9253197339338837,0.9981603206630565,0.060629813242530875,0.6761321666666666,-0.031130871572088017
15.710879439,-10.158582593703901,-1.9212671065198659,0.9981135852385504,0.06139438868697166,0.6761321666666666,-0.031130871572088017
15.761607242,-10.189201677033333,-1.9174838759711537,0.9981093581384559,0.06146307181096229,0.6068406666666666,-0.0027070323106162643
15.810810396,-10.21882346564192,-1.913819797426473,0.9981052641528724,0.06152951869082702,0.6068406666666666,-0.0027070323106162643
15.861465505,-10.243009300223848,-1.910823395165993,0.9980975104645605,0.061655166891725385,0.48038783333333335,-0.004962892569463302
15.910726987,-10.266470018414328,-1.9079109203134255,0.9980899738946214,0.06177705084441894,0.48038783333333335,-0.004962892569463302
15.961549113,-10.283696624757052,-1.905747173716884,0.998007701087144,0.06309222274380444,0.34180483333333334,-0.05188478595347998
16.010656855,-10.300377815893384,-1.903607962723733,0.9979263545351208,0.0643660696659691,0.34180483333333334,-0.05188478595347998
16.061528858,-10.313972432150054,-1.9018306055353387,0.9978496272533637,0.06554480444950037,0.2696885,-0.0464707213322473
16.110778499,-10.327114847602946,-1.9000813008981463,0.9977741052184632,0.06668459308937197,0.2696885,-0.0464707213322473
16.1615254,-10.3359587731712,-1.8988838463945132,0.9976993437176563,0.06779394917953901,0.17563816666666665,-0.043763689021630886
16.210716362,-10.34452497783526,-1.8977048926929494,0.9976257318158114,0.06886871001381313,0.17563816666666665,-0.043763689021630886
16.261569296,-10.346582267995586,-1.8974182423693464,0.9975845030562274,0.06946336633118125,0.040877,-0.02346094669200833
16.31078371,-10.348571994391664,-1.8971386269569526,0.9975442844821499,0.07003856435561469,0.040877,-0.02346094669200833
16.361556143,-10.348086916771404,-1.8972070799542888,0.9975442844821499,0.07003856435561469,-0.009637666666666666,0.0
16.410721732,-10.347617815888109,-1.8972732783525936,0.9975442844821499,0.07003856435561469,-0.009637666666666666,0.0
16.461534256,-10.34718237465391,-1.897334696189151,0.9975491067072164,0.06996984856089478,-0.008640666666666666,0.0027070323106163454
16.510781945,-10.34676140715934,-1.897394014377338,0.9975537640561382,0.06990341778075397,-0.008640666666666666,0.0027070323106163454
16.561517999,-10.347095198684109,-1.8973469793863367,0.9975489632369766,0.06997189396345567,0.006646666666666666,-0.002707032310616344
16.610886024,-10.347418968081879,-1.8973013119729425,0.9975443019831226,0.07003831509256052,0.006646666666666666,-0.002707032310616344
16.661488497,-10.346850683020184,-1.8973812809452446,0.997571509673906,0.06964971706277219,-0.011299333333333333,0.015339849760159287
16.71071251,-10.346300027498762,-1.8974583384369248,0.9975977260952271,0.06927320470161727,-0.011299333333333333,0.015339849760159287
16.761508428,-10.34318531797947,-1.8978886337389562,0.9976921685041181,0.06789946174713239,-0.061814,0.05414064621232692
16.810692734,-10.340174206858443,-1.8982963113443105,0.9977816384732072,0.06657178025050808,-0.061814,0.05414064621232692
16.861476974,-10.333342889801845,-1.899204232217301,0.9978549689337576,0.06546343234363572,-0.13575816666666668,0.04376368902163092
16.910713369,-10.32672148330246,-1.9000695215576113,0.9979248511397304,0.06438937395057442,-0.13575816666666668,0.04376368902163092
16.961430066,-10.316005838176142,-1.901450878583199,0.997967426185206,0.06372610354694129,-0.21269333333333335,0.02616797900262468
17.010973776,-10.305619041338534,-1.9027760262123172,0.9980082670843688,0.06308326902796887,-0.21269333333333335,0.02616797900262468
17.061476741,-10.291640764004487,-1.9045371972533862,0.9980657166919851,0.06216771802241186,-0.277166,0.03609376414155132
17.110658644,-10.27811598776009,-1.9062164395556769,0.9981204906954347,0.06128202064149418,-0.277166,0.03609376414155132
17.161563888,-10.261239760104317,-1.9082808726595621,0.9981763127655977,0.060365955916191705,-0.3343273333333333,0.03609376414155132
17.210754942,-10.244924422088001,-1.9102468128176475,0.9982294686947988,0.0594804827594714,-0.3343273333333333,0.03609376414155132
17.261554345,-10.224018435825988,-1.9126999361725852,0.9983593218114869,0.05725962410030304,-0.4140873333333333,0.08752737804326177
17.3106832,-10.203781437860707,-1.914984807906013,0.9984802535487078,0.05511064573481407,-0.4140873333333333,0.08752737804326177
17.36139356,-10.179637894373919,-1.9176005169147237,0.998607438260038,0.05275589305209869,-0.47856,0.0929414426644946
17.411247688,-10.155940839129638,-1.920055906367473,0.9987268129528796,0.050445545779422514,-0.47856,0.0929414426644946
17.461495233,-10.12818362102308,-1.9228147019408726,0.9988193548279977,0.04857876512410096,-0.5554951666666667,0.07444338854194944
17.510694958,-10.10097240814541,-1.92541757104113,0.9989066584000239,0.046749201106519915,-0.5554951666666667,0.07444338854194944
17.56178328,-10.069126688300813,-1.9283411062485276,0.9989975329498129,0.044765267341852,-0.6247866666666666,0.07760159290433517
17.610600308,-10.038784438383395,-1.9310080129959566,0.9990804233106386,0.04287549133753587,-0.6247866666666666,0.07760159290433517
17.661442968,-10.004427043602027,-1.9339075550527303,0.9991470535714547,0.04129364768921024,-0.6779600000000001,0.06226174314417588
17.711067913,-9.971156199677523,-1.9366110151099496,0.9992091739491912,0.039762126399062195,-0.6779600000000001,0.06226174314417588
17.761549121,-9.935949172880385,-1.9394081470548095,0.9992196219338471,0.03949869798334766,-0.6950751666666667,0.010376957190695906
17.810918742,-9.90187484396478,-1.9420975004030658,0.9992296672355899,0.0392437525760762,-0.6950751666666667,0.010376957190695906
17.861728992,-9.867339958811975,-1.944809956469014,0.9992346072222493,0.03911776743881333,-0.6817818333333334,0.004962892569463227
17.910965832,-9.833853494379133,-1.9474316999946573,0.999239381977958,0.03899560878238007,-0.6817818333333334,0.004962892569463227
17.961487866,-9.799775519334869,-1.950068506132713,0.9992698457983731,0.038207005615404833,-0.6741381666666667,0.031130871572088017
18.010847023,-9.766646744540278,-1.9525800061659848,0.9992988610560068,0.03744043659157177,-0.6741381666666667,0.031130871572088017
18.061548548,-9.732049761859276,-1.9551394802216007,0.9993377394790006,0.03638794378638555,-0.6836096666666667,0.04150782876278392
18.110770316,-9.698500586970571,-1.9575514741584794,0.9993743762944376,0.03536744274193372,-0.6836096666666667,0.04150782876278392
18.16141457,-9.663681155815837,-1.9600098355606852,0.9993836594601149,0.03510414796159082,-0.6874315,0.010376957190696055
18.210744578,-9.62992846969785,-1.9623752826465497,0.9993925916850829,0.03484892659714388,-0.6874315,0.010376957190696055
18.261399262,-9.595641468310994,-1.9647465245359919,0.9994154866955565,0.03418603447438625,-0.67796,0.02616797900262464
18.310688796,-9.562314394736907,-1.9670075845381028,0.9994373173803756,0.0335417445509093,-0.67796,0.02616797900262464
18.361286176,-9.527897167720294,-1.9692867314673856,0.9994694318658423,0.0325707655078991,-0.6807848333333333,0.038349624400398054
18.410650419,-9.494378768795038,-1.971441810734027,0.999499797218008,0.03162523298192191,-0.6807848333333333,0.038349624400398054
18.461273108,-9.459811305371618,-1.973604533261326,0.9995240742555972,0.03084841946504536,-0.6836096666666667,0.030679699520318415
18.51065031,-9.426149684616796,-1.9756587491560387,0.9995471327364043,0.03009201619089363,-0.6836096666666667,0.030679699520318415
18.561284069,-9.391621381732143,-1.9777237843902087,0.9995607876530382,0.029634975728650953,-0.6826126666666668,0.018046882070775545
18.610624795,-9.358013222307434,-1.9797033577796732,0.9995738772834645,0.029190132793487374,-0.6826126666666668,0.018046882070775545
18.661303892,-9.32346029977278,-1.9816981726806264,0.999594646774512,0.028470021772707996,-0.6827788333333333,0.028423839261471604
18.710632941,-9.2898497360136,-1.9835865316718693,0.9996177458791645,0.02764709972959327,-0.6826126666666666,0.03338673183093468
18.761335042,-9.255287695540016,-1.9854704622584498,0.9996407902819023,0.02680094036734221,-0.6826126666666666,0.03338673183093468
18.810658875,-9.221681545242973,-1.98725464749671,0.999655827413747,0.026234075507568195,-0.6827788333333333,0.023009774640239074
18.861290043,-9.187126641732789,-1.9890493517422088,0.9996709529716544,0.025651233591081155,-0.6827788333333333,0.023009774640239074
18.910641104,-9.153681135775273,-1.9907474826906626,0.9996856271625109,0.02507283080741529,-0.678957,0.023460946692008225
18.961305067,-9.119307312730765,-1.992452318131075,0.9997003590726945,0.02447840006874742,-0.678957,0.023460946692008225
19.010634114,-9.085729638674676,-1.9940763135775963,0.9997156778192563,0.02384457008178108,-0.6817818333333334,0.025716806950855337
19.061260383,-9.051211767701524,-1.9957012997760983,0.9997310056763358,0.02319302242878824,-0.6817818333333334,0.025716806950855337
19.110854543,-9.01755615297226,-1.9972359237883235,0.9997497752443101,0.022369329425608785,-0.6826126666666666,0.03338673183093468
19.161293927,-8.98302142607898,-1.998752870076982,0.9997683282544425,0.021524168260756295,-0.6826126666666666,0.03338673183093468
19.210647897,-8.949339562022695,-2.0001865587802996,0.9997792121643923,0.0210125420629463,-0.6836096666666667,0.02075391438139196
19.261310545,-8.914715453547817,-2.001624359057082,0.9997901271685088,0.02048662042351187,-0.6836096666666667,0.02075391438139196
19.31067005,-8.881123833868584,-2.0029802496253595,0.9998029158160353,0.019852695679777276,-0.6817818333333334,0.025716806950855337
19.361521984,-8.846483876501004,-2.004333773384846,0.9998156819768116,0.019199012298633765,-0.6817818333333334,0.025716806950855337
19.41066248,-8.81299718932042,-2.005590553930077,0.9998323225566309,0.01831192974574946,-0.6816156666666666,0.03609376414155109
19.461292333,-8.778480060188796,-2.0068237341220128,0.9998486503833162,0.017397595427564364,-0.6816156666666666,0.03609376414155109
19.510622466,-8.744873029263927,-2.0079677973410486,0.9998617120543921,0.01662999602104071,-0.6817818333333334,0.031130871572087868
19.561468001,-8.710254498470752,-2.0090922822025896,0.9998745500346989,0.015839324256680762,-0.6817818333333334,0.031130871572087868
19.610626511,-8.676680019907574,-2.010137254621387,0.9998833550416395,0.015273385697827569,-0.6827788333333333,0.023009774640239074
19.66133968,-8.642084927101834,-2.0111741988814518,0.9998920923261079,0.014690258803646866,-0.6827788333333333,0.023009774640239074
19.710626555,-8.608342458193391,-2.012146357814232,0.9999004219754983,0.014111914583798343,-0.6846066666666667,0.023460946692008225
19.761304273,-8.57365883491466,-2.0131049188880072,0.9999086350477858,0.013517453786635719,-0.6846066666666667,0.023460946692008225
19.810713915,-8.539930167556372,-2.0139914656537647,0.9999185827332362,0.012760403785004286,-0.6836096666666667,0.030679699520318415
19.861367957,-8.505318860613384,-2.0148480835248987,0.9999281945011386,0.011983565483330062,-0.6836096666666667,0.030679699520318415
19.910635539,-8.471523432660428,-2.0156367939670634,0.9999355928760173,0.011349453717592082,-0.6854374999999999,0.025716806950855035
19.961302667,-8.436787244051821,-2.016402767881848,0.999942777922037,0.010697704499555285,-0.6854374999999999,0.025716806950855035
20.010651548,-8.403317626049107,-2.017091426548699,0.9999512443190346,0.009874663782347007,-0.678957,0.033386731830934976
20.06131333,-8.36880909950272,-2.0177529106124417,0.9999568339331133,0.009291408421980072,-0.6807848333333333,0.023009774640238925
20.110639845,-8.335248789406778,-2.0183575932616624,0.9999619435415873,0.00872418870333009,-0.6807848333333333,0.023009774640238925
20.161313465,-8.300696222270728,-2.0189332797164963,0.9999685153808187,0.007935253435238362,-0.6817818333333334,0.031130871572087868
20.210624334,-8.267079558436473,-2.0194410341553195,0.9999743116956273,0.007167701783437283,-0.6817818333333334,0.031130871572087868
20.261369208,-8.232349961436915,-2.0199182624581518,0.999978400354264,0.006572581298653598,-0.6846066666666667,0.023460946692008225
20.310664879,-8.198624829098751,-2.0203421201246194,0.9999820317453919,0.00599467983781994,-0.6846066666666667,0.023460946692008225
20.361357761,-8.164036967941506,-2.02073426167231,0.9999857296989859,0.005342321441718755,-0.6817818333333334,0.025716806950855337
20.410732973,-8.130446197993567,-2.021071898569722,0.999988913654612,0.0047087756231323505,-0.6817818333333334,0.025716806950855337
20.461331532,-8.095821499365965,-2.0213730320367356,0.9999920477038765,0.003988048270520706,-0.6827788333333333,0.028423839261471604
20.510639297,-8.06217326224927,-2.0216178514105763,0.9999945956564836,0.0032876523273912307,-0.6827788333333333,0.028423839261471604
20.561276091,-8.027570792191622,-2.0218252005840025,0.9999963425908005,0.0027045896217879196,-0.6827788333333333,0.023009774640239074
20.610683618,-7.993889421034175,-2.0219882750980105,0.9999977165052287,0.0021370503803577645,-0.6827788333333333,0.023009774640239074
20.661352407,-7.959263850714251,-2.0221113132307997,0.9999989970156161,0.0014163219132041318,-0.6827788333333333,0.028423839261471604
20.710647918,-7.925619736637536,-2.022183054263497,0.9999997436544249,0.0007160244999318982,-0.6827788333333333,0.028423839261471604
20.761318275,-7.890959608326464,-2.0222100983631934,0.999999997936566,6.424070403194416e-05,-0.6837758333333332,0.025716806950855337
20.810716044,-7.857215997339682,-2.022193021826166,-0.9999998373744375,0.0005703078980465777,-0.6837758333333332,0.025716806950855337
20.861836001,-7.822273954504484,-2.0221302063788906,-0.9999992467520157,0.0012273937433641667,-0.6837758333333332,0.025716806950855337
20.910648572,-7.788865971385453,-2.0220272082998623,-0.9999982783115235,0.0018556330425837473,-0.6837758333333332,0.025716806950855337
20.961530867,-7.754066824990806,-2.0218752856636577,-0.9999968498556779,0.0025100356015047196,-0.6837758333333332,0.025716806950855337
21.010634468,-7.720488311633023,-2.02168551365253,-0.9999950655173975,0.0031414870453087165,-0.6837758333333332,0.025716806950855337
21.061531766,-7.685794233734295,-2.0214380902584943,-0.9999920401154471,0.003989950594443804,-0.6826126666666666,0.03338673183093468
21.110674944,-7.6522286578538505,-2.021142678580141,-0.9999884279184501,0.0048108241691681,-0.6826126666666666,0.03338673183093468
21.161338579,-7.617583060499575,-2.0207823805894685,-0.9999843854129907,0.0055882850860770866,-0.6836096666666667,0.030679699520318415
21.210673538,-7.583871964288496,-2.0203800821991793,-0.9999798716481418,0.006344785147327634,-0.6836096666666667,0.030679699520318415
21.261464546,-7.5493514490887454,-2.019914711927156,-0.9999745436214541,0.007135272178739446,-0.6797878333333334,0.031130871572088017
21.310672324,-7.515901077121393,-2.0194116914213383,-0.9999687845050784,0.007901266698190723,-0.6797878333333334,0.031130871572088017
21.361539769,-7.481241792020715,-2.0188460424012296,-0.9999645732574649,0.008417376670680345,-0.6817818333333333,0.02030274232962266
21.410670661,-7.447734156922932,-2.0182651649500873,-0.9999602486159633,0.008916343863989352,-0.6817818333333333,0.02030274232962266
21.461323162,-7.413125140799504,-2.017622975354463,-0.99995356479757,0.009636817349725086,-0.6827788333333333,0.028423839261471604
21.51074966,-7.379517742432854,-2.016949347139114,-0.9999458747694567,0.010404207396336712,-0.6817818333333334,0.031130871572087868
21.561326779,-7.344983794710931,-2.0162033875924976,-0.9999373589498883,0.01119277339724713,-0.6817818333333334,0.031130871572087868
21.610657994,-7.311313239409418,-2.0154345141183674,-0.9999322767584621,0.011637950706130579,-0.6826126666666668,0.018046882070775545
21.661292961,-7.276733183422349,-2.0146136483959816,-0.9999268508739837,0.012095160240279517,-0.6826126666666668,0.018046882070775545
21.710658732,-7.2431124046258555,-2.013778834551565,-0.9999189779742357,0.012729394603045096,-0.6817818333333334,0.025716806950855337
21.761295107,-7.208586034437935,-2.012877116190103,-0.9999104740467819,0.01338072836358269,-0.6817818333333334,0.025716806950855337
21.81080908,-7.174864584452599,-2.0119507429863788,-0.9999008319913747,0.0140828329165956,-0.6827788333333333,0.028423839261471604
21.861410804,-7.140299973188544,-2.010952019609359,-0.999890436782893,0.014802514317351533,-0.6827788333333333,0.028423839261471604
21.910888655,-7.106662521369061,-2.009932270949611,-0.9998798226212774,0.015502913108280588,-0.6827788333333333,0.028423839261471604
21.961276424,-7.072083593189028,-2.0088348106345775,-0.9998683994638617,0.01622293911643275,-0.6827788333333333,0.028423839261471604
22.01082604,-7.038331524065526,-2.0077197111770646,-0.9998588447600256,0.016801504550098767,-0.6846066666666667,0.023460946692008225
22.06128874,-7.003659723405131,-2.0065335068814063,-0.9998486806958395,0.017395853264187883,-0.6846066666666667,0.023460946692008225
22.110629008,-6.970001927697244,-2.005338338831065,-0.9998362401320823,0.018096765416534932,-0.6827788333333333,0.028423839261471604
22.161256901,-6.9354378057572745,-2.004061809035573,-0.999822952498967,0.01881657929190062,-0.6827788333333333,0.028423839261471604
22.210653416,-6.90168346186227,-2.0027712865446663,-0.999811894175988,0.019395263963734845,-0.6846066666666667,0.023460946692008225
22.261290076,-6.867016269120774,-2.0014051283547243,-0.9998001876070923,0.01998961882635359,-0.6846066666666667,0.023460946692008225
22.310660963,-6.833464847323238,-2.0000349184345976,-0.9997831577449984,0.020823964306529535,-0.6807848333333333,0.03383790388270428
22.361341009,-6.798984712493484,-1.998568332057278,-0.9997649297321806,0.02168145008084051,-0.6807848333333333,0.03383790388270428
22.410647745,-6.765350749603907,-1.9970897201806257,-0.9997524693518173,0.022248596021854895,-0.6827788333333333,0.023009774640239074
22.461296596,-6.73077160560216,-1.9955296928577786,-0.9997393227086636,0.022831702302337945,-0.6827788333333333,0.023009774640239074
22.510654109,-6.697194431331647,-1.9939784044973485,-0.9997277706991727,0.023332048621206067,-0.6817818333333333,0.02030274232962266
22.561262165,-6.662696231071856,-1.9923494819963732,-0.9997156404263569,0.023846137777827424,-0.6817818333333333,0.02030274232962266
22.610631356,-6.629004755276473,-1.9907239963712369,-0.9997032996880693,0.024358008801754368,-0.6836096666666667,0.02075391438139196
22.661277583,-6.59441552300794,-1.989019218466428,-0.9996903567966474,0.024883539293913497,-0.6836096666666667,0.02075391438139196
22.710639063,-6.560767003342779,-1.987323922558341,-0.999676069323877,0.025451059332825286,-0.6827788333333333,0.023009774640239074
22.761304935,-6.526196425361592,-1.985542277325868,-0.9996610539034851,0.02603415657503445,-0.6827788333333333,0.023009774640239074
22.810624565,-6.492632336512104,-1.9837715380263572,-0.9996443500342571,0.026667835393740742,-0.6817818333333334,0.025716806950855337
22.86125361,-6.458181500539727,-1.9819119724088239,-0.9996286315058677,0.02725067106891742,-0.6807848333333333,0.023009774640238925
22.91063704,-6.424644741007471,-1.980063041942652,-0.9996130026291429,0.027818069213178396,-0.6807848333333333,0.023009774640238925
22.961257222,-6.390268838092822,-1.9781210896838204,-0.9995907608594207,0.028606132288104665,-0.6797878333333334,0.031130871572088017
23.010618573,-6.356789860922307,-1.9761775336200422,-0.9995685002251912,0.02937368478012342,-0.6797878333333334,0.031130871572088017
23.061399018,-6.322101901392351,-1.9741163396106742,-0.9995508335615838,0.02996883591905036,-0.6846066666666667,0.023460946692008225
23.110639809,-6.2884462311428075,-1.972076860007075,-0.9995333527065365,0.03054630627801611,-0.6846066666666667,0.023460946692008225
23.16134548,-6.253909895550974,-1.9699437741980914,-0.9995153728077663,0.031129078382630068,-0.6827788333333333,0.023009774640239074
23.210648438,-6.220303175290751,-1.9678292917436069,-0.9994975493984306,0.03169619451182891,-0.6827788333333333,0.023009774640239074
23.261296902,-6.185718583243141,-1.965615314166755,-0.9994807371053944,0.032221982484903176,-0.6836096666666667,0.02075391438139196
23.310617074,-6.1520834143402245,-1.9634270663424003,-0.9994641199185782,0.03273336211546095,-0.6836096666666667,0.02075391438139196
23.361292509,-6.117660150154558,-1.9611449594989856,-0.9994402864758001,0.03345315783555678,-0.6807848333333334,0.028423839261471604
23.410862566,-6.084156460307104,-1.9588759867456813,-0.9994165896368131,0.03415377517525486,-0.6807848333333334,0.028423839261471604
23.461290868,-6.049639669676652,-1.956489118857677,-0.9993917337141738,0.03487352267520372,-0.6827788333333333,0.028423839261471604
23.510647835,-6.016045738191768,-1.9541180918737118,-0.9993670421404266,0.035574078814422455,-0.6827788333333333,0.028423839261471604
23.56130948,-5.981575040178833,-1.9516383152043029,-0.9993436427669647,0.03622545598406007,-0.6817818333333334,0.025716806950855337
23.610660112,-5.948048623162363,-1.9491831335201577,-0.9993204749339086,0.03685903387050956,-0.6817818333333334,0.025716806950855337
23.661263334,-5.913603337157893,-1.946620893234541,-0.9993013865797195,0.037372968571549446,-0.6817818333333333,0.02030274232962266
23.710663334,-5.880052814460832,-1.9440909571636897,-0.9992825385298924,0.037873581679770896,-0.6817818333333333,0.02030274232962266
23.761299063,-5.845497361752925,-1.9414495482473317,-0.9992624761008065,0.03839926896289983,-0.6836096666666667,0.02075391438139196
23.810899163,-5.811883527921335,-1.9388450237992403,-0.9992426934277636,0.038910662179257954,-0.6836096666666667,0.02075391438139196
23.861392577,-5.7774149146775216,-1.9361339066764656,-0.9992171078954863,0.039562245752483474,-0.6817818333333334,0.025716806950855337
23.910893587,-5.7439242969424,-1.933456382631896,-0.9991918387468872,0.04019539005426611,-0.6817818333333334,0.025716806950855337
23.96133296,-5.7092769095612725,-1.9306459327766845,-0.9991705525307988,0.04072108735407606,-0.6856036666666667,0.02075391438139196
24.010633453,-5.675601078073415,-1.9278791183332276,-0.999149596364248,0.041232075925912194,-0.6856036666666667,0.02075391438139196
24.061486621,-5.641268729210967,-1.9250134165450814,-0.9991167592132479,0.04202025058488862,-0.6797878333333334,0.031130871572088017
24.11064982,-5.6078555685893265,-1.9221720554665949,-0.9990841999088435,0.042787398758350005,-0.6797878333333334,0.031130871572088017
24.161321542,-5.573468901029401,-1.9192011082303413,-0.9990590729003458,0.04337013783124907,-0.6807848333333333,0.023009774640238925
24.210710245,-5.540039085270711,-1.916274083121625,-0.9990343167484194,0.04393670400722978,-0.6807848333333333,0.023009774640238925
24.261417289,-5.505514026941083,-1.9132063273751754,-0.9990023579841262,0.044657460095216775,-0.6827788333333333,0.028423839261471604
24.310647615,-5.472039541452198,-1.9101839701918626,-0.9989708711655678,0.04535635085306692,-0.6827788333333333,0.028423839261471604
24.361303115,-5.437533149524521,-1.9070258038715964,-0.9989468762512859,0.045881787539264446,-0.6836096666666667,0.02075391438139196
24.410802683,-5.404104769073417,-1.90392494264025,-0.9989144751463142,0.04658187784067721,-0.6807848333333334,0.028423839261471604
24.461285055,-5.369750542142819,-1.9006889482738987,-0.998880660905686,0.04730142987923372,-0.6807848333333334,0.028423839261471604
24.510813994,-5.3363267959319245,-1.897492668163728,-0.9988472605318216,0.04800156380864443,-0.6807848333333334,0.028423839261471604
24.5612565,-5.301996148430437,-1.8941604260502134,-0.998812438198035,0.0487207686812978,-0.6807848333333334,0.028423839261471604
24.610643028,-5.268481639418769,-1.8908551718595743,-0.9987719741576662,0.04954335108971053,-0.6826126666666666,0.03338673183093468
24.661327644,-5.234044937733611,-1.887400892816255,-0.9987296839529229,0.050388673244039214,-0.6826126666666666,0.03338673183093468
24.710663299,-5.200560317419294,-1.8839856407371938,-0.9986878697884279,0.05121072873385083,-0.6826126666666666,0.03338673183093468
24.761261142,-5.166163167445613,-1.8804193060097631,-0.9986442039960972,0.0520552958401094,-0.6826126666666666,0.03338673183093468
24.810663636,-5.132670295527524,-1.8769030222541425,-0.9986209313363028,0.05249986187615356,-0.6826126666666668,0.018046882070775545
24.861305506,-5.098261959752948,-1.8732592266740173,-0.9985968141623822,0.05295661190767994,-0.6826126666666668,0.018046882070775545
24.910908579,-5.064921120912538,-1.8696958009827005,-0.9985695843951207,0.05346760814695274,-0.679954,0.02075391438139196
24.961301523,-5.030660317411684,-1.8659980908477192,-0.9985413277139669,0.05399274809850074,-0.679954,0.02075391438139196
25.01088719,-4.997182912383663,-1.8623478986337252,-0.9985105292760976,0.0545593523125719,-0.6827788333333333,0.023009774640239074
25.061277636,-4.962797965224671,-1.858558723436745,-0.9984785571667135,0.0551413717482446,-0.6827788333333333,0.023009774640239074
25.11087114,-4.92931767051842,-1.8548257193579165,-0.9984396463051899,0.055841496093561926,-0.6827788333333333,0.028423839261471604
25.161277936,-4.8949497635923285,-1.8509442920291543,-0.9983991867502101,0.05656026782573595,-0.6827788333333333,0.028423839261471604
25.210624499,-4.861538595336405,-1.847120568712513,-0.9983554670102031,0.057326795574490434,-0.6817818333333334,0.031130871572087868
25.2614234,-4.82713207956637,-1.8431285966139372,-0.9983098215023665,0.05811626529563998,-0.6817818333333334,0.031130871572087868
25.310812996,-4.793976138150014,-1.8392316529260633,-0.9982689562280744,0.058814037706237644,-0.6787908333333333,0.028423839261471604
25.361366332,-4.759760614114447,-1.835160893301959,-0.9982262664478105,0.059534200033802345,-0.6787908333333333,0.028423839261471604
25.410616844,-4.726370881375144,-1.831144756539934,-0.9981923696107843,0.06009986065547342,-0.6827788333333333,0.023009774640239074
25.461296818,-4.6920159482393204,-1.8269724461186982,-0.9981571534240593,0.06068193362425812,-0.6827788333333333,0.023009774640239074
25.510608153,-4.658546228070428,-1.8228662941342186,-0.9981184733062282,0.061314869687900925,-0.6837758333333332,0.025716806950855337
25.561331673,-4.624165872072745,-1.818603551604248,-0.9980783165134002,0.06196510393582068,-0.6837758333333332,0.025716806950855337
25.610813384,-4.590709310399126,-1.814413910302393,-0.9980429500024047,0.06253215133431331,-0.6827788333333333,0.023009774640239074
25.661582337,-4.556330748780161,-1.81006614512523,-0.9980018693450543,0.06318440301037277,-0.6817818333333334,0.025716806950855337
25.710763579,-4.523081747713791,-1.8058177928031647,-0.9979617263746203,0.06381530138914518,-0.6817818333333334,0.025716806950855337
25.761592812,-4.488713926615889,-1.8013723444963485,-0.9979027542097981,0.06473092877828447,-0.6816156666666666,0.03609376414155109
25.811085594,-4.455496566672702,-1.7970147479871108,-0.9978449440810238,0.06561606184417491,-0.6816156666666666,0.03609376414155109
25.861415985,-4.4211347933799106,-1.7924488176989375,-0.9977936035614655,0.06639220354698978,-0.6836096666666667,0.030679699520318415
25.910676928,-4.387752315928312,-1.7879609023758571,-0.9977431376878957,0.06714634164802176,-0.6836096666666667,0.030679699520318415
25.961332713,-4.354037032489618,-1.7833685345928667,-0.9976766275737073,0.06812743054859877,-0.6713133333333334,0.038800796452167656
26.010634769,-4.321252283592085,-1.778838122333484,-0.997611010400444,0.06908163234757236,-0.6713133333333334,0.038800796452167656
26.061288247,-4.291891515848015,-1.7747173222028123,-0.99752975846724,0.0702451491014853,-0.5849066666666667,0.04601954928047785
26.110637911,-4.263337195702302,-1.7706426869447607,-0.9974494102816205,0.07137698458780325,-0.5849066666666667,0.04601954928047785
26.161754876,-4.240343928288644,-1.7672995348833127,-0.997340511358762,0.07288281280688244,-0.4547981666666666,0.05910353878179024
26.210674712,-4.218335951890328,-1.764033193825238,-0.9972341029680353,0.07432458461059809,-0.4547981666666666,0.05910353878179024
26.261469419,-4.201639095245716,-1.7615261289741908,-0.9972153312723903,0.07457602212036382,-0.3323333333333333,0.009925785138926604
26.310748789,-4.185468631492115,-1.7590898953446326,-0.9971970895883154,0.07481954635383188,-0.3323333333333333,0.009925785138926604
26.361365696,-4.172805372734927,-1.7571771148244597,-0.9971868103171481,0.07495642287030574,-0.2525733333333333,0.005414064621232679
26.410647178,-4.1604982054453306,-1.75531471446892,-0.997176801686872,0.07508945450288548,-0.2525733333333333,0.005414064621232679
26.461345994,-4.153884478283263,-1.7543063233685274,-0.9971024502788387,0.07607038614293937,-0.13193633333333332,0.03880079645216764
26.51063957,-4.147457326156787,-1.7533136167731955,-0.9970292499152971,0.07702385872792988,-0.13193633333333332,0.03880079645216764
26.561362351,-4.145408497593085,-1.7529950143456279,-0.9970239594147197,0.07709231059577548,-0.040877,0.0027070323106163393
26.610648023,-4.14341828397469,-1.7526852509226636,-0.9970188156618737,0.07715880517604429,-0.040877,0.0027070323106163393
26.661336409,-4.14280211794413,-1.752590836213142,-0.9972029514522213,0.0747413781982831,-0.012296333333333334,-0.09564847497511086
26.710635488,-4.142202439390744,-1.7525018809109094,-0.9973764087367234,0.07238991155842459,-0.012296333333333334,-0.09564847497511086
26.761773026,-4.142824592646639,-1.7525883701250458,-0.9978440164189655,0.06563016758219756,0.012296333333333333,-0.2652891664404018
26.810661539,-4.143421461928959,-1.7526632883327833,-0.9982488881665137,0.05915367507027137,0.012296333333333333,-0.2652891664404018
26.861317609,-4.143614052782983,-1.7526841793554673,-0.9988064462094964,0.048843454119833186,0.00382183333333333,-0.40740836274776
26.910648364,-4.143801789851558,-1.7527006826045237,-0.9992466799436744,0.03880815148321226,0.00382183333333333,-0.40740836274776
26.961333998,-4.142212904562036,-1.7525993048414645,-0.9996900095174437,0.024897487242959163,-0.0314055,-0.5490763870033487
27.010880432,-4.1406644517945335,-1.7525431409623329,-0.9999355325276573,0.011354769422157114,-0.0314055,-0.5490763870033487
27.061731,-4.138056906070424,-1.7525266121741874,0.9999874185506364,0.005016247644822714,-0.0513455,-0.6447248619784596
27.111065015,-4.135526474174848,-1.7525922275296106,0.999781426983704,0.02090689499731269,-0.0513455,-0.6447248619784596
27.161524247,-4.133171345818743,-1.7527307413594446,0.9992842428038997,0.03782858818191481,-0.046526666666666674,-0.6677346366186986
27.210751205,-4.130888390203429,-1.7529416604836836,0.9985266881815736,0.05426281405473252,-0.046526666666666674,-0.6677346366186986
27.261630121,-4.128592486689454,-1.7532285377685828,0.9975497368619071,0.06996086396507674,-0.04552966666666665,-0.6190080550276043
27.310819965,-4.126380839806471,-1.7535746895772195,0.9963696497119067,0.08513237417676303,-0.04552966666666665,-0.6190080550276043
27.361781813,-4.1240599521081585,-1.754012300730113,0.9948907396577374,0.10095749671658916,-0.04652666666666669,-0.6262268078559146
27.410725068,-4.1218258401743695,-1.7545064003139244,0.9932182753775904,0.11626460104419113,-0.04652666666666669,-0.6262268078559146
27.461611631,-4.119484058697091,-1.755103295563628,0.9911622988656876,0.13265480506670393,-0.047523666666666686,-0.6496877545479228
27.510766152,-4.117235546891685,-1.7557549704215916,0.9889127495179363,0.14849772335249914,-0.047523666666666686,-0.6496877545479228
27.561672744,-4.114899676357789,-1.7565142166478278,0.9863826711480719,0.16446648916662235,-0.04835450000000001,-0.6366037650466105
27.610768489,-4.112667009897963,-1.7573192421840904,0.9836929242915139,0.17985613889664662,-0.04835450000000001,-0.6366037650466105
27.661516,-4.109801877295609,-1.7584554316628556,0.9807178496779426,0.19542901351404385,-0.06065083333333335,-0.6239709475970676
27.710746574,-4.107063611152152,-1.7596414671579965,0.9776025884057729,0.2104594477383544,-0.06065083333333335,-0.6239709475970676
27.761516737,-4.103833124881736,-1.7611636216505837,0.9740558136813646,0.22630791376691786,-0.07028849999999999,-0.639310797357227
27.810760397,-4.100753360011653,-1.7627369549476166,0.9703761523829437,0.24159909537594312,-0.07028849999999999,-0.639310797357227
27.861783581,-4.098180404516143,-1.7641575325221983,0.9662728581321547,0.2575204140201644,-0.057826,-0.6469807222373066
27.910974033,-4.095737821596806,-1.7656111217693036,0.9620560826888437,0.2728517798391586,-0.057826,-0.6469807222373066
27.961722951,-4.095858733645652,-1.7655339216724857,0.9577048539708398,0.2877523460906834,0.002824833333333332,-0.6113381301475246
28.010763599,-4.095973584211713,-1.7654555497163964,0.9532672492639043,0.30212836920890007,0.002824833333333332,-0.6113381301475246
28.061496965,-4.097223366725889,-1.764544594178522,0.9483098247556326,0.31734598827138377,0.03040849999999999,-0.6293850122183002
28.110743566,-4.098402516400888,-1.7636269506726474,0.9432896491619125,0.3319708387554485,0.03040849999999999,-0.6293850122183002
28.161636845,-4.09914364104363,-1.7630109655636943,0.9376271182344615,0.3476426141187802,0.018942999999999988,-0.6551018191691556
28.210765063,-4.099839606426595,-1.762392872520301,0.931910608836442,0.3626880438311856,0.018942999999999988,-0.6551018191691556
28.261602798,-4.100189487815789,-1.7620611851466412,0.925834170995586,0.37793000385906933,0.009471499999999994,-0.6447248619784596
28.310827802,-4.1005168980075295,-1.761730108202532,0.919728863604955,0.3925542223081267,0.009471499999999994,-0.6447248619784596
28.361548594,-4.101635410856077,-1.7605240500130888,0.9132380655505621,0.4074263560810313,0.03240249999999999,-0.6393107973572267
28.410733636,-4.1026807841044075,-1.7593220391047684,0.9067228017129589,0.4217271165739787,0.03240249999999999,-0.6393107973572267
28.461568044,-4.103780826058704,-1.7579726967322997,0.8998021699790154,0.43629812617183567,0.03423033333333332,-0.6343479047877636
28.510764316,-4.104802411614132,-1.7566350965232802,0.8928888019363501,0.45027723390892127,0.03423033333333332,-0.6343479047877636
28.561506929,-4.105474690560047,-1.755694499724684,0.8855254449679907,0.46459088057584824,0.02276483333333333,-0.6338967327359941
28.610708576,-4.106097288588493,-1.7547623030567818,0.878166913965242,0.4783543364669784,0.02276483333333333,-0.6338967327359941
28.661613406,-4.107114678478736,-1.7531296520294488,0.8704172193272317,0.4923148020308244,0.03788600000000002,-0.6289338401665309
28.710845033,-4.108049636343781,-1.7515186107466554,0.8627018418244953,0.5057128949439825,0.03788600000000002,-0.6289338401665309
28.761603164,-4.109352991194703,-1.7490986779638962,0.8543246819835362,0.5197396826813686,0.05400416666666667,-0.6420178296678432
28.810807371,-4.110535030044726,-1.7467244667886577,0.8460251635584097,0.5331429664039151,0.05400416666666667,-0.6420178296678432
28.861544704,-4.111601678076254,-1.7443978050778999,0.8372126653592247,0.5468774569884034,0.050348500000000004,-0.6420178296678432
28.910953459,-4.11256154778104,-1.7421130940429468,0.8284678213191402,0.560036667584112,0.050348500000000004,-0.6420178296678432
28.961583383,-4.113526973309914,-1.7395940299999724,0.8194277432607395,0.5731824958724852,0.05317333333333335,-0.6289338401665309
29.011083163,-4.114388065359995,-1.7371166303565888,0.8104388197178788,0.5858232835030471,0.05317333333333335,-0.6289338401665309
29.061529783,-4.1156091402122765,-1.733212771144266,0.8010465391016247,0.5986020733286089,0.08075700000000001,-0.6262268078559144
29.111283382,-4.116684814601229,-1.7293523496809138,0.7916491779750547,0.6109759234302283,0.08075700000000001,-0.6262268078559144
29.16179041,-4.11788642876241,-1.7244466176673705,0.7817730872452677,0.623563020118258,0.0997,-0.6316408724771472
29.210735707,-4.118897458276854,-1.7196741257141717,0.7720439774777624,0.6355691125600081,0.0997,-0.6316408724771472
29.261682128,-4.119782444491259,-1.7147313667486825,0.7616885478824191,0.6479433277878334,0.098703,-0.6343479047877636
29.310988718,-4.120485623718504,-1.709930765648993,0.7514943333863254,0.6597395447358316,0.098703,-0.6343479047877636
29.361569399,-4.121080938853849,-1.7047110966027321,0.7406476051196033,0.6718936858094413,0.10352183333333335,-0.6420178296678432
29.411367536,-4.121499683969442,-1.6995704116038177,0.729807440815804,0.6836527622484142,0.10352183333333335,-0.6420178296678432
29.461566063,-4.121798186424212,-1.6935188043848446,0.7187774636524373,0.6952402158573461,0.12063700000000001,-0.63705493709838
29.510930725,-4.121902775495194,-1.6875667610229332,0.707761284437009,0.7064516715615268,0.12063700000000001,-0.63705493709838
29.561640955,-4.121807095013508,-1.6808347653353848,0.6963220785549185,0.7177294496653722,0.13293333333333335,-0.6343479047877636
29.610689054,-4.121507225490969,-1.6743029480577272,0.6850404353005541,0.72850504596964,0.13293333333333335,-0.6343479047877636
29.661467403,-4.120936776276122,-1.6669571026636045,0.6732804791581981,0.7393871762375293,0.14522966666666665,-0.6316408724771472
29.710844799,-4.12015657984717,-1.659834591388034,0.6616784876334323,0.7497876892848627,0.14522966666666665,-0.6316408724771472
29.761636171,-4.118852744382126,-1.6506609746397416,0.6492195672355842,0.7606010475396683,0.182451,-0.6496877545479229
29.810736998,-4.117303288006106,-1.6418278446615535,0.6369927920652598,0.7708697573889539,0.182451,-0.6496877545479229
29.861541327,-4.115092505777203,-1.631247359416241,0.6242881960231328,0.7811941169172887,0.21269333333333335,-0.6442736899266902
29.910778487,-4.112623371623513,-1.621078574838996,0.6118293558138694,0.790989784614432,0.21269333333333335,-0.6442736899266902
29.961386684,-4.109580798444355,-1.6100876142801146,0.5990890493024171,0.8006824033322614,0.22498966666666667,-0.6316408724771472
30.010694169,-4.106286215202936,-1.5994985638245374,0.586552916870165,0.8099109060329422,0.22498966666666667,-0.6316408724771472
30.062559593,-4.102443801052675,-1.5884134494599602,0.5731397936704467,0.8194576114183075,0.22698366666666664,-0.6370549370983798
30.111261243,-4.098492024942777,-1.5780916581509576,0.5603616470173514,0.8282480453052705,0.22698366666666664,-0.6370549370983798
30.161766508,-4.093766552101072,-1.5668474074002443,0.5464568559800745,0.8374872563522218,0.24210483333333332,-0.6627717440492351
30.210690142,-4.088790156722713,-1.5560209357401038,0.5327258216350025,0.8462878936646273,0.24210483333333332,-0.6627717440492351
30.261664204,-4.08291736301135,-1.5442983215514305,0.5180305816412566,0.8553620967078337,0.2573921666666667,-0.6781115938093946
30.310818782,-4.076876504767276,-1.533197127017467,0.5037192206259083,0.8638674358789243,0.2573921666666667,-0.6781115938093946
30.36162714,-4.070172254935219,-1.5218111967965022,0.4888230743346416,0.8723829445822685,0.26005083333333334,-0.6754045614987781
30.410760056,-4.063312097185252,-1.5110119109187792,0.4742622474775579,0.8803836212796872,0.26005083333333334,-0.6754045614987781
30.461469036,-4.05561365238354,-1.4997656157537362,0.4585844098540867,0.8886508532819731,0.2686915,-0.6988655081907865
30.5108057,-4.047741782495194,-1.4890872653565832,0.44318526230177613,0.8964300437170242,0.2686915,-0.6988655081907865
30.561580846,-4.038997113976646,-1.4780564211780973,0.42715577628023654,0.9041780481688485,0.277166,-0.7011213684496334
30.610916134,-4.030173450116423,-1.4676930375637018,0.41152770852212994,0.911397248799076,0.277166,-0.7011213684496334
30.661590847,-4.020051117024183,-1.4566053129256256,0.3956292106921223,0.9184103264048855,0.2952781666666666,-0.6835256584306271
30.710747312,-4.009906126417955,-1.4462281932675445,0.38014771067031694,0.924925790575718,0.2952781666666666,-0.6835256584306271
30.761475841,-3.9981785607001634,-1.4350317482247676,0.36373792962906154,0.9315013250388664,0.31904,-0.6957073038284008
30.810701545,-3.9864478869213626,-1.4245879194779194,0.3477337910495669,0.9375933076565213,0.31904,-0.6957073038284008
30.861565767,-3.973752084661845,-1.4140533737456336,0.33110683219687737,0.9435932734354081,0.32485583333333334,-0.69615847588017
30.910960374,-3.961114822386672,-1.4042891767937944,0.314912720760773,0.9491206342204596,0.32485583333333334,-0.69615847588017
30.961575127,-3.9497038592645755,-1.3960939837160697,0.29787192054305245,0.9546058448134462,0.276169,-0.7038284007602498
31.010724232,-3.9384088972984546,-1.3885700631992972,0.2813194692592003,0.9596141704954767,0.276169,-0.7038284007602498
31.061498961,-3.9307322815109815,-1.3838319948711708,0.26461780841434424,0.9643533664948701,0.17746599999999998,-0.6830744863788577
31.110718966,-3.923145829069642,-1.3795003359604827,0.2483678800703739,0.9686657814485594,0.17746599999999998,-0.6830744863788577
31.161545559,-3.920208198335262,-1.377950086315668,0.23243720019937886,0.9726114064535095,0.06546966666666666,-0.6469807222373066
31.210760445,-3.9173123578468716,-1.3765396101683183,0.21692874760243835,0.9761874402304291,0.06546966666666666,-0.6469807222373066
31.261545092,-3.915379142599317,-1.3756740549978779,0.20091901543848215,0.9796078548252004,0.04170783333333335,-0.6447248619784596
31.310726735,-3.913479619624236,-1.374896072469852,0.1853527118679686,0.9826720573025315,0.04170783333333335,-0.6447248619784596
31.361604169,-3.9103971635690273,-1.3737482763521884,0.16920896284493148,0.9855801981030984,0.06463883333333333,-0.6447248619784596
31.410690785,-3.907388805626666,-1.372737208172447,0.15358890776028886,0.9881348326078793,0.06463883333333333,-0.6447248619784596
31.461530944,-3.9046148319025273,-1.371902912450201,0.13751596285615736,0.9904995507115306,0.05699516666666668,-0.6393107973572268
31.510702892,-3.901905986044084,-1.3711817656110747,0.12192735471970297,0.9925390270266735,0.05699516666666668,-0.6393107973572268
31.561554634,-3.9005917071714804,-1.3708764899730568,0.10579923002679474,0.9943875114490012,0.02658666666666666,-0.6397619694089962
31.610772783,-3.899305762226142,-1.3706208721342525,0.09010052664284347,0.9959326759870278,0.02658666666666666,-0.6397619694089962
31.661598864,-3.8980244575646648,-1.3704087970921228,0.07373798465131105,0.9972776492128774,0.025589666666666663,-0.6469807222373064
31.710804504,-3.8967766031260296,-1.3702435010770264,0.0578601598285586,0.9983246976332969,0.025589666666666663,-0.6469807222373064
31.761563618,-3.894952856568239,-1.3700616218338109,0.041495279328505705,0.9991386999778605,0.036058166666666655,-0.6447248619784595
31.810709522,-3.8931840964874245,-1.3699426426357342,0.025655812509911554,0.9996708354675834,0.036058166666666655,-0.6447248619784595
31.861512278,-3.8930828802695263,-1.3699391170592112,0.00915929791039023,0.9999580527511085,0.0019940000000000097,-0.6496877545479228
31.910699969,-3.892984766277459,-1.3699388879633945,-0.006824380867424564,0.9999767136417609,0.0019940000000000097,-0.6496877545479228
31.96165,-3.8960778817840067,-1.369847151764957,-0.022823080132274735,0.9997395195816137,-0.06081700000000001,-0.6289338401665309
32.010779745,-3.899061021657564,-1.369664643058622,-0.03826949918300495,0.9992674544046163,-0.06081700000000001,-0.6289338401665309
32.061439831,-3.90347059494891,-1.3692543224551352,-0.0544792085886335,0.9985149051624398,-0.0872375,-0.6393107973572268
32.110640829,-3.9077284801168384,-1.3687204378749327,-0.07017237287040017,0.9975348806361297,-0.0872375,-0.6393107973572268
32.161437343,-3.911347222974889,-1.3681496764908543,-0.08609814139510294,0.9962866605793279,-0.07211633333333334,-0.6289338401665309
32.210627527,-3.91483306120698,-1.3674869329026706,-0.10150222457130116,0.9948353122035211,-0.07211633333333334,-0.6289338401665309
32.261489664,-3.918279394888434,-1.3667184009768427,-0.1174607448759391,0.9930775263861273,-0.06945766666666667,-0.6316408724771472
32.310624879,-3.9215869504342367,-1.365870351603028,-0.13286424853016907,0.9911342449247293,-0.06945766666666667,-0.6316408724771472
32.36147121,-3.9256662316780995,-1.364685736202911,-0.14881149715573888,0.9888655815196864,-0.08358183333333334,-0.6338967327359941
32.410624279,-3.92957499294149,-1.3634150147052497,-0.16420515997277282,0.9864262088155992,-0.08358183333333334,-0.6338967327359941
32.461454005,-3.933658216816109,-1.3619428976898131,-0.18008301761728795,0.9836514152716151,-0.08540966666666666,-0.6343479047877636
32.510644956,-3.937562777484327,-1.3603935835099685,-0.19540504499634345,0.9807226256133673,-0.08540966666666666,-0.6343479047877636
32.561443902,-3.9415900993777195,-1.3586449031662005,-0.21136411983927367,0.9774073914415469,-0.08640666666666667,-0.6415666576160738
32.610626278,-3.9454319388873604,-1.3568281708702454,-0.22675780057272382,0.9739511794127161,-0.08640666666666667,-0.6415666576160738
32.661478721,-3.949941310588277,-1.3545174136835196,-0.2423604519499278,0.9701862766142524,-0.0997,-0.6316408724771472
32.710613968,-3.9542323854228463,-1.3521445312834228,-0.25740024041048265,0.9663048774774066,-0.0997,-0.6316408724771472
32.761495303,-3.959750722130019,-1.3488612326070524,-0.2728836298643338,0.9620470490324604,-0.12628666666666669,-0.6316408724771472
32.810635381,-3.9649821974035078,-1.3455205460086657,-0.287783949288245,0.9576953578941796,-0.12628666666666669,-0.6316408724771472
32.861571812,-3.9719177311544978,-1.3407720748374814,-0.3035755743147264,0.9528073628386191,-0.16516966666666666,-0.6496877545479228
32.910671288,-3.978459764110629,-1.3359736411740037,-0.3187396189900975,0.9478423156232515,-0.16516966666666666,-0.6496877545479228
32.961407747,-3.98661305255052,-1.3295843070971471,-0.33376320356384737,0.9426569492380554,-0.20421883333333335,-0.6266779799076839
33.010632676,-3.994333943176427,-1.3231334077340144,-0.3482747312671075,0.937392506669871,-0.20421883333333335,-0.6266779799076839
33.061320052,-4.002966124497237,-1.3154504107671092,-0.36306541411118964,0.9317636530130752,-0.2278145,-0.6239709475970676
33.110634151,-4.01111568269314,-1.3077280912137825,-0.37734808213836846,0.92607150096874,-0.2278145,-0.6239709475970676
33.161269406,-4.019680113375447,-1.2990801787751298,-0.3924715712389897,0.9197641359442097,-0.240277,-0.6469807222373065
33.21064564,-4.02774876461426,-1.2903876588909475,-0.4071073238257921,0.9133803298119583,-0.240277,-0.6469807222373065
33.261354293,-4.036404539304817,-1.280433841451642,-0.42209209361124483,0.9065529573670124,-0.260217,-0.6496877545479228
33.310666056,-4.044502262342527,-1.2704870287548964,-0.43655284266481786,0.8996786179304623,-0.260217,-0.6496877545479228
33.36131043,-4.052953402588116,-1.2593793767806947,-0.45166477792759757,0.8921877203703343,-0.27533816666666666,-0.6654787763598515
33.410625969,-4.060809998610357,-1.2483072501467471,-0.4662412074042379,0.884657638026281,-0.27533816666666666,-0.6654787763598515
33.46131312,-4.068960380509377,-1.2359767043058183,-0.48091330137085314,0.8767681543969232,-0.2916225,-0.6573576794280025
33.510669966,-4.076493008071718,-1.2237235086899767,-0.4950628265417985,0.8688571791591787,-0.2916225,-0.6573576794280025
33.56133856,-4.084315092448024,-1.21001035084364,-0.5094223262012569,0.8605166433995918,-0.3113963333333334,-0.6551018191691556
33.610665265,-4.0914804409492405,-1.196433896137273,-0.5232506645839184,0.8521788204435075,-0.3113963333333334,-0.6551018191691556
33.661336963,-4.09875353255154,-1.1814893758321372,-0.5372778163828312,0.8434053284292771,-0.3276806666666667,-0.6523947868585392
33.710652342,-4.105344302815908,-1.1667428835169844,-0.5507690628109766,0.8346576780035744,-0.3276806666666667,-0.6523947868585392
33.76131876,-4.111834531761,-1.1508381901209945,-0.5646978213121117,0.825297746637754,-0.33898,-0.6623205719974657
33.810625853,-4.117634074068125,-1.135161477323257,-0.5780986295192252,0.8159668954976015,-0.33898,-0.6623205719974657
33.86134276,-4.123173976372964,-1.1185373755557462,-0.5913472877753518,0.8064170045582715,-0.34562666666666664,-0.6442736899266902
33.910615361,-4.12803712830421,-1.102208441974697,-0.604077930044556,0.7969252502167844,-0.34562666666666664,-0.6442736899266902
33.961288691,-4.132604541527491,-1.0848512273359414,-0.616963986637491,0.7869913844460903,-0.3541011666666667,-0.6420178296678433
34.0106081,-4.136504158579549,-1.0678292764715205,-0.6293449720255637,0.7771260555316251,-0.3541011666666667,-0.6420178296678433
34.061307247,-4.139798960340283,-1.0509686196607748,-0.6420004553951549,0.7667042554156157,-0.33898,-0.6469807222373065
34.110628543,-4.142472898069461,-1.034465789721831,-0.6541503285214763,0.756364560047101,-0.33898,-0.6469807222373065
34.161329802,-4.144301142847881,-1.0203273114106077,-0.6662295321878009,0.7457467468523239,-0.28115399999999996,-0.6343479047877635
34.210614975,-4.145641913943152,-1.0065305635658441,-0.6778093160273397,0.7352377378144772,-0.28115399999999996,-0.6343479047877635
34.261352997,-4.146363818930253,-0.995522051941297,-0.6893085066183823,0.7244679307626636,-0.21751216666666665,-0.6212639152864512
34.310609854,-4.146732669428805,-0.984810753780074,-0.700316046089083,0.7138329185391729,-0.21751216666666665,-0.6212639152864512
34.361333861,-4.146766873148959,-0.9746609701079274,-0.7114688861877219,0.7027175990302239,-0.20023083333333333,-0.6212639152864512
34.410644855,-4.146493532720797,-0.9647926152078525,-0.7221473809820383,0.6917392284241097,-0.20023083333333333,-0.6212639152864512
34.46130468,-4.145870590419822,-0.9542722817704212,-0.7332155892993307,0.6799962497017429,-0.20787450000000002,-0.6366037650466105
34.510698733,-4.144939097914332,-0.9440621380957326,-0.7438000058416965,0.6684022376607459,-0.20787450000000002,-0.6366037650466105
34.561771395,-4.143800881439147,-0.9348621522625659,-0.7546709623231216,0.6561034511617003,-0.18128783333333331,-0.6420178296678432
34.610612503,-4.142432198261903,-0.9261135671272642,-0.7648652621864557,0.6441902907530076,-0.18128783333333331,-0.6420178296678432
34.661320225,-4.141058765658402,-0.9188264552543236,-0.7747079426335732,0.6323192260404994,-0.14622666666666664,-0.6081799257851388
34.71063477,-4.139508855704201,-0.9117864550461118,-0.7840995392266659,0.6206350881029289,-0.14622666666666664,-0.6081799257851388
34.761976354,-4.138074952549087,-0.906110447972444,-0.7937808454782359,0.6082038879782478,-0.11399033333333335,-0.6135939904063716
34.81066206,-4.1365525957800235,-0.9007787339182116,-0.802768604774321,0.596290673404079,-0.11399033333333335,-0.6135939904063716
34.861409936,-4.13545098074538,-0.8973303963050534,-0.8123017766190685,0.5832373648022775,-0.0712855,-0.6366037650466105
34.910631278,-4.134277581344758,-0.8940242285172725,-0.8213380388559962,0.5704417813661495,-0.0712855,-0.6366037650466105
34.961796247,-4.1332528480245365,-0.8914036190542826,-0.8303816175404076,0.5571950908353162,-0.055167333333333346,-0.6289338401665309
35.010632747,-4.132189811364961,-0.888918425102915,-0.838867848238312,0.544335129485526,-0.055167333333333346,-0.6289338401665309
35.061518777,-4.131010054315577,-0.8863832061265298,-0.8474373168460816,0.5308954643022616,-0.055167333333333346,-0.6289338401665309
35.110616518,-4.129070533932107,-0.8825340216185158,-0.8554412754561823,0.5178998206660241,-0.08740366666666667,-0.6190080550276043
35.161809417,-4.1269427101970315,-0.8786185102054291,-0.8635070171470481,0.5043368233014595,-0.08740366666666667,-0.6190080550276043
35.210634013,-4.124848764076545,-0.8750390407460218,-0.8713376262337487,0.49068395236581364,-0.08457883333333333,-0.6420178296678432
35.261321415,-4.122568206291968,-0.8714120461761232,-0.879201045999227,0.4764509635984223,-0.08457883333333333,-0.6420178296678432
35.310627447,-4.120711795631671,-0.868659761295324,-0.8866353945841631,0.46246910931497404,-0.06729750000000001,-0.6420178296678432
35.361279302,-4.118715383216378,-0.8658956124196241,-0.8940395546024043,0.44798802975786606,-0.06729750000000001,-0.6420178296678432
35.410618001,-4.116542510649846,-0.8630787060010496,-0.9007750357007385,0.4342860060586035,-0.07211633333333334,-0.6190080550276043
35.461257634,-4.114222748893869,-0.8602564496561961,-0.9074731613620288,0.4201100586841562,-0.07211633333333334,-0.6190080550276043
35.510645318,-4.111565068764179,-0.8572220557070198,-0.913936176628743,0.4058579370287528,-0.081754,-0.6343479047877636
35.561473693,-4.108738173928829,-0.8541938728745675,-0.9203407028471629,0.391117617453868,-0.081754,-0.6343479047877636
35.610631713,-4.105996799844179,-0.8514404019726689,-0.9265149928202183,0.37625784786413535,-0.078763,-0.6523947868585391
35.661565961,-4.103077126884653,-0.8486935665979194,-0.9326336595905419,0.3608246901180035,-0.078763,-0.6523947868585391
35.710646392,-4.1007030706191685,-0.8465993027318469,-0.9380937892583134,0.3463813542253378,-0.06447266666666668,-0.6289338401665309
35.761282378,-4.098186299560852,-0.8445158270128581,-0.9434944240616221,0.331388400166071,-0.06447266666666668,-0.6289338401665309
35.810619765,-4.09663299269302,-0.8433092563181935,-0.9484005098563607,0.31707486955637937,-0.039879999999999985,-0.6135939904063716
35.861393043,-4.09499753145774,-0.8421175195722055,-0.9532214811958651,0.30227273741897553,-0.039879999999999985,-0.6135939904063716
35.910602065,-4.095653390492907,-0.842565109841948,-0.9577352916174486,0.28765102327375897,0.01611816666666667,-0.6212639152864512
35.961529977,-4.09634352360741,-0.8430052963288962,-0.9621537731992936,0.2725070948037173,0.01611816666666667,-0.6212639152864512
36.010656673,-4.099036015163785,-0.8446053702560814,-0.9663386094314392,0.25727357408430473,0.06364183333333333,-0.6420178296678432
36.061607235,-4.10187222191533,-0.8461697883438738,-0.9704127316596821,0.24145212824241966,0.06364183333333333,-0.6420178296678432
36.110633688,-4.104320939597659,-0.847420862426362,-0.9740128369116372,0.22649281121339038,0.05599816666666668,-0.6266779799076839
36.16161311,-4.106896611005081,-0.8486366295622954,-0.9774986294656929,0.21094176777654058,0.05599816666666668,-0.6266779799076839
36.210745148,-4.108523764924855,-0.8493425897153102,-0.9806944705725524,0.1955462998586807,0.03605816666666668,-0.639310797357227
36.261504378,-4.110226486138406,-0.8500175338665927,-0.983740187722909,0.17959744725049887,0.03605816666666668,-0.639310797357227
36.310786699,-4.112559648574868,-0.8508569185416195,-0.9864564014500219,0.1640236813337427,0.050348500000000004,-0.6420178296678432
36.361546984,-4.114989935899472,-0.8516441215790297,-0.9889969724283827,0.14793575810970427,0.050348500000000004,-0.6420178296678432
36.410671823,-4.11776831999916,-0.8524471722522713,-0.9911835802710605,0.13249569880204495,0.058823000000000014,-0.6343479047877636
36.461551292,-4.120665907945604,-0.8531859654438754,-0.9931909656818195,0.11649766387363604,0.058823000000000014,-0.6343479047877636
36.51077762,-4.122901882768999,-0.8536812325831525,-0.9948819049597349,0.10104452079993732,0.046526666666666674,-0.6316408724771473
36.561544241,-4.125225222407229,-0.854119355450511,-0.9963753463993854,0.08506567514282527,0.046526666666666674,-0.6316408724771473
36.610882713,-4.127487767195276,-0.8544720985837814,-0.9975864154467597,0.0694358964519424,0.04652666666666665,-0.6370549370983798
36.661608092,-4.129831283830667,-0.8547613802380526,-0.9985785041583475,0.053300760152903116,0.04652666666666665,-0.6370549370983798
36.710814199,-4.132346771074817,-0.8549904004356895,-0.9992981667707188,0.03745896272830639,0.0513455,-0.6447248619784596
36.761482722,-4.134948264163222,-0.8551429559604525,-0.9997772615278102,0.021105149417918297,0.0513455,-0.6447248619784596
36.810677791,-4.1372782904141925,-0.8552046709267276,-0.999985560614282,0.00537387783078243,0.04735750000000001,-0.639310797357227
36.86137239,-4.139679934683621,-0.8551915502736805,0.9999412798002251,0.010836833093111394,0.04735750000000001,-0.639310797357227
36.910641464,-4.141930282721463,-0.855107287263828,0.9996465093316268,0.02658677079101054,0.04569583333333331,-0.6393107973572267
36.961398134,-4.1442439826115045,-0.8549464492350617,0.9990836226522932,0.04280087555144245,0.04569583333333331,-0.6393107973572267
37.010638475,-4.1467105686435,-0.8546957209943327,0.9982900643911928,0.058454660531287776,0.05034850000000002,-0.6366037650466105
37.061315635,-4.1492399989968565,-0.8543570265266216,0.9972170917634071,0.07455247745670489,0.05034850000000002,-0.6366037650466105
37.110629788,-4.1517294396180695,-0.8539431409321322,0.995941236377717,0.0900058536008876,0.05117933333333334,-0.6289338401665309
37.161325345,-4.154274164963265,-0.8534373662422259,0.9943799021355275,0.1058707241353277,0.05117933333333334,-0.6289338401665309
37.210651368,-4.156548786994092,-0.8529098150221135,0.9925878563261692,0.12152920420137751,0.04735750000000001,-0.639310797357227
37.26135198,-4.15886954722659,-0.8522927665475191,0.9904876871367199,0.13760138673193403,0.04735750000000001,-0.639310797357227
37.310628955,-4.159497586200902,-0.8521053950140587,0.9884857700700892,0.1513138538566207,0.013293333333333324,-0.562160376504661
37.361358842,-4.160137832312464,-0.8518946110361246,0.9862288566923154,0.16538634232417257,0.013293333333333324,-0.562160376504661
37.41060059,-4.160006675132961,-0.8519413220949812,0.9845537726050663,0.17508246299710142,-0.002824833333333332,-0.3992872658159109
37.461355018,-4.1598727529292825,-0.851992052167648,0.9827313319262002,0.18503818322323745,-0.002824833333333332,-0.3992872658159109
37.510646679,-4.159964128855256,-0.8519558137939529,0.9817295999956772,0.19028135087897485,0.0019940000000000027,-0.21656258484930763
37.561360153,-4.1600577561227015,-0.8519175038406985,0.9806694913402086,0.1956715328159325,0.0019940000000000027,-0.21656258484930763
37.610653445,-4.160616550660021,-0.8516834734818622,0.9801308372533459,0.1983520654418683,0.012296333333333333,-0.11098832473527015
37.661401506,-4.161190683123017,-0.8514392653737124,0.9795684418721103,0.20111108295727032,0.012296333333333333,-0.11098832473527015
37.710639095,-4.161408810340199,-0.8513456120705364,0.9794543055007671,0.20166621788492498,0.004818833333333333,-0.02300977464023893
37.761413072,-4.161633376312177,-0.8512488881316453,0.9793364129469688,0.20223795458855906,0.004818833333333333,-0.02300977464023893
37.810641062,-4.161377768798564,-0.8513590041198266,0.979439668346037,0.20173729469338314,-0.005649666666666666,0.02075391438139198
37.861731026,-4.161112623101579,-0.8514729019989085,0.9795464585599402,0.2012181292097693,-0.005649666666666666,0.02075391438139198
37.910655187,-4.160895929716425,-0.8515657059798885,0.9796595492732322,0.2006668072147649,-0.004818833333333333,0.02300977464023893
37.961388306,-4.160670953195349,-0.8516617522228419,0.9797765772533459,0.2000946242799101,-0.004818833333333333,0.02300977464023893
38.010624293,-4.1614845425760985,-0.8513171124957806,0.9802186405870097,0.19791770169884915,0.017946,0.09023441035387816
38.061321191,-4.162323958120499,-0.8509659881924565,0.980668816619017,0.19567491436322856,0.017946,0.09023441035387816
38.110696486,-4.165527130144118,-0.849658069251421,0.9818694315748104,0.18955848527290634,0.07012233333333333,0.25265634899085887
38.16132021,-4.1688326789052885,-0.8483568218148089,0.9830624668388701,0.18327080043660893,0.07012233333333333,0.25265634899085887
38.211238851,-4.174336510017855,-0.8462948179117735,0.9848741435566686,0.1732712363709528,0.11781216666666665,0.4074083627477599
38.261690984,-4.179946846201474,-0.8443227379677124,0.986603700094843,0.16313533939390687,0.11781216666666665,0.4074083627477599
38.310606024,-4.184059371720267,-0.8429812825094144,0.9885551530592971,0.15085989977429257,0.08840066666666666,0.508019730292334
38.361329542,-4.188352690922569,-0.8417000910080699,0.990415345076262,0.13812112161964485,0.08840066666666666,0.508019730292334
38.410618768,-4.191923268769715,-0.84074528254932,0.9924778520989326,0.1224243157754589,0.07494116666666667,0.6420178296678432
38.461335759,-4.195621988206128,-0.8398823897613169,0.9943381250920903,0.10626237804767287,0.07494116666666667,0.6420178296678432
38.510718892,-4.200123232489306,-0.8389862086766467,0.9959470609686821,0.08994137950823396,0.09305333333333335,0.6650276043080822
38.561357687,-4.204777542361111,-0.8382194722699912,0.9973215378421042,0.07314198627505489,0.09305333333333335,0.6650276043080822
38.61063901,-4.208716633185599,-0.8376985645576621,0.9983027624105341,0.05823739832355835,0.08059083333333335,0.605924065526292
38.66160467,-4.212801791515391,-0.8372841226004046,0.9990827489960492,0.04282126409270734,0.08059083333333335,0.605924065526292
38.710655882,-4.215826070716298,-0.8370703906889724,0.9996158157277693,0.027716799001804206,0.061813999999999994,0.6163010227169881
38.76131093,-4.218954509404628,-0.8369457107071779,0.9999266468601113,0.01211201465876366,0.061813999999999994,0.6163010227169881
38.810657717,-4.221299776196123,-0.8369264949974147,-0.9999923203617154,0.003919083769496903,0.047523666666666686,0.6496877545479228
38.861323451,-4.2237072364679715,-0.836985005466805,-0.999792336255292,0.020378527061228432,0.047523666666666686,0.6496877545479228
38.910648705,-4.225532098825766,-0.83708839214584,-0.9993443421778364,0.036206156343189314,0.03705516666666665,0.6420178296678432
38.961318022,-4.227403020479559,-0.8372547793093396,-0.9986229347580825,0.052461740107954555,0.03705516666666665,0.6420178296678432
39.010619982,-4.228891560347443,-0.8374346007699175,-0.9977068259529928,0.06768374580949729,0.03040849999999999,0.6185568829758348
39.06131547,-4.230414944784227,-0.8376666203013282,-0.9965235498626116,0.08331155123522176,0.03040849999999999,0.6185568829758348
39.11064424,-4.231752851913069,-0.8379135733240705,-0.99509173810914,0.09895672158540157,0.027583666666666645,0.6370549370983799
39.161321906,-4.233118513392311,-0.8382109094893283,-0.993365074992498,0.11500359900954704,0.027583666666666645,0.6370549370983799
39.210625721,-4.233937382568112,-0.8384168821301531,-0.9914105415615663,0.13078661277287496,0.017115166666666667,0.6447248619784595
39.261332759,-4.234772004778225,-0.8386556850035226,-0.9891396435260092,0.1469787930459333,0.017115166666666667,0.6447248619784595
39.310649243,-4.234990356728652,-0.8387257718904872,-0.9867319633309333,0.1623577301549936,0.004652666666666666,0.6316408724771472
39.361337628,-4.235212632908613,-0.838804943724625,-0.9840051102396966,0.17814023414760233,0.004652666666666666,0.6316408724771472
39.410629347,-4.235647113543549,-0.838975313903285,-0.9811247118020217,0.19337605821662598,0.009471500000000008,0.6293850122183003
39.461291336,-4.236088286725931,-0.8391645246940758,-0.9779158449390063,0.20899904357970006,0.009471500000000008,0.6293850122183003
39.510631497,-4.2367269153405225,-0.839462695543586,-0.9745119443430689,0.2243356198482341,0.01429033333333335,0.6370549370983799
39.561359108,-4.237373185746436,-0.8397898971980954,-0.9707629034267979,0.24004038270752143,0.01429033333333335,0.6370549370983799
39.610631055,-4.2378692275294165,-0.8400612588088885,-0.9668585373081998,0.25531268835341586,0.01146549999999999,0.6393107973572268
39.661296051,-4.238369789809778,-0.8403562578678496,-0.9625961186366707,0.27094042220683223,0.01146549999999999,0.6393107973572268
39.710649298,-4.2387644952103924,-0.8406061288570418,-0.9582432370147299,0.2859543647429293,0.00947149999999998,0.6338967327359941
39.761306327,-4.23916179949693,-0.8408756533645502,-0.9535257150769435,0.30131165043357294,0.00947149999999998,0.6338967327359941
39.810623067,-4.239612745591747,-0.8412029112383302,-0.9486967308148477,0.31618746487047894,0.011299333333333328,0.6343479047877636
39.861289599,-4.240065259757979,-0.8415537390359514,-0.9434925135056194,0.3313938396513258,0.011299333333333328,0.6343479047877636
39.910655484,-4.240494688917528,-0.8419090339941067,-0.9381925964503183,0.3461136402481277,0.011299333333333328,0.6343479047877636
39.961326656,-4.2409242669238845,-0.8422880369434288,-0.9325058379804649,0.36115490046841503,0.011299333333333328,0.6343479047877636
40.010652033,-4.241264449711752,-0.8426079098547465,-0.9267489120191658,0.3756813198327708,0.00947149999999998,0.6338967327359941
40.061280648,-4.241603485948491,-0.8429475739209025,-0.9205963980595361,0.3905153926285214,0.00947149999999998,0.6338967327359941
40.11090451,-4.24208068512307,-0.8434572044394879,-0.9142841557178685,0.4050734286561689,0.01412416666666666,0.6420178296678432
40.161352415,-4.24255215868609,-0.843994289074031,-0.9075843708443576,0.41986975337484306,0.01412416666666666,0.6420178296678432
40.210664258,-4.242968504101278,-0.8445004849056134,-0.9008014661674242,0.4342311809976559,0.013293333333333324,0.6442736899266902
40.261407608,-4.243379928145224,-0.8450349073589865,-0.8935844777423527,0.44889506695655135,0.013293333333333324,0.6442736899266902
40.310680704,-4.243681256016402,-0.8454535060767381,-0.886373357967912,0.4629711333168492,0.010468500000000006,0.6420178296678432
40.361283723,-4.243977179843784,-0.8458937200038337,-0.8787260585749257,0.47732642288205274,0.010468500000000006,0.6420178296678432
40.410768277,-4.244225719260541,-0.846290219050914,-0.8711439786602467,0.49102766566049577,0.00947149999999998,0.6338967327359941
40.461419128,-4.2444675104267615,-0.8467045949908716,-0.8631488917350801,0.5049494932134331,0.00947149999999998,0.6338967327359941
40.510735739,-4.244713214785241,-0.8471581572764083,-0.8551232098835783,0.51842482185791,0.010468499999999992,0.6366037650466105
40.561340709,-4.244950937149662,-0.8476324124871979,-0.8466500317335576,0.5321500951475682,0.010468499999999992,0.6366037650466105
40.610691234,-4.245188070299368,-0.8481457315304214,-0.8381561052697487,0.5454304201262026,0.01146549999999999,0.6393107973572268
40.661339014,-4.2454148313344255,-0.8486808975171125,-0.829208061953604,0.5589400593902248,0.01146549999999999,0.6393107973572268
40.710961884,-4.2456189622607665,-0.849209080298584,-0.8202810567250194,0.5719606524736518,0.01146549999999999,0.6393107973572268
40.761398079,-4.245810939119311,-0.8497573430873867,-0.8109107501774343,0.5851698516214509,0.01146549999999999,0.6393107973572268
40.810694947,-4.245963386510945,-0.8502414773025462,-0.8017079244194062,0.5977159893487272,0.010302333333333316,0.6316408724771472
40.86136714,-4.24610451064474,-0.8507445785830869,-0.7920312924624422,0.6104804925304931,0.010302333333333316,0.6316408724771472
40.910686438,-4.246216290455598,-0.8511977309801074,-0.7824002656392272,0.622775902173219,0.00947149999999998,0.6338967327359941
40.961311053,-4.246316436989273,-0.8516672175788395,-0.772295438774408,0.6352635321252469,0.00947149999999998,0.6338967327359941
41.010627982,-4.246424104127212,-0.8522638917511538,-0.7623095278408724,0.6472126263933872,0.01229633333333334,0.6316408724771472
41.061341606,-4.246515426825488,-0.8528809487153695,-0.7518430237453245,0.6593421476331446,0.01229633333333334,0.6316408724771472
41.110638664,-4.246596355096106,-0.8535802260028551,-0.7414053411737994,0.671057464066202,0.01429033333333335,0.6370549370983799
41.161304808,-4.246656700880679,-0.8543023219192803,-0.7304705791162317,0.6829441653939193,0.01429033333333335,0.6370549370983799
41.210651235,-4.246683283467204,-0.8548176890034587,-0.7196650764456969,0.6943213792937744,0.010468499999999992,0.6366037650466105
41.261336479,-4.246693742764661,-0.8553486952707315,-0.7083593129653845,0.7058520267982578,0.010468499999999992,0.6366037650466105
41.310639457,-4.246688162824644,-0.8558152953492888,-0.6973310943953483,0.716749150532727,0.009471500000000008,0.6293850122183003
41.361290882,-4.246667329101148,-0.8562948995687086,-0.6858107490454529,0.72777992311805,0.009471500000000008,0.6293850122183003
41.410680887,-4.246621919148809,-0.8568997157475844,-0.6743907203126341,0.738374672071169,0.01229633333333334,0.6316408724771472
41.461380562,-4.246555593643307,-0.8575199117920792,-0.662475915496264,0.7490832139271224,0.01229633333333334,0.6316408724771472
41.510706928,-4.246465178972308,-0.8581688517235111,-0.6504992409517898,0.7595069041958377,0.013293333333333324,0.6442736899266902
41.561378094,-4.246350676633887,-0.8588332956669794,-0.638003553171379,0.7700334188466728,0.013293333333333324,0.6442736899266902
41.610783777,-4.24582201248927,-0.8613999474193738,-0.6254906013773989,0.780231701219926,0.053173333333333336,0.6551018191691556
41.66188381,-4.245185672034368,-0.8640456144991387,-0.6123249042336627,0.7906062304682627,0.053173333333333336,0.6551018191691556
41.710709896,-4.243564315142064,-0.8699493238082738,-0.6002173951689338,0.7998369074609023,0.12545583333333335,0.6239709475970676
41.761407843,-4.241688009960034,-0.8760345922400417,-0.5874764811441647,0.8092412397440394,0.12545583333333335,0.6239709475970676
41.810662635,-4.239187064032406,-0.8833248413868701,-0.5748217563143646,0.8182786496467259,0.156529,0.6316408724771472
41.862241512,-4.236324620382748,-0.8908764344927963,-0.5614127433730537,0.8275359397502574,0.156529,0.6316408724771472
41.911064942,-4.2335317929942065,-0.8975958965748936,-0.5486884673591342,0.8360268929807727,0.1490515,0.6266779799076839
41.961657464,-4.230437500963257,-0.9044331488847708,-0.5354308773554199,0.8445790522943398,0.1490515,0.6266779799076839
42.010918686,-4.2272481999402185,-0.910932382954321,-0.522331505462157,0.852742515887203,0.14622666666666664,0.6235197755452981
42.061427025,-4.223791883824321,-0.9174536122876097,-0.5088490028885784,0.8608557906288948,0.14622666666666664,0.6235197755452981
42.110701845,-4.2199412903874105,-0.9242026629938743,-0.4955554456328822,0.868576306552047,0.15769216666666666,0.6239709475970676
42.161561238,-4.2157677452627835,-0.9310151720355376,-0.4817650651971788,0.8763004176397259,0.15769216666666666,0.6239709475970676
42.210648564,-4.211629875722687,-0.937318464208177,-0.4681749252868756,0.8836358069547818,0.1528733333333333,0.6262268078559144
42.261734805,-4.207143355755541,-0.9437058735657478,-0.45398865575656444,0.8910074637422223,0.1528733333333333,0.6262268078559144
42.310888809,-4.202795652157249,-0.9495017354297393,-0.44033275706959973,0.8978346524006995,0.14805449999999998,0.6239709475970675
42.361355202,-4.198105361254293,-0.955365326933701,-0.42607216902873923,0.9046891768884745,0.14805449999999998,0.6239709475970675
42.410651331,-4.19321797919398,-0.9610984477270592,-0.4120624310468625,0.911155613997823,0.1528733333333333,0.6262268078559144
42.461746434,-4.1879661106775705,-0.9668807576020796,-0.39743262538101026,0.9176313575084265,0.1528733333333333,0.6262268078559144
42.510667288,-4.181865609782853,-0.9731901889829573,-0.3834371180798025,0.9235669853771602,0.17945999999999998,0.6217150873382206
42.561343891,-4.1753427754422665,-0.9795312955119094,-0.3688367142418987,0.9294942055909977,0.17945999999999998,0.6217150873382206
42.610663312,-4.166839288678864,-0.9873038440185526,-0.35485808548747777,0.9349201779639597,0.23363033333333333,0.6081799257851389
42.661340523,-4.157859965306202,-0.995023574542064,-0.3404067651320805,0.940278274901804,0.23363033333333333,0.6081799257851389
42.710976635,-4.145625802061993,-1.0049211539637177,-0.3267494828137618,0.9451109858005774,0.31904,0.587426011403747
42.761384253,-4.132756276392335,-1.0147215365582802,-0.31263905530710295,0.9498720024806933,0.31904,0.587426011403747
42.810934905,-4.117067648762456,-1.0259379087065734,-0.2981082414370129,0.9545320719532328,0.39115633333333333,0.6190080550276044
42.861398387,-4.100588200645491,-1.0369653921722322,-0.2830959921828549,0.9590915801997247,0.39115633333333333,0.6190080550276044
42.910693363,-4.081786479259485,-1.0487346890423626,-0.26892359076685446,0.9631615141444665,0.4499793333333334,0.5982541406462124
42.961577361,-4.062099714805449,-1.0602533244512025,-0.25428938924202993,0.9671281748139258,0.4499793333333334,0.5982541406462124
43.010670445,-4.040746987025422,-1.0719569402208333,-0.24185497426055816,0.9703124091886204,0.49384733333333336,0.5206525477418772
43.061389631,-4.018468706549304,-1.083423792216466,-0.22901829068754934,0.9734221193965921,0.49384733333333336,0.5206525477418772
43.110856165,-3.996394640487477,-1.0940956066528513,-0.21750256972627685,0.976059748254412,0.4976691666666666,0.4795958910308625
43.161392882,-3.973403327153195,-1.1045383054853355,-0.20561070079796004,0.9786338639743526,0.4976691666666666,0.4795958910308625
43.210656053,-3.951883724127463,-1.113683701860891,-0.19353679664357257,0.9810930171726555,0.4747381666666667,0.5003498054122544
43.261471962,-3.9294612305234584,-1.12255706024224,-0.18105409138833442,0.9834731394357167,0.4747381666666667,0.5003498054122544
43.310647177,-3.908647713337724,-1.1301374819996017,-0.16643828322634557,0.9860518738264569,0.4501455,0.6032170332156757
43.361067143,-3.8869691902084766,-1.1373007182762453,-0.15133520893228564,0.9884825008756712,0.4501455,0.6032170332156757
43.410725489,-3.869960634759303,-1.1423418168093642,-0.1357981723020426,0.9907365221891362,0.359917,0.63705493709838
43.461326069,-3.8523114842616515,-1.14696684948667,-0.1197837871980347,0.9928000021779291,0.359917,0.63705493709838
43.510753664,-3.8411314624460364,-1.1495235536211632,-0.10455562989152753,0.9945190396659009,0.2326333333333333,0.6217150873382206
43.561377728,-3.829554621534762,-1.1517948163469849,-0.08886516982866749,0.9960436645003682,0.2326333333333333,0.6217150873382206
43.610636676,-3.8205452254486896,-1.1532815383569868,-0.07449354736894344,0.9972214956570035,0.18527583333333333,0.5851701511448999
43.661391697,-3.811232296692339,-1.15453969459281,-0.05968666783738158,0.9982171615848278,0.18527583333333333,0.5851701511448999
43.710660627,-3.8021595650476128,-1.1554868073007096,-0.044277744754097785,0.9990192597340108,0.18510966666666664,0.6262268078559146
43.761347659,-3.7928001022850557,-1.1561685446412282,-0.02841490650397426,0.9995962150230314,0.18510966666666664,0.6262268078559146
43.810627979,-3.786112566201693,-1.156442961361095,-0.012591982333093606,0.9999207178476317,0.13575816666666668,0.6420178296678432
43.861392599,-3.7792261745974165,-1.156504256475087,0.0036916372858060496,0.9999931858838589,0.13575816666666668,0.6420178296678432
43.910655866,-3.7751087368720078,-1.1564120996461005,0.01868561248165251,0.9998254087020321,0.08358183333333334,0.6086310978369083
43.96163588,-3.7708604878638776,-1.1561873166887617,0.0341692588814106,0.9994160603810083,0.08358183333333334,0.6086310978369083
44.010678249,-3.766494044797226,-1.1558227704742858,0.049099309533740344,0.9987939015649374,0.0892315,0.6086310978369083
44.061469263,-3.76198924163834,-1.1553083503927484,0.06453722239155536,0.9979153004769408,0.0892315,0.6086310978369083
44.110676247,-3.75847804666616,-1.154796453492923,0.08010199190125934,0.9967866727105908,0.07211633333333334,0.6343479047877636
44.161490842,-3.7548708146192187,-1.1541531155739992,0.09615437156913084,0.9953664334445609,0.07211633333333334,0.6343479047877636
44.210783159,-3.755606683645827,-1.1543092696235908,0.11255956565402672,0.9936449789435746,-0.01528733333333332,0.6704416689293148
44.261477259,-3.756360358107031,-1.154495802544762,0.1294594702024856,0.9915847142704912,-0.01528733333333332,0.6704416689293148
44.310702896,-3.7581534277405826,-1.155001932131986,0.14477789135497682,0.9894641793287954,-0.03788600000000002,0.6289338401665309
44.361495062,-3.759989073359409,-1.1555829821239807,0.16057194237141276,0.9870241391795196,-0.03788600000000002,0.6289338401665309
44.410658949,-3.76003532798264,-1.1555992507473827,0.17601344357598167,0.9843877628660997,-0.0009969999999999979,0.6370549370983799
44.461477447,-3.760082566719851,-1.15561757608251,0.19192488970585225,0.9814096171891716,-0.0009969999999999979,0.6370549370983799
44.510650837,-3.7601201728214817,-1.155633565973271,0.20739555834692536,0.9782571657687804,-0.0008308333333333362,0.6420178296678432
44.56171426,-3.7601585895077476,-1.1556513796337715,0.22337249412820567,0.9747331577754728,-0.0008308333333333362,0.6420178296678432
44.610702076,-3.7613232679785775,-1.1562370976985565,0.23837547284032928,0.97117307105796,-0.02658666666666666,0.6289338401665309
44.661362165,-3.7625081225661066,-1.156880287597323,0.25383102563273263,0.967248577371006,-0.02658666666666666,0.6289338401665309
44.710785118,-3.7633148916527843,-1.1573514090492718,0.2685654548679842,0.9632614372285193,-0.018943,0.6190080550276043
44.761553832,-3.764131304299178,-1.157862742814389,0.28369277131725584,0.958915226442012,-0.018943,0.6190080550276043
44.810805578,-3.7643623201509095,-1.1580178059320323,0.2988690689948367,0.9542941263563135,-0.00564966666666665,0.6442736899266902
44.861651368,-3.7645950407095103,-1.1581851298034522,0.31442469866212436,0.9492824178669024,-0.00564966666666665,0.6442736899266902
44.910746337,-3.765262168861651,-1.1586978669584,0.3291772538432709,0.944268148119062,-0.017115166666666654,0.6338967327359942
44.961536519,-3.765934556410394,-1.1592493948656202,0.3443410077898365,0.9388446465492999,-0.017115166666666654,0.6338967327359942
45.010810629,-3.7667790983235365,-1.1599877993847356,0.3587338176345734,0.9334399006284897,-0.022764833333333317,0.6239709475970676
45.061516245,-3.7676243011576784,-1.1607746315138696,0.3734605858109347,0.9276460482564206,-0.022764833333333317,0.6239709475970676
45.110747768,-3.7680891244899515,-1.1612353428188396,0.3877769389857633,0.9217532455005687,-0.013293333333333338,0.6289338401665309
45.161557017,-3.7685532200642116,-1.1617252033353884,0.4024407984679855,0.9154460135521102,-0.013293333333333338,0.6289338401665309
45.210809433,-3.768927944473928,-1.162146826561163,0.41690814375187457,0.9089486232309097,-0.011465500000000017,0.6447248619784596
45.261617242,-3.7693008989635994,-1.162594746847727,0.4317470349759843,0.9019947326838701,-0.011465500000000017,0.6447248619784596
45.311529084,-3.7697695161834837,-1.163195912328023,0.4459570195451868,0.8950543764031177,-0.015287333333333347,0.6343479047877636
45.361569259,-3.7702207624254265,-1.163814252279709,0.46011534671189613,0.8878591485816834,-0.015287333333333347,0.6343479047877636
45.410713434,-3.77056207560841,-1.1643142227701457,0.47386381412607115,0.8805981408462615,-0.01229633333333334,0.6316408724771472
45.46246818,-3.7709039485879425,-1.164851007382803,0.48819375047924307,0.8727352760104352,-0.01229633333333334,0.6316408724771472
45.511353449,-3.771210527251804,-1.1653679257505334,0.5016066202162057,0.8650958320066484,-0.01229633333333334,0.6316408724771472
45.561514343,-3.7715084144288573,-1.1659080006961573,0.5152474824314228,0.8570414411497734,-0.01229633333333334,0.6316408724771472
45.610731979,-3.7715493806712863,-1.1659881592191623,0.5286754040822794,0.8488240790166349,-0.001827833333333334,0.6393107973572268
45.661778635,-3.771589000070792,-1.1660722141899824,0.5423990678217718,0.8401209741615031,-0.001827833333333334,0.6393107973572268
45.710773423,-3.771164181694593,-1.1650916650672756,0.5552574111866286,0.831678548071503,0.021767833333333333,0.6266779799076839
45.761815855,-3.7707553886323217,-1.1640606644134857,0.5684637119246043,0.8227083372768873,0.021767833333333333,0.6266779799076839
45.810954111,-3.770169604031695,-1.1624349026064624,0.58130011379105,0.813689239025878,0.035061166666666685,0.6366037650466105
45.862443104,-3.769613763277032,-1.1607220904532027,0.5945240532623055,0.8040778258928418,0.035061166666666685,0.6366037650466105
45.911552596,-3.769236612632921,-1.1594192800468182,0.6070442140688911,0.7946680578489879,0.027583666666666645,0.6370549370983799
45.961760523,-3.768894329878834,-1.1580796780943179,0.61965419448634,0.7848749449788069,0.027583666666666645,0.6370549370983799
46.010665243,-3.7686713858329437,-1.157076197444082,0.6318009204354333,0.7751306966808497,0.020936999999999997,0.6343479047877636
46.061376776,-3.7684740098643945,-1.1560328208523711,0.6441877059076752,0.7648674392059102,0.020936999999999997,0.6343479047877636
46.110903807,-3.7682561048283345,-1.1546403967086967,0.656071335735455,0.754698881956437,0.028580666666666657,0.6343479047877636
46.161938397,-3.7680765636721905,-1.1531929230829694,0.6682007444739985,0.7439810246803303,0.028580666666666657,0.6343479047877636
46.210719422,-3.7679359363100327,-1.1516600898982066,0.6798230105011217,0.7333762161354783,0.03140549999999999,0.6420178296678432
46.261542331,-3.767841223092368,-1.150069173351095,0.6916791439189115,0.7222049306586058,0.03140549999999999,0.6420178296678432
46.310772892,-3.767809060750934,-1.148900400404586,0.7029051913701982,0.7112835524211318,0.02376183333333333,0.6366037650466105
46.361496551,-3.7678142763737155,-1.1476933151014086,0.7143140255055876,0.699825316036797,0.02376183333333333,0.6366037650466105
46.410754884,-3.767854690905559,-1.1465738644319625,0.7251411529926949,0.6886002528582349,0.02276483333333333,0.6338967327359941
46.461434933,-3.7679329851508285,-1.1454204716376,0.7361299896297321,0.6768401867263281,0.02276483333333333,0.6338967327359941
46.51073518,-3.7680580462883904,-1.1441667486240499,0.7465653576880322,0.6653120821840983,0.02558966666666665,0.6316408724771472
46.561517679,-3.768227703183437,-1.1428790946158907,0.7571334193853644,0.6532602737422702,0.02558966666666665,0.6316408724771472
46.610744624,-3.7684396196168177,-1.1415876563980631,0.7672398613483726,0.6413602693947684,0.026586666666666647,0.6343479047877636
46.661500503,-3.7687005188312526,-1.140262327823406,0.7774749141754339,0.6289139510520511,0.026586666666666647,0.6343479047877636
46.710751924,-3.7689740182289064,-1.1390740669158161,0.7872788337086686,0.6165971440043478,0.024758833333333327,0.6393107973572267
46.761459362,-3.7692948306579397,-1.1378592661213287,0.7971770680366517,0.6037455773721971,0.024758833333333327,0.6393107973572267
46.810726493,-3.7697366997920825,-1.1363789206216415,0.8065322702430365,0.5911900684691966,0.03140549999999999,0.6366037650466105
46.861602099,-3.770241526562948,-1.134865203141147,0.8159874416785823,0.5780696281788572,0.03140549999999999,0.6366037650466105
46.910680457,-3.7708869406292425,-1.1331170554253451,0.8249060864700031,0.5652698015149437,0.03788600000000002,0.6343479047877636
46.961484937,-3.771609645771477,-1.1313354764402435,0.8338971324597021,0.5519198967925383,0.03788600000000002,0.6343479047877636
47.010793118,-3.772575767981496,-1.1291554706445714,0.8424571825962687,0.5387633019164885,0.04835450000000001,0.6366037650466105
47.061509735,-3.773640605100657,-1.1269454933494196,0.8510470204975986,0.5250894865660137,0.04835450000000001,0.6366037650466105
47.110993602,-3.7750026741228417,-1.124335224604187,0.8592310246311948,0.5115877698999723,0.05982000000000001,0.6415666576160738
47.161571615,-3.776496619802776,-1.1216834496600663,0.8674660814608108,0.4974963291472871,0.05982000000000001,0.6415666576160738
47.210741351,-3.778138509274634,-1.1189749050671172,0.8751123222331707,0.4839198523264645,0.06447266666666668,0.6343479047877636
47.26149326,-3.7799244122669164,-1.1162290348394628,0.8827963122889255,0.46975596963644206,0.06447266666666668,0.6343479047877636
47.310739848,-3.781687464981209,-1.1136971546914527,0.8899705419736553,0.45601801984035467,0.06264483333333334,0.6293850122183002
47.361496076,-3.7835841853041288,-1.1111482003974087,0.8971351841580439,0.44175611070557086,0.06264483333333334,0.6293850122183002
47.410741192,-3.78561865177926,-1.108587070348954,0.9039206619470251,0.42770017173862795,0.06646666666666667,0.6343479047877636
47.461598046,-3.78780463404542,-1.1060077176862169,0.9107033033364528,0.4130611253701718,0.06646666666666667,0.6343479047877636
47.51076359,-3.79018649725325,-1.1033721705631339,0.917079726927398,0.39870386812616826,0.0722825,0.6393107973572268
47.561468114,-3.7927347098991473,-1.1007275314832337,0.9234338725926449,0.38375758357138817,0.0722825,0.6393107973572268
47.610681619,-3.7952768000732844,-1.0982520765260582,0.9293099283566209,0.36930076774603676,0.07211633333333334,0.6343479047877636
47.661494447,-3.797978082542133,-1.0957834883626982,0.9351329003253112,0.3542971333911294,0.07211633333333334,0.6343479047877636
47.710805058,-3.8003946518297593,-1.093710751544631,0.940466591033459,0.33988614439236053,0.06463883333333333,0.6239709475970676
47.761453526,-3.8029482217074664,-1.0916551816633047,0.9457263866144963,0.3249640005617366,0.06463883333333333,0.6239709475970676
47.811001863,-3.8056051462238245,-1.0896505678769692,0.9506746549541147,0.3101897813079517,0.06746366666666666,0.6316408724771473
47.861563431,-3.8084049047432185,-1.087673938620017,0.9555287428446737,0.2948979850688665,0.06746366666666666,0.6316408724771473
47.910754603,-3.8112883182911004,-1.0857724713588535,0.9600428345431066,0.27985309689627746,0.07028849999999999,0.639310797357227
47.96183872,-3.8143349356596543,-1.0839002963331439,0.9644667314657677,0.2642043222502972,0.07028849999999999,0.639310797357227
48.010823201,-3.8172122820006713,-1.082255728937115,0.968449558938777,0.24920965428989333,0.06746366666666666,0.6316408724771473
48.06153345,-3.820235770331129,-1.0806519337337182,0.9723179209564511,0.23366185094474543,0.06746366666666666,0.6316408724771473
48.110768101,-3.8230941676249315,-1.079248837973531,0.9757940601813473,0.21869145414213398,0.06463883333333333,0.6239709475970676
48.161542405,-3.826086607930169,-1.0778941774624813,0.9791384844380423,0.20319406559339678,0.06463883333333333,0.6239709475970676
48.210810556,-3.8291051854086793,-1.0766405109246917,0.982188541939575,0.18789802575496,0.06646666666666667,0.6343479047877636
48.261560479,-3.832265655906784,-1.0754439786590904,0.9850907809694107,0.17203532558482418,0.06646666666666667,0.6343479047877636
48.310755168,-3.8355347955053785,-1.0743239422748365,0.9876726666538211,0.15653339434424157,0.07028849999999999,0.639310797357227
48.361743137,-3.838964844617611,-1.073270261291765,0.9900954370961275,0.14039595949110584,0.07028849999999999,0.639310797357227
48.410950624,-3.8422487703310155,-1.0723746683758661,0.9921496998367392,0.12505587996519132,0.06945766666666667,0.6316408724771472
48.461590451,-3.845678686929844,-1.071554433606979,0.9940273800767743,0.10913096562252204,0.06945766666666667,0.6316408724771472
48.510855147,-3.849017774144498,-1.070866155247348,0.9955916491574466,0.09379375313929912,0.0692915,0.6266779799076839
48.561613772,-3.8524886697510157,-1.0702634422707278,0.9969594321058929,0.077922337844135,0.0692915,0.6266779799076839
48.61073756,-3.855996889712451,-1.069767554519337,0.9980525931924432,0.06237805080185973,0.07211633333333334,0.6343479047877636
48.661437058,-3.859638551166718,-1.069370044856802,0.998928018160405,0.04629054475943817,0.07211633333333334,0.6343479047877636
48.710789517,-3.863274358695968,-1.0690903974173667,0.9995362342598098,0.030451870249930724,0.07411033333333333,0.6442736899266902
48.761675932,-3.8670361227031114,-1.0689227165061093,0.9999007515616594,0.014088542381270138,0.07411033333333333,0.6442736899266902
48.810800296,-3.87049374629237,-1.0688791983022516,-0.999998869724571,0.001503512414456979,0.0702885,0.6338967327359942
48.861497554,-3.8740632891132396,-1.0689474060104653,-0.9998450815892519,0.017601500554843528,0.0702885,0.6338967327359942
48.911668136,-3.877464341846758,-1.069120197577316,-0.9994502819839467,0.03315318751205434,0.06829450000000001,0.6239709475970676
48.961759593,-3.8808789333354428,-1.0694007193229393,-0.9988090050701695,0.04879109950327258,0.06829450000000001,0.6239709475970676
49.01121354,-3.8844831702785676,-1.0698108002265618,-0.9979218983301527,0.06443512111530915,0.07311333333333334,0.6316408724771472
49.06149668,-3.888125451642532,-1.0703421404170306,-0.9967713048589103,0.0802929997563002,0.07311333333333334,0.6316408724771472
49.111221211,-3.891691246689481,-1.0709786774846959,-0.9953694579079615,0.09612305792062054,0.07311333333333331,0.6415666576160738
49.161498304,-3.895297858002291,-1.0717425684547561,-0.993684530973585,0.11220986099183276,0.07311333333333331,0.6415666576160738
49.210789905,-3.898664831444031,-1.0725680013883088,-0.9918233231383999,0.12761855538557523,0.0702885,0.6293850122183002
49.261878177,-3.902120146050561,-1.0735317150276842,-0.9896458934936815,0.14353050369553103,0.0702885,0.6293850122183002
49.311534079,-3.9055054390007355,-1.0745919577480771,-0.9873090147799523,0.15881092322079082,0.07128550000000002,0.6212639152864512
49.361528043,-3.908868087478082,-1.0757606256529693,-0.9847267317025207,0.17410704715913095,0.07128550000000002,0.6212639152864512
49.410787297,-3.9123561450899498,-1.0770958336351213,-0.9818931266371896,0.189435709048331,0.07593816666666665,0.6338967327359941
49.461488521,-3.915916115656975,-1.078589599094405,-0.9787133134669376,0.20523218568871684,0.07593816666666665,0.6338967327359941
49.510750079,-3.919268173659033,-1.0801236485589683,-0.9753506827496338,0.22066047598023358,0.07494116666666667,0.6420178296678432
49.561562199,-3.922674366319857,-1.0818166608919817,-0.9716261073055016,0.2365221080625612,0.07494116666666667,0.6420178296678432
49.610794257,-3.9257653756229316,-1.0834772708555236,-0.9678627420331666,0.2514790499903322,0.0712855,0.6266779799076839
49.661505271,-3.9288985859005634,-1.08528926854759,-0.9637395377814026,0.2668447176109889,0.0712855,0.6266779799076839
49.711002987,-3.931240714716557,-1.086742310995177,-0.9596159044028215,0.28131355462749214,0.055998166666666654,0.6113381301475246
49.761551816,-3.933613619351331,-1.0883169495925031,-0.9551271009532276,0.29619625423810314,0.055998166666666654,0.6113381301475246
49.811092054,-3.9329653943167724,-1.0878613539835917,-0.9517464818859122,0.30688537635050167,-0.016118166666666656,0.45613494433885415
49.861595642,-3.932306448687028,-1.087375412522503,-0.9481274103097548,0.3178905689373592,-0.016118166666666656,0.45613494433885415
49.910812566,-3.931228860234176,-1.0865506184379066,-0.9461119025965544,0.3238398798250887,-0.027583666666666666,0.2553633813014752
49.961582932,-3.9301290211384616,-1.0856863235712824,-0.9439952523501127,0.3299590331244881,-0.027583666666666666,0.2553633813014752
50.010663906,-3.9304546998558756,-1.0859474079215372,-0.9429234418807829,0.33300958357335264,0.0084745,0.13129106706489274
50.061465113,-3.9307886456490904,-1.0862187408668298,-0.9418082662094652,0.3361505461835829,0.0084745,0.13129106706489274
50.110660886,-3.931117481107492,-1.0864884783520998,-0.9413595225278781,0.3374051708941126,0.008640666666666665,0.05414064621232691
50.161457806,-3.931456183566815,-1.0867678473095912,-0.9408945300180664,0.3386996949837451,0.008640666666666665,0.05414064621232691
50.210641645,-3.931242021949755,-1.086590754741389,-0.9409396209907283,0.3385744078482965,-0.005649666666666666,-0.00541406462123269
50.261487517,-3.9310207065107026,-1.0864078474625278,-0.940986190225652,0.3384449583087524,-0.005649666666666666,-0.00541406462123269
50.310873791,-3.9322811342403936,-1.0874485839016519,-0.941091289465949,0.33815260592122814,0.03323333333333333,-0.012632817449542942
50.361377281,-3.933581279718086,-1.088520736404897,-0.9411995489989164,0.3378511639231635,0.03323333333333333,-0.012632817449542942
50.410689037,-3.9376230004971067,-1.0918592332961703,-0.9408157390577534,0.33891849335970614,0.10634666666666667,0.04601954928047786
50.461472487,-3.94178116858853,-1.0953100602037633,-0.9404188504759697,0.34001821373193486,0.10634666666666667,0.04601954928047786
50.510627242,-3.94880742019168,-1.1011776953694756,-0.9397682108808276,0.341812389795701,0.18610666666666664,0.07760159290433528
50.561427841,-3.9560382285417894,-1.1072639199520151,-0.9390928564784665,0.3436635082622451,0.18610666666666664,0.07760159290433528
50.610693652,-3.965351489732032,-1.1151474909956964,-0.9388101856749694,0.34443495071338137,0.24792066666666665,0.03338673183093491
50.66158371,-3.9749339715039675,-1.1232864319787867,-0.9385182690920182,0.345229573733946,0.24792066666666665,0.03338673183093491
50.710687368,-3.9866106866857143,-1.133246692822034,-0.9380799374230255,0.346418866409456,0.3113963333333334,0.0514336139017106
50.761373904,-3.998602495728924,-1.1435291326320671,-0.9376272123273229,0.3476423603407577,0.3113963333333334,0.0514336139017106
50.810690812,-4.013318953053354,-1.1562056766167332,-0.9372944227370331,0.348538613507961,0.3941473333333333,0.03880079645216759
50.861320555,-4.02842532340662,-1.1692691980150605,-0.9369513503984092,0.3494598217057257,0.3941473333333333,0.03880079645216759
50.91071246,-4.045584744425663,-1.1841510145683807,-0.9367957609980884,0.34987669567436536,0.46061399999999997,0.018046882070775698
50.961306529,-4.063208357955225,-1.1994632952758868,-0.9366356441171191,0.35030511011018595,0.46061399999999997,0.018046882070775698
51.010644552,-4.083017334755811,-1.216723550318236,-0.9363000398322999,0.35120113241564804,0.5327303333333333,0.03880079645216751
51.061298098,-4.10333476003784,-1.23449628746458,-0.9359543452207005,0.35212137632141804,0.5327303333333333,0.03880079645216751
51.110655766,-4.1256462777693725,-1.2541026654095626,-0.9355028895256311,0.3533190395226316,0.6020218333333334,0.05188478595347998
51.161311552,-4.14850474201814,-1.2742950084906395,-0.9350377135859095,0.3545482677605895,0.6020218333333334,0.05188478595347998
51.210665412,-4.173165009957973,-1.2961872588719072,-0.9346307259723303,0.3556197492665934,0.6684885,0.0464707213322473
51.261296401,-4.198441414968086,-1.318731715752242,-0.9342114282214647,0.3567197883218858,0.6684885,0.0464707213322473
51.31065778,-4.224120984257745,-1.341663375089108,-0.9344176975629707,0.35617912134362484,0.6979,-0.023460946692008378
51.361304863,-4.250528312941719,-1.3651892929652674,-0.9346292649274404,0.3556235891236583,0.6979,-0.023460946692008378
51.410658276,-4.275633704133799,-1.387491065450912,-0.9349257239497358,0.3548434735162286,0.6807848333333333,-0.03383790388270428
51.461360743,-4.301477798650517,-1.4103709128784323,-0.9352297697005917,0.35404135050270347,0.6807848333333333,-0.03383790388270428
51.510641813,-4.326178615784878,-1.4321895958548323,-0.9353203023600201,0.35380210851994753,0.6684885,-0.010376957190696055
51.561284417,-4.351577365834559,-1.4546013326475877,-0.9354132866658577,0.3535561951500468,0.6684885,-0.010376957190696055
51.610653763,-4.376840954398189,-1.4768620093829183,-0.935570564004471,0.3531398020166462,0.6826126666666668,-0.018046882070775545
51.661330826,-4.4028292889144875,-1.499719649538344,-0.9357320315331038,0.3527117309686913,0.6826126666666668,-0.018046882070775545
51.710691245,-4.428240686624099,-1.522009205553825,-0.9360454872410164,0.3518790215624229,0.6856036666666667,-0.03609376414155124
51.761309564,-4.4543941842800825,-1.5448663414645145,-0.9363668157900062,0.35102305663201744,0.6856036666666667,-0.03609376414155124
51.810699867,-4.479435652014481,-1.5666803551970967,-0.9366127104561517,0.35036642335129814,0.6731411666666667,-0.028423839261471604
51.861332264,-4.505190511888625,-1.5890515073461353,-0.9368648183343818,0.34969173877471815,0.6731411666666667,-0.028423839261471604
51.910685452,-4.530598709768884,-1.6110721245638064,-0.9370009082114112,0.34932692139454485,0.6817818333333334,-0.015791021811928586
51.961329272,-4.556730617103191,-1.63368385579016,-0.937140630673318,0.348951914081605,0.6817818333333334,-0.015791021811928586
52.010675516,-4.58221953726284,-1.655690181671269,-0.9373849899423895,0.3482949621092821,0.6827788333333333,-0.028423839261471604
52.061325668,-4.6084476208816145,-1.6782696926118184,-0.937635647691275,0.34761960844947054,0.6827788333333333,-0.028423839261471604
52.110639468,-4.633813750176485,-1.7000361414111387,-0.9379445705094633,0.34678521112039706,0.67796,-0.036093764141551396
52.161308434,-4.659937270375617,-1.7223707703864723,-0.9382614515573398,0.3459269410171948,0.67796,-0.036093764141551396
52.210638135,-4.6852746067422375,-1.743962480007191,-0.9385036320135681,0.3452693625234378,0.6751351666666667,-0.028423839261471753
52.26137122,-4.711383470162577,-1.7661476519869581,-0.9387524038804557,0.3445924030048629,0.6751351666666667,-0.028423839261471753
52.310656576,-4.737038398297825,-1.787890272941041,-0.9389475176878385,0.34406040026112594,0.6827788333333333,-0.023009774640239074
52.36130868,-4.763467044678955,-1.8102364577788483,-0.9391480055130998,0.3435127708554175,0.6827788333333333,-0.023009774640239074
52.410621712,-4.7892409558196345,-1.8319752984026885,-0.9393656237566619,0.3429172274824605,0.6837758333333332,-0.025716806950855337
52.461262745,-4.81574901719221,-1.8542751000271673,-0.939588805169966,0.34230523980692396,0.6837758333333332,-0.025716806950855337
52.51065487,-4.841378797056744,-1.8757793419861857,-0.9398096266740038,0.3416985010369077,0.67796,-0.02616797900262464
52.561287297,-4.867717284445434,-1.8978195530829252,-0.9400358980777355,0.3410755199734882,0.67796,-0.02616797900262464
52.610631268,-4.893566162557985,-1.9194014079868122,-0.9401876300535226,0.34065704204425407,0.6826126666666668,-0.018046882070775545
52.661313512,-4.920151527611095,-1.9415574803591957,-0.9403433736157927,0.3402268944349783,0.6826126666666668,-0.018046882070775545
52.710633935,-4.945863744986798,-1.9629330343403855,-0.9406005070406486,0.33951536954146094,0.67796,-0.030679699520318564
52.761272025,-4.972307157031513,-1.984847962493304,-0.9408640558143143,0.3387843391844417,0.67796,-0.030679699520318564
52.810638649,-4.998196193971143,-2.006238980741936,-0.9411013366486201,0.33812464293242617,0.6807848333333334,-0.028423839261471604
52.861337851,-5.024831911424904,-2.028183311893521,-0.941344692979095,0.3374465424331587,0.6807848333333334,-0.028423839261471604
52.910635397,-5.050732396265189,-2.049457291761513,-0.9416033940647983,0.33672399422323945,0.6797878333333334,-0.031130871572088017
52.961340997,-5.077410343487918,-2.0713003884387726,-0.9418689419296408,0.33598049977392874,0.6797878333333334,-0.031130871572088017
53.010672169,-5.103516177745537,-2.0926130657465962,-0.9420816783104548,0.33538352880211164,0.6837758333333332,-0.025716806950855337
53.061326959,-5.130390145634204,-2.1144953343974664,-0.9423000501999557,0.33476949591197985,0.6837758333333332,-0.025716806950855337
53.110866004,-5.156586412665139,-2.1357755449427933,-0.9424681616275229,0.33429592327522845,0.6817818333333333,-0.02030274232962266
53.161365296,-5.183339135045098,-2.157462735943807,-0.9426394573108852,0.33381260239937005,0.6817818333333333,-0.02030274232962266
53.210633852,-5.2093236565705405,-2.1784726006131394,-0.9428915768844036,0.3330997962179544,0.67796,-0.030679699520318564
53.261319037,-5.236096346545275,-2.2000519009745183,-0.9431504595568196,0.33236607925262157,0.67796,-0.030679699520318564
53.310639746,-5.262212516415438,-2.221035546416813,-0.9434051421035837,0.3316424849932787,0.6797878333333334,-0.031130871572088017
53.36133517,-5.289112498432443,-2.2425801613737533,-0.9436665617277382,0.33089790007938835,0.6797878333333334,-0.031130871572088017
53.410650183,-5.3152734634429075,-2.2634637451746182,-0.9439385783678191,0.33012112969172475,0.678957,-0.033386731830934976
53.461362245,-5.342221906564185,-2.2849023807216873,-0.944217743250382,0.32932180816210094,0.678957,-0.033386731830934976
53.510659309,-5.36850821784513,-2.305753651400747,-0.944404321038971,0.3287863719847893,0.6807848333333333,-0.023009774640238925
53.561278999,-5.395546305126689,-2.3271506586042947,-0.9445957437810604,0.32823601391484364,0.6807848333333333,-0.023009774640238925
53.610767588,-5.421958126713729,-2.3480026511343373,-0.9447822533770945,0.32769878502017613,0.6807848333333333,-0.023009774640238925
53.661279038,-5.44901769830307,-2.3693155354866966,-0.9449728473553928,0.32714877007416904,0.6807848333333333,-0.023009774640238925
53.710666169,-5.475496513367721,-2.39012172322606,-0.9451583298226579,0.32661250981376044,0.6827788333333333,-0.023009774640239074
53.761281956,-5.502726417332626,-2.4114674699312535,-0.9453485845152173,0.326061426352574,0.6827788333333333,-0.023009774640239074
53.810592459,-5.5291384837923685,-2.432120252117107,-0.9455551809252571,0.3254618254502425,0.6797878333333334,-0.025716806950855188
53.861388572,-5.556354584242921,-2.4533453555742293,-0.9457674554250352,0.32484445548424273,0.6797878333333334,-0.025716806950855188
53.910603888,-5.582668359198256,-2.47380958551886,-0.9459944994652324,0.32418267532600265,0.6771291666666667,-0.028423839261471604
53.961273779,-5.609783621136561,-2.4948354173536362,-0.9462277175548667,0.3235013238472255,0.6771291666666667,-0.028423839261471604
54.010573882,-5.63631273661261,-2.5153492577856444,-0.9464327336220901,0.32290103859947217,0.6797878333333334,-0.025716806950855188
54.061282549,-5.663590050076906,-2.536385654841965,-0.9466429260268072,0.3222843008950403,0.6797878333333334,-0.025716806950855188
54.110621333,-5.690248876236969,-2.5568847951339557,-0.9468900862525198,0.32155740476110284,0.6817818333333334,-0.031130871572087868
54.161268698,-5.717668933730846,-2.5779014455694083,-0.9471434191892183,0.3208104479074158,0.6817818333333334,-0.031130871572087868
54.210627543,-5.744385004163296,-2.5983238781626516,-0.9473039299656902,0.3203361738417293,0.6817818333333333,-0.02030274232962266
54.26155989,-5.771885226571978,-2.6193015167835982,-0.9474687760906185,0.3198482739258496,0.6817818333333333,-0.02030274232962266
54.310603901,-5.798504077313631,-2.639560846599289,-0.9476534736203084,0.31930063253204405,0.678957,-0.023460946692008225
54.361305689,-5.825916750660659,-2.6603736278781387,-0.9478431793026026,0.31873705063819346,0.678957,-0.023460946692008225
54.41058413,-5.852717778299131,-2.680664533138693,-0.9480875194216069,0.318009521110586,0.6817818333333334,-0.031130871572087868
54.461278944,-5.880305924021306,-2.7014838844304547,-0.9483381575740558,0.3172613101042189,0.6817818333333334,-0.031130871572087868
54.510583429,-5.907094028405419,-2.721634116581561,-0.948581388613911,0.31653333027550906,0.6797878333333334,-0.031130871572088017
54.561324764,-5.934675068653974,-2.742313643694955,-0.9488309438784109,0.31578448337244786,0.6797878333333334,-0.031130871572088017
54.610496564,-5.961473824660484,-2.7623443340546503,-0.9490519189339909,0.31511974734648046,0.6787908333333333,-0.028423839261471604
54.661400531,-5.989189822154121,-2.782999154137968,-0.949279725409636,0.3144328273673186,0.6787908333333333,-0.028423839261471604
54.710817608,-6.0160472554263125,-2.8029631459326154,-0.9494362802989995,0.31395978986488,0.6817818333333333,-0.02030274232962266
54.761730246,-6.043962394411976,-2.8236693744216255,-0.9495986284387945,0.3134684112748209,0.6817818333333333,-0.02030274232962266
54.810756435,-6.0708661588172435,-2.8435748189141234,-0.9498167630527323,0.3128068359611564,0.6827788333333333,-0.028423839261471604
54.861389178,-6.098723252912507,-2.8641245846015644,-0.9500419059422304,0.31212237496477946,0.6827788333333333,-0.028423839261471604
54.910763989,-6.125790632086561,-2.884040805352555,-0.9501979609717577,0.311646971692513,0.6817818333333333,-0.02030274232962266
54.961449972,-6.153662358461169,-2.9045052836771754,-0.9503582852208143,0.31115772481517034,0.6817818333333333,-0.02030274232962266
55.010740889,-6.18055344974446,-2.9241967267613975,-0.9505967560943644,0.3104284254105467,0.6761321666666666,-0.031130871572088017
55.061379901,-6.208230752901633,-2.944397797656454,-0.9508413366030715,0.3096784664888481,0.6761321666666666,-0.031130871572088017
55.110741112,-6.235267247643635,-2.9640717884481766,-0.9510409753844451,0.30906482028824184,0.67796,-0.02616797900262464
55.161396217,-6.263076119266784,-2.9842522250924417,-0.9512457097159882,0.30843410924689557,0.67796,-0.02616797900262464
55.210654498,-6.290275423756496,-3.003933728686653,-0.951461647734436,0.30776733564573094,0.6807848333333334,-0.028423839261471604
55.261632341,-6.31826208159013,-3.024124421584954,-0.9516831214700389,0.3070818071932027,0.6807848333333334,-0.028423839261471604
55.310715768,-6.345590328108859,-3.0437866534296547,-0.9518571710725201,0.3065418827465818,0.6827788333333333,-0.023009774640239074
55.361416307,-6.37371746241988,-3.063974593707124,-0.9520358411258645,0.30598653109535345,0.6827788333333333,-0.023009774640239074
55.410706903,-6.401082818616922,-3.083568112655788,-0.9522092182922786,0.30544656586579555,0.6827788333333333,-0.023009774640239074
55.461546718,-6.429311106709878,-3.103730354545482,-0.9523875949667505,0.3048899292424216,0.6827788333333333,-0.023009774640239074
55.510554028,-6.456516597637488,-3.1231093581520977,-0.952600583340364,0.304223813367064,0.6787908333333333,-0.028423839261471604
55.561576536,-6.484801337321539,-3.1431964074079497,-0.9528213033624563,0.30353181688032305,0.6787908333333333,-0.028423839261471604
55.610759148,-6.511924636142233,-3.162403398417106,-0.953011931967519,0.3029327607366642,0.6797878333333334,-0.025716806950855188
55.661493794,-6.540148346581118,-3.182335343688497,-0.9532097154045145,0.3023098385075228,0.6797878333333334,-0.025716806950855188
55.710697844,-6.567434087047706,-3.2015496348145427,-0.9534207115812564,0.3016437414034819,0.6787908333333333,-0.028423839261471604
55.761503871,-6.595687498881118,-3.221385331078674,-0.9536384825646173,0.3009545556589139,0.6787908333333333,-0.028423839261471604
55.810661495,-6.623137900334294,-3.24060179774103,-0.9538284845357085,0.3003518305060148,0.6817818333333334,-0.025716806950855337
55.861474402,-6.651535874806991,-3.2604272743170495,-0.9540244684063587,0.2997287334940791,0.6817818333333334,-0.025716806950855337
55.910654198,-6.6790606697783454,-3.279590567459948,-0.9542138680343992,0.2991252146690915,0.6817818333333334,-0.025716806950855337
55.961436325,-6.707506035198414,-3.2993405305309276,-0.9544090266605468,0.2985019427556002,0.6817818333333334,-0.025716806950855337
56.010643445,-6.735086368911421,-3.3184428136790642,-0.9545580197449977,0.29802514481249515,0.6817818333333333,-0.02030274232962266
56.061461597,-6.7635905106018415,-3.338142132306908,-0.954711645204675,0.29753264444524874,0.6817818333333333,-0.02030274232962266
56.110672139,-6.7911653105224445,-3.357155128497807,-0.9548799058503605,0.2969921975460074,0.6807848333333333,-0.023009774640238925
56.161476725,-6.819675673605987,-3.3767648312106555,-0.9550534161568027,0.29643375699677144,0.6807848333333333,-0.023009774640238925
56.210688579,-6.847184285124359,-3.395631288891334,-0.955276875695219,0.29571285187150903,0.67796,-0.030679699520318564
56.261439316,-6.87558872633572,-3.4150481716805974,-0.9555068000507582,0.29496907474642214,0.67796,-0.030679699520318564
56.310656002,-6.903162003933255,-3.433844766735716,-0.9556573383942764,0.2944809867770203,0.6779600000000001,-0.02075391438139196
56.361426544,-6.931628554824325,-3.453207065040941,-0.9558123825562219,0.2939773619723097,0.6779600000000001,-0.02075391438139196
56.410666138,-6.959315982046808,-3.4719974307756774,-0.9559623817697397,0.2934892240630422,0.679954,-0.02075391438139196
56.461428202,-6.987899666390798,-3.491352767470264,-0.9561168664130223,0.2929855589624561,0.679954,-0.02075391438139196
56.510654902,-7.015752269454974,-3.5101686780960595,-0.9562826528174917,0.29244399108263563,0.6827788333333333,-0.023009774640239074
56.561642277,-7.044611146915597,-3.529615968624407,-0.9564539720909487,0.2918831945683866,0.6827788333333333,-0.023009774640239074
56.610696266,-7.072286085983526,-3.548216492794042,-0.9566378810954406,0.29127987306579506,0.6797878333333334,-0.025716806950855188
56.661318574,-7.100884795538828,-3.5673847120230286,-0.9568273660883838,0.2906568277270738,0.6797878333333334,-0.025716806950855188
56.710645419,-7.128764929290637,-3.5860243516503956,-0.9569760043678748,0.2901670675043902,0.679954,-0.02075391438139196
56.761281741,-7.157432717267826,-3.6051475711278997,-0.9571284748740235,0.28966374054293653,0.679954,-0.02075391438139196
56.810621513,-7.185270036701467,-3.6236652762204935,-0.9573473287664777,0.288939599403906,0.67796,-0.030679699520318564
56.861278536,-7.21390678006411,-3.6426514679291495,-0.9575716675939395,0.28819524878346253,0.67796,-0.030679699520318564
56.910632578,-7.2418423090603765,-3.6611133538835094,-0.9577734790225668,0.28752384749966187,0.6787908333333333,-0.028423839261471604
56.96133097,-7.270555070212982,-3.680030327821709,-0.957980221030078,0.2868342659362076,0.6787908333333333,-0.028423839261471604
57.010633083,-7.29869899863239,-3.698525547832269,-0.9581078184431233,0.2864077656736268,0.6826126666666668,-0.018046882070775545
57.061242846,-7.327621822388452,-3.717495281264282,-0.9582386718454409,0.2859696623418042,0.6826126666666668,-0.018046882070775545
57.110617171,-7.355758547090083,-3.7359109096457703,-0.9583817356264043,0.2854898401304692,0.6817818333333333,-0.02030274232962266
57.161249267,-7.384677207983573,-3.7547964221078836,-0.9585284275748551,0.2849969360026097,0.6817818333333333,-0.02030274232962266
57.210832042,-7.4129947713584805,-3.773250586425553,-0.9586556689614022,0.28456863560161794,0.6826126666666668,-0.018046882070775545
57.261790747,-7.44219504982256,-3.7922422829370546,-0.9587865989986574,0.2841271855711589,0.6826126666666668,-0.018046882070775545
57.311444872,-7.470423017929753,-3.8105525567022904,-0.9590026274519741,0.28339717807383025,0.67796,-0.030679699520318564
57.361253503,-7.498796860049501,-3.828896005720322,-0.9592189985290225,0.2826639574848185,0.67796,-0.030679699520318564
57.410668845,-7.526928848669049,-3.8470268895789723,-0.9594013738251598,0.2820443296760209,0.67796,-0.02616797900262464
57.461546314,-7.555954331281212,-3.865679779990047,-0.959588963717672,0.28140543831142334,0.67796,-0.02616797900262464
57.51069344,-7.584010487881701,-3.883660562893016,-0.9597508201542972,0.2808529209624742,0.678957,-0.023460946692008225
57.561276871,-7.613009156659763,-3.902197544892215,-0.9599176547205363,0.2802821723831635,0.678957,-0.023460946692008225
57.610634046,-7.641350960370884,-3.920270945226825,-0.9600578145152596,0.2798017026184498,0.6817818333333333,-0.02030274232962266
57.661517659,-7.670622626287783,-3.9388954620511814,-0.9602022268312116,0.2793057170707082,0.6817818333333333,-0.02030274232962266
57.711218944,-7.6991977952370805,-3.9570381037014135,-0.9603274070822018,0.27887501000766485,0.680951,-0.018046882070775698
57.761683225,-7.728223569145586,-3.9754300483975213,-0.9604542908163127,0.27843770443769605,0.680951,-0.018046882070775698
57.810648968,-7.756391104317026,-3.993232773872903,-0.9606477453439914,0.27776952562422275,0.6807848333333334,-0.028423839261471604
57.861313796,-7.785581238198408,-4.011624025838932,-0.9608475542313462,0.2770775659046404,0.6807848333333334,-0.028423839261471604
57.910641503,-7.813970932740902,-4.029457292395472,-0.9610230717152779,0.2764681819503501,0.6797878333333334,-0.025716806950855188
57.961500543,-7.843287338282408,-4.047820045456444,-0.9612037669867654,0.2758392980168928,0.6797878333333334,-0.025716806950855188
58.010643572,-7.871499523575618,-4.065438074514791,-0.9613960981246562,0.2751682076670313,0.6771291666666667,-0.028423839261471604
58.061324331,-7.900629785457444,-4.083572050145483,-0.961594021532145,0.2744757507570323,0.6771291666666667,-0.028423839261471604
58.110643046,-7.929161513016954,-4.101282493107034,-0.9617496342215865,0.2739299930176403,0.6807848333333333,-0.023009774640238925
58.161241289,-7.958478346887869,-4.119433593357242,-0.9619090926213456,0.2733695256102616,0.6807848333333333,-0.023009774640238925
58.210651446,-7.987072269918831,-4.137086356875317,-0.9621006276790469,0.27269466848397317,0.6807848333333334,-0.028423839261471604
58.26127599,-8.016447811102362,-4.155164036041193,-0.9622967336220505,0.2720018317223847,0.6807848333333334,-0.028423839261471604
58.310612078,-8.045105080748188,-4.172755886112449,-0.9624025818093896,0.27162707988457474,0.6817818333333334,-0.015791021811928586
58.361505703,-8.074563623044392,-4.190807606596751,-0.9625111848846085,0.27124199337865607,0.6817818333333334,-0.015791021811928586
58.410654426,-8.10321350516876,-4.208325684048536,-0.9626649608437879,0.2706957206230425,0.6807848333333333,-0.023009774640238925
58.461299542,-8.13267595664194,-4.226294065295005,-0.9628226641124699,0.2701342582335053,0.6807848333333333,-0.023009774640238925
58.510669033,-8.161240992760893,-4.243657460493181,-0.9630626591593413,0.26927739328235173,0.67796,-0.036093764141551396
58.561275147,-8.190621621041233,-4.261444106844777,-0.9633084423424904,0.2683968049580413,0.67796,-0.036093764141551396
58.61064755,-8.219312908147423,-4.278754945341738,-0.9634636671021226,0.26783906020991444,0.678957,-0.023460946692008225
58.66124093,-8.248762274317526,-4.296476093246719,-0.9636225451691709,0.26726688990911157,0.678957,-0.023460946692008225
58.710645713,-8.277416652865474,-4.313673111247127,-0.9637771531610388,0.26670882820934777,0.676963,-0.023460946692008378
58.761245491,-8.306832814944768,-4.331280410054589,-0.9639354240466838,0.26613624004997904,0.676963,-0.023460946692008378
58.810648642,-8.335766995956211,-4.348553584450152,-0.9640863842641562,0.26558886210921157,0.6827788333333333,-0.023009774640239074
58.861262211,-8.365483373707614,-4.366247371568358,-0.9642409959535854,0.2650269830082172,0.6827788333333333,-0.023009774640239074
58.910641781,-8.394370874370358,-4.383397420622741,-0.9644266270851458,0.264350678019121,0.6807848333333334,-0.028423839261471604
58.961272979,-8.424050637165275,-4.400960820589696,-0.9646166952772792,0.26365627470693853,0.6807848333333334,-0.028423839261471604
59.010668738,-8.452904075106485,-4.417979907400317,-0.9648013781620278,0.2629796583324492,0.6787908333333333,-0.028423839261471604
59.061491747,-8.482543287646237,-4.435405747708613,-0.9649904383154451,0.2622850624030375,0.6787908333333333,-0.028423839261471604
59.110664688,-8.511375019305694,-4.452301748657945,-0.9651741643767036,0.2616081658124073,0.6771291666666667,-0.028423839261471604
59.161280047,-8.540987224925967,-4.469598634575199,-0.9653622134145794,0.26091338967424416,0.6771291666666667,-0.028423839261471604
59.210710711,-8.569943410832,-4.48645244053599,-0.9655768140595606,0.26011808116812785,0.678957,-0.033386731830934976
59.261370064,-8.599743990091122,-4.503731131216479,-0.9657967752861019,0.25930019060341386,0.678957,-0.033386731830934976
59.310655533,-8.628781629122972,-4.520512654033194,-0.9659435851000829,0.25875275922006863,0.6807848333333333,-0.023009774640238925
59.361311974,-8.658669799328981,-4.537739906998183,-0.9660942710888782,0.2581895802879138,0.6807848333333333,-0.023009774640238925
59.410651099,-8.687747251423758,-4.55445748411244,-0.9662263047390814,0.25769502911437714,0.679954,-0.02075391438139196
59.461263802,-8.717628624817728,-4.571596033536125,-0.9663616444567642,0.257187037237141,0.679954,-0.02075391438139196
59.51065796,-8.746870795054644,-4.588325501973347,-0.9665074862476807,0.2566384207931254,0.6827788333333333,-0.023009774640239074
59.561463883,-8.776903594545914,-4.605461466059531,-0.966656848916418,0.2560752554289098,0.6827788333333333,-0.023009774640239074
59.610677459,-8.806038139925178,-4.622030626362806,-0.9668675430474071,0.2552785815564449,0.678957,-0.033386731830934976
59.661508211,-8.836077685472462,-4.63904802666081,-0.9670838892328454,0.2544577591394566,0.678957,-0.033386731830934976
59.710895234,-8.8651720822517,-4.655468382732988,-0.9672759604528648,0.2537266567193677,0.67796,-0.030679699520318564
59.761803126,-8.89513535299849,-4.672318574589776,-0.9674730198795704,0.2529742196452131,0.67796,-0.030679699520318564
59.810762115,-8.924252815292318,-4.688634412481469,-0.9676637919095346,0.2522435050249284,0.67796,-0.030679699520318564
59.861517357,-8.954307973833899,-4.70542241047836,-0.9678136513254828,0.2516679087766989,0.678957,-0.023460946692008225
59.910785709,-8.983561791348803,-4.721717796737001,-0.9679590912135171,0.2511079404102987,0.678957,-0.023460946692008225
59.961699457,-9.013795317628864,-4.738512871842891,-0.9681056914051712,0.25054215267877644,0.6807848333333333,-0.023009774640238925
60.010765533,-9.043049314662234,-4.754719824836583,-0.9682471369760355,0.2499949634246864,0.6807848333333333,-0.023009774640238925
60.061738918,-9.07336913406712,-4.77146900240159,-0.9684102476130606,0.24936237149580265,0.6817818333333334,-0.025716806950855337
60.110739178,-9.10274076638156,-4.7876451339268336,-0.9685677516091018,0.2487498955635747,0.6817818333333334,-0.025716806950855337
60.161407935,-9.132935296769976,-4.804216303019966,-0.9687780556379798,0.24792958458863948,0.678957,-0.033386731830934976
60.210703321,-9.162301195264972,-4.820268965923976,-0.9689817358037345,0.2471323444609827,0.678957,-0.033386731830934976
60.261450627,-9.19263009809764,-4.836787286593236,-0.969159655189138,0.2464336883497689,0.6807848333333334,-0.028423839261471604
60.310651178,-9.222090574291508,-4.852778398822208,-0.9693318648856075,0.24575543883582796,0.6807848333333334,-0.028423839261471604
60.361355546,-9.25237246038929,-4.869154804958309,-0.969539533653982,0.2449348743687167,0.678957,-0.033386731830934976
60.410689583,-9.28185022423339,-4.88503278818674,-0.9697408394737779,0.24413665078535954,0.678957,-0.033386731830934976
60.461433337,-9.312262372685652,-4.901356201008364,-0.9699000248872012,0.24350347374073847,0.6797878333333334,-0.025716806950855188
60.510659677,-9.341755026811448,-4.917137279851896,-0.9700538966423946,0.2428897643148151,0.6797878333333334,-0.025716806950855188
60.561406022,-9.372192438874208,-4.933373599623381,-0.9702121817063141,0.24225672842807539,0.6797878333333334,-0.025716806950855188
60.610647432,-9.401758812753208,-4.949096472895453,-0.9703654366625616,0.24164213070298038,0.6797878333333334,-0.025716806950855188
60.661502018,-9.432431977754122,-4.965360007524031,-0.9705066319897702,0.24107442266626478,0.6827788333333333,-0.023009774640239074
60.710668687,-9.462092088726374,-4.981042715684268,-0.9706427652973406,0.2405257204041425,0.6827788333333333,-0.023009774640239074
60.761323974,-9.492713130224779,-4.997188534951915,-0.9707828986834353,0.23995950413306621,0.6827788333333333,-0.023009774640239074
60.810659482,-9.522513731185688,-5.012857957467518,-0.9709188779706108,0.23940871412772358,0.6827788333333333,-0.023009774640239074
60.861373896,-9.552890726260632,-5.028772997983929,-0.9711376657929865,0.23851967230849025,0.6759660000000001,-0.03609376414155124
60.910679393,-9.582415570595524,-5.044173739928289,-0.9713493365160606,0.23765619379643546,0.6759660000000001,-0.03609376414155124
60.961507391,-9.612973634195846,-5.060050895320942,-0.9715204348341926,0.23695578638130244,0.6787908333333333,-0.028423839261471604
61.010661004,-9.642679695553506,-5.075431790203365,-0.9716861565296109,0.23627529115147114,0.6787908333333333,-0.028423839261471604
61.061389878,-9.673286534499837,-5.091223950436731,-0.9718562800067208,0.23557455510198555,0.6787908333333333,-0.028423839261471604
61.110666321,-9.703007722402615,-5.106505711796892,-0.9720208767870895,0.2348944764996782,0.6787908333333333,-0.028423839261471604
61.161429686,-9.733840011077334,-5.1223185699119105,-0.9720988090900874,0.234571748865105,0.6827788333333333,-0.01308398950131232
61.210667447,-9.76378103716109,-5.137649593884444,-0.9721743607506481,0.2342584305826981,0.6827788333333333,-0.01308398950131232
61.261626592,-9.794618148067675,-5.1534014307488825,-0.972327588157968,0.23362161994753133,0.6797878333333334,-0.025716806950855188
61.310670268,-9.824339134140708,-5.1685349854860805,-0.9724747784308448,0.23300816577081432,0.6797878333333334,-0.025716806950855188
61.361448095,-9.855032323714147,-5.18410912933503,-0.9726559426305396,0.23225076375654066,0.67796,-0.030679699520318564
61.41069539,-9.884821826080117,-5.19916731123769,-0.9728310728921062,0.23151609796209294,0.67796,-0.030679699520318564
61.461418185,-9.915569692287217,-5.214652992821509,-0.9729976987662509,0.23081481363980982,0.6787908333333333,-0.028423839261471604
61.510680198,-9.945460916632458,-5.229654027717801,-0.9731590826400978,0.23013343928052557,0.6787908333333333,-0.028423839261471604
61.56138354,-9.976254865434894,-5.245053355329298,-0.973324723585249,0.22943186887984526,0.6787908333333333,-0.028423839261471604
61.610656303,-10.00619299974782,-5.259971560155101,-0.9734851625168606,0.22875016581310176,0.6787908333333333,-0.028423839261471604
61.661361309,-10.037100594571934,-5.275323358490407,-0.9736184049875969,0.22818238641360508,0.6807848333333333,-0.023009774640238925
61.710654645,-10.067183908409582,-5.290222610317063,-0.9737477022494557,0.22762999003625473,0.6807848333333333,-0.023009774640238925
61.761385855,-10.098129169004583,-5.305504442201814,-0.9738803017475705,0.2270620132652338,0.6807848333333333,-0.023009774640238925
61.810691861,-10.128243894234565,-5.3203330543437515,-0.9740089514300616,0.2265095197427955,0.6807848333333333,-0.023009774640238925
61.861467641,-10.15935298754002,-5.335611682779258,-0.9741126245431525,0.22606325377126485,0.6826126666666668,-0.018046882070775545
61.910692923,-10.189523807652304,-5.350395722421708,-0.9742129311221681,0.2256305937464017,0.6826126666666668,-0.018046882070775545
61.961496922,-10.220558911705076,-5.365555767710524,-0.9743910724805543,0.22486004062570827,0.6797878333333334,-0.031130871572088017
62.010677442,-10.250630213112016,-5.380187079463978,-0.9745629699645123,0.22411384958085273,0.6797878333333334,-0.031130871572088017
62.061622219,-10.2816756667453,-5.395237441754141,-0.974711978085038,0.22346489607442274,0.67796,-0.02616797900262464
62.110921569,-10.311653401830386,-5.40972178110021,-0.9748553607132331,0.22283856418643558,0.67796,-0.02616797900262464
62.161341045,-10.342704525514556,-5.424675203493655,-0.9750004220720275,0.2222030084390584,0.6797878333333334,-0.025716806950855188
62.210709601,-10.372924461615527,-5.439180502828369,-0.9751411156243691,0.22158475718979592,0.6797878333333334,-0.025716806950855188
62.261375474,-10.404072371777891,-5.454084585339535,-0.9752702528641749,0.22101568695060636,0.6807848333333333,-0.023009774640238925
62.310682502,-10.434346920087355,-5.468527991097124,-0.9753953822328307,0.22046280484215489,0.6807848333333333,-0.023009774640238925
62.361632303,-10.465646002652077,-5.4834207731225035,-0.9754965399290467,0.22001477356409008,0.680951,-0.018046882070775698
62.410713668,-10.495861509117251,-5.497764536021156,-0.9755939585533308,0.21958239463636867,0.680951,-0.018046882070775698
62.461333596,-10.526911633568805,-5.5124624388237775,-0.9757393236037335,0.21893554387839487,0.67796,-0.02616797900262464
62.510644143,-10.557141792556264,-5.526723829045344,-0.9758803507641534,0.21830607181760445,0.67796,-0.02616797900262464
62.561329726,-10.58843443467947,-5.541436858593964,-0.9760225134105027,0.21766959667313457,0.6817818333333334,-0.025716806950855337
62.610654832,-10.61886004224818,-5.555694486693204,-0.9761602560503833,0.2170510412498642,0.6817818333333334,-0.025716806950855337
62.66132496,-10.650055209720604,-5.570256461646939,-0.9763436267595573,0.21622470369038382,0.678957,-0.033386731830934976
62.71069422,-10.680417391955688,-5.584367905065505,-0.9765212913294845,0.21542090794580745,0.678957,-0.033386731830934976
62.761355198,-10.711650017285033,-5.598830091188887,-0.9766492197473895,0.2148401767985107,0.678957,-0.023460946692008225
62.810670065,-10.742038834807348,-5.612858291284844,-0.9767732932395369,0.21427536865909183,0.678957,-0.023460946692008225
62.861335458,-10.77334476829576,-5.627267939978198,-0.9768858560866434,0.2137616059489308,0.679954,-0.02075391438139196
62.910702414,-10.803824108823063,-5.641258806939133,-0.9769951351571251,0.2132615902578589,0.679954,-0.02075391438139196
62.961340419,-10.835340668411208,-5.655686198970574,-0.9771072085028386,0.21274751018940358,0.6836096666666667,-0.02075391438139196
63.010671603,-10.865987257332554,-5.669676900806615,-0.9772158773224874,0.21224780118729453,0.6836096666666667,-0.02075391438139196
63.061314566,-10.897441567914566,-5.683997362744995,-0.9773249689798159,0.21174490550802347,0.6817818333333333,-0.02030274232962266
63.11070334,-10.928049665145856,-5.697895068695491,-0.9774308284882274,0.21125571121467324,0.6817818333333333,-0.02030274232962266
63.161390137,-10.959334197185482,-5.712053854628905,-0.9775828333235945,0.21055119090381136,0.6771291666666667,-0.028423839261471604
63.210680205,-10.989767258451877,-5.725775196620494,-0.9777301193338492,0.2098661805708985,0.6771291666666667,-0.028423839261471604
63.261377368,-11.021239371962016,-5.7399164283223,-0.9778523228161818,0.20929604574142754,0.6807848333333333,-0.023009774640238925
63.310710663,-11.051875173502541,-5.753639547195439,-0.9779708985173678,0.20874127922653984,0.6807848333333333,-0.023009774640238925
63.361353369,-11.083401364238549,-5.767717973423366,-0.9780925293414429,0.20817061283105917,0.6807848333333333,-0.023009774640238925
63.410691975,-11.114054796510956,-5.781364379287811,-0.9782104132833848,0.20761596119747064,0.6807848333333333,-0.023009774640238925
63.461395441,-11.145670546637819,-5.79540255315959,-0.9782935063325574,0.20722407067604506,0.6817818333333334,-0.015791021811928586
63.510910278,-11.176381310272701,-5.8090098706157764,-0.9783740423735252,0.2068434993169654,0.6817818333333334,-0.015791021811928586
63.5613908,-11.20788156952777,-5.822935101253434,-0.9784686173819697,0.20639565111362365,0.678957,-0.018046882070775698
63.610666822,-11.238487410855377,-5.836431940690773,-0.9785602741933068,0.20596065102519015,0.678957,-0.018046882070775698
63.661418825,-11.26997774831484,-5.850277160682369,-0.9786967916143102,0.20531095948306194,0.67796,-0.02616797900262464
63.710659109,-11.300565565672892,-5.863677844975893,-0.978828907666923,0.2046801639523929,0.67796,-0.02616797900262464
63.761362319,-11.332211375125757,-5.877490573060165,-0.9789761907411766,0.20397455224094851,0.6807848333333334,-0.028423839261471604
63.810690527,-11.36299462704336,-5.8908747481872785,-0.9791188830848642,0.2032884964444572,0.6807848333333334,-0.028423839261471604
63.861360205,-11.394521301795605,-5.90453106043862,-0.9792534611422403,0.20263923322235197,0.67796,-0.02616797900262464
63.91065293,-11.425200851839518,-5.917772796823808,-0.9793839360447923,0.2020076875205743,0.67796,-0.02616797900262464
63.961326992,-11.456863460028533,-5.9313948766078495,-0.9794900634118664,0.20149247052289068,0.679954,-0.02075391438139196
64.010906138,-11.487678315475044,-5.944614350676156,-0.9795930431518107,0.2009912182374511,0.679954,-0.02075391438139196
64.061383074,-11.51942146641115,-5.958190917815048,-0.9797101442046129,0.20041964310560115,0.6807848333333333,-0.023009774640238925
64.11069477,-11.550282819384416,-5.9713483623262675,-0.9798236168738867,0.19986415340469324,0.6807848333333333,-0.023009774640238925
64.161398426,-11.582120776422267,-5.984885781251401,-0.9799036141210761,0.19947156948410782,0.6817818333333334,-0.015791021811928586
64.210690061,-11.61303840332209,-5.998003061940466,-0.9799811223981534,0.19909043106903845,0.6817818333333334,-0.015791021811928586
64.261387414,-11.64471782043471,-6.011404206852469,-0.9801130698615503,0.1984398404720375,0.67796,-0.02616797900262464
64.310671625,-11.675496085707833,-6.024376691610979,-0.9802407798263268,0.197808021994748,0.67796,-0.02616797900262464
64.361347349,-11.705557425359878,-6.036984952170031,-0.9804596492691303,0.1967202992958633,0.6428988333333333,-0.043763689021630886
64.411498796,-11.735294289415052,-6.049380051721617,-0.9806747707902252,0.1956450713295357,0.6428988333333333,-0.043763689021630886
64.462197589,-11.760401371334405,-6.059766904020321,-0.9809803259868096,0.1941071869530152,0.5355551666666667,-0.061810571092406584
64.510682812,-11.784417300548812,-6.069616222143021,-0.9812699803961765,0.19263754974897132,0.5355551666666667,-0.061810571092406584
64.561458905,-11.802391542244193,-6.076955114212553,-0.9812810022311657,0.19258139749259043,0.3826818333333333,-0.002255860258846887
64.610698067,-11.819845796902896,-6.084079398565631,-0.9812917016414778,0.19252687160386947,0.3826818333333333,-0.002255860258846887
64.661348771,-11.834018570109691,-6.089859017235437,-0.9813423075299814,0.19226875838713753,0.3019248333333333,-0.01037695719069598
64.710670065,-11.8478026350878,-6.095471783311756,-0.9813914499726715,0.19201776459624093,0.3019248333333333,-0.01037695719069598
64.761337214,-11.8571689222702,-6.099270144914974,-0.9816147361052746,0.19087302025423103,0.19940000000000002,-0.046019549280477884
64.810731234,-11.866289444667993,-6.102944425466467,-0.981830679835775,0.18975910026457227,0.19940000000000002,-0.046019549280477884
64.86141854,-11.870535891567988,-6.104644753678469,-0.9820146777023833,0.1888045888665962,0.09022849999999999,-0.03834962440039823
64.910687458,-11.874668372805882,-6.10629026191841,-0.9821927105088613,0.187876234322642,0.09022849999999999,-0.03834962440039823
64.96161281,-11.875075855156915,-6.10645185488129,-0.9822786121910608,0.18742659371605613,0.008640666666666666,-0.018046882070775632
65.010697146,-11.875471742924152,-6.106608436580344,-0.9823618427550503,0.18698986576523832,0.008640666666666666,-0.018046882070775632
65.061563976,-11.874978089427287,-6.1064134076620755,-0.9823511473401759,0.18704604598718474,-0.010468499999999999,0.002255860258846955
65.110723468,-11.874498039657704,-6.106223690595309,-0.9823407431162933,0.18710067988580037,-0.010468499999999999,0.002255860258846955
65.162235357,-11.874278640242533,-6.106136951788339,-0.9823278995499017,0.1871681002892272,-0.004652666666666666,0.0027070323106163454
65.210704293,-11.874065363857197,-6.106052600318662,-0.9823154093196477,0.1872336417772541,-0.004652666666666666,0.0027070323106163454
65.261404459,-11.874331765220656,-6.106157941149982,-0.9823411003027174,0.18709880452864114,0.005649666666666666,-0.00541406462123269
65.310697628,-11.874590716762995,-6.106260255119861,-0.9823660524383802,0.18696774860021634,0.005649666666666666,-0.00541406462123269
65.361433565,-11.874684803378232,-6.106297415035651,-0.9823660524383802,0.18696774860021634,0.001994,0.0
65.41067906,-11.874776178882662,-6.106333504186497,-0.9823660524383802,0.18696774860021634,0.001994,0.0
65.461830618,-11.874776178882662,-6.106333504186497,-0.9823660524383802,0.18696774860021634,0.0,0.0
65.51067921,-11.874776178882662,-6.106333504186497,-0.9823660524383802,0.18696774860021634,0.0,0.0
65.561338262,-11.874776178882662,-6.106333504186497,-0.9823660524383802,0.18696774860021634,0.0,0.0
65.610682688,-11.874776178882662,-6.106333504186497,-0.9823660524383802,0.18696774860021634,0.0,0.0
65.661361193,-11.874776178882662,-6.106333504186497,-0.9823660524383802,0.18696774860021634,0.0,0.0
65.710679542,-11.874776178882662,-6.106333504186497,-0.9823660524383802,0.18696774860021634,0.0,0.0
65.761335811,-11.874776178882662,-6.106333504186497,-0.9823660524383802,0.18696774860021634,0.0,0.0
65.810659119,-11.874776178882662,-6.106333504186497,-0.9823660524383802,0.18696774860021634,0.0,0.0
65.861356118,-11.874776178882662,-6.106333504186497,-0.9823660524383802,0.18696774860021634,0.0,0.0
65.910665796,-11.874776178882662,-6.106333504186497,-0.9823660524383802,0.18696774860021634,0.0,0.0
65.961330063,-11.874776178882662,-6.106333504186497,-0.9823660524383802,0.18696774860021634,0.0,0.0
66.010658522,-11.874776178882662,-6.106333504186497,-0.9823660524383802,0.18696774860021634,0.0,0.0
66.06137446,-11.874776178882662,-6.106333504186497,-0.9823660524383802,0.18696774860021634,0.0,0.0
66.110698854,-11.874776178882662,-6.106333504186497,-0.9823660524383802,0.18696774860021634,0.0,0.0
66.161366191,-11.874776178882662,-6.106333504186497,-0.9823660524383802,0.18696774860021634,0.0,0.0
66.210691481,-11.874776178882662,-6.106333504186497,-0.9823660524383802,0.18696774860021634,0.0,0.0
66.261362594,-11.874776178882662,-6.106333504186497,-0.9823660524383802,0.18696774860021634,0.0,0.0
66.310658672,-11.874776178882662,-6.106333504186497,-0.9823660524383802,0.18696774860021634,0.0,0.0
66.361310587,-11.874776178882662,-6.106333504186497,-0.9823660524383802,0.18696774860021634,0.0,0.0
66.410660258,-11.874776178882662,-6.106333504186497,-0.9823660524383802,0.18696774860021634,0.0,0.0
66.461558154,-11.874776178882662,-6.106333504186497,-0.9823660524383802,0.18696774860021634,0.0,0.0
66.510669971,-11.874776178882662,-6.106333504186497,-0.9823660524383802,0.18696774860021634,0.0,0.0
66.561553373,-11.874776178882662,-6.106333504186497,-0.9823660524383802,0.18696774860021634,0.0,0.0
66.610681027,-11.874776178882662,-6.106333504186497,-0.9823660524383802,0.18696774860021634,0.0,0.0
66.661333326,-11.874776178882662,-6.106333504186497,-0.9823660524383802,0.18696774860021634,0.0,0.0
66.710670391,-11.874776178882662,-6.106333504186497,-0.9823660524383802,0.18696774860021634,0.0,0.0
66.761350814,-11.874776178882662,-6.106333504186497,-0.9823660524383802,0.18696774860021634,0.0,0.0
66.810679528,-11.874776178882662,-6.106333504186497,-0.9823660524383802,0.18696774860021634,0.0,0.0
66.861344369,-11.874776178882662,-6.106333504186497,-0.9823660524383802,0.18696774860021634,0.0,0.0
66.910727603,-11.874776178882662,-6.106333504186497,-0.9823660524383802,0.18696774860021634,0.0,0.0
66.961392636,-11.874776178882662,-6.106333504186497,-0.9823660524383802,0.18696774860021634,0.0,0.0
67.010673452,-11.874776178882662,-6.106333504186497,-0.9823660524383802,0.18696774860021634,0.0,0.0
67.061358576,-11.874776178882662,-6.106333504186497,-0.9823660524383802,0.18696774860021634,0.0,0.0
67.110688664,-11.874776178882662,-6.106333504186497,-0.9823660524383802,0.18696774860021634,0.0,0.0
67.161435316,-11.874776178882662,-6.106333504186497,-0.9823660524383802,0.18696774860021634,0.0,0.0
67.210688486,-11.874776178882662,-6.106333504186497,-0.9823660524383802,0.18696774860021634,0.0,0.0
67.261342127,-11.874776178882662,-6.106333504186497,-0.9823660524383802,0.18696774860021634,0.0,0.0
67.310730446,-11.874776178882662,-6.106333504186497,-0.9823660524383802,0.18696774860021634,0.0,0.0
67.361318209,-11.874776178882662,-6.106333504186497,-0.9823660524383802,0.18696774860021634,0.0,0.0
67.410694434,-11.874776178882662,-6.106333504186497,-0.9823660524383802,0.18696774860021634,0.0,0.0
67.461803433,-11.874776178882662,-6.106333504186497,-0.9823660524383802,0.18696774860021634,0.0,0.0
67.510650134,-11.874776178882662,-6.106333504186497,-0.9823660524383802,0.18696774860021634,0.0,0.0
67.561673386,-11.874776178882662,-6.106333504186497,-0.9823660524383802,0.18696774860021634,0.0,0.0
67.611259917,-11.874776178882662,-6.106333504186497,-0.9823660524383802,0.18696774860021634,0.0,0.0
67.661345704,-11.874776178882662,-6.106333504186497,-0.9823660524383802,0.18696774860021634,0.0,0.0
67.710640628,-11.874776178882662,-6.106333504186497,-0.9823660524383802,0.18696774860021634,0.0,0.0
67.761312987,-11.874776178882662,-6.106333504186497,-0.9823660524383802,0.18696774860021634,0.0,0.0
67.81062874,-11.874776178882662,-6.106333504186497,-0.9823660524383802,0.18696774860021634,0.0,0.0
67.861531146,-11.874776178882662,-6.106333504186497,-0.9823660524383802,0.18696774860021634,0.0,0.0
67.910666765,-11.874776178882662,-6.106333504186497,-0.9823660524383802,0.18696774860021634,0.0,0.0
67.961515994,-11.874776178882662,-6.106333504186497,-0.9823660524383802,0.18696774860021634,0.0,0.0
68.010649533,-11.874776178882662,-6.106333504186497,-0.9823660524383802,0.18696774860021634,0.0,0.0
68.061328256,-11.874776178882662,-6.106333504186497,-0.9823660524383802,0.18696774860021634,0.0,0.0
68.110637065,-11.874776178882662,-6.106333504186497,-0.9823660524383802,0.18696774860021634,0.0,0.0
68.161298703,-11.874776178882662,-6.106333504186497,-0.9823660524383802,0.18696774860021634,0.0,0.0
68.210723399,-11.874776178882662,-6.106333504186497,-0.9823660524383802,0.18696774860021634,0.0,0.0
68.261342259,-11.874776178882662,-6.106333504186497,-0.9823660524383802,0.18696774860021634,0.0,0.0
68.310649468,-11.874776178882662,-6.106333504186497,-0.9823660524383802,0.18696774860021634,0.0,0.0
68.361586779,-11.874776178882662,-6.106333504186497,-0.9823660524383802,0.18696774860021634,0.0,0.0
68.41074153,-11.874776178882662,-6.106333504186497,-0.9823660524383802,0.18696774860021634,0.0,0.0
68.461500274,-11.874776178882662,-6.106333504186497,-0.9823660524383802,0.18696774860021634,0.0,0.0
68.510648849,-11.874776178882662,-6.106333504186497,-0.9823660524383802,0.18696774860021634,0.0,0.0
68.5615039,-11.874776178882662,-6.106333504186497,-0.9823660524383802,0.18696774860021634,0.0,0.0
68.610621888,-11.874776178882662,-6.106333504186497,-0.9823660524383802,0.18696774860021634,0.0,0.0
68.661325408,-11.874776178882662,-6.106333504186497,-0.9823660524383802,0.18696774860021634,0.0,0.0
68.710648998,-11.874776178882662,-6.106333504186497,-0.9823660524383802,0.18696774860021634,0.0,0.0
68.761289647,-11.874776178882662,-6.106333504186497,-0.9823660524383802,0.18696774860021634,0.0,0.0
68.810637746,-11.874776178882662,-6.106333504186497,-0.9823660524383802,0.18696774860021634,0.0,0.0
68.861480414,-11.874776178882662,-6.106333504186497,-0.9823660524383802,0.18696774860021634,0.0,0.0
68.910663801,-11.874776178882662,-6.106333504186497,-0.9823660524383802,0.18696774860021634,0.0,0.0
68.961320256,-11.874776178882662,-6.106333504186497,-0.9823660524383802,0.18696774860021634,0.0,0.0
69.010688031,-11.874776178882662,-6.106333504186497,-0.9823660524383802,0.18696774860021634,0.0,0.0
69.061531849,-11.874776178882662,-6.106333504186497,-0.9823660524383802,0.18696774860021634,0.0,0.0
69.110667881,-11.874776178882662,-6.106333504186497,-0.9823660524383802,0.18696774860021634,0.0,0.0
69.161504244,-11.874776178882662,-6.106333504186497,-0.9823660524383802,0.18696774860021634,0.0,0.0
69.21077792,-11.874776178882662,-6.106333504186497,-0.9823660524383802,0.18696774860021634,0.0,0.0
69.261622857,-11.874776178882662,-6.106333504186497,-0.9823660524383802,0.18696774860021634,0.0,0.0
69.310658519,-11.874776178882662,-6.106333504186497,-0.9823660524383802,0.18696774860021634,0.0,0.0
69.361485988,-11.874776178882662,-6.106333504186497,-0.9823660524383802,0.18696774860021634,0.0,0.0
69.410673276,-11.874776178882662,-6.106333504186497,-0.9823660524383802,0.18696774860021634,0.0,0.0
69.461501704,-11.874776178882662,-6.106333504186497,-0.9823660524383802,0.18696774860021634,0.0,0.0
69.510641127,-11.874776178882662,-6.106333504186497,-0.9823660524383802,0.18696774860021634,0.0,0.0
69.561511118,-11.874776178882662,-6.106333504186497,-0.9823660524383802,0.18696774860021634,0.0,0.0
69.610671978,-11.874776178882662,-6.106333504186497,-0.9823660524383802,0.18696774860021634,0.0,0.0
69.66159764,-11.874776178882662,-6.106333504186497,-0.9823660524383802,0.18696774860021634,0.0,0.0
69.710643828,-11.874776178882662,-6.106333504186497,-0.9823660524383802,0.18696774860021634,0.0,0.0
69.761501596,-11.874776178882662,-6.106333504186497,-0.9823660524383802,0.18696774860021634,0.0,0.0
69.810664024,-11.874776178882662,-6.106333504186497,-0.9823660524383802,0.18696774860021634,0.0,0.0
69.861384212,-11.874776178882662,-6.106333504186497,-0.9823660524383802,0.18696774860021634,0.0,0.0
69.910663039,-11.874776178882662,-6.106333504186497,-0.9823660524383802,0.18696774860021634,0.0,0.0
69.961390106,-11.874776178882662,-6.106333504186497,-0.9823660524383802,0.18696774860021634,0.0,0.0
70.010823214,-11.874776178882662,-6.106333504186497,-0.9823660524383802,0.18696774860021634,0.0,0.0
70.06129214,-11.874776178882662,-6.106333504186497,-0.9823660524383802,0.18696774860021634,0.0,0.0
70.110621326,-11.874776178882662,-6.106333504186497,-0.9823660524383802,0.18696774860021634,0.0,0.0
70.161324778,-11.874776178882662,-6.106333504186497,-0.9823660524383802,0.18696774860021634,0.0,0.0
70.210720418,-11.874776178882662,-6.106333504186497,-0.9823660524383802,0.18696774860021634,0.0,0.0
70.261322669,-11.874776178882662,-6.106333504186497,-0.9823660524383802,0.18696774860021634,0.0,0.0
70.310643824,-11.874776178882662,-6.106333504186497,-0.9823660524383802,0.18696774860021634,0.0,0.0
70.361286261,-11.874776178882662,-6.106333504186497,-0.9823660524383802,0.18696774860021634,0.0,0.0
70.410659665,-11.874776178882662,-6.106333504186497,-0.9823660524383802,0.18696774860021634,0.0,0.0
70.461510744,-11.874776178882662,-6.106333504186497,-0.9823660524383802,0.18696774860021634,0.0,0.0
70.510632024,-11.874776178882662,-6.106333504186497,-0.9823660524383802,0.18696774860021634,0.0,0.0
70.561351634,-11.874776178882662,-6.106333504186497,-0.9823660524383802,0.18696774860021634,0.0,0.0
70.610627964,-11.874776178882662,-6.106333504186497,-0.9823660524383802,0.18696774860021634,0.0,0.0
70.661365875,-11.874776178882662,-6.106333504186497,-0.9823660524383802,0.18696774860021634,0.0,0.0
70.71094984,-11.874776178882662,-6.106333504186497,-0.9823660524383802,0.18696774860021634,0.0,0.0
70.761402321,-11.874776178882662,-6.106333504186497,-0.9823660524383802,0.18696774860021634,0.0,0.0
70.810630017,-11.874776178882662,-6.106333504186497,-0.9823660524383802,0.18696774860021634,0.0,0.0
70.861534944,-11.874776178882662,-6.106333504186497,-0.9823660524383802,0.18696774860021634,0.0,0.0
70.910571501,-11.874776178882662,-6.106333504186497,-0.9823660524383802,0.18696774860021634,0.0,0.0
70.961728839,-11.874776178882662,-6.106333504186497,-0.9823660524383802,0.18696774860021634,0.0,0.0
71.010618952,-11.874776178882662,-6.106333504186497,-0.9823660524383802,0.18696774860021634,0.0,0.0
71.061531268,-11.874776178882662,-6.106333504186497,-0.9823660524383802,0.18696774860021634,0.0,0.0
71.110590475,-11.874776178882662,-6.106333504186497,-0.9823660524383802,0.18696774860021634,0.0,0.0
71.161886352,-11.874776178882662,-6.106333504186497,-0.9823660524383802,0.18696774860021634,0.0,0.0
71.210590698,-11.874776178882662,-6.106333504186497,-0.9823660524383802,0.18696774860021634,0.0,0.0
71.262098417,-11.874776178882662,-6.106333504186497,-0.9823660524383802,0.18696774860021634,0.0,0.0
71.310635651,-11.874776178882662,-6.106333504186497,-0.9823660524383802,0.18696774860021634,0.0,0.0
71.361700553,-11.874776178882662,-6.106333504186497,-0.9823660524383802,0.18696774860021634,0.0,0.0
71.410583306,-11.874776178882662,-6.106333504186497,-0.9823660524383802,0.18696774860021634,0.0,0.0
71.461284293,-11.874776178882662,-6.106333504186497,-0.9823660524383802,0.18696774860021634,0.0,0.0
71.510620068,-11.874776178882662,-6.106333504186497,-0.9823660524383802,0.18696774860021634,0.0,0.0
71.561853234,-11.874776178882662,-6.106333504186497,-0.9823660524383802,0.18696774860021634,0.0,0.0
71.610657342,-11.874776178882662,-6.106333504186497,-0.9823660524383802,0.18696774860021634,0.0,0.0
71.661514146,-11.874776178882662,-6.106333504186497,-0.9823660524383802,0.18696774860021634,0.0,0.0
71.710626529,-11.874776178882662,-6.106333504186497,-0.9823660524383802,0.18696774860021634,0.0,0.0
71.761501347,-11.874776178882662,-6.106333504186497,-0.9823660524383802,0.18696774860021634,0.0,0.0
71.810589126,-11.874776178882662,-6.106333504186497,-0.9823660524383802,0.18696774860021634,0.0,0.0
71.861830451,-11.874776178882662,-6.106333504186497,-0.9823660524383802,0.18696774860021634,0.0,0.0
71.910624256,-11.874776178882662,-6.106333504186497,-0.9823660524383802,0.18696774860021634,0.0,0.0
71.961247622,-11.874776178882662,-6.106333504186497,-0.9823660524383802,0.18696774860021634,0.0,0.0
72.010624382,-11.874776178882662,-6.106333504186497,-0.9823660524383802,0.18696774860021634,0.0,0.0
72.061365138,-11.874776178882662,-6.106333504186497,-0.9823660524383802,0.18696774860021634,0.0,0.0
72.110855833,-11.874776178882662,-6.106333504186497,-0.9823660524383802,0.18696774860021634,0.0,0.0
72.161501146,-11.874776178882662,-6.106333504186497,-0.9823660524383802,0.18696774860021634,0.0,0.0
72.210806683,-11.874776178882662,-6.106333504186497,-0.9823660524383802,0.18696774860021634,0.0,0.0
72.261360681,-11.874776178882662,-6.106333504186497,-0.9823660524383802,0.18696774860021634,0.0,0.0
72.310650125,-11.874776178882662,-6.106333504186497,-0.9823660524383802,0.18696774860021634,0.0,0.0
72.361286256,-11.874776178882662,-6.106333504186497,-0.9823660524383802,0.18696774860021634,0.0,0.0
72.410595697,-11.874776178882662,-6.106333504186497,-0.9823660524383802,0.18696774860021634,0.0,0.0
72.461273613,-11.874776178882662,-6.106333504186497,-0.9823660524383802,0.18696774860021634,0.0,0.0
72.510612042,-11.874776178882662,-6.106333504186497,-0.9823660524383802,0.18696774860021634,0.0,0.0
72.561256715,-11.874776178882662,-6.106333504186497,-0.9823660524383802,0.18696774860021634,0.0,0.0
72.610585226,-11.874776178882662,-6.106333504186497,-0.9823660524383802,0.18696774860021634,0.0,0.0
72.661284131,-11.874776178882662,-6.106333504186497,-0.9823660524383802,0.18696774860021634,0.0,0.0
72.710608834,-11.874776178882662,-6.106333504186497,-0.9823660524383802,0.18696774860021634,0.0,0.0
72.761280671,-11.874776178882662,-6.106333504186497,-0.9823660524383802,0.18696774860021634,0.0,0.0
72.810658518,-11.874776178882662,-6.106333504186497,-0.9823660524383802,0.18696774860021634,0.0,0.0
72.861983285,-11.874776178882662,-6.106333504186497,-0.9823660524383802,0.18696774860021634,0.0,0.0
72.910708458,-11.874776178882662,-6.106333504186497,-0.9823660524383802,0.18696774860021634,0.0,0.0
72.961290069,-11.874776178882662,-6.106333504186497,-0.9823660524383802,0.18696774860021634,0.0,0.0
73.010683849,-11.874776178882662,-6.106333504186497,-0.9823660524383802,0.18696774860021634,0.0,0.0
73.061385567,-11.874776178882662,-6.106333504186497,-0.9823660524383802,0.18696774860021634,0.0,0.0
73.110937564,-11.874776178882662,-6.106333504186497,-0.9823660524383802,0.18696774860021634,0.0,0.0
73.161502631,-11.874776178882662,-6.106333504186497,-0.9823660524383802,0.18696774860021634,0.0,0.0
73.211214956,-11.874776178882662,-6.106333504186497,-0.9823660524383802,0.18696774860021634,0.0,0.0
73.260931089,-11.874776178882662,-6.106333504186497,-0.9823660524383802,0.18696774860021634,0.0,0.0
73.311016256,-11.874776178882662,-6.106333504186497,-0.9823660524383802,0.18696774860021634,0.0,0.0
73.361449246,-11.874776178882662,-6.106333504186497,-0.9823660524383802,0.18696774860021634,0.0,0.0
73.410789401,-11.874776178882662,-6.106333504186497,-0.9823660524383802,0.18696774860021634,0.0,0.0
